series_id,region,layer,buyer_type,fuel,component,period_start,period_end,value,unit,currency,source_flag,confidence
electricity/electric-power-operational-data:generation,US,mix,,bioenergy,,2015-01-01,2015-01-31,5441.6381,GWh,,,primary
electricity/electric-power-operational-data:generation,US,mix,,bioenergy,,2015-02-01,2015-02-28,4896.11784,GWh,,,primary
electricity/electric-power-operational-data:generation,US,mix,,bioenergy,,2015-03-01,2015-03-31,5169.12748,GWh,,,primary
electricity/electric-power-operational-data:generation,US,mix,,bioenergy,,2015-04-01,2015-04-30,4975.66122,GWh,,,primary
electricity/electric-power-operational-data:generation,US,mix,,bioenergy,,2015-05-01,2015-05-31,5136.56389,GWh,,,primary
electricity/electric-power-operational-data:generation,US,mix,,bioenergy,,2015-06-01,2015-06-30,5280.18087,GWh,,,primary
electricity/electric-power-operational-data:generation,US,mix,,bioenergy,,2015-07-01,2015-07-31,5795.25661,GWh,,,primary
electricity/electric-power-operational-data:generation,US,mix,,bioenergy,,2015-08-01,2015-08-31,5709.66875,GWh,,,primary
electricity/electric-power-operational-data:generation,US,mix,,bioenergy,,2015-09-01,2015-09-30,5255.82833,GWh,,,primary
electricity/electric-power-operational-data:generation,US,mix,,bioenergy,,2015-10-01,2015-10-31,5095.37129,GWh,,,primary
electricity/electric-power-operational-data:generation,US,mix,,bioenergy,,2015-11-01,2015-11-30,5319.81655,GWh,,,primary
electricity/electric-power-operational-data:generation,US,mix,,bioenergy,,2015-12-01,2015-12-31,5556.64648,GWh,,,primary
electricity/electric-power-operational-data:generation,US,mix,,bioenergy,,2016-01-01,2016-01-31,5394.8135,GWh,,,primary
electricity/electric-power-operational-data:generation,US,mix,,bioenergy,,2016-02-01,2016-02-29,5114.69318,GWh,,,primary
electricity/electric-power-operational-data:generation,US,mix,,bioenergy,,2016-03-01,2016-03-31,5212.05091,GWh,,,primary
electricity/electric-power-operational-data:generation,US,mix,,bioenergy,,2016-04-01,2016-04-30,4778.48937,GWh,,,primary
electricity/electric-power-operational-data:generation,US,mix,,bioenergy,,2016-05-01,2016-05-31,5096.13848,GWh,,,primary
electricity/electric-power-operational-data:generation,US,mix,,bioenergy,,2016-06-01,2016-06-30,5208.02895,GWh,,,primary
electricity/electric-power-operational-data:generation,US,mix,,bioenergy,,2016-07-01,2016-07-31,5498.1061,GWh,,,primary
electricity/electric-power-operational-data:generation,US,mix,,bioenergy,,2016-08-01,2016-08-31,5582.54517,GWh,,,primary
electricity/electric-power-operational-data:generation,US,mix,,bioenergy,,2016-09-01,2016-09-30,5163.99417,GWh,,,primary
electricity/electric-power-operational-data:generation,US,mix,,bioenergy,,2016-10-01,2016-10-31,4869.18666,GWh,,,primary
electricity/electric-power-operational-data:generation,US,mix,,bioenergy,,2016-11-01,2016-11-30,5282.47073,GWh,,,primary
electricity/electric-power-operational-data:generation,US,mix,,bioenergy,,2016-12-01,2016-12-31,5559.94079,GWh,,,primary
electricity/electric-power-operational-data:generation,US,mix,,bioenergy,,2017-01-01,2017-01-31,5399.56906,GWh,,,primary
electricity/electric-power-operational-data:generation,US,mix,,bioenergy,,2017-02-01,2017-02-28,4882.63976,GWh,,,primary
electricity/electric-power-operational-data:generation,US,mix,,bioenergy,,2017-03-01,2017-03-31,5303.37095,GWh,,,primary
electricity/electric-power-operational-data:generation,US,mix,,bioenergy,,2017-04-01,2017-04-30,4888.06589,GWh,,,primary
electricity/electric-power-operational-data:generation,US,mix,,bioenergy,,2017-05-01,2017-05-31,5038.25015,GWh,,,primary
electricity/electric-power-operational-data:generation,US,mix,,bioenergy,,2017-06-01,2017-06-30,5233.53099,GWh,,,primary
electricity/electric-power-operational-data:generation,US,mix,,bioenergy,,2017-07-01,2017-07-31,5526.6754,GWh,,,primary
electricity/electric-power-operational-data:generation,US,mix,,bioenergy,,2017-08-01,2017-08-31,5575.45969,GWh,,,primary
electricity/electric-power-operational-data:generation,US,mix,,bioenergy,,2017-09-01,2017-09-30,4994.29649,GWh,,,primary
electricity/electric-power-operational-data:generation,US,mix,,bioenergy,,2017-10-01,2017-10-31,5031.11592,GWh,,,primary
electricity/electric-power-operational-data:generation,US,mix,,bioenergy,,2017-11-01,2017-11-30,5230.92637,GWh,,,primary
electricity/electric-power-operational-data:generation,US,mix,,bioenergy,,2017-12-01,2017-12-31,5629.51145,GWh,,,primary
electricity/electric-power-operational-data:generation,US,mix,,bioenergy,,2018-01-01,2018-01-31,5502.59686,GWh,,,primary
electricity/electric-power-operational-data:generation,US,mix,,bioenergy,,2018-02-01,2018-02-28,4951.01487,GWh,,,primary
electricity/electric-power-operational-data:generation,US,mix,,bioenergy,,2018-03-01,2018-03-31,5369.20589,GWh,,,primary
electricity/electric-power-operational-data:generation,US,mix,,bioenergy,,2018-04-01,2018-04-30,4827.56757,GWh,,,primary
electricity/electric-power-operational-data:generation,US,mix,,bioenergy,,2018-05-01,2018-05-31,5083.27688,GWh,,,primary
electricity/electric-power-operational-data:generation,US,mix,,bioenergy,,2018-06-01,2018-06-30,5190.74362,GWh,,,primary
electricity/electric-power-operational-data:generation,US,mix,,bioenergy,,2018-07-01,2018-07-31,5499.48728,GWh,,,primary
electricity/electric-power-operational-data:generation,US,mix,,bioenergy,,2018-08-01,2018-08-31,5387.32077,GWh,,,primary
electricity/electric-power-operational-data:generation,US,mix,,bioenergy,,2018-09-01,2018-09-30,4870.17395,GWh,,,primary
electricity/electric-power-operational-data:generation,US,mix,,bioenergy,,2018-10-01,2018-10-31,4959.33006,GWh,,,primary
electricity/electric-power-operational-data:generation,US,mix,,bioenergy,,2018-11-01,2018-11-30,4987.86563,GWh,,,primary
electricity/electric-power-operational-data:generation,US,mix,,bioenergy,,2018-12-01,2018-12-31,5203.34022,GWh,,,primary
electricity/electric-power-operational-data:generation,US,mix,,bioenergy,,2019-01-01,2019-01-31,5137.53199,GWh,,,primary
electricity/electric-power-operational-data:generation,US,mix,,bioenergy,,2019-02-01,2019-02-28,4539.96277,GWh,,,primary
electricity/electric-power-operational-data:generation,US,mix,,bioenergy,,2019-03-01,2019-03-31,4841.23103,GWh,,,primary
electricity/electric-power-operational-data:generation,US,mix,,bioenergy,,2019-04-01,2019-04-30,4316.74516,GWh,,,primary
electricity/electric-power-operational-data:generation,US,mix,,bioenergy,,2019-05-01,2019-05-31,4614.42421,GWh,,,primary
electricity/electric-power-operational-data:generation,US,mix,,bioenergy,,2019-06-01,2019-06-30,4740.05515,GWh,,,primary
electricity/electric-power-operational-data:generation,US,mix,,bioenergy,,2019-07-01,2019-07-31,5115.29049,GWh,,,primary
electricity/electric-power-operational-data:generation,US,mix,,bioenergy,,2019-08-01,2019-08-31,5174.33767,GWh,,,primary
electricity/electric-power-operational-data:generation,US,mix,,bioenergy,,2019-09-01,2019-09-30,4740.4414,GWh,,,primary
electricity/electric-power-operational-data:generation,US,mix,,bioenergy,,2019-10-01,2019-10-31,4636.33257,GWh,,,primary
electricity/electric-power-operational-data:generation,US,mix,,bioenergy,,2019-11-01,2019-11-30,4662.30018,GWh,,,primary
electricity/electric-power-operational-data:generation,US,mix,,bioenergy,,2019-12-01,2019-12-31,4988.30064,GWh,,,primary
electricity/electric-power-operational-data:generation,US,mix,,bioenergy,,2020-01-01,2020-01-31,4980.24957,GWh,,,primary
electricity/electric-power-operational-data:generation,US,mix,,bioenergy,,2020-02-01,2020-02-29,4632.17367,GWh,,,primary
electricity/electric-power-operational-data:generation,US,mix,,bioenergy,,2020-03-01,2020-03-31,4816.67716,GWh,,,primary
electricity/electric-power-operational-data:generation,US,mix,,bioenergy,,2020-04-01,2020-04-30,4401.40269,GWh,,,primary
electricity/electric-power-operational-data:generation,US,mix,,bioenergy,,2020-05-01,2020-05-31,4508.32457,GWh,,,primary
electricity/electric-power-operational-data:generation,US,mix,,bioenergy,,2020-06-01,2020-06-30,4279.30333,GWh,,,primary
electricity/electric-power-operational-data:generation,US,mix,,bioenergy,,2020-07-01,2020-07-31,4563.63235,GWh,,,primary
electricity/electric-power-operational-data:generation,US,mix,,bioenergy,,2020-08-01,2020-08-31,4720.75114,GWh,,,primary
electricity/electric-power-operational-data:generation,US,mix,,bioenergy,,2020-09-01,2020-09-30,4378.30544,GWh,,,primary
electricity/electric-power-operational-data:generation,US,mix,,bioenergy,,2020-10-01,2020-10-31,4329.22473,GWh,,,primary
electricity/electric-power-operational-data:generation,US,mix,,bioenergy,,2020-11-01,2020-11-30,4403.98035,GWh,,,primary
electricity/electric-power-operational-data:generation,US,mix,,bioenergy,,2020-12-01,2020-12-31,4697.59141,GWh,,,primary
electricity/electric-power-operational-data:generation,US,mix,,bioenergy,,2021-01-01,2021-01-31,4823.85644,GWh,,,primary
electricity/electric-power-operational-data:generation,US,mix,,bioenergy,,2021-02-01,2021-02-28,4258.10208,GWh,,,primary
electricity/electric-power-operational-data:generation,US,mix,,bioenergy,,2021-03-01,2021-03-31,4682.23945,GWh,,,primary
electricity/electric-power-operational-data:generation,US,mix,,bioenergy,,2021-04-01,2021-04-30,4250.48517,GWh,,,primary
electricity/electric-power-operational-data:generation,US,mix,,bioenergy,,2021-05-01,2021-05-31,4480.55076,GWh,,,primary
electricity/electric-power-operational-data:generation,US,mix,,bioenergy,,2021-06-01,2021-06-30,4557.32064,GWh,,,primary
electricity/electric-power-operational-data:generation,US,mix,,bioenergy,,2021-07-01,2021-07-31,4744.99805,GWh,,,primary
electricity/electric-power-operational-data:generation,US,mix,,bioenergy,,2021-08-01,2021-08-31,4784.21245,GWh,,,primary
electricity/electric-power-operational-data:generation,US,mix,,bioenergy,,2021-09-01,2021-09-30,4442.0753,GWh,,,primary
electricity/electric-power-operational-data:generation,US,mix,,bioenergy,,2021-10-01,2021-10-31,4275.13376,GWh,,,primary
electricity/electric-power-operational-data:generation,US,mix,,bioenergy,,2021-11-01,2021-11-30,4283.17944,GWh,,,primary
electricity/electric-power-operational-data:generation,US,mix,,bioenergy,,2021-12-01,2021-12-31,4670.07209,GWh,,,primary
electricity/electric-power-operational-data:generation,US,mix,,bioenergy,,2022-01-01,2022-01-31,4537.59467,GWh,,,primary
electricity/electric-power-operational-data:generation,US,mix,,bioenergy,,2022-02-01,2022-02-28,4202.7204,GWh,,,primary
electricity/electric-power-operational-data:generation,US,mix,,bioenergy,,2022-03-01,2022-03-31,4359.98769,GWh,,,primary
electricity/electric-power-operational-data:generation,US,mix,,bioenergy,,2022-04-01,2022-04-30,4078.38288,GWh,,,primary
electricity/electric-power-operational-data:generation,US,mix,,bioenergy,,2022-05-01,2022-05-31,4278.11057,GWh,,,primary
electricity/electric-power-operational-data:generation,US,mix,,bioenergy,,2022-06-01,2022-06-30,4417.42792,GWh,,,primary
electricity/electric-power-operational-data:generation,US,mix,,bioenergy,,2022-07-01,2022-07-31,4682.11883,GWh,,,primary
electricity/electric-power-operational-data:generation,US,mix,,bioenergy,,2022-08-01,2022-08-31,4584.99488,GWh,,,primary
electricity/electric-power-operational-data:generation,US,mix,,bioenergy,,2022-09-01,2022-09-30,4179.1352,GWh,,,primary
electricity/electric-power-operational-data:generation,US,mix,,bioenergy,,2022-10-01,2022-10-31,3992.71173,GWh,,,primary
electricity/electric-power-operational-data:generation,US,mix,,bioenergy,,2022-11-01,2022-11-30,4183.24678,GWh,,,primary
electricity/electric-power-operational-data:generation,US,mix,,bioenergy,,2022-12-01,2022-12-31,4352.88469,GWh,,,primary
electricity/electric-power-operational-data:generation,US,mix,,bioenergy,,2023-01-01,2023-01-31,4264.6154,GWh,,,primary
electricity/electric-power-operational-data:generation,US,mix,,bioenergy,,2023-02-01,2023-02-28,3741.03417,GWh,,,primary
electricity/electric-power-operational-data:generation,US,mix,,bioenergy,,2023-03-01,2023-03-31,3981.78741,GWh,,,primary
electricity/electric-power-operational-data:generation,US,mix,,bioenergy,,2023-04-01,2023-04-30,3524.4742,GWh,,,primary
electricity/electric-power-operational-data:generation,US,mix,,bioenergy,,2023-05-01,2023-05-31,3997.20205,GWh,,,primary
electricity/electric-power-operational-data:generation,US,mix,,bioenergy,,2023-06-01,2023-06-30,3887.40294,GWh,,,primary
electricity/electric-power-operational-data:generation,US,mix,,bioenergy,,2023-07-01,2023-07-31,4093.21365,GWh,,,primary
electricity/electric-power-operational-data:generation,US,mix,,bioenergy,,2023-08-01,2023-08-31,4220.92752,GWh,,,primary
electricity/electric-power-operational-data:generation,US,mix,,bioenergy,,2023-09-01,2023-09-30,3801.9016,GWh,,,primary
electricity/electric-power-operational-data:generation,US,mix,,bioenergy,,2023-10-01,2023-10-31,3620.39763,GWh,,,primary
electricity/electric-power-operational-data:generation,US,mix,,bioenergy,,2023-11-01,2023-11-30,3889.08538,GWh,,,primary
electricity/electric-power-operational-data:generation,US,mix,,bioenergy,,2023-12-01,2023-12-31,4177.4509,GWh,,,primary
electricity/electric-power-operational-data:generation,US,mix,,bioenergy,,2024-01-01,2024-01-31,4144.17377,GWh,,,primary
electricity/electric-power-operational-data:generation,US,mix,,bioenergy,,2024-02-01,2024-02-29,3824.1455,GWh,,,primary
electricity/electric-power-operational-data:generation,US,mix,,bioenergy,,2024-03-01,2024-03-31,3892.87813,GWh,,,primary
electricity/electric-power-operational-data:generation,US,mix,,bioenergy,,2024-04-01,2024-04-30,3572.21328,GWh,,,primary
electricity/electric-power-operational-data:generation,US,mix,,bioenergy,,2024-05-01,2024-05-31,3858.00395,GWh,,,primary
electricity/electric-power-operational-data:generation,US,mix,,bioenergy,,2024-06-01,2024-06-30,3891.52056,GWh,,,primary
electricity/electric-power-operational-data:generation,US,mix,,bioenergy,,2024-07-01,2024-07-31,4070.59919,GWh,,,primary
electricity/electric-power-operational-data:generation,US,mix,,bioenergy,,2024-08-01,2024-08-31,4136.09735,GWh,,,primary
electricity/electric-power-operational-data:generation,US,mix,,bioenergy,,2024-09-01,2024-09-30,3784.68914,GWh,,,primary
electricity/electric-power-operational-data:generation,US,mix,,bioenergy,,2024-10-01,2024-10-31,3481.82226,GWh,,,primary
electricity/electric-power-operational-data:generation,US,mix,,bioenergy,,2024-11-01,2024-11-30,3763.34779,GWh,,,primary
electricity/electric-power-operational-data:generation,US,mix,,bioenergy,,2024-12-01,2024-12-31,4002.17808,GWh,,,primary
electricity/electric-power-operational-data:generation,US,mix,,bioenergy,,2025-01-01,2025-01-31,4013.06583,GWh,,,primary
electricity/electric-power-operational-data:generation,US,mix,,bioenergy,,2025-02-01,2025-02-28,3691.59773,GWh,,,primary
electricity/electric-power-operational-data:generation,US,mix,,bioenergy,,2025-03-01,2025-03-31,3938.02617,GWh,,,primary
electricity/electric-power-operational-data:generation,US,mix,,bioenergy,,2025-04-01,2025-04-30,3466.45973,GWh,,,primary
electricity/electric-power-operational-data:generation,US,mix,,bioenergy,,2025-05-01,2025-05-31,3784.99873,GWh,,,primary
electricity/electric-power-operational-data:generation,US,mix,,bioenergy,,2025-06-01,2025-06-30,3904.55361,GWh,,,primary
electricity/electric-power-operational-data:generation,US,mix,,bioenergy,,2025-07-01,2025-07-31,4128.99862,GWh,,,primary
electricity/electric-power-operational-data:generation,US,mix,,bioenergy,,2025-08-01,2025-08-31,4037.07345,GWh,,,primary
electricity/electric-power-operational-data:generation,US,mix,,bioenergy,,2025-09-01,2025-09-30,3848.85637,GWh,,,primary
electricity/electric-power-operational-data:generation,US,mix,,bioenergy,,2025-10-01,2025-10-31,3628.08434,GWh,,,primary
electricity/electric-power-operational-data:generation,US,mix,,bioenergy,,2025-11-01,2025-11-30,3769.26942,GWh,,,primary
electricity/electric-power-operational-data:generation,US,mix,,bioenergy,,2025-12-01,2025-12-31,3975.85665,GWh,,,primary
electricity/electric-power-operational-data:generation,US,mix,,bioenergy,,2026-01-01,2026-01-31,3993.22067,GWh,,,primary
electricity/electric-power-operational-data:generation,US,mix,,bioenergy,,2026-02-01,2026-02-28,3637.11088,GWh,,,primary
electricity/electric-power-operational-data:generation,US,mix,,bioenergy,,2026-03-01,2026-03-31,3709.0768,GWh,,,primary
electricity/electric-power-operational-data:generation,US,mix,,bioenergy,,2026-04-01,2026-04-30,3181.32196,GWh,,,primary
electricity/electric-power-operational-data:generation,US,mix,,bioenergy,,2026-05-01,2026-05-31,3722.25716,GWh,,,primary
electricity/electric-power-operational-data:generation,US,mix,,bioenergy,,2026-06-01,2026-06-30,3759.96863,GWh,,,primary
electricity/electric-power-operational-data:generation,US,mix,,bioenergy,,2026-07-01,2026-07-31,4050.80712,GWh,,,primary
electricity/electric-power-operational-data:generation,US,mix,,coal,,2015-01-01,2015-01-31,131505.83386,GWh,,,primary
electricity/electric-power-operational-data:generation,US,mix,,coal,,2015-02-01,2015-02-28,126064.92431,GWh,,,primary
electricity/electric-power-operational-data:generation,US,mix,,coal,,2015-03-01,2015-03-31,107883.87479,GWh,,,primary
electricity/electric-power-operational-data:generation,US,mix,,coal,,2015-04-01,2015-04-30,88522.55035,GWh,,,primary
electricity/electric-power-operational-data:generation,US,mix,,coal,,2015-05-01,2015-05-31,103939.59854,GWh,,,primary
electricity/electric-power-operational-data:generation,US,mix,,coal,,2015-06-01,2015-06-30,124892.86401,GWh,,,primary
electricity/electric-power-operational-data:generation,US,mix,,coal,,2015-07-01,2015-07-31,138321.41768,GWh,,,primary
electricity/electric-power-operational-data:generation,US,mix,,coal,,2015-08-01,2015-08-31,133828.25066,GWh,,,primary
electricity/electric-power-operational-data:generation,US,mix,,coal,,2015-09-01,2015-09-30,117185.36765,GWh,,,primary
electricity/electric-power-operational-data:generation,US,mix,,coal,,2015-10-01,2015-10-31,96295.42207,GWh,,,primary
electricity/electric-power-operational-data:generation,US,mix,,coal,,2015-11-01,2015-11-30,86493.68822,GWh,,,primary
electricity/electric-power-operational-data:generation,US,mix,,coal,,2015-12-01,2015-12-31,88786.47082,GWh,,,primary
electricity/electric-power-operational-data:generation,US,mix,,coal,,2016-01-01,2016-01-31,112474.37724,GWh,,,primary
electricity/electric-power-operational-data:generation,US,mix,,coal,,2016-02-01,2016-02-29,91857.75184,GWh,,,primary
electricity/electric-power-operational-data:generation,US,mix,,coal,,2016-03-01,2016-03-31,71426.75248,GWh,,,primary
electricity/electric-power-operational-data:generation,US,mix,,coal,,2016-04-01,2016-04-30,71570.14438,GWh,,,primary
electricity/electric-power-operational-data:generation,US,mix,,coal,,2016-05-01,2016-05-31,81023.703,GWh,,,primary
electricity/electric-power-operational-data:generation,US,mix,,coal,,2016-06-01,2016-06-30,115271.87955,GWh,,,primary
electricity/electric-power-operational-data:generation,US,mix,,coal,,2016-07-01,2016-07-31,135333.89283,GWh,,,primary
electricity/electric-power-operational-data:generation,US,mix,,coal,,2016-08-01,2016-08-31,134643.01788,GWh,,,primary
electricity/electric-power-operational-data:generation,US,mix,,coal,,2016-09-01,2016-09-30,113444.75693,GWh,,,primary
electricity/electric-power-operational-data:generation,US,mix,,coal,,2016-10-01,2016-10-31,98768.62261,GWh,,,primary
electricity/electric-power-operational-data:generation,US,mix,,coal,,2016-11-01,2016-11-30,86361.28292,GWh,,,primary
electricity/electric-power-operational-data:generation,US,mix,,coal,,2016-12-01,2016-12-31,117846.26068,GWh,,,primary
electricity/electric-power-operational-data:generation,US,mix,,coal,,2017-01-01,2017-01-31,114419.3442,GWh,,,primary
electricity/electric-power-operational-data:generation,US,mix,,coal,,2017-02-01,2017-02-28,86012.09103,GWh,,,primary
electricity/electric-power-operational-data:generation,US,mix,,coal,,2017-03-01,2017-03-31,88508.23255,GWh,,,primary
electricity/electric-power-operational-data:generation,US,mix,,coal,,2017-04-01,2017-04-30,80806.43996,GWh,,,primary
electricity/electric-power-operational-data:generation,US,mix,,coal,,2017-05-01,2017-05-31,92148.94499,GWh,,,primary
electricity/electric-power-operational-data:generation,US,mix,,coal,,2017-06-01,2017-06-30,106834.34159,GWh,,,primary
electricity/electric-power-operational-data:generation,US,mix,,coal,,2017-07-01,2017-07-31,126900.30904,GWh,,,primary
electricity/electric-power-operational-data:generation,US,mix,,coal,,2017-08-01,2017-08-31,118678.28975,GWh,,,primary
electricity/electric-power-operational-data:generation,US,mix,,coal,,2017-09-01,2017-09-30,97475.44207,GWh,,,primary
electricity/electric-power-operational-data:generation,US,mix,,coal,,2017-10-01,2017-10-31,89186.69978,GWh,,,primary
electricity/electric-power-operational-data:generation,US,mix,,coal,,2017-11-01,2017-11-30,90426.12727,GWh,,,primary
electricity/electric-power-operational-data:generation,US,mix,,coal,,2017-12-01,2017-12-31,105622.91206,GWh,,,primary
electricity/electric-power-operational-data:generation,US,mix,,coal,,2018-01-01,2018-01-31,118258.05829,GWh,,,primary
electricity/electric-power-operational-data:generation,US,mix,,coal,,2018-02-01,2018-02-28,81296.91236,GWh,,,primary
electricity/electric-power-operational-data:generation,US,mix,,coal,,2018-03-01,2018-03-31,79773.43378,GWh,,,primary
electricity/electric-power-operational-data:generation,US,mix,,coal,,2018-04-01,2018-04-30,72796.24939,GWh,,,primary
electricity/electric-power-operational-data:generation,US,mix,,coal,,2018-05-01,2018-05-31,84742.64189,GWh,,,primary
electricity/electric-power-operational-data:generation,US,mix,,coal,,2018-06-01,2018-06-30,100794.89585,GWh,,,primary
electricity/electric-power-operational-data:generation,US,mix,,coal,,2018-07-01,2018-07-31,114537.68258,GWh,,,primary
electricity/electric-power-operational-data:generation,US,mix,,coal,,2018-08-01,2018-08-31,114301.41591,GWh,,,primary
electricity/electric-power-operational-data:generation,US,mix,,coal,,2018-09-01,2018-09-30,95855.20564,GWh,,,primary
electricity/electric-power-operational-data:generation,US,mix,,coal,,2018-10-01,2018-10-31,86612.56879,GWh,,,primary
electricity/electric-power-operational-data:generation,US,mix,,coal,,2018-11-01,2018-11-30,91978.78972,GWh,,,primary
electricity/electric-power-operational-data:generation,US,mix,,coal,,2018-12-01,2018-12-31,99465.1141,GWh,,,primary
electricity/electric-power-operational-data:generation,US,mix,,coal,,2019-01-01,2019-01-31,100031.77622,GWh,,,primary
electricity/electric-power-operational-data:generation,US,mix,,coal,,2019-02-01,2019-02-28,79225.0863,GWh,,,primary
electricity/electric-power-operational-data:generation,US,mix,,coal,,2019-03-01,2019-03-31,77590.71029,GWh,,,primary
electricity/electric-power-operational-data:generation,US,mix,,coal,,2019-04-01,2019-04-30,59408.20643,GWh,,,primary
electricity/electric-power-operational-data:generation,US,mix,,coal,,2019-05-01,2019-05-31,71345.26509,GWh,,,primary
electricity/electric-power-operational-data:generation,US,mix,,coal,,2019-06-01,2019-06-30,77912.87021,GWh,,,primary
electricity/electric-power-operational-data:generation,US,mix,,coal,,2019-07-01,2019-07-31,100326.47692,GWh,,,primary
electricity/electric-power-operational-data:generation,US,mix,,coal,,2019-08-01,2019-08-31,93580.18536,GWh,,,primary
electricity/electric-power-operational-data:generation,US,mix,,coal,,2019-09-01,2019-09-30,85359.9062,GWh,,,primary
electricity/electric-power-operational-data:generation,US,mix,,coal,,2019-10-01,2019-10-31,66306.6797,GWh,,,primary
electricity/electric-power-operational-data:generation,US,mix,,coal,,2019-11-01,2019-11-30,74993.52871,GWh,,,primary
electricity/electric-power-operational-data:generation,US,mix,,coal,,2019-12-01,2019-12-31,71967.1684,GWh,,,primary
electricity/electric-power-operational-data:generation,US,mix,,coal,,2020-01-01,2020-01-31,64579.55654,GWh,,,primary
electricity/electric-power-operational-data:generation,US,mix,,coal,,2020-02-01,2020-02-29,55663.70834,GWh,,,primary
electricity/electric-power-operational-data:generation,US,mix,,coal,,2020-03-01,2020-03-31,50281.97733,GWh,,,primary
electricity/electric-power-operational-data:generation,US,mix,,coal,,2020-04-01,2020-04-30,40224.11046,GWh,,,primary
electricity/electric-power-operational-data:generation,US,mix,,coal,,2020-05-01,2020-05-31,46175.12917,GWh,,,primary
electricity/electric-power-operational-data:generation,US,mix,,coal,,2020-06-01,2020-06-30,64950.85175,GWh,,,primary
electricity/electric-power-operational-data:generation,US,mix,,coal,,2020-07-01,2020-07-31,89196.91819,GWh,,,primary
electricity/electric-power-operational-data:generation,US,mix,,coal,,2020-08-01,2020-08-31,90574.82238,GWh,,,primary
electricity/electric-power-operational-data:generation,US,mix,,coal,,2020-09-01,2020-09-30,67877.65745,GWh,,,primary
electricity/electric-power-operational-data:generation,US,mix,,coal,,2020-10-01,2020-10-31,59249.1088,GWh,,,primary
electricity/electric-power-operational-data:generation,US,mix,,coal,,2020-11-01,2020-11-30,60759.31027,GWh,,,primary
electricity/electric-power-operational-data:generation,US,mix,,coal,,2020-12-01,2020-12-31,77978.82589,GWh,,,primary
electricity/electric-power-operational-data:generation,US,mix,,coal,,2021-01-01,2021-01-31,80621.17472,GWh,,,primary
electricity/electric-power-operational-data:generation,US,mix,,coal,,2021-02-01,2021-02-28,86833.35197,GWh,,,primary
electricity/electric-power-operational-data:generation,US,mix,,coal,,2021-03-01,2021-03-31,61263.59244,GWh,,,primary
electricity/electric-power-operational-data:generation,US,mix,,coal,,2021-04-01,2021-04-30,53656.42948,GWh,,,primary
electricity/electric-power-operational-data:generation,US,mix,,coal,,2021-05-01,2021-05-31,63343.67723,GWh,,,primary
electricity/electric-power-operational-data:generation,US,mix,,coal,,2021-06-01,2021-06-30,86691.50558,GWh,,,primary
electricity/electric-power-operational-data:generation,US,mix,,coal,,2021-07-01,2021-07-31,100844.26295,GWh,,,primary
electricity/electric-power-operational-data:generation,US,mix,,coal,,2021-08-01,2021-08-31,101203.99686,GWh,,,primary
electricity/electric-power-operational-data:generation,US,mix,,coal,,2021-09-01,2021-09-30,78336.6771,GWh,,,primary
electricity/electric-power-operational-data:generation,US,mix,,coal,,2021-10-01,2021-10-31,62025.66766,GWh,,,primary
electricity/electric-power-operational-data:generation,US,mix,,coal,,2021-11-01,2021-11-30,56827.8991,GWh,,,primary
electricity/electric-power-operational-data:generation,US,mix,,coal,,2021-12-01,2021-12-31,59267.92449,GWh,,,primary
electricity/electric-power-operational-data:generation,US,mix,,coal,,2022-01-01,2022-01-31,86801.63853,GWh,,,primary
electricity/electric-power-operational-data:generation,US,mix,,coal,,2022-02-01,2022-02-28,70309.9795,GWh,,,primary
electricity/electric-power-operational-data:generation,US,mix,,coal,,2022-03-01,2022-03-31,60466.9228,GWh,,,primary
electricity/electric-power-operational-data:generation,US,mix,,coal,,2022-04-01,2022-04-30,54768.49046,GWh,,,primary
electricity/electric-power-operational-data:generation,US,mix,,coal,,2022-05-01,2022-05-31,61776.29951,GWh,,,primary
electricity/electric-power-operational-data:generation,US,mix,,coal,,2022-06-01,2022-06-30,72838.79878,GWh,,,primary
electricity/electric-power-operational-data:generation,US,mix,,coal,,2022-07-01,2022-07-31,85687.92048,GWh,,,primary
electricity/electric-power-operational-data:generation,US,mix,,coal,,2022-08-01,2022-08-31,84491.5479,GWh,,,primary
electricity/electric-power-operational-data:generation,US,mix,,coal,,2022-09-01,2022-09-30,64382.89203,GWh,,,primary
electricity/electric-power-operational-data:generation,US,mix,,coal,,2022-10-01,2022-10-31,53600.1878,GWh,,,primary
electricity/electric-power-operational-data:generation,US,mix,,coal,,2022-11-01,2022-11-30,55703.68131,GWh,,,primary
electricity/electric-power-operational-data:generation,US,mix,,coal,,2022-12-01,2022-12-31,72745.14093,GWh,,,primary
electricity/electric-power-operational-data:generation,US,mix,,coal,,2023-01-01,2023-01-31,60851.83421,GWh,,,primary
electricity/electric-power-operational-data:generation,US,mix,,coal,,2023-02-01,2023-02-28,45752.8839,GWh,,,primary
electricity/electric-power-operational-data:generation,US,mix,,coal,,2023-03-01,2023-03-31,49476.14774,GWh,,,primary
electricity/electric-power-operational-data:generation,US,mix,,coal,,2023-04-01,2023-04-30,39727.69475,GWh,,,primary
electricity/electric-power-operational-data:generation,US,mix,,coal,,2023-05-01,2023-05-31,43420.43589,GWh,,,primary
electricity/electric-power-operational-data:generation,US,mix,,coal,,2023-06-01,2023-06-30,57193.6479,GWh,,,primary
electricity/electric-power-operational-data:generation,US,mix,,coal,,2023-07-01,2023-07-31,78088.32775,GWh,,,primary
electricity/electric-power-operational-data:generation,US,mix,,coal,,2023-08-01,2023-08-31,77366.75133,GWh,,,primary
electricity/electric-power-operational-data:generation,US,mix,,coal,,2023-09-01,2023-09-30,59545.99745,GWh,,,primary
electricity/electric-power-operational-data:generation,US,mix,,coal,,2023-10-01,2023-10-31,50446.97111,GWh,,,primary
electricity/electric-power-operational-data:generation,US,mix,,coal,,2023-11-01,2023-11-30,50578.03306,GWh,,,primary
electricity/electric-power-operational-data:generation,US,mix,,coal,,2023-12-01,2023-12-31,55597.08923,GWh,,,primary
electricity/electric-power-operational-data:generation,US,mix,,coal,,2024-01-01,2024-01-31,74926.51054,GWh,,,primary
electricity/electric-power-operational-data:generation,US,mix,,coal,,2024-02-01,2024-02-29,43432.92737,GWh,,,primary
electricity/electric-power-operational-data:generation,US,mix,,coal,,2024-03-01,2024-03-31,37731.70788,GWh,,,primary
electricity/electric-power-operational-data:generation,US,mix,,coal,,2024-04-01,2024-04-30,36572.96131,GWh,,,primary
electricity/electric-power-operational-data:generation,US,mix,,coal,,2024-05-01,2024-05-31,45310.85044,GWh,,,primary
electricity/electric-power-operational-data:generation,US,mix,,coal,,2024-06-01,2024-06-30,60687.71052,GWh,,,primary
electricity/electric-power-operational-data:generation,US,mix,,coal,,2024-07-01,2024-07-31,70769.04732,GWh,,,primary
electricity/electric-power-operational-data:generation,US,mix,,coal,,2024-08-01,2024-08-31,68312.01888,GWh,,,primary
electricity/electric-power-operational-data:generation,US,mix,,coal,,2024-09-01,2024-09-30,54201.59224,GWh,,,primary
electricity/electric-power-operational-data:generation,US,mix,,coal,,2024-10-01,2024-10-31,46514.30683,GWh,,,primary
electricity/electric-power-operational-data:generation,US,mix,,coal,,2024-11-01,2024-11-30,44587.76272,GWh,,,primary
electricity/electric-power-operational-data:generation,US,mix,,coal,,2024-12-01,2024-12-31,62261.7725,GWh,,,primary
electricity/electric-power-operational-data:generation,US,mix,,coal,,2025-01-01,2025-01-31,82557.31656,GWh,,,primary
electricity/electric-power-operational-data:generation,US,mix,,coal,,2025-02-01,2025-02-28,61512.20776,GWh,,,primary
electricity/electric-power-operational-data:generation,US,mix,,coal,,2025-03-01,2025-03-31,48444.14087,GWh,,,primary
electricity/electric-power-operational-data:generation,US,mix,,coal,,2025-04-01,2025-04-30,44799.54073,GWh,,,primary
electricity/electric-power-operational-data:generation,US,mix,,coal,,2025-05-01,2025-05-31,48070.14456,GWh,,,primary
electricity/electric-power-operational-data:generation,US,mix,,coal,,2025-06-01,2025-06-30,63730.68722,GWh,,,primary
electricity/electric-power-operational-data:generation,US,mix,,coal,,2025-07-01,2025-07-31,79466.92533,GWh,,,primary
electricity/electric-power-operational-data:generation,US,mix,,coal,,2025-08-01,2025-08-31,68920.37873,GWh,,,primary
electricity/electric-power-operational-data:generation,US,mix,,coal,,2025-09-01,2025-09-30,57721.71717,GWh,,,primary
electricity/electric-power-operational-data:generation,US,mix,,coal,,2025-10-01,2025-10-31,53636.96792,GWh,,,primary
electricity/electric-power-operational-data:generation,US,mix,,coal,,2025-11-01,2025-11-30,53868.15928,GWh,,,primary
electricity/electric-power-operational-data:generation,US,mix,,coal,,2025-12-01,2025-12-31,66136.1556,GWh,,,primary
electricity/electric-power-operational-data:generation,US,mix,,coal,,2026-01-01,2026-01-31,71698.96758,GWh,,,primary
electricity/electric-power-operational-data:generation,US,mix,,coal,,2026-02-01,2026-02-28,55109.09491,GWh,,,primary
electricity/electric-power-operational-data:generation,US,mix,,coal,,2026-03-01,2026-03-31,43515.9197,GWh,,,primary
electricity/electric-power-operational-data:generation,US,mix,,coal,,2026-04-01,2026-04-30,39315.47727,GWh,,,primary
electricity/electric-power-operational-data:generation,US,mix,,coal,,2026-05-01,2026-05-31,44477.29232,GWh,,,primary
electricity/electric-power-operational-data:generation,US,mix,,coal,,2026-06-01,2026-06-30,55604.51539,GWh,,,primary
electricity/electric-power-operational-data:generation,US,mix,,coal,,2026-07-01,2026-07-31,75062.39079,GWh,,,primary
electricity/electric-power-operational-data:generation,US,mix,,gas,,2015-01-01,2015-01-31,101690.97336,GWh,,,primary
electricity/electric-power-operational-data:generation,US,mix,,gas,,2015-02-01,2015-02-28,91440.16871,GWh,,,primary
electricity/electric-power-operational-data:generation,US,mix,,gas,,2015-03-01,2015-03-31,99550.14498,GWh,,,primary
electricity/electric-power-operational-data:generation,US,mix,,gas,,2015-04-01,2015-04-30,92855.54624,GWh,,,primary
electricity/electric-power-operational-data:generation,US,mix,,gas,,2015-05-01,2015-05-31,101624.6975,GWh,,,primary
electricity/electric-power-operational-data:generation,US,mix,,gas,,2015-06-01,2015-06-30,121567.81122,GWh,,,primary
electricity/electric-power-operational-data:generation,US,mix,,gas,,2015-07-01,2015-07-31,141241.24634,GWh,,,primary
electricity/electric-power-operational-data:generation,US,mix,,gas,,2015-08-01,2015-08-31,139215.8854,GWh,,,primary
electricity/electric-power-operational-data:generation,US,mix,,gas,,2015-09-01,2015-09-30,123110.83138,GWh,,,primary
electricity/electric-power-operational-data:generation,US,mix,,gas,,2015-10-01,2015-10-31,110109.75303,GWh,,,primary
electricity/electric-power-operational-data:generation,US,mix,,gas,,2015-11-01,2015-11-30,102368.84183,GWh,,,primary
electricity/electric-power-operational-data:generation,US,mix,,gas,,2015-12-01,2015-12-31,109892.10285,GWh,,,primary
electricity/electric-power-operational-data:generation,US,mix,,gas,,2016-01-01,2016-01-31,110043.74673,GWh,,,primary
electricity/electric-power-operational-data:generation,US,mix,,gas,,2016-02-01,2016-02-29,98688.19908,GWh,,,primary
electricity/electric-power-operational-data:generation,US,mix,,gas,,2016-03-01,2016-03-31,103933.12256,GWh,,,primary
electricity/electric-power-operational-data:generation,US,mix,,gas,,2016-04-01,2016-04-30,98973.7993,GWh,,,primary
electricity/electric-power-operational-data:generation,US,mix,,gas,,2016-05-01,2016-05-31,110518.5333,GWh,,,primary
electricity/electric-power-operational-data:generation,US,mix,,gas,,2016-06-01,2016-06-30,131522.99713,GWh,,,primary
electricity/electric-power-operational-data:generation,US,mix,,gas,,2016-07-01,2016-07-31,151716.16396,GWh,,,primary
electricity/electric-power-operational-data:generation,US,mix,,gas,,2016-08-01,2016-08-31,154926.02521,GWh,,,primary
electricity/electric-power-operational-data:generation,US,mix,,gas,,2016-09-01,2016-09-30,125683.45081,GWh,,,primary
electricity/electric-power-operational-data:generation,US,mix,,gas,,2016-10-01,2016-10-31,102897.98607,GWh,,,primary
electricity/electric-power-operational-data:generation,US,mix,,gas,,2016-11-01,2016-11-30,93950.8325,GWh,,,primary
electricity/electric-power-operational-data:generation,US,mix,,gas,,2016-12-01,2016-12-31,96416.06528,GWh,,,primary
electricity/electric-power-operational-data:generation,US,mix,,gas,,2017-01-01,2017-01-31,95661.24708,GWh,,,primary
electricity/electric-power-operational-data:generation,US,mix,,gas,,2017-02-01,2017-02-28,82836.97484,GWh,,,primary
electricity/electric-power-operational-data:generation,US,mix,,gas,,2017-03-01,2017-03-31,95214.19971,GWh,,,primary
electricity/electric-power-operational-data:generation,US,mix,,gas,,2017-04-01,2017-04-30,88562.36959,GWh,,,primary
electricity/electric-power-operational-data:generation,US,mix,,gas,,2017-05-01,2017-05-31,98074.11624,GWh,,,primary
electricity/electric-power-operational-data:generation,US,mix,,gas,,2017-06-01,2017-06-30,117351.49285,GWh,,,primary
electricity/electric-power-operational-data:generation,US,mix,,gas,,2017-07-01,2017-07-31,147041.80253,GWh,,,primary
electricity/electric-power-operational-data:generation,US,mix,,gas,,2017-08-01,2017-08-31,141307.8281,GWh,,,primary
electricity/electric-power-operational-data:generation,US,mix,,gas,,2017-09-01,2017-09-30,118131.70524,GWh,,,primary
electricity/electric-power-operational-data:generation,US,mix,,gas,,2017-10-01,2017-10-31,106895.19912,GWh,,,primary
electricity/electric-power-operational-data:generation,US,mix,,gas,,2017-11-01,2017-11-30,95072.30676,GWh,,,primary
electricity/electric-power-operational-data:generation,US,mix,,gas,,2017-12-01,2017-12-31,111553.28604,GWh,,,primary
electricity/electric-power-operational-data:generation,US,mix,,gas,,2018-01-01,2018-01-31,110441.98208,GWh,,,primary
electricity/electric-power-operational-data:generation,US,mix,,gas,,2018-02-01,2018-02-28,98675.2857,GWh,,,primary
electricity/electric-power-operational-data:generation,US,mix,,gas,,2018-03-01,2018-03-31,106742.01587,GWh,,,primary
electricity/electric-power-operational-data:generation,US,mix,,gas,,2018-04-01,2018-04-30,98671.58527,GWh,,,primary
electricity/electric-power-operational-data:generation,US,mix,,gas,,2018-05-01,2018-05-31,115564.6383,GWh,,,primary
electricity/electric-power-operational-data:generation,US,mix,,gas,,2018-06-01,2018-06-30,131085.72296,GWh,,,primary
electricity/electric-power-operational-data:generation,US,mix,,gas,,2018-07-01,2018-07-31,165075.42624,GWh,,,primary
electricity/electric-power-operational-data:generation,US,mix,,gas,,2018-08-01,2018-08-31,162000.63402,GWh,,,primary
electricity/electric-power-operational-data:generation,US,mix,,gas,,2018-09-01,2018-09-30,142085.1857,GWh,,,primary
electricity/electric-power-operational-data:generation,US,mix,,gas,,2018-10-01,2018-10-31,123280.44647,GWh,,,primary
electricity/electric-power-operational-data:generation,US,mix,,gas,,2018-11-01,2018-11-30,108265.01201,GWh,,,primary
electricity/electric-power-operational-data:generation,US,mix,,gas,,2018-12-01,2018-12-31,109955.09663,GWh,,,primary
electricity/electric-power-operational-data:generation,US,mix,,gas,,2019-01-01,2019-01-31,121808.27731,GWh,,,primary
electricity/electric-power-operational-data:generation,US,mix,,gas,,2019-02-01,2019-02-28,112397.15916,GWh,,,primary
electricity/electric-power-operational-data:generation,US,mix,,gas,,2019-03-01,2019-03-31,116059.14624,GWh,,,primary
electricity/electric-power-operational-data:generation,US,mix,,gas,,2019-04-01,2019-04-30,104348.63205,GWh,,,primary
electricity/electric-power-operational-data:generation,US,mix,,gas,,2019-05-01,2019-05-31,117296.64899,GWh,,,primary
electricity/electric-power-operational-data:generation,US,mix,,gas,,2019-06-01,2019-06-30,138087.41868,GWh,,,primary
electricity/electric-power-operational-data:generation,US,mix,,gas,,2019-07-01,2019-07-31,172281.64499,GWh,,,primary
electricity/electric-power-operational-data:generation,US,mix,,gas,,2019-08-01,2019-08-31,175270.24757,GWh,,,primary
electricity/electric-power-operational-data:generation,US,mix,,gas,,2019-09-01,2019-09-30,149938.13228,GWh,,,primary
electricity/electric-power-operational-data:generation,US,mix,,gas,,2019-10-01,2019-10-31,131113.37797,GWh,,,primary
electricity/electric-power-operational-data:generation,US,mix,,gas,,2019-11-01,2019-11-30,117958.72597,GWh,,,primary
electricity/electric-power-operational-data:generation,US,mix,,gas,,2019-12-01,2019-12-31,131973.42828,GWh,,,primary
electricity/electric-power-operational-data:generation,US,mix,,gas,,2020-01-01,2020-01-31,136083.77995,GWh,,,primary
electricity/electric-power-operational-data:generation,US,mix,,gas,,2020-02-01,2020-02-29,128017.92848,GWh,,,primary
electricity/electric-power-operational-data:generation,US,mix,,gas,,2020-03-01,2020-03-31,126186.58013,GWh,,,primary
electricity/electric-power-operational-data:generation,US,mix,,gas,,2020-04-01,2020-04-30,110563.81511,GWh,,,primary
electricity/electric-power-operational-data:generation,US,mix,,gas,,2020-05-01,2020-05-31,117185.64596,GWh,,,primary
electricity/electric-power-operational-data:generation,US,mix,,gas,,2020-06-01,2020-06-30,143055.42341,GWh,,,primary
electricity/electric-power-operational-data:generation,US,mix,,gas,,2020-07-01,2020-07-31,181568.06361,GWh,,,primary
electricity/electric-power-operational-data:generation,US,mix,,gas,,2020-08-01,2020-08-31,173644.41702,GWh,,,primary
electricity/electric-power-operational-data:generation,US,mix,,gas,,2020-09-01,2020-09-30,141397.45495,GWh,,,primary
electricity/electric-power-operational-data:generation,US,mix,,gas,,2020-10-01,2020-10-31,131412.57892,GWh,,,primary
electricity/electric-power-operational-data:generation,US,mix,,gas,,2020-11-01,2020-11-30,109810.78026,GWh,,,primary
electricity/electric-power-operational-data:generation,US,mix,,gas,,2020-12-01,2020-12-31,127863.17223,GWh,,,primary
electricity/electric-power-operational-data:generation,US,mix,,gas,,2021-01-01,2021-01-31,126529.59847,GWh,,,primary
electricity/electric-power-operational-data:generation,US,mix,,gas,,2021-02-01,2021-02-28,111182.91493,GWh,,,primary
electricity/electric-power-operational-data:generation,US,mix,,gas,,2021-03-01,2021-03-31,107018.71133,GWh,,,primary
electricity/electric-power-operational-data:generation,US,mix,,gas,,2021-04-01,2021-04-30,107416.26793,GWh,,,primary
electricity/electric-power-operational-data:generation,US,mix,,gas,,2021-05-01,2021-05-31,114675.79155,GWh,,,primary
electricity/electric-power-operational-data:generation,US,mix,,gas,,2021-06-01,2021-06-30,149375.55551,GWh,,,primary
electricity/electric-power-operational-data:generation,US,mix,,gas,,2021-07-01,2021-07-31,170189.36311,GWh,,,primary
electricity/electric-power-operational-data:generation,US,mix,,gas,,2021-08-01,2021-08-31,172716.00517,GWh,,,primary
electricity/electric-power-operational-data:generation,US,mix,,gas,,2021-09-01,2021-09-30,138214.4087,GWh,,,primary
electricity/electric-power-operational-data:generation,US,mix,,gas,,2021-10-01,2021-10-31,131851.68145,GWh,,,primary
electricity/electric-power-operational-data:generation,US,mix,,gas,,2021-11-01,2021-11-30,122433.25919,GWh,,,primary
electricity/electric-power-operational-data:generation,US,mix,,gas,,2021-12-01,2021-12-31,127586.43005,GWh,,,primary
electricity/electric-power-operational-data:generation,US,mix,,gas,,2022-01-01,2022-01-31,134947.53058,GWh,,,primary
electricity/electric-power-operational-data:generation,US,mix,,gas,,2022-02-01,2022-02-28,114945.42818,GWh,,,primary
electricity/electric-power-operational-data:generation,US,mix,,gas,,2022-03-01,2022-03-31,112477.26754,GWh,,,primary
electricity/electric-power-operational-data:generation,US,mix,,gas,,2022-04-01,2022-04-30,105505.84655,GWh,,,primary
electricity/electric-power-operational-data:generation,US,mix,,gas,,2022-05-01,2022-05-31,127091.02336,GWh,,,primary
electricity/electric-power-operational-data:generation,US,mix,,gas,,2022-06-01,2022-06-30,155516.99607,GWh,,,primary
electricity/electric-power-operational-data:generation,US,mix,,gas,,2022-07-01,2022-07-31,189042.19413,GWh,,,primary
electricity/electric-power-operational-data:generation,US,mix,,gas,,2022-08-01,2022-08-31,188859.66884,GWh,,,primary
electricity/electric-power-operational-data:generation,US,mix,,gas,,2022-09-01,2022-09-30,156947.86255,GWh,,,primary
electricity/electric-power-operational-data:generation,US,mix,,gas,,2022-10-01,2022-10-31,133491.52385,GWh,,,primary
electricity/electric-power-operational-data:generation,US,mix,,gas,,2022-11-01,2022-11-30,127523.43894,GWh,,,primary
electricity/electric-power-operational-data:generation,US,mix,,gas,,2022-12-01,2022-12-31,140715.95863,GWh,,,primary
electricity/electric-power-operational-data:generation,US,mix,,gas,,2023-01-01,2023-01-31,138502.65536,GWh,,,primary
electricity/electric-power-operational-data:generation,US,mix,,gas,,2023-02-01,2023-02-28,125035.65376,GWh,,,primary
electricity/electric-power-operational-data:generation,US,mix,,gas,,2023-03-01,2023-03-31,133699.41149,GWh,,,primary
electricity/electric-power-operational-data:generation,US,mix,,gas,,2023-04-01,2023-04-30,120011.63207,GWh,,,primary
electricity/electric-power-operational-data:generation,US,mix,,gas,,2023-05-01,2023-05-31,137393.60125,GWh,,,primary
electricity/electric-power-operational-data:generation,US,mix,,gas,,2023-06-01,2023-06-30,161981.31328,GWh,,,primary
electricity/electric-power-operational-data:generation,US,mix,,gas,,2023-07-01,2023-07-31,199521.5421,GWh,,,primary
electricity/electric-power-operational-data:generation,US,mix,,gas,,2023-08-01,2023-08-31,199220.82976,GWh,,,primary
electricity/electric-power-operational-data:generation,US,mix,,gas,,2023-09-01,2023-09-30,166310.99338,GWh,,,primary
electricity/electric-power-operational-data:generation,US,mix,,gas,,2023-10-01,2023-10-31,140824.84574,GWh,,,primary
electricity/electric-power-operational-data:generation,US,mix,,gas,,2023-11-01,2023-11-30,135531.27662,GWh,,,primary
electricity/electric-power-operational-data:generation,US,mix,,gas,,2023-12-01,2023-12-31,148029.15668,GWh,,,primary
electricity/electric-power-operational-data:generation,US,mix,,gas,,2024-01-01,2024-01-31,161666.64099,GWh,,,primary
electricity/electric-power-operational-data:generation,US,mix,,gas,,2024-02-01,2024-02-29,131844.73646,GWh,,,primary
electricity/electric-power-operational-data:generation,US,mix,,gas,,2024-03-01,2024-03-31,131137.3046,GWh,,,primary
electricity/electric-power-operational-data:generation,US,mix,,gas,,2024-04-01,2024-04-30,121531.87854,GWh,,,primary
electricity/electric-power-operational-data:generation,US,mix,,gas,,2024-05-01,2024-05-31,143993.37097,GWh,,,primary
electricity/electric-power-operational-data:generation,US,mix,,gas,,2024-06-01,2024-06-30,169155.86181,GWh,,,primary
electricity/electric-power-operational-data:generation,US,mix,,gas,,2024-07-01,2024-07-31,205958.73746,GWh,,,primary
electricity/electric-power-operational-data:generation,US,mix,,gas,,2024-08-01,2024-08-31,202915.4108,GWh,,,primary
electricity/electric-power-operational-data:generation,US,mix,,gas,,2024-09-01,2024-09-30,169670.90732,GWh,,,primary
electricity/electric-power-operational-data:generation,US,mix,,gas,,2024-10-01,2024-10-31,146710.81733,GWh,,,primary
electricity/electric-power-operational-data:generation,US,mix,,gas,,2024-11-01,2024-11-30,137686.59992,GWh,,,primary
electricity/electric-power-operational-data:generation,US,mix,,gas,,2024-12-01,2024-12-31,147629.88008,GWh,,,primary
electricity/electric-power-operational-data:generation,US,mix,,gas,,2025-01-01,2025-01-31,157000.70122,GWh,,,primary
electricity/electric-power-operational-data:generation,US,mix,,gas,,2025-02-01,2025-02-28,131374.315,GWh,,,primary
electricity/electric-power-operational-data:generation,US,mix,,gas,,2025-03-01,2025-03-31,118117.80361,GWh,,,primary
electricity/electric-power-operational-data:generation,US,mix,,gas,,2025-04-01,2025-04-30,114642.11805,GWh,,,primary
electricity/electric-power-operational-data:generation,US,mix,,gas,,2025-05-01,2025-05-31,135072.16877,GWh,,,primary
electricity/electric-power-operational-data:generation,US,mix,,gas,,2025-06-01,2025-06-30,164793.24381,GWh,,,primary
electricity/electric-power-operational-data:generation,US,mix,,gas,,2025-07-01,2025-07-31,201990.95786,GWh,,,primary
electricity/electric-power-operational-data:generation,US,mix,,gas,,2025-08-01,2025-08-31,192894.00765,GWh,,,primary
electricity/electric-power-operational-data:generation,US,mix,,gas,,2025-09-01,2025-09-30,167875.50823,GWh,,,primary
electricity/electric-power-operational-data:generation,US,mix,,gas,,2025-10-01,2025-10-31,143984.76175,GWh,,,primary
electricity/electric-power-operational-data:generation,US,mix,,gas,,2025-11-01,2025-11-30,131565.3064,GWh,,,primary
electricity/electric-power-operational-data:generation,US,mix,,gas,,2025-12-01,2025-12-31,148027.39562,GWh,,,primary
electricity/electric-power-operational-data:generation,US,mix,,gas,,2026-01-01,2026-01-31,151629.69546,GWh,,,primary
electricity/electric-power-operational-data:generation,US,mix,,gas,,2026-02-01,2026-02-28,132089.23208,GWh,,,primary
electricity/electric-power-operational-data:generation,US,mix,,gas,,2026-03-01,2026-03-31,127375.16994,GWh,,,primary
electricity/electric-power-operational-data:generation,US,mix,,gas,,2026-04-01,2026-04-30,124449.35072,GWh,,,primary
electricity/electric-power-operational-data:generation,US,mix,,gas,,2026-05-01,2026-05-31,137271.01983,GWh,,,primary
electricity/electric-power-operational-data:generation,US,mix,,gas,,2026-06-01,2026-06-30,163236.52617,GWh,,,primary
electricity/electric-power-operational-data:generation,US,mix,,gas,,2026-07-01,2026-07-31,205294.0875,GWh,,,primary
electricity/electric-power-operational-data:generation,US,mix,,hydro,,2015-01-01,2015-01-31,24138.3839,GWh,,,primary
electricity/electric-power-operational-data:generation,US,mix,,hydro,,2015-02-01,2015-02-28,22286.07601,GWh,,,primary
electricity/electric-power-operational-data:generation,US,mix,,hydro,,2015-03-01,2015-03-31,24280.90476,GWh,,,primary
electricity/electric-power-operational-data:generation,US,mix,,hydro,,2015-04-01,2015-04-30,22470.97723,GWh,,,primary
electricity/electric-power-operational-data:generation,US,mix,,hydro,,2015-05-01,2015-05-31,20125.4156,GWh,,,primary
electricity/electric-power-operational-data:generation,US,mix,,hydro,,2015-06-01,2015-06-30,20414.084,GWh,,,primary
electricity/electric-power-operational-data:generation,US,mix,,hydro,,2015-07-01,2015-07-31,21014.22144,GWh,,,primary
electricity/electric-power-operational-data:generation,US,mix,,hydro,,2015-08-01,2015-08-31,19122.10511,GWh,,,primary
electricity/electric-power-operational-data:generation,US,mix,,hydro,,2015-09-01,2015-09-30,16094.1224,GWh,,,primary
electricity/electric-power-operational-data:generation,US,mix,,hydro,,2015-10-01,2015-10-31,16630.40155,GWh,,,primary
electricity/electric-power-operational-data:generation,US,mix,,hydro,,2015-11-01,2015-11-30,19337.83088,GWh,,,primary
electricity/electric-power-operational-data:generation,US,mix,,hydro,,2015-12-01,2015-12-31,23165.56195,GWh,,,primary
electricity/electric-power-operational-data:generation,US,mix,,hydro,,2016-01-01,2016-01-31,25614.54233,GWh,,,primary
electricity/electric-power-operational-data:generation,US,mix,,hydro,,2016-02-01,2016-02-29,24139.01548,GWh,,,primary
electricity/electric-power-operational-data:generation,US,mix,,hydro,,2016-03-01,2016-03-31,27389.8772,GWh,,,primary
electricity/electric-power-operational-data:generation,US,mix,,hydro,,2016-04-01,2016-04-30,25878.02878,GWh,,,primary
electricity/electric-power-operational-data:generation,US,mix,,hydro,,2016-05-01,2016-05-31,25486.38143,GWh,,,primary
electricity/electric-power-operational-data:generation,US,mix,,hydro,,2016-06-01,2016-06-30,23236.86739,GWh,,,primary
electricity/electric-power-operational-data:generation,US,mix,,hydro,,2016-07-01,2016-07-31,21455.32093,GWh,,,primary
electricity/electric-power-operational-data:generation,US,mix,,hydro,,2016-08-01,2016-08-31,19569.54914,GWh,,,primary
electricity/electric-power-operational-data:generation,US,mix,,hydro,,2016-09-01,2016-09-30,16367.68403,GWh,,,primary
electricity/electric-power-operational-data:generation,US,mix,,hydro,,2016-10-01,2016-10-31,17338.85654,GWh,,,primary
electricity/electric-power-operational-data:generation,US,mix,,hydro,,2016-11-01,2016-11-30,18808.26528,GWh,,,primary
electricity/electric-power-operational-data:generation,US,mix,,hydro,,2016-12-01,2016-12-31,22527.76456,GWh,,,primary
electricity/electric-power-operational-data:generation,US,mix,,hydro,,2017-01-01,2017-01-31,26627.88134,GWh,,,primary
electricity/electric-power-operational-data:generation,US,mix,,hydro,,2017-02-01,2017-02-28,23881.76459,GWh,,,primary
electricity/electric-power-operational-data:generation,US,mix,,hydro,,2017-03-01,2017-03-31,29613.19463,GWh,,,primary
electricity/electric-power-operational-data:generation,US,mix,,hydro,,2017-04-01,2017-04-30,29409.46563,GWh,,,primary
electricity/electric-power-operational-data:generation,US,mix,,hydro,,2017-05-01,2017-05-31,32607.11514,GWh,,,primary
electricity/electric-power-operational-data:generation,US,mix,,hydro,,2017-06-01,2017-06-30,30575.29559,GWh,,,primary
electricity/electric-power-operational-data:generation,US,mix,,hydro,,2017-07-01,2017-07-31,26598.24651,GWh,,,primary
electricity/electric-power-operational-data:generation,US,mix,,hydro,,2017-08-01,2017-08-31,22033.85574,GWh,,,primary
electricity/electric-power-operational-data:generation,US,mix,,hydro,,2017-09-01,2017-09-30,19151.75538,GWh,,,primary
electricity/electric-power-operational-data:generation,US,mix,,hydro,,2017-10-01,2017-10-31,17698.17945,GWh,,,primary
electricity/electric-power-operational-data:generation,US,mix,,hydro,,2017-11-01,2017-11-30,19888.33402,GWh,,,primary
electricity/electric-power-operational-data:generation,US,mix,,hydro,,2017-12-01,2017-12-31,22247.84164,GWh,,,primary
electricity/electric-power-operational-data:generation,US,mix,,hydro,,2018-01-01,2018-01-31,25064.07663,GWh,,,primary
electricity/electric-power-operational-data:generation,US,mix,,hydro,,2018-02-01,2018-02-28,24902.25758,GWh,,,primary
electricity/electric-power-operational-data:generation,US,mix,,hydro,,2018-03-01,2018-03-31,25860.604,GWh,,,primary
electricity/electric-power-operational-data:generation,US,mix,,hydro,,2018-04-01,2018-04-30,28115.15452,GWh,,,primary
electricity/electric-power-operational-data:generation,US,mix,,hydro,,2018-05-01,2018-05-31,30444.28385,GWh,,,primary
electricity/electric-power-operational-data:generation,US,mix,,hydro,,2018-06-01,2018-06-30,27597.48847,GWh,,,primary
electricity/electric-power-operational-data:generation,US,mix,,hydro,,2018-07-01,2018-07-31,25099.52896,GWh,,,primary
electricity/electric-power-operational-data:generation,US,mix,,hydro,,2018-08-01,2018-08-31,22016.90536,GWh,,,primary
electricity/electric-power-operational-data:generation,US,mix,,hydro,,2018-09-01,2018-09-30,19165.6208,GWh,,,primary
electricity/electric-power-operational-data:generation,US,mix,,hydro,,2018-10-01,2018-10-31,19548.19092,GWh,,,primary
electricity/electric-power-operational-data:generation,US,mix,,hydro,,2018-11-01,2018-11-30,21912.71643,GWh,,,primary
electricity/electric-power-operational-data:generation,US,mix,,hydro,,2018-12-01,2018-12-31,22797.16131,GWh,,,primary
electricity/electric-power-operational-data:generation,US,mix,,hydro,,2019-01-01,2019-01-31,24797.80842,GWh,,,primary
electricity/electric-power-operational-data:generation,US,mix,,hydro,,2019-02-01,2019-02-28,22880.53778,GWh,,,primary
electricity/electric-power-operational-data:generation,US,mix,,hydro,,2019-03-01,2019-03-31,26333.98533,GWh,,,primary
electricity/electric-power-operational-data:generation,US,mix,,hydro,,2019-04-01,2019-04-30,27820.1768,GWh,,,primary
electricity/electric-power-operational-data:generation,US,mix,,hydro,,2019-05-01,2019-05-31,31982.04155,GWh,,,primary
electricity/electric-power-operational-data:generation,US,mix,,hydro,,2019-06-01,2019-06-30,28077.76308,GWh,,,primary
electricity/electric-power-operational-data:generation,US,mix,,hydro,,2019-07-01,2019-07-31,24875.39844,GWh,,,primary
electricity/electric-power-operational-data:generation,US,mix,,hydro,,2019-08-01,2019-08-31,22578.66752,GWh,,,primary
electricity/electric-power-operational-data:generation,US,mix,,hydro,,2019-09-01,2019-09-30,18525.75999,GWh,,,primary
electricity/electric-power-operational-data:generation,US,mix,,hydro,,2019-10-01,2019-10-31,18305.81291,GWh,,,primary
electricity/electric-power-operational-data:generation,US,mix,,hydro,,2019-11-01,2019-11-30,20217.59733,GWh,,,primary
electricity/electric-power-operational-data:generation,US,mix,,hydro,,2019-12-01,2019-12-31,21478.18136,GWh,,,primary
electricity/electric-power-operational-data:generation,US,mix,,hydro,,2020-01-01,2020-01-31,24497.85718,GWh,,,primary
electricity/electric-power-operational-data:generation,US,mix,,hydro,,2020-02-01,2020-02-29,25868.06177,GWh,,,primary
electricity/electric-power-operational-data:generation,US,mix,,hydro,,2020-03-01,2020-03-31,23823.01748,GWh,,,primary
electricity/electric-power-operational-data:generation,US,mix,,hydro,,2020-04-01,2020-04-30,23194.35466,GWh,,,primary
electricity/electric-power-operational-data:generation,US,mix,,hydro,,2020-05-01,2020-05-31,29976.16051,GWh,,,primary
electricity/electric-power-operational-data:generation,US,mix,,hydro,,2020-06-01,2020-06-30,27999.3837,GWh,,,primary
electricity/electric-power-operational-data:generation,US,mix,,hydro,,2020-07-01,2020-07-31,26741.77947,GWh,,,primary
electricity/electric-power-operational-data:generation,US,mix,,hydro,,2020-08-01,2020-08-31,23283.5577,GWh,,,primary
electricity/electric-power-operational-data:generation,US,mix,,hydro,,2020-09-01,2020-09-30,18678.80991,GWh,,,primary
electricity/electric-power-operational-data:generation,US,mix,,hydro,,2020-10-01,2020-10-31,18810.4061,GWh,,,primary
electricity/electric-power-operational-data:generation,US,mix,,hydro,,2020-11-01,2020-11-30,20892.65917,GWh,,,primary
electricity/electric-power-operational-data:generation,US,mix,,hydro,,2020-12-01,2020-12-31,21507.84718,GWh,,,primary
electricity/electric-power-operational-data:generation,US,mix,,hydro,,2021-01-01,2021-01-31,24560.04066,GWh,,,primary
electricity/electric-power-operational-data:generation,US,mix,,hydro,,2021-02-01,2021-02-28,20136.50917,GWh,,,primary
electricity/electric-power-operational-data:generation,US,mix,,hydro,,2021-03-01,2021-03-31,21220.43408,GWh,,,primary
electricity/electric-power-operational-data:generation,US,mix,,hydro,,2021-04-01,2021-04-30,19388.82781,GWh,,,primary
electricity/electric-power-operational-data:generation,US,mix,,hydro,,2021-05-01,2021-05-31,23308.96396,GWh,,,primary
electricity/electric-power-operational-data:generation,US,mix,,hydro,,2021-06-01,2021-06-30,23454.07921,GWh,,,primary
electricity/electric-power-operational-data:generation,US,mix,,hydro,,2021-07-01,2021-07-31,22097.51226,GWh,,,primary
electricity/electric-power-operational-data:generation,US,mix,,hydro,,2021-08-01,2021-08-31,20328.14723,GWh,,,primary
electricity/electric-power-operational-data:generation,US,mix,,hydro,,2021-09-01,2021-09-30,17022.26652,GWh,,,primary
electricity/electric-power-operational-data:generation,US,mix,,hydro,,2021-10-01,2021-10-31,17132.93623,GWh,,,primary
electricity/electric-power-operational-data:generation,US,mix,,hydro,,2021-11-01,2021-11-30,19373.24966,GWh,,,primary
electricity/electric-power-operational-data:generation,US,mix,,hydro,,2021-12-01,2021-12-31,23561.87556,GWh,,,primary
electricity/electric-power-operational-data:generation,US,mix,,hydro,,2022-01-01,2022-01-31,24197.61344,GWh,,,primary
electricity/electric-power-operational-data:generation,US,mix,,hydro,,2022-02-01,2022-02-28,21320.56822,GWh,,,primary
electricity/electric-power-operational-data:generation,US,mix,,hydro,,2022-03-01,2022-03-31,24436.41649,GWh,,,primary
electricity/electric-power-operational-data:generation,US,mix,,hydro,,2022-04-01,2022-04-30,20065.83638,GWh,,,primary
electricity/electric-power-operational-data:generation,US,mix,,hydro,,2022-05-01,2022-05-31,23358.77956,GWh,,,primary
electricity/electric-power-operational-data:generation,US,mix,,hydro,,2022-06-01,2022-06-30,25987.79518,GWh,,,primary
electricity/electric-power-operational-data:generation,US,mix,,hydro,,2022-07-01,2022-07-31,24567.4546,GWh,,,primary
electricity/electric-power-operational-data:generation,US,mix,,hydro,,2022-08-01,2022-08-31,21132.94901,GWh,,,primary
electricity/electric-power-operational-data:generation,US,mix,,hydro,,2022-09-01,2022-09-30,17026.14725,GWh,,,primary
electricity/electric-power-operational-data:generation,US,mix,,hydro,,2022-10-01,2022-10-31,14367.41841,GWh,,,primary
electricity/electric-power-operational-data:generation,US,mix,,hydro,,2022-11-01,2022-11-30,17898.14767,GWh,,,primary
electricity/electric-power-operational-data:generation,US,mix,,hydro,,2022-12-01,2022-12-31,20429.54086,GWh,,,primary
electricity/electric-power-operational-data:generation,US,mix,,hydro,,2023-01-01,2023-01-31,22754.21698,GWh,,,primary
electricity/electric-power-operational-data:generation,US,mix,,hydro,,2023-02-01,2023-02-28,19961.14213,GWh,,,primary
electricity/electric-power-operational-data:generation,US,mix,,hydro,,2023-03-01,2023-03-31,21331.4014,GWh,,,primary
electricity/electric-power-operational-data:generation,US,mix,,hydro,,2023-04-01,2023-04-30,19819.60825,GWh,,,primary
electricity/electric-power-operational-data:generation,US,mix,,hydro,,2023-05-01,2023-05-31,27651.29087,GWh,,,primary
electricity/electric-power-operational-data:generation,US,mix,,hydro,,2023-06-01,2023-06-30,21572.23898,GWh,,,primary
electricity/electric-power-operational-data:generation,US,mix,,hydro,,2023-07-01,2023-07-31,21977.73383,GWh,,,primary
electricity/electric-power-operational-data:generation,US,mix,,hydro,,2023-08-01,2023-08-31,21293.08687,GWh,,,primary
electricity/electric-power-operational-data:generation,US,mix,,hydro,,2023-09-01,2023-09-30,16915.72764,GWh,,,primary
electricity/electric-power-operational-data:generation,US,mix,,hydro,,2023-10-01,2023-10-31,15672.55982,GWh,,,primary
electricity/electric-power-operational-data:generation,US,mix,,hydro,,2023-11-01,2023-11-30,17025.68245,GWh,,,primary
electricity/electric-power-operational-data:generation,US,mix,,hydro,,2023-12-01,2023-12-31,19027.64919,GWh,,,primary
electricity/electric-power-operational-data:generation,US,mix,,hydro,,2024-01-01,2024-01-31,21553.90405,GWh,,,primary
electricity/electric-power-operational-data:generation,US,mix,,hydro,,2024-02-01,2024-02-29,20795.29923,GWh,,,primary
electricity/electric-power-operational-data:generation,US,mix,,hydro,,2024-03-01,2024-03-31,23362.63545,GWh,,,primary
electricity/electric-power-operational-data:generation,US,mix,,hydro,,2024-04-01,2024-04-30,20915.74336,GWh,,,primary
electricity/electric-power-operational-data:generation,US,mix,,hydro,,2024-05-01,2024-05-31,24477.22317,GWh,,,primary
electricity/electric-power-operational-data:generation,US,mix,,hydro,,2024-06-01,2024-06-30,22396.56968,GWh,,,primary
electricity/electric-power-operational-data:generation,US,mix,,hydro,,2024-07-01,2024-07-31,21383.98095,GWh,,,primary
electricity/electric-power-operational-data:generation,US,mix,,hydro,,2024-08-01,2024-08-31,20490.58129,GWh,,,primary
electricity/electric-power-operational-data:generation,US,mix,,hydro,,2024-09-01,2024-09-30,15911.34208,GWh,,,primary
electricity/electric-power-operational-data:generation,US,mix,,hydro,,2024-10-01,2024-10-31,15352.21163,GWh,,,primary
electricity/electric-power-operational-data:generation,US,mix,,hydro,,2024-11-01,2024-11-30,16723.42876,GWh,,,primary
electricity/electric-power-operational-data:generation,US,mix,,hydro,,2024-12-01,2024-12-31,19533.13457,GWh,,,primary
electricity/electric-power-operational-data:generation,US,mix,,hydro,,2025-01-01,2025-01-31,21431.14404,GWh,,,primary
electricity/electric-power-operational-data:generation,US,mix,,hydro,,2025-02-01,2025-02-28,19543.3146,GWh,,,primary
electricity/electric-power-operational-data:generation,US,mix,,hydro,,2025-03-01,2025-03-31,22450.5158,GWh,,,primary
electricity/electric-power-operational-data:generation,US,mix,,hydro,,2025-04-01,2025-04-30,22839.22305,GWh,,,primary
electricity/electric-power-operational-data:generation,US,mix,,hydro,,2025-05-01,2025-05-31,24355.92802,GWh,,,primary
electricity/electric-power-operational-data:generation,US,mix,,hydro,,2025-06-01,2025-06-30,22159.23746,GWh,,,primary
electricity/electric-power-operational-data:generation,US,mix,,hydro,,2025-07-01,2025-07-31,19981.99708,GWh,,,primary
electricity/electric-power-operational-data:generation,US,mix,,hydro,,2025-08-01,2025-08-31,20097.96822,GWh,,,primary
electricity/electric-power-operational-data:generation,US,mix,,hydro,,2025-09-01,2025-09-30,15284.79165,GWh,,,primary
electricity/electric-power-operational-data:generation,US,mix,,hydro,,2025-10-01,2025-10-31,16544.58103,GWh,,,primary
electricity/electric-power-operational-data:generation,US,mix,,hydro,,2025-11-01,2025-11-30,18414.54688,GWh,,,primary
electricity/electric-power-operational-data:generation,US,mix,,hydro,,2025-12-01,2025-12-31,23919.96173,GWh,,,primary
electricity/electric-power-operational-data:generation,US,mix,,hydro,,2026-01-01,2026-01-31,27909.38846,GWh,,,primary
electricity/electric-power-operational-data:generation,US,mix,,hydro,,2026-02-01,2026-02-28,22462.024,GWh,,,primary
electricity/electric-power-operational-data:generation,US,mix,,hydro,,2026-03-01,2026-03-31,26921.52562,GWh,,,primary
electricity/electric-power-operational-data:generation,US,mix,,hydro,,2026-04-01,2026-04-30,22494.21352,GWh,,,primary
electricity/electric-power-operational-data:generation,US,mix,,hydro,,2026-05-01,2026-05-31,22737.62388,GWh,,,primary
electricity/electric-power-operational-data:generation,US,mix,,hydro,,2026-06-01,2026-06-30,23725.43927,GWh,,,primary
electricity/electric-power-operational-data:generation,US,mix,,hydro,,2026-07-01,2026-07-31,20266.02784,GWh,,,primary
electricity/electric-power-operational-data:generation,US,mix,,nuclear,,2015-01-01,2015-01-31,74269.974,GWh,,,primary
electricity/electric-power-operational-data:generation,US,mix,,nuclear,,2015-02-01,2015-02-28,63461.493,GWh,,,primary
electricity/electric-power-operational-data:generation,US,mix,,nuclear,,2015-03-01,2015-03-31,64546.799,GWh,,,primary
electricity/electric-power-operational-data:generation,US,mix,,nuclear,,2015-04-01,2015-04-30,59784.495,GWh,,,primary
electricity/electric-power-operational-data:generation,US,mix,,nuclear,,2015-05-01,2015-05-31,65826.525,GWh,,,primary
electricity/electric-power-operational-data:generation,US,mix,,nuclear,,2015-06-01,2015-06-30,68516.165,GWh,,,primary
electricity/electric-power-operational-data:generation,US,mix,,nuclear,,2015-07-01,2015-07-31,71412.176,GWh,,,primary
electricity/electric-power-operational-data:generation,US,mix,,nuclear,,2015-08-01,2015-08-31,72415.352,GWh,,,primary
electricity/electric-power-operational-data:generation,US,mix,,nuclear,,2015-09-01,2015-09-30,66476.372,GWh,,,primary
electricity/electric-power-operational-data:generation,US,mix,,nuclear,,2015-10-01,2015-10-31,60570.921,GWh,,,primary
electricity/electric-power-operational-data:generation,US,mix,,nuclear,,2015-11-01,2015-11-30,60263.941,GWh,,,primary
electricity/electric-power-operational-data:generation,US,mix,,nuclear,,2015-12-01,2015-12-31,69633.664,GWh,,,primary
electricity/electric-power-operational-data:generation,US,mix,,nuclear,,2016-01-01,2016-01-31,72524.775,GWh,,,primary
electricity/electric-power-operational-data:generation,US,mix,,nuclear,,2016-02-01,2016-02-29,65638.141,GWh,,,primary
electricity/electric-power-operational-data:generation,US,mix,,nuclear,,2016-03-01,2016-03-31,66148.894,GWh,,,primary
electricity/electric-power-operational-data:generation,US,mix,,nuclear,,2016-04-01,2016-04-30,62731.845,GWh,,,primary
electricity/electric-power-operational-data:generation,US,mix,,nuclear,,2016-05-01,2016-05-31,66576.493,GWh,,,primary
electricity/electric-power-operational-data:generation,US,mix,,nuclear,,2016-06-01,2016-06-30,67175.324,GWh,,,primary
electricity/electric-power-operational-data:generation,US,mix,,nuclear,,2016-07-01,2016-07-31,70349.347,GWh,,,primary
electricity/electric-power-operational-data:generation,US,mix,,nuclear,,2016-08-01,2016-08-31,71526.405,GWh,,,primary
electricity/electric-power-operational-data:generation,US,mix,,nuclear,,2016-09-01,2016-09-30,65448.176,GWh,,,primary
electricity/electric-power-operational-data:generation,US,mix,,nuclear,,2016-10-01,2016-10-31,60733.343,GWh,,,primary
electricity/electric-power-operational-data:generation,US,mix,,nuclear,,2016-11-01,2016-11-30,65178.776,GWh,,,primary
electricity/electric-power-operational-data:generation,US,mix,,nuclear,,2016-12-01,2016-12-31,71662.429,GWh,,,primary
electricity/electric-power-operational-data:generation,US,mix,,nuclear,,2017-01-01,2017-01-31,73120.612,GWh,,,primary
electricity/electric-power-operational-data:generation,US,mix,,nuclear,,2017-02-01,2017-02-28,63560.371,GWh,,,primary
electricity/electric-power-operational-data:generation,US,mix,,nuclear,,2017-03-01,2017-03-31,65093.2,GWh,,,primary
electricity/electric-power-operational-data:generation,US,mix,,nuclear,,2017-04-01,2017-04-30,56743.352,GWh,,,primary
electricity/electric-power-operational-data:generation,US,mix,,nuclear,,2017-05-01,2017-05-31,61312.753,GWh,,,primary
electricity/electric-power-operational-data:generation,US,mix,,nuclear,,2017-06-01,2017-06-30,67010.782,GWh,,,primary
electricity/electric-power-operational-data:generation,US,mix,,nuclear,,2017-07-01,2017-07-31,71314.219,GWh,,,primary
electricity/electric-power-operational-data:generation,US,mix,,nuclear,,2017-08-01,2017-08-31,72384.218,GWh,,,primary
electricity/electric-power-operational-data:generation,US,mix,,nuclear,,2017-09-01,2017-09-30,68097.918,GWh,,,primary
electricity/electric-power-operational-data:generation,US,mix,,nuclear,,2017-10-01,2017-10-31,65994.785,GWh,,,primary
electricity/electric-power-operational-data:generation,US,mix,,nuclear,,2017-11-01,2017-11-30,66617.853,GWh,,,primary
electricity/electric-power-operational-data:generation,US,mix,,nuclear,,2017-12-01,2017-12-31,73699.572,GWh,,,primary
electricity/electric-power-operational-data:generation,US,mix,,nuclear,,2018-01-01,2018-01-31,74649.04,GWh,,,primary
electricity/electric-power-operational-data:generation,US,mix,,nuclear,,2018-02-01,2018-02-28,64790.03,GWh,,,primary
electricity/electric-power-operational-data:generation,US,mix,,nuclear,,2018-03-01,2018-03-31,67032.656,GWh,,,primary
electricity/electric-power-operational-data:generation,US,mix,,nuclear,,2018-04-01,2018-04-30,59133.155,GWh,,,primary
electricity/electric-power-operational-data:generation,US,mix,,nuclear,,2018-05-01,2018-05-31,67320.248,GWh,,,primary
electricity/electric-power-operational-data:generation,US,mix,,nuclear,,2018-06-01,2018-06-30,69687.556,GWh,,,primary
electricity/electric-power-operational-data:generation,US,mix,,nuclear,,2018-07-01,2018-07-31,72456.009,GWh,,,primary
electricity/electric-power-operational-data:generation,US,mix,,nuclear,,2018-08-01,2018-08-31,72282.467,GWh,,,primary
electricity/electric-power-operational-data:generation,US,mix,,nuclear,,2018-09-01,2018-09-30,64724.753,GWh,,,primary
electricity/electric-power-operational-data:generation,US,mix,,nuclear,,2018-10-01,2018-10-31,59396.905,GWh,,,primary
electricity/electric-power-operational-data:generation,US,mix,,nuclear,,2018-11-01,2018-11-30,63954.37,GWh,,,primary
electricity/electric-power-operational-data:generation,US,mix,,nuclear,,2018-12-01,2018-12-31,71657.288,GWh,,,primary
electricity/electric-power-operational-data:generation,US,mix,,nuclear,,2019-01-01,2019-01-31,73700.844,GWh,,,primary
electricity/electric-power-operational-data:generation,US,mix,,nuclear,,2019-02-01,2019-02-28,64714.894,GWh,,,primary
electricity/electric-power-operational-data:generation,US,mix,,nuclear,,2019-03-01,2019-03-31,65079.691,GWh,,,primary
electricity/electric-power-operational-data:generation,US,mix,,nuclear,,2019-04-01,2019-04-30,60580.927,GWh,,,primary
electricity/electric-power-operational-data:generation,US,mix,,nuclear,,2019-05-01,2019-05-31,67123.546,GWh,,,primary
electricity/electric-power-operational-data:generation,US,mix,,nuclear,,2019-06-01,2019-06-30,68804.879,GWh,,,primary
electricity/electric-power-operational-data:generation,US,mix,,nuclear,,2019-07-01,2019-07-31,72198.595,GWh,,,primary
electricity/electric-power-operational-data:generation,US,mix,,nuclear,,2019-08-01,2019-08-31,71910.684,GWh,,,primary
electricity/electric-power-operational-data:generation,US,mix,,nuclear,,2019-09-01,2019-09-30,66063.58,GWh,,,primary
electricity/electric-power-operational-data:generation,US,mix,,nuclear,,2019-10-01,2019-10-31,62032.622,GWh,,,primary
electricity/electric-power-operational-data:generation,US,mix,,nuclear,,2019-11-01,2019-11-30,64125.425,GWh,,,primary
electricity/electric-power-operational-data:generation,US,mix,,nuclear,,2019-12-01,2019-12-31,73073.575,GWh,,,primary
electricity/electric-power-operational-data:generation,US,mix,,nuclear,,2020-01-01,2020-01-31,74169.646,GWh,,,primary
electricity/electric-power-operational-data:generation,US,mix,,nuclear,,2020-02-01,2020-02-29,65910.574,GWh,,,primary
electricity/electric-power-operational-data:generation,US,mix,,nuclear,,2020-03-01,2020-03-31,63997.21,GWh,,,primary
electricity/electric-power-operational-data:generation,US,mix,,nuclear,,2020-04-01,2020-04-30,59170.016,GWh,,,primary
electricity/electric-power-operational-data:generation,US,mix,,nuclear,,2020-05-01,2020-05-31,64337.97,GWh,,,primary
electricity/electric-power-operational-data:generation,US,mix,,nuclear,,2020-06-01,2020-06-30,67205.083,GWh,,,primary
electricity/electric-power-operational-data:generation,US,mix,,nuclear,,2020-07-01,2020-07-31,69385.44,GWh,,,primary
electricity/electric-power-operational-data:generation,US,mix,,nuclear,,2020-08-01,2020-08-31,68982.187,GWh,,,primary
electricity/electric-power-operational-data:generation,US,mix,,nuclear,,2020-09-01,2020-09-30,65727.317,GWh,,,primary
electricity/electric-power-operational-data:generation,US,mix,,nuclear,,2020-10-01,2020-10-31,59362.465,GWh,,,primary
electricity/electric-power-operational-data:generation,US,mix,,nuclear,,2020-11-01,2020-11-30,61759.977,GWh,,,primary
electricity/electric-power-operational-data:generation,US,mix,,nuclear,,2020-12-01,2020-12-31,69870.978,GWh,,,primary
electricity/electric-power-operational-data:generation,US,mix,,nuclear,,2021-01-01,2021-01-31,71732.463,GWh,,,primary
electricity/electric-power-operational-data:generation,US,mix,,nuclear,,2021-02-01,2021-02-28,62954.16,GWh,,,primary
electricity/electric-power-operational-data:generation,US,mix,,nuclear,,2021-03-01,2021-03-31,63708.238,GWh,,,primary
electricity/electric-power-operational-data:generation,US,mix,,nuclear,,2021-04-01,2021-04-30,57092.024,GWh,,,primary
electricity/electric-power-operational-data:generation,US,mix,,nuclear,,2021-05-01,2021-05-31,63394.115,GWh,,,primary
electricity/electric-power-operational-data:generation,US,mix,,nuclear,,2021-06-01,2021-06-30,66070.373,GWh,,,primary
electricity/electric-power-operational-data:generation,US,mix,,nuclear,,2021-07-01,2021-07-31,68831.593,GWh,,,primary
electricity/electric-power-operational-data:generation,US,mix,,nuclear,,2021-08-01,2021-08-31,69471.331,GWh,,,primary
electricity/electric-power-operational-data:generation,US,mix,,nuclear,,2021-09-01,2021-09-30,64520.031,GWh,,,primary
electricity/electric-power-operational-data:generation,US,mix,,nuclear,,2021-10-01,2021-10-31,58401.112,GWh,,,primary
electricity/electric-power-operational-data:generation,US,mix,,nuclear,,2021-11-01,2021-11-30,62749.318,GWh,,,primary
electricity/electric-power-operational-data:generation,US,mix,,nuclear,,2021-12-01,2021-12-31,70719.837,GWh,,,primary
electricity/electric-power-operational-data:generation,US,mix,,nuclear,,2022-01-01,2022-01-31,70576.875,GWh,,,primary
electricity/electric-power-operational-data:generation,US,mix,,nuclear,,2022-02-01,2022-02-28,61852.177,GWh,,,primary
electricity/electric-power-operational-data:generation,US,mix,,nuclear,,2022-03-01,2022-03-31,63153.701,GWh,,,primary
electricity/electric-power-operational-data:generation,US,mix,,nuclear,,2022-04-01,2022-04-30,55289.54,GWh,,,primary
electricity/electric-power-operational-data:generation,US,mix,,nuclear,,2022-05-01,2022-05-31,63381.62449,GWh,,,primary
electricity/electric-power-operational-data:generation,US,mix,,nuclear,,2022-06-01,2022-06-30,65715.42,GWh,,,primary
electricity/electric-power-operational-data:generation,US,mix,,nuclear,,2022-07-01,2022-07-31,68856.919,GWh,,,primary
electricity/electric-power-operational-data:generation,US,mix,,nuclear,,2022-08-01,2022-08-31,68896.917,GWh,,,primary
electricity/electric-power-operational-data:generation,US,mix,,nuclear,,2022-09-01,2022-09-30,63733.186,GWh,,,primary
electricity/electric-power-operational-data:generation,US,mix,,nuclear,,2022-10-01,2022-10-31,58945.383,GWh,,,primary
electricity/electric-power-operational-data:generation,US,mix,,nuclear,,2022-11-01,2022-11-30,62041.287,GWh,,,primary
electricity/electric-power-operational-data:generation,US,mix,,nuclear,,2022-12-01,2022-12-31,69094.147,GWh,,,primary
electricity/electric-power-operational-data:generation,US,mix,,nuclear,,2023-01-01,2023-01-31,70870.08,GWh,,,primary
electricity/electric-power-operational-data:generation,US,mix,,nuclear,,2023-02-01,2023-02-28,60806.857,GWh,,,primary
electricity/electric-power-operational-data:generation,US,mix,,nuclear,,2023-03-01,2023-03-31,62820.443,GWh,,,primary
electricity/electric-power-operational-data:generation,US,mix,,nuclear,,2023-04-01,2023-04-30,56662.458,GWh,,,primary
electricity/electric-power-operational-data:generation,US,mix,,nuclear,,2023-05-01,2023-05-31,61155.193,GWh,,,primary
electricity/electric-power-operational-data:generation,US,mix,,nuclear,,2023-06-01,2023-06-30,64819.195,GWh,,,primary
electricity/electric-power-operational-data:generation,US,mix,,nuclear,,2023-07-01,2023-07-31,69887.588,GWh,,,primary
electricity/electric-power-operational-data:generation,US,mix,,nuclear,,2023-08-01,2023-08-31,69744.023,GWh,,,primary
electricity/electric-power-operational-data:generation,US,mix,,nuclear,,2023-09-01,2023-09-30,65559.71,GWh,,,primary
electricity/electric-power-operational-data:generation,US,mix,,nuclear,,2023-10-01,2023-10-31,61435.632,GWh,,,primary
electricity/electric-power-operational-data:generation,US,mix,,nuclear,,2023-11-01,2023-11-30,62257.644,GWh,,,primary
electricity/electric-power-operational-data:generation,US,mix,,nuclear,,2023-12-01,2023-12-31,68854.346,GWh,,,primary
electricity/electric-power-operational-data:generation,US,mix,,nuclear,,2024-01-01,2024-01-31,69079.735,GWh,,,primary
electricity/electric-power-operational-data:generation,US,mix,,nuclear,,2024-02-01,2024-02-29,64583.812,GWh,,,primary
electricity/electric-power-operational-data:generation,US,mix,,nuclear,,2024-03-01,2024-03-31,63345.769,GWh,,,primary
electricity/electric-power-operational-data:generation,US,mix,,nuclear,,2024-04-01,2024-04-30,57541.876,GWh,,,primary
electricity/electric-power-operational-data:generation,US,mix,,nuclear,,2024-05-01,2024-05-31,64972.965,GWh,,,primary
electricity/electric-power-operational-data:generation,US,mix,,nuclear,,2024-06-01,2024-06-30,68192.147,GWh,,,primary
electricity/electric-power-operational-data:generation,US,mix,,nuclear,,2024-07-01,2024-07-31,69850.752,GWh,,,primary
electricity/electric-power-operational-data:generation,US,mix,,nuclear,,2024-08-01,2024-08-31,69760.288,GWh,,,primary
electricity/electric-power-operational-data:generation,US,mix,,nuclear,,2024-09-01,2024-09-30,62660.468,GWh,,,primary
electricity/electric-power-operational-data:generation,US,mix,,nuclear,,2024-10-01,2024-10-31,58773.349,GWh,,,primary
electricity/electric-power-operational-data:generation,US,mix,,nuclear,,2024-11-01,2024-11-30,61904.051,GWh,,,primary
electricity/electric-power-operational-data:generation,US,mix,,nuclear,,2024-12-01,2024-12-31,71200.098,GWh,,,primary
electricity/electric-power-operational-data:generation,US,mix,,nuclear,,2025-01-01,2025-01-31,71738.938,GWh,,,primary
electricity/electric-power-operational-data:generation,US,mix,,nuclear,,2025-02-01,2025-02-28,61828.502,GWh,,,primary
electricity/electric-power-operational-data:generation,US,mix,,nuclear,,2025-03-01,2025-03-31,62456.661,GWh,,,primary
electricity/electric-power-operational-data:generation,US,mix,,nuclear,,2025-04-01,2025-04-30,57892.519,GWh,,,primary
electricity/electric-power-operational-data:generation,US,mix,,nuclear,,2025-05-01,2025-05-31,62144.818,GWh,,,primary
electricity/electric-power-operational-data:generation,US,mix,,nuclear,,2025-06-01,2025-06-30,66222.276,GWh,,,primary
electricity/electric-power-operational-data:generation,US,mix,,nuclear,,2025-07-01,2025-07-31,70781.33,GWh,,,primary
electricity/electric-power-operational-data:generation,US,mix,,nuclear,,2025-08-01,2025-08-31,70705.131,GWh,,,primary
electricity/electric-power-operational-data:generation,US,mix,,nuclear,,2025-09-01,2025-09-30,65457.826,GWh,,,primary
electricity/electric-power-operational-data:generation,US,mix,,nuclear,,2025-10-01,2025-10-31,59222.248,GWh,,,primary
electricity/electric-power-operational-data:generation,US,mix,,nuclear,,2025-11-01,2025-11-30,63809.357,GWh,,,primary
electricity/electric-power-operational-data:generation,US,mix,,nuclear,,2025-12-01,2025-12-31,72521.112,GWh,,,primary
electricity/electric-power-operational-data:generation,US,mix,,nuclear,,2026-01-01,2026-01-31,73250.911,GWh,,,primary
electricity/electric-power-operational-data:generation,US,mix,,nuclear,,2026-02-01,2026-02-28,62384.185,GWh,,,primary
electricity/electric-power-operational-data:generation,US,mix,,nuclear,,2026-03-01,2026-03-31,62095.885,GWh,,,primary
electricity/electric-power-operational-data:generation,US,mix,,nuclear,,2026-04-01,2026-04-30,57373.01,GWh,,,primary
electricity/electric-power-operational-data:generation,US,mix,,nuclear,,2026-05-01,2026-05-31,65000.849,GWh,,,primary
electricity/electric-power-operational-data:generation,US,mix,,nuclear,,2026-06-01,2026-06-30,68786.11,GWh,,,primary
electricity/electric-power-operational-data:generation,US,mix,,nuclear,,2026-07-01,2026-07-31,71171.673,GWh,,,primary
electricity/electric-power-operational-data:generation,US,mix,,oil,,2015-01-01,2015-01-31,2972.96671,GWh,,,primary
electricity/electric-power-operational-data:generation,US,mix,,oil,,2015-02-01,2015-02-28,6320.62132,GWh,,,primary
electricity/electric-power-operational-data:generation,US,mix,,oil,,2015-03-01,2015-03-31,1778.49118,GWh,,,primary
electricity/electric-power-operational-data:generation,US,mix,,oil,,2015-04-01,2015-04-30,1727.68214,GWh,,,primary
electricity/electric-power-operational-data:generation,US,mix,,oil,,2015-05-01,2015-05-31,1938.77455,GWh,,,primary
electricity/electric-power-operational-data:generation,US,mix,,oil,,2015-06-01,2015-06-30,1860.49696,GWh,,,primary
electricity/electric-power-operational-data:generation,US,mix,,oil,,2015-07-01,2015-07-31,2304.17963,GWh,,,primary
electricity/electric-power-operational-data:generation,US,mix,,oil,,2015-08-01,2015-08-31,2133.20671,GWh,,,primary
electricity/electric-power-operational-data:generation,US,mix,,oil,,2015-09-01,2015-09-30,2034.30558,GWh,,,primary
electricity/electric-power-operational-data:generation,US,mix,,oil,,2015-10-01,2015-10-31,1771.19244,GWh,,,primary
electricity/electric-power-operational-data:generation,US,mix,,oil,,2015-11-01,2015-11-30,1709.8876,GWh,,,primary
electricity/electric-power-operational-data:generation,US,mix,,oil,,2015-12-01,2015-12-31,1696.94383,GWh,,,primary
electricity/electric-power-operational-data:generation,US,mix,,oil,,2016-01-01,2016-01-31,2361.45326,GWh,,,primary
electricity/electric-power-operational-data:generation,US,mix,,oil,,2016-02-01,2016-02-29,2209.30266,GWh,,,primary
electricity/electric-power-operational-data:generation,US,mix,,oil,,2016-03-01,2016-03-31,1801.05506,GWh,,,primary
electricity/electric-power-operational-data:generation,US,mix,,oil,,2016-04-01,2016-04-30,1839.04986,GWh,,,primary
electricity/electric-power-operational-data:generation,US,mix,,oil,,2016-05-01,2016-05-31,1958.15383,GWh,,,primary
electricity/electric-power-operational-data:generation,US,mix,,oil,,2016-06-01,2016-06-30,1976.78906,GWh,,,primary
electricity/electric-power-operational-data:generation,US,mix,,oil,,2016-07-01,2016-07-31,2321.54927,GWh,,,primary
electricity/electric-power-operational-data:generation,US,mix,,oil,,2016-08-01,2016-08-31,2335.46264,GWh,,,primary
electricity/electric-power-operational-data:generation,US,mix,,oil,,2016-09-01,2016-09-30,1926.13452,GWh,,,primary
electricity/electric-power-operational-data:generation,US,mix,,oil,,2016-10-01,2016-10-31,1571.37741,GWh,,,primary
electricity/electric-power-operational-data:generation,US,mix,,oil,,2016-11-01,2016-11-30,1869.07217,GWh,,,primary
electricity/electric-power-operational-data:generation,US,mix,,oil,,2016-12-01,2016-12-31,2035.40624,GWh,,,primary
electricity/electric-power-operational-data:generation,US,mix,,oil,,2017-01-01,2017-01-31,2045.77548,GWh,,,primary
electricity/electric-power-operational-data:generation,US,mix,,oil,,2017-02-01,2017-02-28,1591.88284,GWh,,,primary
electricity/electric-power-operational-data:generation,US,mix,,oil,,2017-03-01,2017-03-31,1655.49498,GWh,,,primary
electricity/electric-power-operational-data:generation,US,mix,,oil,,2017-04-01,2017-04-30,1290.66845,GWh,,,primary
electricity/electric-power-operational-data:generation,US,mix,,oil,,2017-05-01,2017-05-31,1816.99467,GWh,,,primary
electricity/electric-power-operational-data:generation,US,mix,,oil,,2017-06-01,2017-06-30,1892.86403,GWh,,,primary
electricity/electric-power-operational-data:generation,US,mix,,oil,,2017-07-01,2017-07-31,1809.59394,GWh,,,primary
electricity/electric-power-operational-data:generation,US,mix,,oil,,2017-08-01,2017-08-31,1733.10661,GWh,,,primary
electricity/electric-power-operational-data:generation,US,mix,,oil,,2017-09-01,2017-09-30,1643.03701,GWh,,,primary
electricity/electric-power-operational-data:generation,US,mix,,oil,,2017-10-01,2017-10-31,1545.34549,GWh,,,primary
electricity/electric-power-operational-data:generation,US,mix,,oil,,2017-11-01,2017-11-30,1669.85846,GWh,,,primary
electricity/electric-power-operational-data:generation,US,mix,,oil,,2017-12-01,2017-12-31,2695.32329,GWh,,,primary
electricity/electric-power-operational-data:generation,US,mix,,oil,,2018-01-01,2018-01-31,6519.89712,GWh,,,primary
electricity/electric-power-operational-data:generation,US,mix,,oil,,2018-02-01,2018-02-28,1557.63369,GWh,,,primary
electricity/electric-power-operational-data:generation,US,mix,,oil,,2018-03-01,2018-03-31,1471.83997,GWh,,,primary
electricity/electric-power-operational-data:generation,US,mix,,oil,,2018-04-01,2018-04-30,1538.27936,GWh,,,primary
electricity/electric-power-operational-data:generation,US,mix,,oil,,2018-05-01,2018-05-31,1556.80515,GWh,,,primary
electricity/electric-power-operational-data:generation,US,mix,,oil,,2018-06-01,2018-06-30,1900.56775,GWh,,,primary
electricity/electric-power-operational-data:generation,US,mix,,oil,,2018-07-01,2018-07-31,1901.00809,GWh,,,primary
electricity/electric-power-operational-data:generation,US,mix,,oil,,2018-08-01,2018-08-31,1926.70601,GWh,,,primary
electricity/electric-power-operational-data:generation,US,mix,,oil,,2018-09-01,2018-09-30,1854.02884,GWh,,,primary
electricity/electric-power-operational-data:generation,US,mix,,oil,,2018-10-01,2018-10-31,1576.70861,GWh,,,primary
electricity/electric-power-operational-data:generation,US,mix,,oil,,2018-11-01,2018-11-30,1661.13329,GWh,,,primary
electricity/electric-power-operational-data:generation,US,mix,,oil,,2018-12-01,2018-12-31,1761.01975,GWh,,,primary
electricity/electric-power-operational-data:generation,US,mix,,oil,,2019-01-01,2019-01-31,2212.75695,GWh,,,primary
electricity/electric-power-operational-data:generation,US,mix,,oil,,2019-02-01,2019-02-28,1506.80357,GWh,,,primary
electricity/electric-power-operational-data:generation,US,mix,,oil,,2019-03-01,2019-03-31,1390.09361,GWh,,,primary
electricity/electric-power-operational-data:generation,US,mix,,oil,,2019-04-01,2019-04-30,1182.62734,GWh,,,primary
electricity/electric-power-operational-data:generation,US,mix,,oil,,2019-05-01,2019-05-31,1673.94732,GWh,,,primary
electricity/electric-power-operational-data:generation,US,mix,,oil,,2019-06-01,2019-06-30,1519.47595,GWh,,,primary
electricity/electric-power-operational-data:generation,US,mix,,oil,,2019-07-01,2019-07-31,1794.76661,GWh,,,primary
electricity/electric-power-operational-data:generation,US,mix,,oil,,2019-08-01,2019-08-31,1731.22359,GWh,,,primary
electricity/electric-power-operational-data:generation,US,mix,,oil,,2019-09-01,2019-09-30,1503.84768,GWh,,,primary
electricity/electric-power-operational-data:generation,US,mix,,oil,,2019-10-01,2019-10-31,1141.81328,GWh,,,primary
electricity/electric-power-operational-data:generation,US,mix,,oil,,2019-11-01,2019-11-30,1232.34203,GWh,,,primary
electricity/electric-power-operational-data:generation,US,mix,,oil,,2019-12-01,2019-12-31,1451.04474,GWh,,,primary
electricity/electric-power-operational-data:generation,US,mix,,oil,,2020-01-01,2020-01-31,1548.37256,GWh,,,primary
electricity/electric-power-operational-data:generation,US,mix,,oil,,2020-02-01,2020-02-29,1289.14934,GWh,,,primary
electricity/electric-power-operational-data:generation,US,mix,,oil,,2020-03-01,2020-03-31,1395.13869,GWh,,,primary
electricity/electric-power-operational-data:generation,US,mix,,oil,,2020-04-01,2020-04-30,1239.41896,GWh,,,primary
electricity/electric-power-operational-data:generation,US,mix,,oil,,2020-05-01,2020-05-31,1301.41832,GWh,,,primary
electricity/electric-power-operational-data:generation,US,mix,,oil,,2020-06-01,2020-06-30,1618.27556,GWh,,,primary
electricity/electric-power-operational-data:generation,US,mix,,oil,,2020-07-01,2020-07-31,1751.32656,GWh,,,primary
electricity/electric-power-operational-data:generation,US,mix,,oil,,2020-08-01,2020-08-31,1674.3219,GWh,,,primary
electricity/electric-power-operational-data:generation,US,mix,,oil,,2020-09-01,2020-09-30,1194.01581,GWh,,,primary
electricity/electric-power-operational-data:generation,US,mix,,oil,,2020-10-01,2020-10-31,1227.14527,GWh,,,primary
electricity/electric-power-operational-data:generation,US,mix,,oil,,2020-11-01,2020-11-30,1411.5386,GWh,,,primary
electricity/electric-power-operational-data:generation,US,mix,,oil,,2020-12-01,2020-12-31,1690.89356,GWh,,,primary
electricity/electric-power-operational-data:generation,US,mix,,oil,,2021-01-01,2021-01-31,1637.65861,GWh,,,primary
electricity/electric-power-operational-data:generation,US,mix,,oil,,2021-02-01,2021-02-28,2248.96486,GWh,,,primary
electricity/electric-power-operational-data:generation,US,mix,,oil,,2021-03-01,2021-03-31,1435.98868,GWh,,,primary
electricity/electric-power-operational-data:generation,US,mix,,oil,,2021-04-01,2021-04-30,1224.04476,GWh,,,primary
electricity/electric-power-operational-data:generation,US,mix,,oil,,2021-05-01,2021-05-31,1369.1167,GWh,,,primary
electricity/electric-power-operational-data:generation,US,mix,,oil,,2021-06-01,2021-06-30,1384.86061,GWh,,,primary
electricity/electric-power-operational-data:generation,US,mix,,oil,,2021-07-01,2021-07-31,1563.34308,GWh,,,primary
electricity/electric-power-operational-data:generation,US,mix,,oil,,2021-08-01,2021-08-31,1943.40982,GWh,,,primary
electricity/electric-power-operational-data:generation,US,mix,,oil,,2021-09-01,2021-09-30,1587.94043,GWh,,,primary
electricity/electric-power-operational-data:generation,US,mix,,oil,,2021-10-01,2021-10-31,1549.23933,GWh,,,primary
electricity/electric-power-operational-data:generation,US,mix,,oil,,2021-11-01,2021-11-30,1669.5281,GWh,,,primary
electricity/electric-power-operational-data:generation,US,mix,,oil,,2021-12-01,2021-12-31,1559.11506,GWh,,,primary
electricity/electric-power-operational-data:generation,US,mix,,oil,,2022-01-01,2022-01-31,3669.27141,GWh,,,primary
electricity/electric-power-operational-data:generation,US,mix,,oil,,2022-02-01,2022-02-28,1735.49962,GWh,,,primary
electricity/electric-power-operational-data:generation,US,mix,,oil,,2022-03-01,2022-03-31,1458.73654,GWh,,,primary
electricity/electric-power-operational-data:generation,US,mix,,oil,,2022-04-01,2022-04-30,1277.06056,GWh,,,primary
electricity/electric-power-operational-data:generation,US,mix,,oil,,2022-05-01,2022-05-31,1430.77173,GWh,,,primary
electricity/electric-power-operational-data:generation,US,mix,,oil,,2022-06-01,2022-06-30,1580.30848,GWh,,,primary
electricity/electric-power-operational-data:generation,US,mix,,oil,,2022-07-01,2022-07-31,1532.48447,GWh,,,primary
electricity/electric-power-operational-data:generation,US,mix,,oil,,2022-08-01,2022-08-31,1576.99599,GWh,,,primary
electricity/electric-power-operational-data:generation,US,mix,,oil,,2022-09-01,2022-09-30,1590.02893,GWh,,,primary
electricity/electric-power-operational-data:generation,US,mix,,oil,,2022-10-01,2022-10-31,1561.4436,GWh,,,primary
electricity/electric-power-operational-data:generation,US,mix,,oil,,2022-11-01,2022-11-30,1479.354,GWh,,,primary
electricity/electric-power-operational-data:generation,US,mix,,oil,,2022-12-01,2022-12-31,4039.28627,GWh,,,primary
electricity/electric-power-operational-data:generation,US,mix,,oil,,2023-01-01,2023-01-31,1404.28691,GWh,,,primary
electricity/electric-power-operational-data:generation,US,mix,,oil,,2023-02-01,2023-02-28,1628.44385,GWh,,,primary
electricity/electric-power-operational-data:generation,US,mix,,oil,,2023-03-01,2023-03-31,1238.12291,GWh,,,primary
electricity/electric-power-operational-data:generation,US,mix,,oil,,2023-04-01,2023-04-30,1169.06514,GWh,,,primary
electricity/electric-power-operational-data:generation,US,mix,,oil,,2023-05-01,2023-05-31,1209.95899,GWh,,,primary
electricity/electric-power-operational-data:generation,US,mix,,oil,,2023-06-01,2023-06-30,1267.1481,GWh,,,primary
electricity/electric-power-operational-data:generation,US,mix,,oil,,2023-07-01,2023-07-31,1615.16495,GWh,,,primary
electricity/electric-power-operational-data:generation,US,mix,,oil,,2023-08-01,2023-08-31,1609.27258,GWh,,,primary
electricity/electric-power-operational-data:generation,US,mix,,oil,,2023-09-01,2023-09-30,1485.88847,GWh,,,primary
electricity/electric-power-operational-data:generation,US,mix,,oil,,2023-10-01,2023-10-31,1283.21499,GWh,,,primary
electricity/electric-power-operational-data:generation,US,mix,,oil,,2023-11-01,2023-11-30,1084.58394,GWh,,,primary
electricity/electric-power-operational-data:generation,US,mix,,oil,,2023-12-01,2023-12-31,1237.87024,GWh,,,primary
electricity/electric-power-operational-data:generation,US,mix,,oil,,2024-01-01,2024-01-31,1828.48752,GWh,,,primary
electricity/electric-power-operational-data:generation,US,mix,,oil,,2024-02-01,2024-02-29,956.98633,GWh,,,primary
electricity/electric-power-operational-data:generation,US,mix,,oil,,2024-03-01,2024-03-31,991.49982,GWh,,,primary
electricity/electric-power-operational-data:generation,US,mix,,oil,,2024-04-01,2024-04-30,1143.76042,GWh,,,primary
electricity/electric-power-operational-data:generation,US,mix,,oil,,2024-05-01,2024-05-31,1154.09599,GWh,,,primary
electricity/electric-power-operational-data:generation,US,mix,,oil,,2024-06-01,2024-06-30,1278.97109,GWh,,,primary
electricity/electric-power-operational-data:generation,US,mix,,oil,,2024-07-01,2024-07-31,1448.2039,GWh,,,primary
electricity/electric-power-operational-data:generation,US,mix,,oil,,2024-08-01,2024-08-31,1424.3621,GWh,,,primary
electricity/electric-power-operational-data:generation,US,mix,,oil,,2024-09-01,2024-09-30,1074.73124,GWh,,,primary
electricity/electric-power-operational-data:generation,US,mix,,oil,,2024-10-01,2024-10-31,1160.28795,GWh,,,primary
electricity/electric-power-operational-data:generation,US,mix,,oil,,2024-11-01,2024-11-30,1095.08857,GWh,,,primary
electricity/electric-power-operational-data:generation,US,mix,,oil,,2024-12-01,2024-12-31,1527.97761,GWh,,,primary
electricity/electric-power-operational-data:generation,US,mix,,oil,,2025-01-01,2025-01-31,3288.96673,GWh,,,primary
electricity/electric-power-operational-data:generation,US,mix,,oil,,2025-02-01,2025-02-28,1518.00457,GWh,,,primary
electricity/electric-power-operational-data:generation,US,mix,,oil,,2025-03-01,2025-03-31,1269.69796,GWh,,,primary
electricity/electric-power-operational-data:generation,US,mix,,oil,,2025-04-01,2025-04-30,1175.38334,GWh,,,primary
electricity/electric-power-operational-data:generation,US,mix,,oil,,2025-05-01,2025-05-31,1107.19112,GWh,,,primary
electricity/electric-power-operational-data:generation,US,mix,,oil,,2025-06-01,2025-06-30,1531.85633,GWh,,,primary
electricity/electric-power-operational-data:generation,US,mix,,oil,,2025-07-01,2025-07-31,1674.03511,GWh,,,primary
electricity/electric-power-operational-data:generation,US,mix,,oil,,2025-08-01,2025-08-31,1519.93306,GWh,,,primary
electricity/electric-power-operational-data:generation,US,mix,,oil,,2025-09-01,2025-09-30,1297.20918,GWh,,,primary
electricity/electric-power-operational-data:generation,US,mix,,oil,,2025-10-01,2025-10-31,1379.28044,GWh,,,primary
electricity/electric-power-operational-data:generation,US,mix,,oil,,2025-11-01,2025-11-30,1314.64013,GWh,,,primary
electricity/electric-power-operational-data:generation,US,mix,,oil,,2025-12-01,2025-12-31,2183.3594,GWh,,,primary
electricity/electric-power-operational-data:generation,US,mix,,oil,,2026-01-01,2026-01-31,5547.54659,GWh,,,primary
electricity/electric-power-operational-data:generation,US,mix,,oil,,2026-02-01,2026-02-28,3446.12115,GWh,,,primary
electricity/electric-power-operational-data:generation,US,mix,,oil,,2026-03-01,2026-03-31,1261.55363,GWh,,,primary
electricity/electric-power-operational-data:generation,US,mix,,oil,,2026-04-01,2026-04-30,1256.60833,GWh,,,primary
electricity/electric-power-operational-data:generation,US,mix,,oil,,2026-05-01,2026-05-31,1447.4038,GWh,,,primary
electricity/electric-power-operational-data:generation,US,mix,,oil,,2026-06-01,2026-06-30,1360.56746,GWh,,,primary
electricity/electric-power-operational-data:generation,US,mix,,oil,,2026-07-01,2026-07-31,1803.26427,GWh,,,primary
electricity/electric-power-operational-data:generation,US,mix,,other,,2015-01-01,2015-01-31,1113.68171,GWh,,,primary
electricity/electric-power-operational-data:generation,US,mix,,other,,2015-01-01,2015-01-31,1361.91486,GWh,,,primary
electricity/electric-power-operational-data:generation,US,mix,,other,,2015-02-01,2015-02-28,980.18381,GWh,,,primary
electricity/electric-power-operational-data:generation,US,mix,,other,,2015-02-01,2015-02-28,1260.09914,GWh,,,primary
electricity/electric-power-operational-data:generation,US,mix,,other,,2015-03-01,2015-03-31,1045.03457,GWh,,,primary
electricity/electric-power-operational-data:generation,US,mix,,other,,2015-03-01,2015-03-31,1393.99435,GWh,,,primary
electricity/electric-power-operational-data:generation,US,mix,,other,,2015-04-01,2015-04-30,1090.06534,GWh,,,primary
electricity/electric-power-operational-data:generation,US,mix,,other,,2015-04-01,2015-04-30,1272.42782,GWh,,,primary
electricity/electric-power-operational-data:generation,US,mix,,other,,2015-05-01,2015-05-31,1178.44074,GWh,,,primary
electricity/electric-power-operational-data:generation,US,mix,,other,,2015-05-01,2015-05-31,1390.15094,GWh,,,primary
electricity/electric-power-operational-data:generation,US,mix,,other,,2015-06-01,2015-06-30,1180.94484,GWh,,,primary
electricity/electric-power-operational-data:generation,US,mix,,other,,2015-06-01,2015-06-30,1301.60767,GWh,,,primary
electricity/electric-power-operational-data:generation,US,mix,,other,,2015-07-01,2015-07-31,1286.35271,GWh,,,primary
electricity/electric-power-operational-data:generation,US,mix,,other,,2015-07-01,2015-07-31,1356.72712,GWh,,,primary
electricity/electric-power-operational-data:generation,US,mix,,other,,2015-08-01,2015-08-31,1293.76814,GWh,,,primary
electricity/electric-power-operational-data:generation,US,mix,,other,,2015-08-01,2015-08-31,1344.14271,GWh,,,primary
electricity/electric-power-operational-data:generation,US,mix,,other,,2015-09-01,2015-09-30,1175.50403,GWh,,,primary
electricity/electric-power-operational-data:generation,US,mix,,other,,2015-09-01,2015-09-30,1202.86145,GWh,,,primary
electricity/electric-power-operational-data:generation,US,mix,,other,,2015-10-01,2015-10-31,1198.47096,GWh,,,primary
electricity/electric-power-operational-data:generation,US,mix,,other,,2015-10-01,2015-10-31,1323.03223,GWh,,,primary
electricity/electric-power-operational-data:generation,US,mix,,other,,2015-11-01,2015-11-30,1190.54187,GWh,,,primary
electricity/electric-power-operational-data:generation,US,mix,,other,,2015-11-01,2015-11-30,1333.62825,GWh,,,primary
electricity/electric-power-operational-data:generation,US,mix,,other,,2015-12-01,2015-12-31,1221.75963,GWh,,,primary
electricity/electric-power-operational-data:generation,US,mix,,other,,2015-12-01,2015-12-31,1376.98847,GWh,,,primary
electricity/electric-power-operational-data:generation,US,mix,,other,,2016-01-01,2016-01-31,1147.70755,GWh,,,primary
electricity/electric-power-operational-data:generation,US,mix,,other,,2016-01-01,2016-01-31,1332.00609,GWh,,,primary
electricity/electric-power-operational-data:generation,US,mix,,other,,2016-02-01,2016-02-29,1036.06568,GWh,,,primary
electricity/electric-power-operational-data:generation,US,mix,,other,,2016-02-01,2016-02-29,1243.38381,GWh,,,primary
electricity/electric-power-operational-data:generation,US,mix,,other,,2016-03-01,2016-03-31,1084.58884,GWh,,,primary
electricity/electric-power-operational-data:generation,US,mix,,other,,2016-03-01,2016-03-31,1315.15866,GWh,,,primary
electricity/electric-power-operational-data:generation,US,mix,,other,,2016-04-01,2016-04-30,1104.44557,GWh,,,primary
electricity/electric-power-operational-data:generation,US,mix,,other,,2016-04-01,2016-04-30,1208.96984,GWh,,,primary
electricity/electric-power-operational-data:generation,US,mix,,other,,2016-05-01,2016-05-31,1189.26001,GWh,,,primary
electricity/electric-power-operational-data:generation,US,mix,,other,,2016-05-01,2016-05-31,1341.84042,GWh,,,primary
electricity/electric-power-operational-data:generation,US,mix,,other,,2016-06-01,2016-06-30,1174.90338,GWh,,,primary
electricity/electric-power-operational-data:generation,US,mix,,other,,2016-06-01,2016-06-30,1251.39266,GWh,,,primary
electricity/electric-power-operational-data:generation,US,mix,,other,,2016-07-01,2016-07-31,1219.12075,GWh,,,primary
electricity/electric-power-operational-data:generation,US,mix,,other,,2016-07-01,2016-07-31,1311.2153,GWh,,,primary
electricity/electric-power-operational-data:generation,US,mix,,other,,2016-08-01,2016-08-31,1242.03512,GWh,,,primary
electricity/electric-power-operational-data:generation,US,mix,,other,,2016-08-01,2016-08-31,1324.26364,GWh,,,primary
electricity/electric-power-operational-data:generation,US,mix,,other,,2016-09-01,2016-09-30,1162.47225,GWh,,,primary
electricity/electric-power-operational-data:generation,US,mix,,other,,2016-09-01,2016-09-30,1326.67585,GWh,,,primary
electricity/electric-power-operational-data:generation,US,mix,,other,,2016-10-01,2016-10-31,1102.77963,GWh,,,primary
electricity/electric-power-operational-data:generation,US,mix,,other,,2016-10-01,2016-10-31,1353.16742,GWh,,,primary
electricity/electric-power-operational-data:generation,US,mix,,other,,2016-11-01,2016-11-30,1092.31423,GWh,,,primary
electricity/electric-power-operational-data:generation,US,mix,,other,,2016-11-01,2016-11-30,1363.84969,GWh,,,primary
electricity/electric-power-operational-data:generation,US,mix,,other,,2016-12-01,2016-12-31,1133.37122,GWh,,,primary
electricity/electric-power-operational-data:generation,US,mix,,other,,2016-12-01,2016-12-31,1453.88363,GWh,,,primary
electricity/electric-power-operational-data:generation,US,mix,,other,,2017-01-01,2017-01-31,1085.15419,GWh,,,primary
electricity/electric-power-operational-data:generation,US,mix,,other,,2017-01-01,2017-01-31,1406.96716,GWh,,,primary
electricity/electric-power-operational-data:generation,US,mix,,other,,2017-02-01,2017-02-28,985.90096,GWh,,,primary
electricity/electric-power-operational-data:generation,US,mix,,other,,2017-02-01,2017-02-28,1238.87247,GWh,,,primary
electricity/electric-power-operational-data:generation,US,mix,,other,,2017-03-01,2017-03-31,1054.10094,GWh,,,primary
electricity/electric-power-operational-data:generation,US,mix,,other,,2017-03-01,2017-03-31,1387.18475,GWh,,,primary
electricity/electric-power-operational-data:generation,US,mix,,other,,2017-04-01,2017-04-30,1043.81035,GWh,,,primary
electricity/electric-power-operational-data:generation,US,mix,,other,,2017-04-01,2017-04-30,1341.22069,GWh,,,primary
electricity/electric-power-operational-data:generation,US,mix,,other,,2017-05-01,2017-05-31,1081.14321,GWh,,,primary
electricity/electric-power-operational-data:generation,US,mix,,other,,2017-05-01,2017-05-31,1301.85842,GWh,,,primary
electricity/electric-power-operational-data:generation,US,mix,,other,,2017-06-01,2017-06-30,1091.47888,GWh,,,primary
electricity/electric-power-operational-data:generation,US,mix,,other,,2017-06-01,2017-06-30,1283.74953,GWh,,,primary
electricity/electric-power-operational-data:generation,US,mix,,other,,2017-07-01,2017-07-31,1198.8516,GWh,,,primary
electricity/electric-power-operational-data:generation,US,mix,,other,,2017-07-01,2017-07-31,1372.704,GWh,,,primary
electricity/electric-power-operational-data:generation,US,mix,,other,,2017-08-01,2017-08-31,1209.01591,GWh,,,primary
electricity/electric-power-operational-data:generation,US,mix,,other,,2017-08-01,2017-08-31,1362.99613,GWh,,,primary
electricity/electric-power-operational-data:generation,US,mix,,other,,2017-09-01,2017-09-30,1026.99705,GWh,,,primary
electricity/electric-power-operational-data:generation,US,mix,,other,,2017-09-01,2017-09-30,1331.50304,GWh,,,primary
electricity/electric-power-operational-data:generation,US,mix,,other,,2017-10-01,2017-10-31,1023.36773,GWh,,,primary
electricity/electric-power-operational-data:generation,US,mix,,other,,2017-10-01,2017-10-31,1214.12407,GWh,,,primary
electricity/electric-power-operational-data:generation,US,mix,,other,,2017-11-01,2017-11-30,1071.83053,GWh,,,primary
electricity/electric-power-operational-data:generation,US,mix,,other,,2017-11-01,2017-11-30,1304.68441,GWh,,,primary
electricity/electric-power-operational-data:generation,US,mix,,other,,2017-12-01,2017-12-31,1136.76423,GWh,,,primary
electricity/electric-power-operational-data:generation,US,mix,,other,,2017-12-01,2017-12-31,1380.90954,GWh,,,primary
electricity/electric-power-operational-data:generation,US,mix,,other,,2018-01-01,2018-01-31,1109.24955,GWh,,,primary
electricity/electric-power-operational-data:generation,US,mix,,other,,2018-01-01,2018-01-31,1341.30742,GWh,,,primary
electricity/electric-power-operational-data:generation,US,mix,,other,,2018-02-01,2018-02-28,994.2799,GWh,,,primary
electricity/electric-power-operational-data:generation,US,mix,,other,,2018-02-01,2018-02-28,1274.09258,GWh,,,primary
electricity/electric-power-operational-data:generation,US,mix,,other,,2018-03-01,2018-03-31,1108.10218,GWh,,,primary
electricity/electric-power-operational-data:generation,US,mix,,other,,2018-03-01,2018-03-31,1366.75303,GWh,,,primary
electricity/electric-power-operational-data:generation,US,mix,,other,,2018-04-01,2018-04-30,1028.06366,GWh,,,primary
electricity/electric-power-operational-data:generation,US,mix,,other,,2018-04-01,2018-04-30,1187.93664,GWh,,,primary
electricity/electric-power-operational-data:generation,US,mix,,other,,2018-05-01,2018-05-31,1069.76803,GWh,,,primary
electricity/electric-power-operational-data:generation,US,mix,,other,,2018-05-01,2018-05-31,1382.62025,GWh,,,primary
electricity/electric-power-operational-data:generation,US,mix,,other,,2018-06-01,2018-06-30,1104.28525,GWh,,,primary
electricity/electric-power-operational-data:generation,US,mix,,other,,2018-06-01,2018-06-30,1299.83478,GWh,,,primary
electricity/electric-power-operational-data:generation,US,mix,,other,,2018-07-01,2018-07-31,1110.63752,GWh,,,primary
electricity/electric-power-operational-data:generation,US,mix,,other,,2018-07-01,2018-07-31,1369.6113,GWh,,,primary
electricity/electric-power-operational-data:generation,US,mix,,other,,2018-08-01,2018-08-31,1145.99343,GWh,,,primary
electricity/electric-power-operational-data:generation,US,mix,,other,,2018-08-01,2018-08-31,1367.05504,GWh,,,primary
electricity/electric-power-operational-data:generation,US,mix,,other,,2018-09-01,2018-09-30,1004.47976,GWh,,,primary
electricity/electric-power-operational-data:generation,US,mix,,other,,2018-09-01,2018-09-30,1327.90769,GWh,,,primary
electricity/electric-power-operational-data:generation,US,mix,,other,,2018-10-01,2018-10-31,1084.46247,GWh,,,primary
electricity/electric-power-operational-data:generation,US,mix,,other,,2018-10-01,2018-10-31,1273.09029,GWh,,,primary
electricity/electric-power-operational-data:generation,US,mix,,other,,2018-11-01,2018-11-30,1074.58785,GWh,,,primary
electricity/electric-power-operational-data:generation,US,mix,,other,,2018-11-01,2018-11-30,1330.84363,GWh,,,primary
electricity/electric-power-operational-data:generation,US,mix,,other,,2018-12-01,2018-12-31,1139.2941,GWh,,,primary
electricity/electric-power-operational-data:generation,US,mix,,other,,2018-12-01,2018-12-31,1446.08137,GWh,,,primary
electricity/electric-power-operational-data:generation,US,mix,,other,,2019-01-01,2019-01-31,1193.65044,GWh,,,primary
electricity/electric-power-operational-data:generation,US,mix,,other,,2019-01-01,2019-01-31,1389.93655,GWh,,,primary
electricity/electric-power-operational-data:generation,US,mix,,other,,2019-02-01,2019-02-28,1002.94722,GWh,,,primary
electricity/electric-power-operational-data:generation,US,mix,,other,,2019-02-01,2019-02-28,1292.57815,GWh,,,primary
electricity/electric-power-operational-data:generation,US,mix,,other,,2019-03-01,2019-03-31,1077.07698,GWh,,,primary
electricity/electric-power-operational-data:generation,US,mix,,other,,2019-03-01,2019-03-31,1422.49852,GWh,,,primary
electricity/electric-power-operational-data:generation,US,mix,,other,,2019-04-01,2019-04-30,1014.99649,GWh,,,primary
electricity/electric-power-operational-data:generation,US,mix,,other,,2019-04-01,2019-04-30,1254.00337,GWh,,,primary
electricity/electric-power-operational-data:generation,US,mix,,other,,2019-05-01,2019-05-31,1116.73845,GWh,,,primary
electricity/electric-power-operational-data:generation,US,mix,,other,,2019-05-01,2019-05-31,1341.83562,GWh,,,primary
electricity/electric-power-operational-data:generation,US,mix,,other,,2019-06-01,2019-06-30,1101.18697,GWh,,,primary
electricity/electric-power-operational-data:generation,US,mix,,other,,2019-06-01,2019-06-30,1328.26327,GWh,,,primary
electricity/electric-power-operational-data:generation,US,mix,,other,,2019-07-01,2019-07-31,1156.67256,GWh,,,primary
electricity/electric-power-operational-data:generation,US,mix,,other,,2019-07-01,2019-07-31,1375.35966,GWh,,,primary
electricity/electric-power-operational-data:generation,US,mix,,other,,2019-08-01,2019-08-31,1210.71243,GWh,,,primary
electricity/electric-power-operational-data:generation,US,mix,,other,,2019-08-01,2019-08-31,1393.1524,GWh,,,primary
electricity/electric-power-operational-data:generation,US,mix,,other,,2019-09-01,2019-09-30,1142.0602,GWh,,,primary
electricity/electric-power-operational-data:generation,US,mix,,other,,2019-09-01,2019-09-30,1367.61198,GWh,,,primary
electricity/electric-power-operational-data:generation,US,mix,,other,,2019-10-01,2019-10-31,1100.06754,GWh,,,primary
electricity/electric-power-operational-data:generation,US,mix,,other,,2019-10-01,2019-10-31,1141.0516,GWh,,,primary
electricity/electric-power-operational-data:generation,US,mix,,other,,2019-11-01,2019-11-30,983.53162,GWh,,,primary
electricity/electric-power-operational-data:generation,US,mix,,other,,2019-11-01,2019-11-30,1081.97855,GWh,,,primary
electricity/electric-power-operational-data:generation,US,mix,,other,,2019-12-01,2019-12-31,1133.07923,GWh,,,primary
electricity/electric-power-operational-data:generation,US,mix,,other,,2019-12-01,2019-12-31,1182.89427,GWh,,,primary
electricity/electric-power-operational-data:generation,US,mix,,other,,2020-01-01,2020-01-31,1092.99293,GWh,,,primary
electricity/electric-power-operational-data:generation,US,mix,,other,,2020-01-01,2020-01-31,1147.5314,GWh,,,primary
electricity/electric-power-operational-data:generation,US,mix,,other,,2020-02-01,2020-02-29,971.28306,GWh,,,primary
electricity/electric-power-operational-data:generation,US,mix,,other,,2020-02-01,2020-02-29,1230.17768,GWh,,,primary
electricity/electric-power-operational-data:generation,US,mix,,other,,2020-03-01,2020-03-31,1091.5286,GWh,,,primary
electricity/electric-power-operational-data:generation,US,mix,,other,,2020-03-01,2020-03-31,1465.16841,GWh,,,primary
electricity/electric-power-operational-data:generation,US,mix,,other,,2020-04-01,2020-04-30,1073.06708,GWh,,,primary
electricity/electric-power-operational-data:generation,US,mix,,other,,2020-04-01,2020-04-30,1378.9473,GWh,,,primary
electricity/electric-power-operational-data:generation,US,mix,,other,,2020-05-01,2020-05-31,1089.97549,GWh,,,primary
electricity/electric-power-operational-data:generation,US,mix,,other,,2020-05-01,2020-05-31,1362.26852,GWh,,,primary
electricity/electric-power-operational-data:generation,US,mix,,other,,2020-06-01,2020-06-30,1018.41168,GWh,,,primary
electricity/electric-power-operational-data:generation,US,mix,,other,,2020-06-01,2020-06-30,1274.12148,GWh,,,primary
electricity/electric-power-operational-data:generation,US,mix,,other,,2020-07-01,2020-07-31,1092.57565,GWh,,,primary
electricity/electric-power-operational-data:generation,US,mix,,other,,2020-07-01,2020-07-31,1331.28691,GWh,,,primary
electricity/electric-power-operational-data:generation,US,mix,,other,,2020-08-01,2020-08-31,1107.26802,GWh,,,primary
electricity/electric-power-operational-data:generation,US,mix,,other,,2020-08-01,2020-08-31,1323.0241,GWh,,,primary
electricity/electric-power-operational-data:generation,US,mix,,other,,2020-09-01,2020-09-30,1015.88989,GWh,,,primary
electricity/electric-power-operational-data:generation,US,mix,,other,,2020-09-01,2020-09-30,1288.00469,GWh,,,primary
electricity/electric-power-operational-data:generation,US,mix,,other,,2020-10-01,2020-10-31,1067.11754,GWh,,,primary
electricity/electric-power-operational-data:generation,US,mix,,other,,2020-10-01,2020-10-31,1287.56105,GWh,,,primary
electricity/electric-power-operational-data:generation,US,mix,,other,,2020-11-01,2020-11-30,1066.53258,GWh,,,primary
electricity/electric-power-operational-data:generation,US,mix,,other,,2020-11-01,2020-11-30,1398.78914,GWh,,,primary
electricity/electric-power-operational-data:generation,US,mix,,other,,2020-12-01,2020-12-31,1168.54258,GWh,,,primary
electricity/electric-power-operational-data:generation,US,mix,,other,,2020-12-01,2020-12-31,1402.81632,GWh,,,primary
electricity/electric-power-operational-data:generation,US,mix,,other,,2021-01-01,2021-01-31,1109.29406,GWh,,,primary
electricity/electric-power-operational-data:generation,US,mix,,other,,2021-01-01,2021-01-31,1346.78288,GWh,,,primary
electricity/electric-power-operational-data:generation,US,mix,,other,,2021-02-01,2021-02-28,920.65079,GWh,,,primary
electricity/electric-power-operational-data:generation,US,mix,,other,,2021-02-01,2021-02-28,1287.25045,GWh,,,primary
electricity/electric-power-operational-data:generation,US,mix,,other,,2021-03-01,2021-03-31,1059.86645,GWh,,,primary
electricity/electric-power-operational-data:generation,US,mix,,other,,2021-03-01,2021-03-31,1241.83848,GWh,,,primary
electricity/electric-power-operational-data:generation,US,mix,,other,,2021-04-01,2021-04-30,969.17609,GWh,,,primary
electricity/electric-power-operational-data:generation,US,mix,,other,,2021-04-01,2021-04-30,1287.75473,GWh,,,primary
electricity/electric-power-operational-data:generation,US,mix,,other,,2021-05-01,2021-05-31,1003.33768,GWh,,,primary
electricity/electric-power-operational-data:generation,US,mix,,other,,2021-05-01,2021-05-31,1334.53707,GWh,,,primary
electricity/electric-power-operational-data:generation,US,mix,,other,,2021-06-01,2021-06-30,1005.85811,GWh,,,primary
electricity/electric-power-operational-data:generation,US,mix,,other,,2021-06-01,2021-06-30,1277.29158,GWh,,,primary
electricity/electric-power-operational-data:generation,US,mix,,other,,2021-07-01,2021-07-31,1041.18178,GWh,,,primary
electricity/electric-power-operational-data:generation,US,mix,,other,,2021-07-01,2021-07-31,1350.69258,GWh,,,primary
electricity/electric-power-operational-data:generation,US,mix,,other,,2021-08-01,2021-08-31,1031.39311,GWh,,,primary
electricity/electric-power-operational-data:generation,US,mix,,other,,2021-08-01,2021-08-31,1336.95799,GWh,,,primary
electricity/electric-power-operational-data:generation,US,mix,,other,,2021-09-01,2021-09-30,974.60421,GWh,,,primary
electricity/electric-power-operational-data:generation,US,mix,,other,,2021-09-01,2021-09-30,1343.21112,GWh,,,primary
electricity/electric-power-operational-data:generation,US,mix,,other,,2021-10-01,2021-10-31,982.22226,GWh,,,primary
electricity/electric-power-operational-data:generation,US,mix,,other,,2021-10-01,2021-10-31,1318.81622,GWh,,,primary
electricity/electric-power-operational-data:generation,US,mix,,other,,2021-11-01,2021-11-30,969.56471,GWh,,,primary
electricity/electric-power-operational-data:generation,US,mix,,other,,2021-11-01,2021-11-30,1365.57197,GWh,,,primary
electricity/electric-power-operational-data:generation,US,mix,,other,,2021-12-01,2021-12-31,1072.91688,GWh,,,primary
electricity/electric-power-operational-data:generation,US,mix,,other,,2021-12-01,2021-12-31,1484.42193,GWh,,,primary
electricity/electric-power-operational-data:generation,US,mix,,other,,2022-01-01,2022-01-31,1029.07005,GWh,,,primary
electricity/electric-power-operational-data:generation,US,mix,,other,,2022-01-01,2022-01-31,1470.14119,GWh,,,primary
electricity/electric-power-operational-data:generation,US,mix,,other,,2022-02-01,2022-02-28,900.05419,GWh,,,primary
electricity/electric-power-operational-data:generation,US,mix,,other,,2022-02-01,2022-02-28,1242.88441,GWh,,,primary
electricity/electric-power-operational-data:generation,US,mix,,other,,2022-03-01,2022-03-31,979.01773,GWh,,,primary
electricity/electric-power-operational-data:generation,US,mix,,other,,2022-03-01,2022-03-31,1286.33731,GWh,,,primary
electricity/electric-power-operational-data:generation,US,mix,,other,,2022-04-01,2022-04-30,941.21606,GWh,,,primary
electricity/electric-power-operational-data:generation,US,mix,,other,,2022-04-01,2022-04-30,1282.07857,GWh,,,primary
electricity/electric-power-operational-data:generation,US,mix,,other,,2022-05-01,2022-05-31,970.95714,GWh,,,primary
electricity/electric-power-operational-data:generation,US,mix,,other,,2022-05-01,2022-05-31,1327.05142,GWh,,,primary
electricity/electric-power-operational-data:generation,US,mix,,other,,2022-06-01,2022-06-30,958.85537,GWh,,,primary
electricity/electric-power-operational-data:generation,US,mix,,other,,2022-06-01,2022-06-30,1276.39022,GWh,,,primary
electricity/electric-power-operational-data:generation,US,mix,,other,,2022-07-01,2022-07-31,981.85286,GWh,,,primary
electricity/electric-power-operational-data:generation,US,mix,,other,,2022-07-01,2022-07-31,1341.4768,GWh,,,primary
electricity/electric-power-operational-data:generation,US,mix,,other,,2022-08-01,2022-08-31,923.65708,GWh,,,primary
electricity/electric-power-operational-data:generation,US,mix,,other,,2022-08-01,2022-08-31,1354.00976,GWh,,,primary
electricity/electric-power-operational-data:generation,US,mix,,other,,2022-09-01,2022-09-30,845.04867,GWh,,,primary
electricity/electric-power-operational-data:generation,US,mix,,other,,2022-09-01,2022-09-30,1329.38389,GWh,,,primary
electricity/electric-power-operational-data:generation,US,mix,,other,,2022-10-01,2022-10-31,843.97235,GWh,,,primary
electricity/electric-power-operational-data:generation,US,mix,,other,,2022-10-01,2022-10-31,1298.47185,GWh,,,primary
electricity/electric-power-operational-data:generation,US,mix,,other,,2022-11-01,2022-11-30,864.20549,GWh,,,primary
electricity/electric-power-operational-data:generation,US,mix,,other,,2022-11-01,2022-11-30,1396.71915,GWh,,,primary
electricity/electric-power-operational-data:generation,US,mix,,other,,2022-12-01,2022-12-31,876.31326,GWh,,,primary
electricity/electric-power-operational-data:generation,US,mix,,other,,2022-12-01,2022-12-31,1481.98443,GWh,,,primary
electricity/electric-power-operational-data:generation,US,mix,,other,,2023-01-01,2023-01-31,888.95015,GWh,,,primary
electricity/electric-power-operational-data:generation,US,mix,,other,,2023-01-01,2023-01-31,1420.005,GWh,,,primary
electricity/electric-power-operational-data:generation,US,mix,,other,,2023-02-01,2023-02-28,778.45654,GWh,,,primary
electricity/electric-power-operational-data:generation,US,mix,,other,,2023-02-01,2023-02-28,1301.543,GWh,,,primary
electricity/electric-power-operational-data:generation,US,mix,,other,,2023-03-01,2023-03-31,790.01608,GWh,,,primary
electricity/electric-power-operational-data:generation,US,mix,,other,,2023-03-01,2023-03-31,1441.86,GWh,,,primary
electricity/electric-power-operational-data:generation,US,mix,,other,,2023-04-01,2023-04-30,744.15552,GWh,,,primary
electricity/electric-power-operational-data:generation,US,mix,,other,,2023-04-01,2023-04-30,1355.521,GWh,,,primary
electricity/electric-power-operational-data:generation,US,mix,,other,,2023-05-01,2023-05-31,857.20532,GWh,,,primary
electricity/electric-power-operational-data:generation,US,mix,,other,,2023-05-01,2023-05-31,1345.291,GWh,,,primary
electricity/electric-power-operational-data:generation,US,mix,,other,,2023-06-01,2023-06-30,837.88263,GWh,,,primary
electricity/electric-power-operational-data:generation,US,mix,,other,,2023-06-01,2023-06-30,1293.384,GWh,,,primary
electricity/electric-power-operational-data:generation,US,mix,,other,,2023-07-01,2023-07-31,871.62135,GWh,,,primary
electricity/electric-power-operational-data:generation,US,mix,,other,,2023-07-01,2023-07-31,1296.089,GWh,,,primary
electricity/electric-power-operational-data:generation,US,mix,,other,,2023-08-01,2023-08-31,864.77933,GWh,,,primary
electricity/electric-power-operational-data:generation,US,mix,,other,,2023-08-01,2023-08-31,1266.944,GWh,,,primary
electricity/electric-power-operational-data:generation,US,mix,,other,,2023-09-01,2023-09-30,774.95147,GWh,,,primary
electricity/electric-power-operational-data:generation,US,mix,,other,,2023-09-01,2023-09-30,1314.594,GWh,,,primary
electricity/electric-power-operational-data:generation,US,mix,,other,,2023-10-01,2023-10-31,836.5441,GWh,,,primary
electricity/electric-power-operational-data:generation,US,mix,,other,,2023-10-01,2023-10-31,1419.91,GWh,,,primary
electricity/electric-power-operational-data:generation,US,mix,,other,,2023-11-01,2023-11-30,844.34068,GWh,,,primary
electricity/electric-power-operational-data:generation,US,mix,,other,,2023-11-01,2023-11-30,1439.638,GWh,,,primary
electricity/electric-power-operational-data:generation,US,mix,,other,,2023-12-01,2023-12-31,868.51809,GWh,,,primary
electricity/electric-power-operational-data:generation,US,mix,,other,,2023-12-01,2023-12-31,1472.619,GWh,,,primary
electricity/electric-power-operational-data:generation,US,mix,,other,,2024-01-01,2024-01-31,798.75621,GWh,,,primary
electricity/electric-power-operational-data:generation,US,mix,,other,,2024-01-01,2024-01-31,1398.953,GWh,,,primary
electricity/electric-power-operational-data:generation,US,mix,,other,,2024-02-01,2024-02-29,720.45057,GWh,,,primary
electricity/electric-power-operational-data:generation,US,mix,,other,,2024-02-01,2024-02-29,1302.748,GWh,,,primary
electricity/electric-power-operational-data:generation,US,mix,,other,,2024-03-01,2024-03-31,689.19203,GWh,,,primary
electricity/electric-power-operational-data:generation,US,mix,,other,,2024-03-01,2024-03-31,1359.485,GWh,,,primary
electricity/electric-power-operational-data:generation,US,mix,,other,,2024-04-01,2024-04-30,644.34288,GWh,,,primary
electricity/electric-power-operational-data:generation,US,mix,,other,,2024-04-01,2024-04-30,1279.704,GWh,,,primary
electricity/electric-power-operational-data:generation,US,mix,,other,,2024-05-01,2024-05-31,738.48848,GWh,,,primary
electricity/electric-power-operational-data:generation,US,mix,,other,,2024-05-01,2024-05-31,1246.269,GWh,,,primary
electricity/electric-power-operational-data:generation,US,mix,,other,,2024-06-01,2024-06-30,694.15664,GWh,,,primary
electricity/electric-power-operational-data:generation,US,mix,,other,,2024-06-01,2024-06-30,1201.904,GWh,,,primary
electricity/electric-power-operational-data:generation,US,mix,,other,,2024-07-01,2024-07-31,723.33928,GWh,,,primary
electricity/electric-power-operational-data:generation,US,mix,,other,,2024-07-01,2024-07-31,1217.524,GWh,,,primary
electricity/electric-power-operational-data:generation,US,mix,,other,,2024-08-01,2024-08-31,681.94372,GWh,,,primary
electricity/electric-power-operational-data:generation,US,mix,,other,,2024-08-01,2024-08-31,1227.246,GWh,,,primary
electricity/electric-power-operational-data:generation,US,mix,,other,,2024-09-01,2024-09-30,618.8549,GWh,,,primary
electricity/electric-power-operational-data:generation,US,mix,,other,,2024-09-01,2024-09-30,1201.454,GWh,,,primary
electricity/electric-power-operational-data:generation,US,mix,,other,,2024-10-01,2024-10-31,569.57003,GWh,,,primary
electricity/electric-power-operational-data:generation,US,mix,,other,,2024-10-01,2024-10-31,1261.078,GWh,,,primary
electricity/electric-power-operational-data:generation,US,mix,,other,,2024-11-01,2024-11-30,651.75347,GWh,,,primary
electricity/electric-power-operational-data:generation,US,mix,,other,,2024-11-01,2024-11-30,1317.493,GWh,,,primary
electricity/electric-power-operational-data:generation,US,mix,,other,,2024-12-01,2024-12-31,639.29321,GWh,,,primary
electricity/electric-power-operational-data:generation,US,mix,,other,,2024-12-01,2024-12-31,1393.282,GWh,,,primary
electricity/electric-power-operational-data:generation,US,mix,,other,,2025-01-01,2025-01-31,639.51616,GWh,,,primary
electricity/electric-power-operational-data:generation,US,mix,,other,,2025-01-01,2025-01-31,1389.18179,GWh,,,primary
electricity/electric-power-operational-data:generation,US,mix,,other,,2025-02-01,2025-02-28,583.61154,GWh,,,primary
electricity/electric-power-operational-data:generation,US,mix,,other,,2025-02-01,2025-02-28,1251.77461,GWh,,,primary
electricity/electric-power-operational-data:generation,US,mix,,other,,2025-03-01,2025-03-31,589.6846,GWh,,,primary
electricity/electric-power-operational-data:generation,US,mix,,other,,2025-03-01,2025-03-31,1387.72032,GWh,,,primary
electricity/electric-power-operational-data:generation,US,mix,,other,,2025-04-01,2025-04-30,584.41725,GWh,,,primary
electricity/electric-power-operational-data:generation,US,mix,,other,,2025-04-01,2025-04-30,1306.18845,GWh,,,primary
electricity/electric-power-operational-data:generation,US,mix,,other,,2025-05-01,2025-05-31,555.57597,GWh,,,primary
electricity/electric-power-operational-data:generation,US,mix,,other,,2025-05-01,2025-05-31,1253.17364,GWh,,,primary
electricity/electric-power-operational-data:generation,US,mix,,other,,2025-06-01,2025-06-30,541.72287,GWh,,,primary
electricity/electric-power-operational-data:generation,US,mix,,other,,2025-06-01,2025-06-30,1277.59193,GWh,,,primary
electricity/electric-power-operational-data:generation,US,mix,,other,,2025-07-01,2025-07-31,581.51373,GWh,,,primary
electricity/electric-power-operational-data:generation,US,mix,,other,,2025-07-01,2025-07-31,1285.006,GWh,,,primary
electricity/electric-power-operational-data:generation,US,mix,,other,,2025-08-01,2025-08-31,499.33236,GWh,,,primary
electricity/electric-power-operational-data:generation,US,mix,,other,,2025-08-01,2025-08-31,1348.82405,GWh,,,primary
electricity/electric-power-operational-data:generation,US,mix,,other,,2025-09-01,2025-09-30,466.95157,GWh,,,primary
electricity/electric-power-operational-data:generation,US,mix,,other,,2025-09-01,2025-09-30,1283.59266,GWh,,,primary
electricity/electric-power-operational-data:generation,US,mix,,other,,2025-10-01,2025-10-31,497.24425,GWh,,,primary
electricity/electric-power-operational-data:generation,US,mix,,other,,2025-10-01,2025-10-31,1267.0627,GWh,,,primary
electricity/electric-power-operational-data:generation,US,mix,,other,,2025-11-01,2025-11-30,553.69198,GWh,,,primary
electricity/electric-power-operational-data:generation,US,mix,,other,,2025-11-01,2025-11-30,1263.21318,GWh,,,primary
electricity/electric-power-operational-data:generation,US,mix,,other,,2025-12-01,2025-12-31,561.17869,GWh,,,primary
electricity/electric-power-operational-data:generation,US,mix,,other,,2025-12-01,2025-12-31,1355.48904,GWh,,,primary
electricity/electric-power-operational-data:generation,US,mix,,other,,2026-01-01,2026-01-31,462.99451,GWh,,,primary
electricity/electric-power-operational-data:generation,US,mix,,other,,2026-01-01,2026-01-31,1416.87233,GWh,,,primary
electricity/electric-power-operational-data:generation,US,mix,,other,,2026-02-01,2026-02-28,389.90236,GWh,,,primary
electricity/electric-power-operational-data:generation,US,mix,,other,,2026-02-01,2026-02-28,1263.353,GWh,,,primary
electricity/electric-power-operational-data:generation,US,mix,,other,,2026-03-01,2026-03-31,424.33709,GWh,,,primary
electricity/electric-power-operational-data:generation,US,mix,,other,,2026-03-01,2026-03-31,1333.80028,GWh,,,primary
electricity/electric-power-operational-data:generation,US,mix,,other,,2026-04-01,2026-04-30,302.1797,GWh,,,primary
electricity/electric-power-operational-data:generation,US,mix,,other,,2026-04-01,2026-04-30,1223.74245,GWh,,,primary
electricity/electric-power-operational-data:generation,US,mix,,other,,2026-05-01,2026-05-31,340.56391,GWh,,,primary
electricity/electric-power-operational-data:generation,US,mix,,other,,2026-05-01,2026-05-31,1277.17832,GWh,,,primary
electricity/electric-power-operational-data:generation,US,mix,,other,,2026-06-01,2026-06-30,318.6465,GWh,,,primary
electricity/electric-power-operational-data:generation,US,mix,,other,,2026-06-01,2026-06-30,1267.82415,GWh,,,primary
electricity/electric-power-operational-data:generation,US,mix,,other,,2026-07-01,2026-07-31,298.29867,GWh,,,primary
electricity/electric-power-operational-data:generation,US,mix,,other,,2026-07-01,2026-07-31,1298.32459,GWh,,,primary
electricity/electric-power-operational-data:generation,US,mix,,pumped_storage,,2015-01-01,2015-01-31,-551.05,GWh,,,primary
electricity/electric-power-operational-data:generation,US,mix,,pumped_storage,,2015-02-01,2015-02-28,-456.06,GWh,,,primary
electricity/electric-power-operational-data:generation,US,mix,,pumped_storage,,2015-03-01,2015-03-31,-409.305,GWh,,,primary
electricity/electric-power-operational-data:generation,US,mix,,pumped_storage,,2015-04-01,2015-04-30,-214.411,GWh,,,primary
electricity/electric-power-operational-data:generation,US,mix,,pumped_storage,,2015-05-01,2015-05-31,-370.209,GWh,,,primary
electricity/electric-power-operational-data:generation,US,mix,,pumped_storage,,2015-06-01,2015-06-30,-397.811,GWh,,,primary
electricity/electric-power-operational-data:generation,US,mix,,pumped_storage,,2015-07-01,2015-07-31,-513.417,GWh,,,primary
electricity/electric-power-operational-data:generation,US,mix,,pumped_storage,,2015-08-01,2015-08-31,-625.878,GWh,,,primary
electricity/electric-power-operational-data:generation,US,mix,,pumped_storage,,2015-09-01,2015-09-30,-544.042,GWh,,,primary
electricity/electric-power-operational-data:generation,US,mix,,pumped_storage,,2015-10-01,2015-10-31,-443.327,GWh,,,primary
electricity/electric-power-operational-data:generation,US,mix,,pumped_storage,,2015-11-01,2015-11-30,-285.276,GWh,,,primary
electricity/electric-power-operational-data:generation,US,mix,,pumped_storage,,2015-12-01,2015-12-31,-280.702,GWh,,,primary
electricity/electric-power-operational-data:generation,US,mix,,pumped_storage,,2016-01-01,2016-01-31,-311.758,GWh,,,primary
electricity/electric-power-operational-data:generation,US,mix,,pumped_storage,,2016-02-01,2016-02-29,-398.558,GWh,,,primary
electricity/electric-power-operational-data:generation,US,mix,,pumped_storage,,2016-03-01,2016-03-31,-384.067,GWh,,,primary
electricity/electric-power-operational-data:generation,US,mix,,pumped_storage,,2016-04-01,2016-04-30,-451.878,GWh,,,primary
electricity/electric-power-operational-data:generation,US,mix,,pumped_storage,,2016-05-01,2016-05-31,-320.717,GWh,,,primary
electricity/electric-power-operational-data:generation,US,mix,,pumped_storage,,2016-06-01,2016-06-30,-497.303,GWh,,,primary
electricity/electric-power-operational-data:generation,US,mix,,pumped_storage,,2016-07-01,2016-07-31,-783.894,GWh,,,primary
electricity/electric-power-operational-data:generation,US,mix,,pumped_storage,,2016-08-01,2016-08-31,-902.068,GWh,,,primary
electricity/electric-power-operational-data:generation,US,mix,,pumped_storage,,2016-09-01,2016-09-30,-715.35,GWh,,,primary
electricity/electric-power-operational-data:generation,US,mix,,pumped_storage,,2016-10-01,2016-10-31,-560.77,GWh,,,primary
electricity/electric-power-operational-data:generation,US,mix,,pumped_storage,,2016-11-01,2016-11-30,-606.895,GWh,,,primary
electricity/electric-power-operational-data:generation,US,mix,,pumped_storage,,2016-12-01,2016-12-31,-752.869,GWh,,,primary
electricity/electric-power-operational-data:generation,US,mix,,pumped_storage,,2017-01-01,2017-01-31,-435.366,GWh,,,primary
electricity/electric-power-operational-data:generation,US,mix,,pumped_storage,,2017-02-01,2017-02-28,-507.911,GWh,,,primary
electricity/electric-power-operational-data:generation,US,mix,,pumped_storage,,2017-03-01,2017-03-31,-521.035,GWh,,,primary
electricity/electric-power-operational-data:generation,US,mix,,pumped_storage,,2017-04-01,2017-04-30,-438.729,GWh,,,primary
electricity/electric-power-operational-data:generation,US,mix,,pumped_storage,,2017-05-01,2017-05-31,-423.168,GWh,,,primary
electricity/electric-power-operational-data:generation,US,mix,,pumped_storage,,2017-06-01,2017-06-30,-567.516,GWh,,,primary
electricity/electric-power-operational-data:generation,US,mix,,pumped_storage,,2017-07-01,2017-07-31,-759.494,GWh,,,primary
electricity/electric-power-operational-data:generation,US,mix,,pumped_storage,,2017-08-01,2017-08-31,-638.234,GWh,,,primary
electricity/electric-power-operational-data:generation,US,mix,,pumped_storage,,2017-09-01,2017-09-30,-606.081,GWh,,,primary
electricity/electric-power-operational-data:generation,US,mix,,pumped_storage,,2017-10-01,2017-10-31,-462.982,GWh,,,primary
electricity/electric-power-operational-data:generation,US,mix,,pumped_storage,,2017-11-01,2017-11-30,-478.107,GWh,,,primary
electricity/electric-power-operational-data:generation,US,mix,,pumped_storage,,2017-12-01,2017-12-31,-655.925,GWh,,,primary
electricity/electric-power-operational-data:generation,US,mix,,pumped_storage,,2018-01-01,2018-01-31,-547.331,GWh,,,primary
electricity/electric-power-operational-data:generation,US,mix,,pumped_storage,,2018-02-01,2018-02-28,-315.144,GWh,,,primary
electricity/electric-power-operational-data:generation,US,mix,,pumped_storage,,2018-03-01,2018-03-31,-489.962,GWh,,,primary
electricity/electric-power-operational-data:generation,US,mix,,pumped_storage,,2018-04-01,2018-04-30,-376.898,GWh,,,primary
electricity/electric-power-operational-data:generation,US,mix,,pumped_storage,,2018-05-01,2018-05-31,-390.083,GWh,,,primary
electricity/electric-power-operational-data:generation,US,mix,,pumped_storage,,2018-06-01,2018-06-30,-433.324,GWh,,,primary
electricity/electric-power-operational-data:generation,US,mix,,pumped_storage,,2018-07-01,2018-07-31,-644.469,GWh,,,primary
electricity/electric-power-operational-data:generation,US,mix,,pumped_storage,,2018-08-01,2018-08-31,-747.235,GWh,,,primary
electricity/electric-power-operational-data:generation,US,mix,,pumped_storage,,2018-09-01,2018-09-30,-603.113,GWh,,,primary
electricity/electric-power-operational-data:generation,US,mix,,pumped_storage,,2018-10-01,2018-10-31,-492.202,GWh,,,primary
electricity/electric-power-operational-data:generation,US,mix,,pumped_storage,,2018-11-01,2018-11-30,-342.707,GWh,,,primary
electricity/electric-power-operational-data:generation,US,mix,,pumped_storage,,2018-12-01,2018-12-31,-522.071,GWh,,,primary
electricity/electric-power-operational-data:generation,US,mix,,pumped_storage,,2019-01-01,2019-01-31,-323.009,GWh,,,primary
electricity/electric-power-operational-data:generation,US,mix,,pumped_storage,,2019-02-01,2019-02-28,-388.719,GWh,,,primary
electricity/electric-power-operational-data:generation,US,mix,,pumped_storage,,2019-03-01,2019-03-31,-408.942,GWh,,,primary
electricity/electric-power-operational-data:generation,US,mix,,pumped_storage,,2019-04-01,2019-04-30,-103.221,GWh,,,primary
electricity/electric-power-operational-data:generation,US,mix,,pumped_storage,,2019-05-01,2019-05-31,-368.281,GWh,,,primary
electricity/electric-power-operational-data:generation,US,mix,,pumped_storage,,2019-06-01,2019-06-30,-385.296,GWh,,,primary
electricity/electric-power-operational-data:generation,US,mix,,pumped_storage,,2019-07-01,2019-07-31,-622.347,GWh,,,primary
electricity/electric-power-operational-data:generation,US,mix,,pumped_storage,,2019-08-01,2019-08-31,-579.012,GWh,,,primary
electricity/electric-power-operational-data:generation,US,mix,,pumped_storage,,2019-09-01,2019-09-30,-671.214,GWh,,,primary
electricity/electric-power-operational-data:generation,US,mix,,pumped_storage,,2019-10-01,2019-10-31,-372.614,GWh,,,primary
electricity/electric-power-operational-data:generation,US,mix,,pumped_storage,,2019-11-01,2019-11-30,-508.775,GWh,,,primary
electricity/electric-power-operational-data:generation,US,mix,,pumped_storage,,2019-12-01,2019-12-31,-529.314,GWh,,,primary
electricity/electric-power-operational-data:generation,US,mix,,pumped_storage,,2020-01-01,2020-01-31,-376.791,GWh,,,primary
electricity/electric-power-operational-data:generation,US,mix,,pumped_storage,,2020-02-01,2020-02-29,-246.677,GWh,,,primary
electricity/electric-power-operational-data:generation,US,mix,,pumped_storage,,2020-03-01,2020-03-31,-353.064,GWh,,,primary
electricity/electric-power-operational-data:generation,US,mix,,pumped_storage,,2020-04-01,2020-04-30,-325.03,GWh,,,primary
electricity/electric-power-operational-data:generation,US,mix,,pumped_storage,,2020-05-01,2020-05-31,-366.733,GWh,,,primary
electricity/electric-power-operational-data:generation,US,mix,,pumped_storage,,2020-06-01,2020-06-30,-498.931,GWh,,,primary
electricity/electric-power-operational-data:generation,US,mix,,pumped_storage,,2020-07-01,2020-07-31,-685.626,GWh,,,primary
electricity/electric-power-operational-data:generation,US,mix,,pumped_storage,,2020-08-01,2020-08-31,-783.638,GWh,,,primary
electricity/electric-power-operational-data:generation,US,mix,,pumped_storage,,2020-09-01,2020-09-30,-524.729,GWh,,,primary
electricity/electric-power-operational-data:generation,US,mix,,pumped_storage,,2020-10-01,2020-10-31,-423.243,GWh,,,primary
electricity/electric-power-operational-data:generation,US,mix,,pumped_storage,,2020-11-01,2020-11-30,-369.222,GWh,,,primary
electricity/electric-power-operational-data:generation,US,mix,,pumped_storage,,2020-12-01,2020-12-31,-367.521,GWh,,,primary
electricity/electric-power-operational-data:generation,US,mix,,pumped_storage,,2021-01-01,2021-01-31,-424.346,GWh,,,primary
electricity/electric-power-operational-data:generation,US,mix,,pumped_storage,,2021-02-01,2021-02-28,-425.07,GWh,,,primary
electricity/electric-power-operational-data:generation,US,mix,,pumped_storage,,2021-03-01,2021-03-31,-235.581,GWh,,,primary
electricity/electric-power-operational-data:generation,US,mix,,pumped_storage,,2021-04-01,2021-04-30,-197.219,GWh,,,primary
electricity/electric-power-operational-data:generation,US,mix,,pumped_storage,,2021-05-01,2021-05-31,-416.186,GWh,,,primary
electricity/electric-power-operational-data:generation,US,mix,,pumped_storage,,2021-06-01,2021-06-30,-375.57,GWh,,,primary
electricity/electric-power-operational-data:generation,US,mix,,pumped_storage,,2021-07-01,2021-07-31,-684.75,GWh,,,primary
electricity/electric-power-operational-data:generation,US,mix,,pumped_storage,,2021-08-01,2021-08-31,-669.751,GWh,,,primary
electricity/electric-power-operational-data:generation,US,mix,,pumped_storage,,2021-09-01,2021-09-30,-433.843,GWh,,,primary
electricity/electric-power-operational-data:generation,US,mix,,pumped_storage,,2021-10-01,2021-10-31,-426.772,GWh,,,primary
electricity/electric-power-operational-data:generation,US,mix,,pumped_storage,,2021-11-01,2021-11-30,-377.48,GWh,,,primary
electricity/electric-power-operational-data:generation,US,mix,,pumped_storage,,2021-12-01,2021-12-31,-445.116,GWh,,,primary
electricity/electric-power-operational-data:generation,US,mix,,pumped_storage,,2022-01-01,2022-01-31,-493.31,GWh,,,primary
electricity/electric-power-operational-data:generation,US,mix,,pumped_storage,,2022-02-01,2022-02-28,-412.258,GWh,,,primary
electricity/electric-power-operational-data:generation,US,mix,,pumped_storage,,2022-03-01,2022-03-31,-317.508,GWh,,,primary
electricity/electric-power-operational-data:generation,US,mix,,pumped_storage,,2022-04-01,2022-04-30,-265.226,GWh,,,primary
electricity/electric-power-operational-data:generation,US,mix,,pumped_storage,,2022-05-01,2022-05-31,-466.746,GWh,,,primary
electricity/electric-power-operational-data:generation,US,mix,,pumped_storage,,2022-06-01,2022-06-30,-589.065,GWh,,,primary
electricity/electric-power-operational-data:generation,US,mix,,pumped_storage,,2022-07-01,2022-07-31,-768.422,GWh,,,primary
electricity/electric-power-operational-data:generation,US,mix,,pumped_storage,,2022-08-01,2022-08-31,-639.609,GWh,,,primary
electricity/electric-power-operational-data:generation,US,mix,,pumped_storage,,2022-09-01,2022-09-30,-597.956,GWh,,,primary
electricity/electric-power-operational-data:generation,US,mix,,pumped_storage,,2022-10-01,2022-10-31,-434.352,GWh,,,primary
electricity/electric-power-operational-data:generation,US,mix,,pumped_storage,,2022-11-01,2022-11-30,-495.12,GWh,,,primary
electricity/electric-power-operational-data:generation,US,mix,,pumped_storage,,2022-12-01,2022-12-31,-548.286,GWh,,,primary
electricity/electric-power-operational-data:generation,US,mix,,pumped_storage,,2023-01-01,2023-01-31,-620.471,GWh,,,primary
electricity/electric-power-operational-data:generation,US,mix,,pumped_storage,,2023-02-01,2023-02-28,-455.809,GWh,,,primary
electricity/electric-power-operational-data:generation,US,mix,,pumped_storage,,2023-03-01,2023-03-31,-519.018,GWh,,,primary
electricity/electric-power-operational-data:generation,US,mix,,pumped_storage,,2023-04-01,2023-04-30,-289.849,GWh,,,primary
electricity/electric-power-operational-data:generation,US,mix,,pumped_storage,,2023-05-01,2023-05-31,-459.1,GWh,,,primary
electricity/electric-power-operational-data:generation,US,mix,,pumped_storage,,2023-06-01,2023-06-30,-551.309,GWh,,,primary
electricity/electric-power-operational-data:generation,US,mix,,pumped_storage,,2023-07-01,2023-07-31,-656.332,GWh,,,primary
electricity/electric-power-operational-data:generation,US,mix,,pumped_storage,,2023-08-01,2023-08-31,-652.994,GWh,,,primary
electricity/electric-power-operational-data:generation,US,mix,,pumped_storage,,2023-09-01,2023-09-30,-552.65,GWh,,,primary
electricity/electric-power-operational-data:generation,US,mix,,pumped_storage,,2023-10-01,2023-10-31,-371.666,GWh,,,primary
electricity/electric-power-operational-data:generation,US,mix,,pumped_storage,,2023-11-01,2023-11-30,-346.938,GWh,,,primary
electricity/electric-power-operational-data:generation,US,mix,,pumped_storage,,2023-12-01,2023-12-31,-513.892,GWh,,,primary
electricity/electric-power-operational-data:generation,US,mix,,pumped_storage,,2024-01-01,2024-01-31,-414.066,GWh,,,primary
electricity/electric-power-operational-data:generation,US,mix,,pumped_storage,,2024-02-01,2024-02-29,-403.751,GWh,,,primary
electricity/electric-power-operational-data:generation,US,mix,,pumped_storage,,2024-03-01,2024-03-31,-348.762,GWh,,,primary
electricity/electric-power-operational-data:generation,US,mix,,pumped_storage,,2024-04-01,2024-04-30,-338.148,GWh,,,primary
electricity/electric-power-operational-data:generation,US,mix,,pumped_storage,,2024-05-01,2024-05-31,-284.096,GWh,,,primary
electricity/electric-power-operational-data:generation,US,mix,,pumped_storage,,2024-06-01,2024-06-30,-578.81,GWh,,,primary
electricity/electric-power-operational-data:generation,US,mix,,pumped_storage,,2024-07-01,2024-07-31,-638.961,GWh,,,primary
electricity/electric-power-operational-data:generation,US,mix,,pumped_storage,,2024-08-01,2024-08-31,-798.265,GWh,,,primary
electricity/electric-power-operational-data:generation,US,mix,,pumped_storage,,2024-09-01,2024-09-30,-637.498,GWh,,,primary
electricity/electric-power-operational-data:generation,US,mix,,pumped_storage,,2024-10-01,2024-10-31,-438.673,GWh,,,primary
electricity/electric-power-operational-data:generation,US,mix,,pumped_storage,,2024-11-01,2024-11-30,-489.545,GWh,,,primary
electricity/electric-power-operational-data:generation,US,mix,,pumped_storage,,2024-12-01,2024-12-31,-481.287,GWh,,,primary
electricity/electric-power-operational-data:generation,US,mix,,pumped_storage,,2025-01-01,2025-01-31,-466.586,GWh,,,primary
electricity/electric-power-operational-data:generation,US,mix,,pumped_storage,,2025-02-01,2025-02-28,-410.242,GWh,,,primary
electricity/electric-power-operational-data:generation,US,mix,,pumped_storage,,2025-03-01,2025-03-31,-398.508,GWh,,,primary
electricity/electric-power-operational-data:generation,US,mix,,pumped_storage,,2025-04-01,2025-04-30,-259.273,GWh,,,primary
electricity/electric-power-operational-data:generation,US,mix,,pumped_storage,,2025-05-01,2025-05-31,-270.527,GWh,,,primary
electricity/electric-power-operational-data:generation,US,mix,,pumped_storage,,2025-06-01,2025-06-30,-419.552,GWh,,,primary
electricity/electric-power-operational-data:generation,US,mix,,pumped_storage,,2025-07-01,2025-07-31,-485.603,GWh,,,primary
electricity/electric-power-operational-data:generation,US,mix,,pumped_storage,,2025-08-01,2025-08-31,-568.009,GWh,,,primary
electricity/electric-power-operational-data:generation,US,mix,,pumped_storage,,2025-09-01,2025-09-30,-456.502,GWh,,,primary
electricity/electric-power-operational-data:generation,US,mix,,pumped_storage,,2025-10-01,2025-10-31,-513.452,GWh,,,primary
electricity/electric-power-operational-data:generation,US,mix,,pumped_storage,,2025-11-01,2025-11-30,-609.976,GWh,,,primary
electricity/electric-power-operational-data:generation,US,mix,,pumped_storage,,2025-12-01,2025-12-31,-462.156,GWh,,,primary
electricity/electric-power-operational-data:generation,US,mix,,pumped_storage,,2026-01-01,2026-01-31,-515.408,GWh,,,primary
electricity/electric-power-operational-data:generation,US,mix,,pumped_storage,,2026-02-01,2026-02-28,-538.871,GWh,,,primary
electricity/electric-power-operational-data:generation,US,mix,,pumped_storage,,2026-03-01,2026-03-31,-591.474,GWh,,,primary
electricity/electric-power-operational-data:generation,US,mix,,pumped_storage,,2026-04-01,2026-04-30,-463.295,GWh,,,primary
electricity/electric-power-operational-data:generation,US,mix,,pumped_storage,,2026-05-01,2026-05-31,-408.782,GWh,,,primary
electricity/electric-power-operational-data:generation,US,mix,,pumped_storage,,2026-06-01,2026-06-30,-467.855,GWh,,,primary
electricity/electric-power-operational-data:generation,US,mix,,pumped_storage,,2026-07-01,2026-07-31,-524.031,GWh,,,primary
electricity/electric-power-operational-data:generation,US,mix,,solar,,2015-01-01,2015-01-31,1155.35063,GWh,,,primary
electricity/electric-power-operational-data:generation,US,mix,,solar,,2015-02-01,2015-02-28,1483.55386,GWh,,,primary
electricity/electric-power-operational-data:generation,US,mix,,solar,,2015-03-01,2015-03-31,2072.25703,GWh,,,primary
electricity/electric-power-operational-data:generation,US,mix,,solar,,2015-04-01,2015-04-30,2379.11811,GWh,,,primary
electricity/electric-power-operational-data:generation,US,mix,,solar,,2015-05-01,2015-05-31,2504.14881,GWh,,,primary
electricity/electric-power-operational-data:generation,US,mix,,solar,,2015-06-01,2015-06-30,2557.5982,GWh,,,primary
electricity/electric-power-operational-data:generation,US,mix,,solar,,2015-07-01,2015-07-31,2627.06355,GWh,,,primary
electricity/electric-power-operational-data:generation,US,mix,,solar,,2015-08-01,2015-08-31,2687.55324,GWh,,,primary
electricity/electric-power-operational-data:generation,US,mix,,solar,,2015-09-01,2015-09-30,2217.1241,GWh,,,primary
electricity/electric-power-operational-data:generation,US,mix,,solar,,2015-10-01,2015-10-31,1909.57979,GWh,,,primary
electricity/electric-power-operational-data:generation,US,mix,,solar,,2015-11-01,2015-11-30,1729.6613,GWh,,,primary
electricity/electric-power-operational-data:generation,US,mix,,solar,,2015-12-01,2015-12-31,1569.89498,GWh,,,primary
electricity/electric-power-operational-data:generation,US,mix,,solar,,2016-01-01,2016-01-31,1485.80182,GWh,,,primary
electricity/electric-power-operational-data:generation,US,mix,,solar,,2016-02-01,2016-02-29,2241.56342,GWh,,,primary
electricity/electric-power-operational-data:generation,US,mix,,solar,,2016-03-01,2016-03-31,2617.45225,GWh,,,primary
electricity/electric-power-operational-data:generation,US,mix,,solar,,2016-04-01,2016-04-30,2879.68187,GWh,,,primary
electricity/electric-power-operational-data:generation,US,mix,,solar,,2016-05-01,2016-05-31,3425.18345,GWh,,,primary
electricity/electric-power-operational-data:generation,US,mix,,solar,,2016-06-01,2016-06-30,3473.49784,GWh,,,primary
electricity/electric-power-operational-data:generation,US,mix,,solar,,2016-07-01,2016-07-31,3944.79289,GWh,,,primary
electricity/electric-power-operational-data:generation,US,mix,,solar,,2016-08-01,2016-08-31,3969.18623,GWh,,,primary
electricity/electric-power-operational-data:generation,US,mix,,solar,,2016-09-01,2016-09-30,3635.06928,GWh,,,primary
electricity/electric-power-operational-data:generation,US,mix,,solar,,2016-10-01,2016-10-31,3191.22418,GWh,,,primary
electricity/electric-power-operational-data:generation,US,mix,,solar,,2016-11-01,2016-11-30,2767.14449,GWh,,,primary
electricity/electric-power-operational-data:generation,US,mix,,solar,,2016-12-01,2016-12-31,2423.52344,GWh,,,primary
electricity/electric-power-operational-data:generation,US,mix,,solar,,2017-01-01,2017-01-31,2323.98616,GWh,,,primary
electricity/electric-power-operational-data:generation,US,mix,,solar,,2017-02-01,2017-02-28,2751.19905,GWh,,,primary
electricity/electric-power-operational-data:generation,US,mix,,solar,,2017-03-01,2017-03-31,4514.08465,GWh,,,primary
electricity/electric-power-operational-data:generation,US,mix,,solar,,2017-04-01,2017-04-30,4906.67802,GWh,,,primary
electricity/electric-power-operational-data:generation,US,mix,,solar,,2017-05-01,2017-05-31,5785.02726,GWh,,,primary
electricity/electric-power-operational-data:generation,US,mix,,solar,,2017-06-01,2017-06-30,6115.379,GWh,,,primary
electricity/electric-power-operational-data:generation,US,mix,,solar,,2017-07-01,2017-07-31,5569.10622,GWh,,,primary
electricity/electric-power-operational-data:generation,US,mix,,solar,,2017-08-01,2017-08-31,5368.53677,GWh,,,primary
electricity/electric-power-operational-data:generation,US,mix,,solar,,2017-09-01,2017-09-30,5059.44137,GWh,,,primary
electricity/electric-power-operational-data:generation,US,mix,,solar,,2017-10-01,2017-10-31,4649.67321,GWh,,,primary
electricity/electric-power-operational-data:generation,US,mix,,solar,,2017-11-01,2017-11-30,3208.74868,GWh,,,primary
electricity/electric-power-operational-data:generation,US,mix,,solar,,2017-12-01,2017-12-31,3035.00469,GWh,,,primary
electricity/electric-power-operational-data:generation,US,mix,,solar,,2018-01-01,2018-01-31,3318.97521,GWh,,,primary
electricity/electric-power-operational-data:generation,US,mix,,solar,,2018-02-01,2018-02-28,3896.41408,GWh,,,primary
electricity/electric-power-operational-data:generation,US,mix,,solar,,2018-03-01,2018-03-31,5056.23832,GWh,,,primary
electricity/electric-power-operational-data:generation,US,mix,,solar,,2018-04-01,2018-04-30,6056.72671,GWh,,,primary
electricity/electric-power-operational-data:generation,US,mix,,solar,,2018-05-01,2018-05-31,6849.01231,GWh,,,primary
electricity/electric-power-operational-data:generation,US,mix,,solar,,2018-06-01,2018-06-30,7414.66701,GWh,,,primary
electricity/electric-power-operational-data:generation,US,mix,,solar,,2018-07-01,2018-07-31,6754.8758,GWh,,,primary
electricity/electric-power-operational-data:generation,US,mix,,solar,,2018-08-01,2018-08-31,6695.40796,GWh,,,primary
electricity/electric-power-operational-data:generation,US,mix,,solar,,2018-09-01,2018-09-30,5960.90148,GWh,,,primary
electricity/electric-power-operational-data:generation,US,mix,,solar,,2018-10-01,2018-10-31,4969.69097,GWh,,,primary
electricity/electric-power-operational-data:generation,US,mix,,solar,,2018-11-01,2018-11-30,3742.76491,GWh,,,primary
electricity/electric-power-operational-data:generation,US,mix,,solar,,2018-12-01,2018-12-31,3109.63979,GWh,,,primary
electricity/electric-power-operational-data:generation,US,mix,,solar,,2019-01-01,2019-01-31,3580.20841,GWh,,,primary
electricity/electric-power-operational-data:generation,US,mix,,solar,,2019-02-01,2019-02-28,3835.77281,GWh,,,primary
electricity/electric-power-operational-data:generation,US,mix,,solar,,2019-03-01,2019-03-31,5898.62563,GWh,,,primary
electricity/electric-power-operational-data:generation,US,mix,,solar,,2019-04-01,2019-04-30,6752.27638,GWh,,,primary
electricity/electric-power-operational-data:generation,US,mix,,solar,,2019-05-01,2019-05-31,7161.89697,GWh,,,primary
electricity/electric-power-operational-data:generation,US,mix,,solar,,2019-06-01,2019-06-30,7971.09298,GWh,,,primary
electricity/electric-power-operational-data:generation,US,mix,,solar,,2019-07-01,2019-07-31,8132.64079,GWh,,,primary
electricity/electric-power-operational-data:generation,US,mix,,solar,,2019-08-01,2019-08-31,7876.55371,GWh,,,primary
electricity/electric-power-operational-data:generation,US,mix,,solar,,2019-09-01,2019-09-30,6817.21992,GWh,,,primary
electricity/electric-power-operational-data:generation,US,mix,,solar,,2019-10-01,2019-10-31,6093.46647,GWh,,,primary
electricity/electric-power-operational-data:generation,US,mix,,solar,,2019-11-01,2019-11-30,4363.99289,GWh,,,primary
electricity/electric-power-operational-data:generation,US,mix,,solar,,2019-12-01,2019-12-31,3453.07527,GWh,,,primary
electricity/electric-power-operational-data:generation,US,mix,,solar,,2020-01-01,2020-01-31,4458.87743,GWh,,,primary
electricity/electric-power-operational-data:generation,US,mix,,solar,,2020-02-01,2020-02-29,5561.4092,GWh,,,primary
electricity/electric-power-operational-data:generation,US,mix,,solar,,2020-03-01,2020-03-31,6349.64464,GWh,,,primary
electricity/electric-power-operational-data:generation,US,mix,,solar,,2020-04-01,2020-04-30,7920.7291,GWh,,,primary
electricity/electric-power-operational-data:generation,US,mix,,solar,,2020-05-01,2020-05-31,9653.40589,GWh,,,primary
electricity/electric-power-operational-data:generation,US,mix,,solar,,2020-06-01,2020-06-30,9654.00577,GWh,,,primary
electricity/electric-power-operational-data:generation,US,mix,,solar,,2020-07-01,2020-07-31,10609.77315,GWh,,,primary
electricity/electric-power-operational-data:generation,US,mix,,solar,,2020-08-01,2020-08-31,9315.42156,GWh,,,primary
electricity/electric-power-operational-data:generation,US,mix,,solar,,2020-09-01,2020-09-30,7732.32157,GWh,,,primary
electricity/electric-power-operational-data:generation,US,mix,,solar,,2020-10-01,2020-10-31,7085.18487,GWh,,,primary
electricity/electric-power-operational-data:generation,US,mix,,solar,,2020-11-01,2020-11-30,5766.51939,GWh,,,primary
electricity/electric-power-operational-data:generation,US,mix,,solar,,2020-12-01,2020-12-31,5091.42256,GWh,,,primary
electricity/electric-power-operational-data:generation,US,mix,,solar,,2021-01-01,2021-01-31,5559.24502,GWh,,,primary
electricity/electric-power-operational-data:generation,US,mix,,solar,,2021-02-01,2021-02-28,6330.40705,GWh,,,primary
electricity/electric-power-operational-data:generation,US,mix,,solar,,2021-03-01,2021-03-31,9296.18165,GWh,,,primary
electricity/electric-power-operational-data:generation,US,mix,,solar,,2021-04-01,2021-04-30,10891.71409,GWh,,,primary
electricity/electric-power-operational-data:generation,US,mix,,solar,,2021-05-01,2021-05-31,12457.16045,GWh,,,primary
electricity/electric-power-operational-data:generation,US,mix,,solar,,2021-06-01,2021-06-30,12196.77663,GWh,,,primary
electricity/electric-power-operational-data:generation,US,mix,,solar,,2021-07-01,2021-07-31,12191.6812,GWh,,,primary
electricity/electric-power-operational-data:generation,US,mix,,solar,,2021-08-01,2021-08-31,11966.82782,GWh,,,primary
electricity/electric-power-operational-data:generation,US,mix,,solar,,2021-09-01,2021-09-30,11214.24963,GWh,,,primary
electricity/electric-power-operational-data:generation,US,mix,,solar,,2021-10-01,2021-10-31,9268.03855,GWh,,,primary
electricity/electric-power-operational-data:generation,US,mix,,solar,,2021-11-01,2021-11-30,7795.101,GWh,,,primary
electricity/electric-power-operational-data:generation,US,mix,,solar,,2021-12-01,2021-12-31,6090.86526,GWh,,,primary
electricity/electric-power-operational-data:generation,US,mix,,solar,,2022-01-01,2022-01-31,7821.62574,GWh,,,primary
electricity/electric-power-operational-data:generation,US,mix,,solar,,2022-02-01,2022-02-28,9026.75939,GWh,,,primary
electricity/electric-power-operational-data:generation,US,mix,,solar,,2022-03-01,2022-03-31,11694.22208,GWh,,,primary
electricity/electric-power-operational-data:generation,US,mix,,solar,,2022-04-01,2022-04-30,13401.63316,GWh,,,primary
electricity/electric-power-operational-data:generation,US,mix,,solar,,2022-05-01,2022-05-31,15120.20823,GWh,,,primary
electricity/electric-power-operational-data:generation,US,mix,,solar,,2022-06-01,2022-06-30,16052.33251,GWh,,,primary
electricity/electric-power-operational-data:generation,US,mix,,solar,,2022-07-01,2022-07-31,15765.47097,GWh,,,primary
electricity/electric-power-operational-data:generation,US,mix,,solar,,2022-08-01,2022-08-31,14502.35057,GWh,,,primary
electricity/electric-power-operational-data:generation,US,mix,,solar,,2022-09-01,2022-09-30,13286.13522,GWh,,,primary
electricity/electric-power-operational-data:generation,US,mix,,solar,,2022-10-01,2022-10-31,11941.50155,GWh,,,primary
electricity/electric-power-operational-data:generation,US,mix,,solar,,2022-11-01,2022-11-30,8402.51271,GWh,,,primary
electricity/electric-power-operational-data:generation,US,mix,,solar,,2022-12-01,2022-12-31,6777.13575,GWh,,,primary
electricity/electric-power-operational-data:generation,US,mix,,solar,,2023-01-01,2023-01-31,7806.04484,GWh,,,primary
electricity/electric-power-operational-data:generation,US,mix,,solar,,2023-02-01,2023-02-28,9434.58761,GWh,,,primary
electricity/electric-power-operational-data:generation,US,mix,,solar,,2023-03-01,2023-03-31,12212.81238,GWh,,,primary
electricity/electric-power-operational-data:generation,US,mix,,solar,,2023-04-01,2023-04-30,15061.64053,GWh,,,primary
electricity/electric-power-operational-data:generation,US,mix,,solar,,2023-05-01,2023-05-31,17281.04775,GWh,,,primary
electricity/electric-power-operational-data:generation,US,mix,,solar,,2023-06-01,2023-06-30,17833.69949,GWh,,,primary
electricity/electric-power-operational-data:generation,US,mix,,solar,,2023-07-01,2023-07-31,18894.31191,GWh,,,primary
electricity/electric-power-operational-data:generation,US,mix,,solar,,2023-08-01,2023-08-31,17744.05054,GWh,,,primary
electricity/electric-power-operational-data:generation,US,mix,,solar,,2023-09-01,2023-09-30,15582.82385,GWh,,,primary
electricity/electric-power-operational-data:generation,US,mix,,solar,,2023-10-01,2023-10-31,14120.71224,GWh,,,primary
electricity/electric-power-operational-data:generation,US,mix,,solar,,2023-11-01,2023-11-30,10446.11045,GWh,,,primary
electricity/electric-power-operational-data:generation,US,mix,,solar,,2023-12-01,2023-12-31,9112.50704,GWh,,,primary
electricity/electric-power-operational-data:generation,US,mix,,solar,,2024-01-01,2024-01-31,9582.86224,GWh,,,primary
electricity/electric-power-operational-data:generation,US,mix,,solar,,2024-02-01,2024-02-29,12539.97904,GWh,,,primary
electricity/electric-power-operational-data:generation,US,mix,,solar,,2024-03-01,2024-03-31,16019.11004,GWh,,,primary
electricity/electric-power-operational-data:generation,US,mix,,solar,,2024-04-01,2024-04-30,19241.07812,GWh,,,primary
electricity/electric-power-operational-data:generation,US,mix,,solar,,2024-05-01,2024-05-31,22371.39681,GWh,,,primary
electricity/electric-power-operational-data:generation,US,mix,,solar,,2024-06-01,2024-06-30,24459.01208,GWh,,,primary
electricity/electric-power-operational-data:generation,US,mix,,solar,,2024-07-01,2024-07-31,24483.76719,GWh,,,primary
electricity/electric-power-operational-data:generation,US,mix,,solar,,2024-08-01,2024-08-31,24328.47237,GWh,,,primary
electricity/electric-power-operational-data:generation,US,mix,,solar,,2024-09-01,2024-09-30,20538.23689,GWh,,,primary
electricity/electric-power-operational-data:generation,US,mix,,solar,,2024-10-01,2024-10-31,19827.72832,GWh,,,primary
electricity/electric-power-operational-data:generation,US,mix,,solar,,2024-11-01,2024-11-30,13841.32269,GWh,,,primary
electricity/electric-power-operational-data:generation,US,mix,,solar,,2024-12-01,2024-12-31,12600.94721,GWh,,,primary
electricity/electric-power-operational-data:generation,US,mix,,solar,,2025-01-01,2025-01-31,15453.50225,GWh,,,primary
electricity/electric-power-operational-data:generation,US,mix,,solar,,2025-02-01,2025-02-28,16447.52148,GWh,,,primary
electricity/electric-power-operational-data:generation,US,mix,,solar,,2025-03-01,2025-03-31,23238.21298,GWh,,,primary
electricity/electric-power-operational-data:generation,US,mix,,solar,,2025-04-01,2025-04-30,26780.55356,GWh,,,primary
electricity/electric-power-operational-data:generation,US,mix,,solar,,2025-05-01,2025-05-31,29745.58012,GWh,,,primary
electricity/electric-power-operational-data:generation,US,mix,,solar,,2025-06-01,2025-06-30,32034.3487,GWh,,,primary
electricity/electric-power-operational-data:generation,US,mix,,solar,,2025-07-01,2025-07-31,33424.09826,GWh,,,primary
electricity/electric-power-operational-data:generation,US,mix,,solar,,2025-08-01,2025-08-31,31808.7276,GWh,,,primary
electricity/electric-power-operational-data:generation,US,mix,,solar,,2025-09-01,2025-09-30,28148.93634,GWh,,,primary
electricity/electric-power-operational-data:generation,US,mix,,solar,,2025-10-01,2025-10-31,24605.45848,GWh,,,primary
electricity/electric-power-operational-data:generation,US,mix,,solar,,2025-11-01,2025-11-30,18592.06613,GWh,,,primary
electricity/electric-power-operational-data:generation,US,mix,,solar,,2025-12-01,2025-12-31,15392.37657,GWh,,,primary
electricity/electric-power-operational-data:generation,US,mix,,solar,,2026-01-01,2026-01-31,17985.2547,GWh,,,primary
electricity/electric-power-operational-data:generation,US,mix,,solar,,2026-02-01,2026-02-28,21305.14889,GWh,,,primary
electricity/electric-power-operational-data:generation,US,mix,,solar,,2026-03-01,2026-03-31,29000.43073,GWh,,,primary
electricity/electric-power-operational-data:generation,US,mix,,solar,,2026-04-01,2026-04-30,31103.65179,GWh,,,primary
electricity/electric-power-operational-data:generation,US,mix,,solar,,2026-05-01,2026-05-31,36418.41974,GWh,,,primary
electricity/electric-power-operational-data:generation,US,mix,,solar,,2026-06-01,2026-06-30,38923.39246,GWh,,,primary
electricity/electric-power-operational-data:generation,US,mix,,solar,,2026-07-01,2026-07-31,41411.7763,GWh,,,primary
electricity/electric-power-operational-data:generation,US,mix,,total,,2015-01-01,2015-01-31,360452.84324,GWh,,,primary
electricity/electric-power-operational-data:generation,US,mix,,total,,2015-02-01,2015-02-28,334595.61098,GWh,,,primary
electricity/electric-power-operational-data:generation,US,mix,,total,,2015-03-01,2015-03-31,324313.51714,GWh,,,primary
electricity/electric-power-operational-data:generation,US,mix,,total,,2015-04-01,2015-04-30,294177.18729,GWh,,,primary
electricity/electric-power-operational-data:generation,US,mix,,total,,2015-05-01,2015-05-31,322189.10137,GWh,,,primary
electricity/electric-power-operational-data:generation,US,mix,,total,,2015-06-01,2015-06-30,362493.0664,GWh,,,primary
electricity/electric-power-operational-data:generation,US,mix,,total,,2015-07-01,2015-07-31,400534.56759,GWh,,,primary
electricity/electric-power-operational-data:generation,US,mix,,total,,2015-08-01,2015-08-31,392241.71845,GWh,,,primary
electricity/electric-power-operational-data:generation,US,mix,,total,,2015-09-01,2015-09-30,350190.22629,GWh,,,primary
electricity/electric-power-operational-data:generation,US,mix,,total,,2015-10-01,2015-10-31,312210.41568,GWh,,,primary
electricity/electric-power-operational-data:generation,US,mix,,total,,2015-11-01,2015-11-30,300779.39425,GWh,,,primary
electricity/electric-power-operational-data:generation,US,mix,,total,,2015-12-01,2015-12-31,324536.1236,GWh,,,primary
electricity/electric-power-operational-data:generation,US,mix,,total,,2016-01-01,2016-01-31,352713.71943,GWh,,,primary
electricity/electric-power-operational-data:generation,US,mix,,total,,2016-02-01,2016-02-29,313816.4003,GWh,,,primary
electricity/electric-power-operational-data:generation,US,mix,,total,,2016-03-01,2016-03-31,304427.42189,GWh,,,primary
electricity/electric-power-operational-data:generation,US,mix,,total,,2016-04-01,2016-04-30,292986.59764,GWh,,,primary
electricity/electric-power-operational-data:generation,US,mix,,total,,2016-05-01,2016-05-31,316866.99237,GWh,,,primary
electricity/electric-power-operational-data:generation,US,mix,,total,,2016-06-01,2016-06-30,367903.54176,GWh,,,primary
electricity/electric-power-operational-data:generation,US,mix,,total,,2016-07-01,2016-07-31,412043.3651,GWh,,,primary
electricity/electric-power-operational-data:generation,US,mix,,total,,2016-08-01,2016-08-31,409861.38602,GWh,,,primary
electricity/electric-power-operational-data:generation,US,mix,,total,,2016-09-01,2016-09-30,351560.04384,GWh,,,primary
electricity/electric-power-operational-data:generation,US,mix,,total,,2016-10-01,2016-10-31,312939.72788,GWh,,,primary
electricity/electric-power-operational-data:generation,US,mix,,total,,2016-11-01,2016-11-30,297065.26075,GWh,,,primary
electricity/electric-power-operational-data:generation,US,mix,,total,,2016-12-01,2016-12-31,345389.34354,GWh,,,primary
electricity/electric-power-operational-data:generation,US,mix,,total,,2017-01-01,2017-01-31,344413.96966,GWh,,,primary
electricity/electric-power-operational-data:generation,US,mix,,total,,2017-02-01,2017-02-28,291112.63811,GWh,,,primary
electricity/electric-power-operational-data:generation,US,mix,,total,,2017-03-01,2017-03-31,319469.28011,GWh,,,primary
electricity/electric-power-operational-data:generation,US,mix,,total,,2017-04-01,2017-04-30,295461.51816,GWh,,,primary
electricity/electric-power-operational-data:generation,US,mix,,total,,2017-05-01,2017-05-31,323494.02168,GWh,,,primary
electricity/electric-power-operational-data:generation,US,mix,,total,,2017-06-01,2017-06-30,358630.10216,GWh,,,primary
electricity/electric-power-operational-data:generation,US,mix,,total,,2017-07-01,2017-07-31,404537.00981,GWh,,,primary
electricity/electric-power-operational-data:generation,US,mix,,total,,2017-08-01,2017-08-31,384837.27633,GWh,,,primary
electricity/electric-power-operational-data:generation,US,mix,,total,,2017-09-01,2017-09-30,336003.83612,GWh,,,primary
electricity/electric-power-operational-data:generation,US,mix,,total,,2017-10-01,2017-10-31,318731.20109,GWh,,,primary
electricity/electric-power-operational-data:generation,US,mix,,total,,2017-11-01,2017-11-30,308188.6823,GWh,,,primary
electricity/electric-power-operational-data:generation,US,mix,,total,,2017-12-01,2017-12-31,350563.35929,GWh,,,primary
electricity/electric-power-operational-data:generation,US,mix,,total,,2018-01-01,2018-01-31,373379.35268,GWh,,,primary
electricity/electric-power-operational-data:generation,US,mix,,total,,2018-02-01,2018-02-28,307057.65745,GWh,,,primary
electricity/electric-power-operational-data:generation,US,mix,,total,,2018-03-01,2018-03-31,321765.18971,GWh,,,primary
electricity/electric-power-operational-data:generation,US,mix,,total,,2018-04-01,2018-04-30,301056.94542,GWh,,,primary
electricity/electric-power-operational-data:generation,US,mix,,total,,2018-05-01,2018-05-31,339228.26158,GWh,,,primary
electricity/electric-power-operational-data:generation,US,mix,,total,,2018-06-01,2018-06-30,372145.08425,GWh,,,primary
electricity/electric-power-operational-data:generation,US,mix,,total,,2018-07-01,2018-07-31,411616.68565,GWh,,,primary
electricity/electric-power-operational-data:generation,US,mix,,total,,2018-08-01,2018-08-31,408352.1497,GWh,,,primary
electricity/electric-power-operational-data:generation,US,mix,,total,,2018-09-01,2018-09-30,356557.95968,GWh,,,primary
electricity/electric-power-operational-data:generation,US,mix,,total,,2018-10-01,2018-10-31,325070.15013,GWh,,,primary
electricity/electric-power-operational-data:generation,US,mix,,total,,2018-11-01,2018-11-30,322466.03384,GWh,,,primary
electricity/electric-power-operational-data:generation,US,mix,,total,,2018-12-01,2018-12-31,342292.23263,GWh,,,primary
electricity/electric-power-operational-data:generation,US,mix,,total,,2019-01-01,2019-01-31,359728.83511,GWh,,,primary
electricity/electric-power-operational-data:generation,US,mix,,total,,2019-02-01,2019-02-28,315281.73224,GWh,,,primary
electricity/electric-power-operational-data:generation,US,mix,,total,,2019-03-01,2019-03-31,326903.25259,GWh,,,primary
electricity/electric-power-operational-data:generation,US,mix,,total,,2019-04-01,2019-04-30,296952.61144,GWh,,,primary
electricity/electric-power-operational-data:generation,US,mix,,total,,2019-05-01,2019-05-31,330660.82267,GWh,,,primary
electricity/electric-power-operational-data:generation,US,mix,,total,,2019-06-01,2019-06-30,353239.3549,GWh,,,primary
electricity/electric-power-operational-data:generation,US,mix,,total,,2019-07-01,2019-07-31,410364.89139,GWh,,,primary
electricity/electric-power-operational-data:generation,US,mix,,total,,2019-08-01,2019-08-31,401731.65456,GWh,,,primary
electricity/electric-power-operational-data:generation,US,mix,,total,,2019-09-01,2019-09-30,360759.56925,GWh,,,primary
electricity/electric-power-operational-data:generation,US,mix,,total,,2019-10-01,2019-10-31,320517.64482,GWh,,,primary
electricity/electric-power-operational-data:generation,US,mix,,total,,2019-11-01,2019-11-30,315897.35204,GWh,,,primary
electricity/electric-power-operational-data:generation,US,mix,,total,,2019-12-01,2019-12-31,338536.1584,GWh,,,primary
electricity/electric-power-operational-data:generation,US,mix,,total,,2020-01-01,2020-01-31,342019.10952,GWh,,,primary
electricity/electric-power-operational-data:generation,US,mix,,total,,2020-02-01,2020-02-29,319698.10627,GWh,,,primary
electricity/electric-power-operational-data:generation,US,mix,,total,,2020-03-01,2020-03-31,309869.69613,GWh,,,primary
electricity/electric-power-operational-data:generation,US,mix,,total,,2020-04-01,2020-04-30,279846.21376,GWh,,,primary
electricity/electric-power-operational-data:generation,US,mix,,total,,2020-05-01,2020-05-31,304836.8258,GWh,,,primary
electricity/electric-power-operational-data:generation,US,mix,,total,,2020-06-01,2020-06-30,351967.18981,GWh,,,primary
electricity/electric-power-operational-data:generation,US,mix,,total,,2020-07-01,2020-07-31,409871.25996,GWh,,,primary
electricity/electric-power-operational-data:generation,US,mix,,total,,2020-08-01,2020-08-31,398535.59244,GWh,,,primary
electricity/electric-power-operational-data:generation,US,mix,,total,,2020-09-01,2020-09-30,333493.03669,GWh,,,primary
electricity/electric-power-operational-data:generation,US,mix,,total,,2020-10-01,2020-10-31,313703.43883,GWh,,,primary
electricity/electric-power-operational-data:generation,US,mix,,total,,2020-11-01,2020-11-30,301402.9637,GWh,,,primary
electricity/electric-power-operational-data:generation,US,mix,,total,,2020-12-01,2020-12-31,344523.41279,GWh,,,primary
electricity/electric-power-operational-data:generation,US,mix,,total,,2021-01-01,2021-01-31,349209.70891,GWh,,,primary
electricity/electric-power-operational-data:generation,US,mix,,total,,2021-02-01,2021-02-28,323899.52894,GWh,,,primary
electricity/electric-power-operational-data:generation,US,mix,,total,,2021-03-01,2021-03-31,311397.27585,GWh,,,primary
electricity/electric-power-operational-data:generation,US,mix,,total,,2021-04-01,2021-04-30,293307.94443,GWh,,,primary
electricity/electric-power-operational-data:generation,US,mix,,total,,2021-05-01,2021-05-31,320180.96143,GWh,,,primary
electricity/electric-power-operational-data:generation,US,mix,,total,,2021-06-01,2021-06-30,373856.47762,GWh,,,primary
electricity/electric-power-operational-data:generation,US,mix,,total,,2021-07-01,2021-07-31,405624.09062,GWh,,,primary
electricity/electric-power-operational-data:generation,US,mix,,total,,2021-08-01,2021-08-31,412864.76753,GWh,,,primary
electricity/electric-power-operational-data:generation,US,mix,,total,,2021-09-01,2021-09-30,347743.77489,GWh,,,primary
electricity/electric-power-operational-data:generation,US,mix,,total,,2021-10-01,2021-10-31,320201.77808,GWh,,,primary
electricity/electric-power-operational-data:generation,US,mix,,total,,2021-11-01,2021-11-30,314309.52061,GWh,,,primary
electricity/electric-power-operational-data:generation,US,mix,,total,,2021-12-01,2021-12-31,337103.56092,GWh,,,primary
electricity/electric-power-operational-data:generation,US,mix,,total,,2022-01-01,2022-01-31,373765.70458,GWh,,,primary
electricity/electric-power-operational-data:generation,US,mix,,total,,2022-02-01,2022-02-28,324310.77193,GWh,,,primary
electricity/electric-power-operational-data:generation,US,mix,,total,,2022-03-01,2022-03-31,324530.48058,GWh,,,primary
electricity/electric-power-operational-data:generation,US,mix,,total,,2022-04-01,2022-04-30,303993.64888,GWh,,,primary
electricity/electric-power-operational-data:generation,US,mix,,total,,2022-05-01,2022-05-31,342183.64215,GWh,,,primary
electricity/electric-power-operational-data:generation,US,mix,,total,,2022-06-01,2022-06-30,379133.82357,GWh,,,primary
electricity/electric-power-operational-data:generation,US,mix,,total,,2022-07-01,2022-07-31,422974.98247,GWh,,,primary
electricity/electric-power-operational-data:generation,US,mix,,total,,2022-08-01,2022-08-31,412133.19484,GWh,,,primary
electricity/electric-power-operational-data:generation,US,mix,,total,,2022-09-01,2022-09-30,351654.94444,GWh,,,primary
electricity/electric-power-operational-data:generation,US,mix,,total,,2022-10-01,2022-10-31,313948.99137,GWh,,,primary
electricity/electric-power-operational-data:generation,US,mix,,total,,2022-11-01,2022-11-30,321780.34697,GWh,,,primary
electricity/electric-power-operational-data:generation,US,mix,,total,,2022-12-01,2022-12-31,360257.03143,GWh,,,primary
electricity/electric-power-operational-data:generation,US,mix,,total,,2023-01-01,2023-01-31,347950.30181,GWh,,,primary
electricity/electric-power-operational-data:generation,US,mix,,total,,2023-02-01,2023-02-28,310921.67662,GWh,,,primary
electricity/electric-power-operational-data:generation,US,mix,,total,,2023-03-01,2023-03-31,331704.47229,GWh,,,primary
electricity/electric-power-operational-data:generation,US,mix,,total,,2023-04-01,2023-04-30,301903.18038,GWh,,,primary
electricity/electric-power-operational-data:generation,US,mix,,total,,2023-05-01,2023-05-31,327473.93908,GWh,,,primary
electricity/electric-power-operational-data:generation,US,mix,,total,,2023-06-01,2023-06-30,359233.62938,GWh,,,primary
electricity/electric-power-operational-data:generation,US,mix,,total,,2023-07-01,2023-07-31,425454.53117,GWh,,,primary
electricity/electric-power-operational-data:generation,US,mix,,total,,2023-08-01,2023-08-31,422904.5213,GWh,,,primary
electricity/electric-power-operational-data:generation,US,mix,,total,,2023-09-01,2023-09-30,360489.55795,GWh,,,primary
electricity/electric-power-operational-data:generation,US,mix,,total,,2023-10-01,2023-10-31,326718.29157,GWh,,,primary
electricity/electric-power-operational-data:generation,US,mix,,total,,2023-11-01,2023-11-30,320784.75898,GWh,,,primary
electricity/electric-power-operational-data:generation,US,mix,,total,,2023-12-01,2023-12-31,347731.61847,GWh,,,primary
electricity/electric-power-operational-data:generation,US,mix,,total,,2024-01-01,2024-01-31,381121.90134,GWh,,,primary
electricity/electric-power-operational-data:generation,US,mix,,total,,2024-02-01,2024-02-29,322214.35031,GWh,,,primary
electricity/electric-power-operational-data:generation,US,mix,,total,,2024-03-01,2024-03-31,324938.09919,GWh,,,primary
electricity/electric-power-operational-data:generation,US,mix,,total,,2024-04-01,2024-04-30,310779.62346,GWh,,,primary
electricity/electric-power-operational-data:generation,US,mix,,total,,2024-05-01,2024-05-31,348485.15773,GWh,,,primary
electricity/electric-power-operational-data:generation,US,mix,,total,,2024-06-01,2024-06-30,391631.98811,GWh,,,primary
electricity/electric-power-operational-data:generation,US,mix,,total,,2024-07-01,2024-07-31,429316.64107,GWh,,,primary
electricity/electric-power-operational-data:generation,US,mix,,total,,2024-08-01,2024-08-31,423126.9238,GWh,,,primary
electricity/electric-power-operational-data:generation,US,mix,,total,,2024-09-01,2024-09-30,359396.57136,GWh,,,primary
electricity/electric-power-operational-data:generation,US,mix,,total,,2024-10-01,2024-10-31,333980.11831,GWh,,,primary
electricity/electric-power-operational-data:generation,US,mix,,total,,2024-11-01,2024-11-30,322350.87087,GWh,,,primary
electricity/electric-power-operational-data:generation,US,mix,,total,,2024-12-01,2024-12-31,361292.05161,GWh,,,primary
electricity/electric-power-operational-data:generation,US,mix,,total,,2025-01-01,2025-01-31,402345.40122,GWh,,,primary
electricity/electric-power-operational-data:generation,US,mix,,total,,2025-02-01,2025-02-28,338591.66991,GWh,,,primary
electricity/electric-power-operational-data:generation,US,mix,,total,,2025-03-01,2025-03-31,333628.94265,GWh,,,primary
electricity/electric-power-operational-data:generation,US,mix,,total,,2025-04-01,2025-04-30,320477.90475,GWh,,,primary
electricity/electric-power-operational-data:generation,US,mix,,total,,2025-05-01,2025-05-31,344033.96501,GWh,,,primary
electricity/electric-power-operational-data:generation,US,mix,,total,,2025-06-01,2025-06-30,393284.83316,GWh,,,primary
electricity/electric-power-operational-data:generation,US,mix,,total,,2025-07-01,2025-07-31,446319.52576,GWh,,,primary
electricity/electric-power-operational-data:generation,US,mix,,total,,2025-08-01,2025-08-31,420241.83475,GWh,,,primary
electricity/electric-power-operational-data:generation,US,mix,,total,,2025-09-01,2025-09-30,368144.84419,GWh,,,primary
electricity/electric-power-operational-data:generation,US,mix,,total,,2025-10-01,2025-10-31,345253.27074,GWh,,,primary
electricity/electric-power-operational-data:generation,US,mix,,total,,2025-11-01,2025-11-30,334985.60344,GWh,,,primary
electricity/electric-power-operational-data:generation,US,mix,,total,,2025-12-01,2025-12-31,382193.80755,GWh,,,primary
electricity/electric-power-operational-data:generation,US,mix,,total,,2026-01-01,2026-01-31,399529.18195,GWh,,,primary
electricity/electric-power-operational-data:generation,US,mix,,total,,2026-02-01,2026-02-28,342800.61492,GWh,,,primary
electricity/electric-power-operational-data:generation,US,mix,,total,,2026-03-01,2026-03-31,348756.32952,GWh,,,primary
electricity/electric-power-operational-data:generation,US,mix,,total,,2026-04-01,2026-04-30,330706.51949,GWh,,,primary
electricity/electric-power-operational-data:generation,US,mix,,total,,2026-05-01,2026-05-31,354690.52571,GWh,,,primary
electricity/electric-power-operational-data:generation,US,mix,,total,,2026-06-01,2026-06-30,399671.28516,GWh,,,primary
electricity/electric-power-operational-data:generation,US,mix,,total,,2026-07-01,2026-07-31,453744.39758,GWh,,,primary
electricity/electric-power-operational-data:generation,US,mix,,wind,,2015-01-01,2015-01-31,15162.14633,GWh,,,primary
electricity/electric-power-operational-data:generation,US,mix,,wind,,2015-02-01,2015-02-28,14921.54534,GWh,,,primary
electricity/electric-power-operational-data:generation,US,mix,,wind,,2015-03-01,2015-03-31,15307.92894,GWh,,,primary
electricity/electric-power-operational-data:generation,US,mix,,wind,,2015-04-01,2015-04-30,17867.14921,GWh,,,primary
electricity/electric-power-operational-data:generation,US,mix,,wind,,2015-05-01,2015-05-31,17151.34131,GWh,,,primary
electricity/electric-power-operational-data:generation,US,mix,,wind,,2015-06-01,2015-06-30,13421.26619,GWh,,,primary
electricity/electric-power-operational-data:generation,US,mix,,wind,,2015-07-01,2015-07-31,13675.44937,GWh,,,primary
electricity/electric-power-operational-data:generation,US,mix,,wind,,2015-08-01,2015-08-31,13080.02756,GWh,,,primary
electricity/electric-power-operational-data:generation,US,mix,,wind,,2015-09-01,2015-09-30,13971.56651,GWh,,,primary
electricity/electric-power-operational-data:generation,US,mix,,wind,,2015-10-01,2015-10-31,16380.03853,GWh,,,primary
electricity/electric-power-operational-data:generation,US,mix,,wind,,2015-11-01,2015-11-30,19681.71564,GWh,,,primary
electricity/electric-power-operational-data:generation,US,mix,,wind,,2015-12-01,2015-12-31,20098.37277,GWh,,,primary
electricity/electric-power-operational-data:generation,US,mix,,wind,,2016-01-01,2016-01-31,18466.40151,GWh,,,primary
electricity/electric-power-operational-data:generation,US,mix,,wind,,2016-02-01,2016-02-29,20138.2278,GWh,,,primary
electricity/electric-power-operational-data:generation,US,mix,,wind,,2016-03-01,2016-03-31,21939.40933,GWh,,,primary
electricity/electric-power-operational-data:generation,US,mix,,wind,,2016-04-01,2016-04-30,20799.30345,GWh,,,primary
electricity/electric-power-operational-data:generation,US,mix,,wind,,2016-05-01,2016-05-31,18847.89867,GWh,,,primary
electricity/electric-power-operational-data:generation,US,mix,,wind,,2016-06-01,2016-06-30,16303.4413,GWh,,,primary
electricity/electric-power-operational-data:generation,US,mix,,wind,,2016-07-01,2016-07-31,17618.35712,GWh,,,primary
electricity/electric-power-operational-data:generation,US,mix,,wind,,2016-08-01,2016-08-31,13589.32615,GWh,,,primary
electricity/electric-power-operational-data:generation,US,mix,,wind,,2016-09-01,2016-09-30,16403.64017,GWh,,,primary
electricity/electric-power-operational-data:generation,US,mix,,wind,,2016-10-01,2016-10-31,20335.38978,GWh,,,primary
electricity/electric-power-operational-data:generation,US,mix,,wind,,2016-11-01,2016-11-30,19405.64211,GWh,,,primary
electricity/electric-power-operational-data:generation,US,mix,,wind,,2016-12-01,2016-12-31,23145.52474,GWh,,,primary
electricity/electric-power-operational-data:generation,US,mix,,wind,,2017-01-01,2017-01-31,20798.77101,GWh,,,primary
electricity/electric-power-operational-data:generation,US,mix,,wind,,2017-02-01,2017-02-28,22091.10927,GWh,,,primary
electricity/electric-power-operational-data:generation,US,mix,,wind,,2017-03-01,2017-03-31,25730.61672,GWh,,,primary
electricity/electric-power-operational-data:generation,US,mix,,wind,,2017-04-01,2017-04-30,25377.94296,GWh,,,primary
electricity/electric-power-operational-data:generation,US,mix,,wind,,2017-05-01,2017-05-31,23067.63856,GWh,,,primary
electricity/electric-power-operational-data:generation,US,mix,,wind,,2017-06-01,2017-06-30,20141.74696,GWh,,,primary
electricity/electric-power-operational-data:generation,US,mix,,wind,,2017-07-01,2017-07-31,16119.99604,GWh,,,primary
electricity/electric-power-operational-data:generation,US,mix,,wind,,2017-08-01,2017-08-31,13878.84827,GWh,,,primary
electricity/electric-power-operational-data:generation,US,mix,,wind,,2017-09-01,2017-09-30,17911.77474,GWh,,,primary
electricity/electric-power-operational-data:generation,US,mix,,wind,,2017-10-01,2017-10-31,24368.70291,GWh,,,primary
electricity/electric-power-operational-data:generation,US,mix,,wind,,2017-11-01,2017-11-30,22614.8668,GWh,,,primary
electricity/electric-power-operational-data:generation,US,mix,,wind,,2017-12-01,2017-12-31,22200.68098,GWh,,,primary
electricity/electric-power-operational-data:generation,US,mix,,wind,,2018-01-01,2018-01-31,25598.8222,GWh,,,primary
electricity/electric-power-operational-data:generation,US,mix,,wind,,2018-02-01,2018-02-28,23189.48924,GWh,,,primary
electricity/electric-power-operational-data:generation,US,mix,,wind,,2018-03-01,2018-03-31,26463.70391,GWh,,,primary
electricity/electric-power-operational-data:generation,US,mix,,wind,,2018-04-01,2018-04-30,26430.85718,GWh,,,primary
electricity/electric-power-operational-data:generation,US,mix,,wind,,2018-05-01,2018-05-31,23953.12766,GWh,,,primary
electricity/electric-power-operational-data:generation,US,mix,,wind,,2018-06-01,2018-06-30,24702.85593,GWh,,,primary
electricity/electric-power-operational-data:generation,US,mix,,wind,,2018-07-01,2018-07-31,16446.57439,GWh,,,primary
electricity/electric-power-operational-data:generation,US,mix,,wind,,2018-08-01,2018-08-31,19846.43699,GWh,,,primary
electricity/electric-power-operational-data:generation,US,mix,,wind,,2018-09-01,2018-09-30,18519.67063,GWh,,,primary
electricity/electric-power-operational-data:generation,US,mix,,wind,,2018-10-01,2018-10-31,21193.89801,GWh,,,primary
electricity/electric-power-operational-data:generation,US,mix,,wind,,2018-11-01,2018-11-30,22015.7339,GWh,,,primary
electricity/electric-power-operational-data:generation,US,mix,,wind,,2018-12-01,2018-12-31,24306.28369,GWh,,,primary
electricity/electric-power-operational-data:generation,US,mix,,wind,,2019-01-01,2019-01-31,24301.4495,GWh,,,primary
electricity/electric-power-operational-data:generation,US,mix,,wind,,2019-02-01,2019-02-28,22622.75342,GWh,,,primary
electricity/electric-power-operational-data:generation,US,mix,,wind,,2019-03-01,2019-03-31,25772.67842,GWh,,,primary
electricity/electric-power-operational-data:generation,US,mix,,wind,,2019-04-01,2019-04-30,28915.30603,GWh,,,primary
electricity/electric-power-operational-data:generation,US,mix,,wind,,2019-05-01,2019-05-31,25779.38696,GWh,,,primary
electricity/electric-power-operational-data:generation,US,mix,,wind,,2019-06-01,2019-06-30,22445.97049,GWh,,,primary
electricity/electric-power-operational-data:generation,US,mix,,wind,,2019-07-01,2019-07-31,22100.72207,GWh,,,primary
electricity/electric-power-operational-data:generation,US,mix,,wind,,2019-08-01,2019-08-31,19978.03073,GWh,,,primary
electricity/electric-power-operational-data:generation,US,mix,,wind,,2019-09-01,2019-09-30,24513.46786,GWh,,,primary
electricity/electric-power-operational-data:generation,US,mix,,wind,,2019-10-01,2019-10-31,27624.5193,GWh,,,primary
electricity/electric-power-operational-data:generation,US,mix,,wind,,2019-11-01,2019-11-30,25184.35888,GWh,,,primary
electricity/electric-power-operational-data:generation,US,mix,,wind,,2019-12-01,2019-12-31,26643.83983,GWh,,,primary
electricity/electric-power-operational-data:generation,US,mix,,wind,,2020-01-01,2020-01-31,28121.41138,GWh,,,primary
electricity/electric-power-operational-data:generation,US,mix,,wind,,2020-02-01,2020-02-29,29110.49454,GWh,,,primary
electricity/electric-power-operational-data:generation,US,mix,,wind,,2020-03-01,2020-03-31,29319.78293,GWh,,,primary
electricity/electric-power-operational-data:generation,US,mix,,wind,,2020-04-01,2020-04-30,29752.22898,GWh,,,primary
electricity/electric-power-operational-data:generation,US,mix,,wind,,2020-05-01,2020-05-31,28377.50536,GWh,,,primary
electricity/electric-power-operational-data:generation,US,mix,,wind,,2020-06-01,2020-06-30,30212.40523,GWh,,,primary
electricity/electric-power-operational-data:generation,US,mix,,wind,,2020-07-01,2020-07-31,22866.19821,GWh,,,primary
electricity/electric-power-operational-data:generation,US,mix,,wind,,2020-08-01,2020-08-31,23029.3319,GWh,,,primary
electricity/electric-power-operational-data:generation,US,mix,,wind,,2020-09-01,2020-09-30,23185.97755,GWh,,,primary
electricity/electric-power-operational-data:generation,US,mix,,wind,,2020-10-01,2020-10-31,28822.66268,GWh,,,primary
electricity/electric-power-operational-data:generation,US,mix,,wind,,2020-11-01,2020-11-30,33129.4051,GWh,,,primary
electricity/electric-power-operational-data:generation,US,mix,,wind,,2020-12-01,2020-12-31,32010.64517,GWh,,,primary
electricity/electric-power-operational-data:generation,US,mix,,wind,,2021-01-01,2021-01-31,30060.4714,GWh,,,primary
electricity/electric-power-operational-data:generation,US,mix,,wind,,2021-02-01,2021-02-28,26715.50092,GWh,,,primary
electricity/electric-power-operational-data:generation,US,mix,,wind,,2021-03-01,2021-03-31,39205.24802,GWh,,,primary
electricity/electric-power-operational-data:generation,US,mix,,wind,,2021-04-01,2021-04-30,36157.80676,GWh,,,primary
electricity/electric-power-operational-data:generation,US,mix,,wind,,2021-05-01,2021-05-31,33786.50791,GWh,,,primary
electricity/electric-power-operational-data:generation,US,mix,,wind,,2021-06-01,2021-06-30,26671.53368,GWh,,,primary
electricity/electric-power-operational-data:generation,US,mix,,wind,,2021-07-01,2021-07-31,21715.55151,GWh,,,primary
electricity/electric-power-operational-data:generation,US,mix,,wind,,2021-08-01,2021-08-31,27071.12204,GWh,,,primary
electricity/electric-power-operational-data:generation,US,mix,,wind,,2021-09-01,2021-09-30,28997.8029,GWh,,,primary
electricity/electric-power-operational-data:generation,US,mix,,wind,,2021-10-01,2021-10-31,32215.11144,GWh,,,primary
electricity/electric-power-operational-data:generation,US,mix,,wind,,2021-11-01,2021-11-30,35751.09063,GWh,,,primary
electricity/electric-power-operational-data:generation,US,mix,,wind,,2021-12-01,2021-12-31,39849.02762,GWh,,,primary
electricity/electric-power-operational-data:generation,US,mix,,wind,,2022-01-01,2022-01-31,37416.32051,GWh,,,primary
electricity/electric-power-operational-data:generation,US,mix,,wind,,2022-02-01,2022-02-28,37644.62607,GWh,,,primary
electricity/electric-power-operational-data:generation,US,mix,,wind,,2022-03-01,2022-03-31,43030.54797,GWh,,,primary
electricity/electric-power-operational-data:generation,US,mix,,wind,,2022-04-01,2022-04-30,46167.09477,GWh,,,primary
electricity/electric-power-operational-data:generation,US,mix,,wind,,2022-05-01,2022-05-31,42123.69758,GWh,,,primary
electricity/electric-power-operational-data:generation,US,mix,,wind,,2022-06-01,2022-06-30,33767.53068,GWh,,,primary
electricity/electric-power-operational-data:generation,US,mix,,wind,,2022-07-01,2022-07-31,29474.97824,GWh,,,primary
electricity/electric-power-operational-data:generation,US,mix,,wind,,2022-08-01,2022-08-31,24718.4162,GWh,,,primary
electricity/electric-power-operational-data:generation,US,mix,,wind,,2022-09-01,2022-09-30,27331.13356,GWh,,,primary
electricity/electric-power-operational-data:generation,US,mix,,wind,,2022-10-01,2022-10-31,32744.63415,GWh,,,primary
electricity/electric-power-operational-data:generation,US,mix,,wind,,2022-11-01,2022-11-30,41198.8465,GWh,,,primary
electricity/electric-power-operational-data:generation,US,mix,,wind,,2022-12-01,2022-12-31,38679.53194,GWh,,,primary
electricity/electric-power-operational-data:generation,US,mix,,wind,,2023-01-01,2023-01-31,38357.97689,GWh,,,primary
electricity/electric-power-operational-data:generation,US,mix,,wind,,2023-02-01,2023-02-28,41424.26888,GWh,,,primary
electricity/electric-power-operational-data:generation,US,mix,,wind,,2023-03-01,2023-03-31,43583.75311,GWh,,,primary
electricity/electric-power-operational-data:generation,US,mix,,wind,,2023-04-01,2023-04-30,42745.50715,GWh,,,primary
electricity/electric-power-operational-data:generation,US,mix,,wind,,2023-05-01,2023-05-31,32227.18097,GWh,,,primary
electricity/electric-power-operational-data:generation,US,mix,,wind,,2023-06-01,2023-06-30,27546.97393,GWh,,,primary
electricity/electric-power-operational-data:generation,US,mix,,wind,,2023-07-01,2023-07-31,28004.56067,GWh,,,primary
electricity/electric-power-operational-data:generation,US,mix,,wind,,2023-08-01,2023-08-31,28394.17813,GWh,,,primary
electricity/electric-power-operational-data:generation,US,mix,,wind,,2023-09-01,2023-09-30,28353.33067,GWh,,,primary
electricity/electric-power-operational-data:generation,US,mix,,wind,,2023-10-01,2023-10-31,36019.86504,GWh,,,primary
electricity/electric-power-operational-data:generation,US,mix,,wind,,2023-11-01,2023-11-30,36445.37672,GWh,,,primary
electricity/electric-power-operational-data:generation,US,mix,,wind,,2023-12-01,2023-12-31,38038.36307,GWh,,,primary
electricity/electric-power-operational-data:generation,US,mix,,wind,,2024-01-01,2024-01-31,34790.87225,GWh,,,primary
electricity/electric-power-operational-data:generation,US,mix,,wind,,2024-02-01,2024-02-29,40981.58242,GWh,,,primary
electricity/electric-power-operational-data:generation,US,mix,,wind,,2024-03-01,2024-03-31,45101.85185,GWh,,,primary
electricity/electric-power-operational-data:generation,US,mix,,wind,,2024-04-01,2024-04-30,47088.4599,GWh,,,primary
electricity/electric-power-operational-data:generation,US,mix,,wind,,2024-05-01,2024-05-31,39255.64694,GWh,,,primary
electricity/electric-power-operational-data:generation,US,mix,,wind,,2024-06-01,2024-06-30,38661.38917,GWh,,,primary
electricity/electric-power-operational-data:generation,US,mix,,wind,,2024-07-01,2024-07-31,28304.45113,GWh,,,primary
electricity/electric-power-operational-data:generation,US,mix,,wind,,2024-08-01,2024-08-31,29289.62048,GWh,,,primary
electricity/electric-power-operational-data:generation,US,mix,,wind,,2024-09-01,2024-09-30,29178.43056,GWh,,,primary
electricity/electric-power-operational-data:generation,US,mix,,wind,,2024-10-01,2024-10-31,39591.52366,GWh,,,primary
electricity/electric-power-operational-data:generation,US,mix,,wind,,2024-11-01,2024-11-30,40133.13355,GWh,,,primary
electricity/electric-power-operational-data:generation,US,mix,,wind,,2024-12-01,2024-12-31,39527.39468,GWh,,,primary
electricity/electric-power-operational-data:generation,US,mix,,wind,,2025-01-01,2025-01-31,43600.06416,GWh,,,primary
electricity/electric-power-operational-data:generation,US,mix,,wind,,2025-02-01,2025-02-28,39346.22162,GWh,,,primary
electricity/electric-power-operational-data:generation,US,mix,,wind,,2025-03-01,2025-03-31,50591.46731,GWh,,,primary
electricity/electric-power-operational-data:generation,US,mix,,wind,,2025-04-01,2025-04-30,45875.75116,GWh,,,primary
electricity/electric-power-operational-data:generation,US,mix,,wind,,2025-05-01,2025-05-31,36872.98337,GWh,,,primary
electricity/electric-power-operational-data:generation,US,mix,,wind,,2025-06-01,2025-06-30,35776.4113,GWh,,,primary
electricity/electric-power-operational-data:generation,US,mix,,wind,,2025-07-01,2025-07-31,31810.12879,GWh,,,primary
electricity/electric-power-operational-data:generation,US,mix,,wind,,2025-08-01,2025-08-31,27306.83469,GWh,,,primary
electricity/electric-power-operational-data:generation,US,mix,,wind,,2025-09-01,2025-09-30,25672.70784,GWh,,,primary
electricity/electric-power-operational-data:generation,US,mix,,wind,,2025-10-01,2025-10-31,39533.58109,GWh,,,primary
electricity/electric-power-operational-data:generation,US,mix,,wind,,2025-11-01,2025-11-30,40956.79915,GWh,,,primary
electricity/electric-power-operational-data:generation,US,mix,,wind,,2025-12-01,2025-12-31,47047.65926,GWh,,,primary
electricity/electric-power-operational-data:generation,US,mix,,wind,,2026-01-01,2026-01-31,44433.71775,GWh,,,primary
electricity/electric-power-operational-data:generation,US,mix,,wind,,2026-02-01,2026-02-28,39707.24116,GWh,,,primary
electricity/electric-power-operational-data:generation,US,mix,,wind,,2026-03-01,2026-03-31,52219.08743,GWh,,,primary
electricity/electric-power-operational-data:generation,US,mix,,wind,,2026-04-01,2026-04-30,49135.97661,GWh,,,primary
electricity/electric-power-operational-data:generation,US,mix,,wind,,2026-05-01,2026-05-31,41157.20598,GWh,,,primary
electricity/electric-power-operational-data:generation,US,mix,,wind,,2026-06-01,2026-06-30,41887.96857,GWh,,,primary
electricity/electric-power-operational-data:generation,US,mix,,wind,,2026-07-01,2026-07-31,32183.92818,GWh,,,primary
