series_id,region,layer,buyer_type,fuel,component,period_start,period_end,value,unit,currency,source_flag,confidence
ember:monthly:emissions_intensity,CN,mix,,total,,2016-01-01,2016-01-31,761.423,gCO2e/kWh,,,primary
ember:monthly:emissions_intensity,CN,mix,,total,,2016-02-01,2016-02-29,712.478,gCO2e/kWh,,,primary
ember:monthly:emissions_intensity,CN,mix,,total,,2016-03-01,2016-03-31,727.064,gCO2e/kWh,,,primary
ember:monthly:emissions_intensity,CN,mix,,total,,2016-04-01,2016-04-30,700.316,gCO2e/kWh,,,primary
ember:monthly:emissions_intensity,CN,mix,,total,,2016-05-01,2016-05-31,673.663,gCO2e/kWh,,,primary
ember:monthly:emissions_intensity,CN,mix,,total,,2016-06-01,2016-06-30,671.266,gCO2e/kWh,,,primary
ember:monthly:emissions_intensity,CN,mix,,total,,2016-07-01,2016-07-31,668.894,gCO2e/kWh,,,primary
ember:monthly:emissions_intensity,CN,mix,,total,,2016-08-01,2016-08-31,696.878,gCO2e/kWh,,,primary
ember:monthly:emissions_intensity,CN,mix,,total,,2016-09-01,2016-09-30,698.024,gCO2e/kWh,,,primary
ember:monthly:emissions_intensity,CN,mix,,total,,2016-10-01,2016-10-31,691.519,gCO2e/kWh,,,primary
ember:monthly:emissions_intensity,CN,mix,,total,,2016-11-01,2016-11-30,713.826,gCO2e/kWh,,,primary
ember:monthly:emissions_intensity,CN,mix,,total,,2016-12-01,2016-12-31,752.093,gCO2e/kWh,,,primary
ember:monthly:emissions_intensity,CN,mix,,total,,2017-01-01,2017-01-31,760.573,gCO2e/kWh,,,primary
ember:monthly:emissions_intensity,CN,mix,,total,,2017-02-01,2017-02-28,713.563,gCO2e/kWh,,,primary
ember:monthly:emissions_intensity,CN,mix,,total,,2017-03-01,2017-03-31,725.421,gCO2e/kWh,,,primary
ember:monthly:emissions_intensity,CN,mix,,total,,2017-04-01,2017-04-30,695.914,gCO2e/kWh,,,primary
ember:monthly:emissions_intensity,CN,mix,,total,,2017-05-01,2017-05-31,675.65,gCO2e/kWh,,,primary
ember:monthly:emissions_intensity,CN,mix,,total,,2017-06-01,2017-06-30,672.156,gCO2e/kWh,,,primary
ember:monthly:emissions_intensity,CN,mix,,total,,2017-07-01,2017-07-31,677.548,gCO2e/kWh,,,primary
ember:monthly:emissions_intensity,CN,mix,,total,,2017-08-01,2017-08-31,685.046,gCO2e/kWh,,,primary
ember:monthly:emissions_intensity,CN,mix,,total,,2017-09-01,2017-09-30,655.335,gCO2e/kWh,,,primary
ember:monthly:emissions_intensity,CN,mix,,total,,2017-10-01,2017-10-31,651.77,gCO2e/kWh,,,primary
ember:monthly:emissions_intensity,CN,mix,,total,,2017-11-01,2017-11-30,684.946,gCO2e/kWh,,,primary
ember:monthly:emissions_intensity,CN,mix,,total,,2017-12-01,2017-12-31,733.998,gCO2e/kWh,,,primary
ember:monthly:emissions_intensity,CN,mix,,total,,2018-01-01,2018-01-31,752.232,gCO2e/kWh,,,primary
ember:monthly:emissions_intensity,CN,mix,,total,,2018-02-01,2018-02-28,709.594,gCO2e/kWh,,,primary
ember:monthly:emissions_intensity,CN,mix,,total,,2018-03-01,2018-03-31,716.554,gCO2e/kWh,,,primary
ember:monthly:emissions_intensity,CN,mix,,total,,2018-04-01,2018-04-30,693.409,gCO2e/kWh,,,primary
ember:monthly:emissions_intensity,CN,mix,,total,,2018-05-01,2018-05-31,674.337,gCO2e/kWh,,,primary
ember:monthly:emissions_intensity,CN,mix,,total,,2018-06-01,2018-06-30,665.424,gCO2e/kWh,,,primary
ember:monthly:emissions_intensity,CN,mix,,total,,2018-07-01,2018-07-31,663.57,gCO2e/kWh,,,primary
ember:monthly:emissions_intensity,CN,mix,,total,,2018-08-01,2018-08-31,673.617,gCO2e/kWh,,,primary
ember:monthly:emissions_intensity,CN,mix,,total,,2018-09-01,2018-09-30,648.008,gCO2e/kWh,,,primary
ember:monthly:emissions_intensity,CN,mix,,total,,2018-10-01,2018-10-31,637.441,gCO2e/kWh,,,primary
ember:monthly:emissions_intensity,CN,mix,,total,,2018-11-01,2018-11-30,684.606,gCO2e/kWh,,,primary
ember:monthly:emissions_intensity,CN,mix,,total,,2018-12-01,2018-12-31,723.505,gCO2e/kWh,,,primary
ember:monthly:emissions_intensity,CN,mix,,total,,2019-01-01,2019-01-31,740.762,gCO2e/kWh,,,primary
ember:monthly:emissions_intensity,CN,mix,,total,,2019-02-01,2019-02-28,689.784,gCO2e/kWh,,,primary
ember:monthly:emissions_intensity,CN,mix,,total,,2019-03-01,2019-03-31,678.061,gCO2e/kWh,,,primary
ember:monthly:emissions_intensity,CN,mix,,total,,2019-04-01,2019-04-30,660.863,gCO2e/kWh,,,primary
ember:monthly:emissions_intensity,CN,mix,,total,,2019-05-01,2019-05-31,632.887,gCO2e/kWh,,,primary
ember:monthly:emissions_intensity,CN,mix,,total,,2019-06-01,2019-06-30,641.532,gCO2e/kWh,,,primary
ember:monthly:emissions_intensity,CN,mix,,total,,2019-07-01,2019-07-31,644.089,gCO2e/kWh,,,primary
ember:monthly:emissions_intensity,CN,mix,,total,,2019-08-01,2019-08-31,656.478,gCO2e/kWh,,,primary
ember:monthly:emissions_intensity,CN,mix,,total,,2019-09-01,2019-09-30,651.68,gCO2e/kWh,,,primary
ember:monthly:emissions_intensity,CN,mix,,total,,2019-10-01,2019-10-31,645.351,gCO2e/kWh,,,primary
ember:monthly:emissions_intensity,CN,mix,,total,,2019-11-01,2019-11-30,681.409,gCO2e/kWh,,,primary
ember:monthly:emissions_intensity,CN,mix,,total,,2019-12-01,2019-12-31,720.544,gCO2e/kWh,,,primary
ember:monthly:emissions_intensity,CN,mix,,total,,2020-01-01,2020-01-31,742.45,gCO2e/kWh,,,primary
ember:monthly:emissions_intensity,CN,mix,,total,,2020-02-01,2020-02-29,650.013,gCO2e/kWh,,,primary
ember:monthly:emissions_intensity,CN,mix,,total,,2020-03-01,2020-03-31,649.053,gCO2e/kWh,,,primary
ember:monthly:emissions_intensity,CN,mix,,total,,2020-04-01,2020-04-30,660.417,gCO2e/kWh,,,primary
ember:monthly:emissions_intensity,CN,mix,,total,,2020-05-01,2020-05-31,656.387,gCO2e/kWh,,,primary
ember:monthly:emissions_intensity,CN,mix,,total,,2020-06-01,2020-06-30,632.552,gCO2e/kWh,,,primary
ember:monthly:emissions_intensity,CN,mix,,total,,2020-07-01,2020-07-31,622.156,gCO2e/kWh,,,primary
ember:monthly:emissions_intensity,CN,mix,,total,,2020-08-01,2020-08-31,645.393,gCO2e/kWh,,,primary
ember:monthly:emissions_intensity,CN,mix,,total,,2020-09-01,2020-09-30,612.198,gCO2e/kWh,,,primary
ember:monthly:emissions_intensity,CN,mix,,total,,2020-10-01,2020-10-31,602.201,gCO2e/kWh,,,primary
ember:monthly:emissions_intensity,CN,mix,,total,,2020-11-01,2020-11-30,672.542,gCO2e/kWh,,,primary
ember:monthly:emissions_intensity,CN,mix,,total,,2020-12-01,2020-12-31,718.348,gCO2e/kWh,,,primary
ember:monthly:emissions_intensity,CN,mix,,total,,2021-01-01,2021-01-31,723.712,gCO2e/kWh,,,primary
ember:monthly:emissions_intensity,CN,mix,,total,,2021-02-01,2021-02-28,639.77,gCO2e/kWh,,,primary
ember:monthly:emissions_intensity,CN,mix,,total,,2021-03-01,2021-03-31,681.566,gCO2e/kWh,,,primary
ember:monthly:emissions_intensity,CN,mix,,total,,2021-04-01,2021-04-30,652.096,gCO2e/kWh,,,primary
ember:monthly:emissions_intensity,CN,mix,,total,,2021-05-01,2021-05-31,623.955,gCO2e/kWh,,,primary
ember:monthly:emissions_intensity,CN,mix,,total,,2021-06-01,2021-06-30,636.833,gCO2e/kWh,,,primary
ember:monthly:emissions_intensity,CN,mix,,total,,2021-07-01,2021-07-31,630.336,gCO2e/kWh,,,primary
ember:monthly:emissions_intensity,CN,mix,,total,,2021-08-01,2021-08-31,638.357,gCO2e/kWh,,,primary
ember:monthly:emissions_intensity,CN,mix,,total,,2021-09-01,2021-09-30,610.797,gCO2e/kWh,,,primary
ember:monthly:emissions_intensity,CN,mix,,total,,2021-10-01,2021-10-31,607.169,gCO2e/kWh,,,primary
ember:monthly:emissions_intensity,CN,mix,,total,,2021-11-01,2021-11-30,646.549,gCO2e/kWh,,,primary
ember:monthly:emissions_intensity,CN,mix,,total,,2021-12-01,2021-12-31,685.097,gCO2e/kWh,,,primary
ember:monthly:emissions_intensity,CN,mix,,total,,2022-01-01,2022-01-31,721.127,gCO2e/kWh,,,primary
ember:monthly:emissions_intensity,CN,mix,,total,,2022-02-01,2022-02-28,638.738,gCO2e/kWh,,,primary
ember:monthly:emissions_intensity,CN,mix,,total,,2022-03-01,2022-03-31,635.294,gCO2e/kWh,,,primary
ember:monthly:emissions_intensity,CN,mix,,total,,2022-04-01,2022-04-30,590.05,gCO2e/kWh,,,primary
ember:monthly:emissions_intensity,CN,mix,,total,,2022-05-01,2022-05-31,567.229,gCO2e/kWh,,,primary
ember:monthly:emissions_intensity,CN,mix,,total,,2022-06-01,2022-06-30,580.601,gCO2e/kWh,,,primary
ember:monthly:emissions_intensity,CN,mix,,total,,2022-07-01,2022-07-31,624.675,gCO2e/kWh,,,primary
ember:monthly:emissions_intensity,CN,mix,,total,,2022-08-01,2022-08-31,657.261,gCO2e/kWh,,,primary
ember:monthly:emissions_intensity,CN,mix,,total,,2022-09-01,2022-09-30,637.671,gCO2e/kWh,,,primary
ember:monthly:emissions_intensity,CN,mix,,total,,2022-10-01,2022-10-31,606.148,gCO2e/kWh,,,primary
ember:monthly:emissions_intensity,CN,mix,,total,,2022-11-01,2022-11-30,643.203,gCO2e/kWh,,,primary
ember:monthly:emissions_intensity,CN,mix,,total,,2022-12-01,2022-12-31,664.269,gCO2e/kWh,,,primary
ember:monthly:emissions_intensity,CN,mix,,total,,2023-01-01,2023-01-31,669.225,gCO2e/kWh,,,primary
ember:monthly:emissions_intensity,CN,mix,,total,,2023-02-01,2023-02-28,638.909,gCO2e/kWh,,,primary
ember:monthly:emissions_intensity,CN,mix,,total,,2023-03-01,2023-03-31,647.904,gCO2e/kWh,,,primary
ember:monthly:emissions_intensity,CN,mix,,total,,2023-04-01,2023-04-30,609.811,gCO2e/kWh,,,primary
ember:monthly:emissions_intensity,CN,mix,,total,,2023-05-01,2023-05-31,608.442,gCO2e/kWh,,,primary
ember:monthly:emissions_intensity,CN,mix,,total,,2023-06-01,2023-06-30,630.708,gCO2e/kWh,,,primary
ember:monthly:emissions_intensity,CN,mix,,total,,2023-07-01,2023-07-31,635.839,gCO2e/kWh,,,primary
ember:monthly:emissions_intensity,CN,mix,,total,,2023-08-01,2023-08-31,624.252,gCO2e/kWh,,,primary
ember:monthly:emissions_intensity,CN,mix,,total,,2023-09-01,2023-09-30,598.132,gCO2e/kWh,,,primary
ember:monthly:emissions_intensity,CN,mix,,total,,2023-10-01,2023-10-31,588.814,gCO2e/kWh,,,primary
ember:monthly:emissions_intensity,CN,mix,,total,,2023-11-01,2023-11-30,615.25,gCO2e/kWh,,,primary
ember:monthly:emissions_intensity,CN,mix,,total,,2023-12-01,2023-12-31,661.185,gCO2e/kWh,,,primary
ember:monthly:emissions_intensity,CN,mix,,total,,2024-01-01,2024-01-31,657.348,gCO2e/kWh,,,primary
ember:monthly:emissions_intensity,CN,mix,,total,,2024-02-01,2024-02-29,642.338,gCO2e/kWh,,,primary
ember:monthly:emissions_intensity,CN,mix,,total,,2024-03-01,2024-03-31,615.96,gCO2e/kWh,,,primary
ember:monthly:emissions_intensity,CN,mix,,total,,2024-04-01,2024-04-30,581.342,gCO2e/kWh,,,primary
ember:monthly:emissions_intensity,CN,mix,,total,,2024-05-01,2024-05-31,552.573,gCO2e/kWh,,,primary
ember:monthly:emissions_intensity,CN,mix,,total,,2024-06-01,2024-06-30,556.544,gCO2e/kWh,,,primary
ember:monthly:emissions_intensity,CN,mix,,total,,2024-07-01,2024-07-31,572.224,gCO2e/kWh,,,primary
ember:monthly:emissions_intensity,CN,mix,,total,,2024-08-01,2024-08-31,595.423,gCO2e/kWh,,,primary
ember:monthly:emissions_intensity,CN,mix,,total,,2024-09-01,2024-09-30,599.339,gCO2e/kWh,,,primary
ember:monthly:emissions_intensity,CN,mix,,total,,2024-10-01,2024-10-31,573.431,gCO2e/kWh,,,primary
ember:monthly:emissions_intensity,CN,mix,,total,,2024-11-01,2024-11-30,609.543,gCO2e/kWh,,,primary
ember:monthly:emissions_intensity,CN,mix,,total,,2024-12-01,2024-12-31,627.698,gCO2e/kWh,,,primary
ember:monthly:emissions_intensity,CN,mix,,total,,2025-01-01,2025-01-31,624.812,gCO2e/kWh,,,primary
ember:monthly:emissions_intensity,CN,mix,,total,,2025-02-01,2025-02-28,576.793,gCO2e/kWh,,,primary
ember:monthly:emissions_intensity,CN,mix,,total,,2025-03-01,2025-03-31,572.027,gCO2e/kWh,,,primary
ember:monthly:emissions_intensity,CN,mix,,total,,2025-04-01,2025-04-30,540.911,gCO2e/kWh,,,primary
ember:monthly:emissions_intensity,CN,mix,,total,,2025-05-01,2025-05-31,534.243,gCO2e/kWh,,,primary
ember:monthly:emissions_intensity,CN,mix,,total,,2025-06-01,2025-06-30,532.374,gCO2e/kWh,,,primary
ember:monthly:emissions_intensity,CN,mix,,total,,2025-07-01,2025-07-31,558.634,gCO2e/kWh,,,primary
ember:monthly:emissions_intensity,CN,mix,,total,,2025-08-01,2025-08-31,578.586,gCO2e/kWh,,,primary
ember:monthly:emissions_intensity,CN,mix,,total,,2025-09-01,2025-09-30,542.92,gCO2e/kWh,,,primary
ember:monthly:emissions_intensity,CN,mix,,total,,2025-10-01,2025-10-31,559.878,gCO2e/kWh,,,primary
ember:monthly:emissions_intensity,CN,mix,,total,,2025-11-01,2025-11-30,553.674,gCO2e/kWh,,,primary
ember:monthly:emissions_intensity,CN,mix,,total,,2025-12-01,2025-12-31,593.532,gCO2e/kWh,,,primary
ember:monthly:emissions_intensity,CN,mix,,total,,2026-01-01,2026-01-31,595.27,gCO2e/kWh,,,primary
ember:monthly:emissions_intensity,CN,mix,,total,,2026-02-01,2026-02-28,582.006,gCO2e/kWh,,,primary
ember:monthly:emissions_intensity,CN,mix,,total,,2026-03-01,2026-03-31,578.464,gCO2e/kWh,,,primary
ember:monthly:emissions_intensity,CN,mix,,total,,2026-04-01,2026-04-30,535.325,gCO2e/kWh,,,primary
ember:monthly:emissions_intensity,CN,mix,,total,,2026-05-01,2026-05-31,516.207,gCO2e/kWh,,,primary
ember:monthly:emissions_intensity,CN,mix,,total,,2026-06-01,2026-06-30,515.637,gCO2e/kWh,,,primary
ember:monthly:emissions_intensity,CN,mix,,total,,2026-07-01,2026-07-31,532.997,gCO2e/kWh,,,primary
ember:monthly:emissions_intensity,CN,mix,,total,,2026-08-01,2026-08-31,550.104,gCO2e/kWh,,,primary
ember:monthly:emissions_intensity,EU,mix,,total,,2016-01-01,2016-01-31,352.19,gCO2e/kWh,,,primary
ember:monthly:emissions_intensity,EU,mix,,total,,2016-02-01,2016-02-29,318.698,gCO2e/kWh,,,primary
ember:monthly:emissions_intensity,EU,mix,,total,,2016-03-01,2016-03-31,331.775,gCO2e/kWh,,,primary
ember:monthly:emissions_intensity,EU,mix,,total,,2016-04-01,2016-04-30,317.054,gCO2e/kWh,,,primary
ember:monthly:emissions_intensity,EU,mix,,total,,2016-05-01,2016-05-31,311.782,gCO2e/kWh,,,primary
ember:monthly:emissions_intensity,EU,mix,,total,,2016-06-01,2016-06-30,335.829,gCO2e/kWh,,,primary
ember:monthly:emissions_intensity,EU,mix,,total,,2016-07-01,2016-07-31,346.862,gCO2e/kWh,,,primary
ember:monthly:emissions_intensity,EU,mix,,total,,2016-08-01,2016-08-31,343.901,gCO2e/kWh,,,primary
ember:monthly:emissions_intensity,EU,mix,,total,,2016-09-01,2016-09-30,387.014,gCO2e/kWh,,,primary
ember:monthly:emissions_intensity,EU,mix,,total,,2016-10-01,2016-10-31,400.634,gCO2e/kWh,,,primary
ember:monthly:emissions_intensity,EU,mix,,total,,2016-11-01,2016-11-30,389.796,gCO2e/kWh,,,primary
ember:monthly:emissions_intensity,EU,mix,,total,,2016-12-01,2016-12-31,382.962,gCO2e/kWh,,,primary
ember:monthly:emissions_intensity,EU,mix,,total,,2017-01-01,2017-01-31,387.656,gCO2e/kWh,,,primary
ember:monthly:emissions_intensity,EU,mix,,total,,2017-02-01,2017-02-28,364.905,gCO2e/kWh,,,primary
ember:monthly:emissions_intensity,EU,mix,,total,,2017-03-01,2017-03-31,331.978,gCO2e/kWh,,,primary
ember:monthly:emissions_intensity,EU,mix,,total,,2017-04-01,2017-04-30,333.389,gCO2e/kWh,,,primary
ember:monthly:emissions_intensity,EU,mix,,total,,2017-05-01,2017-05-31,344.402,gCO2e/kWh,,,primary
ember:monthly:emissions_intensity,EU,mix,,total,,2017-06-01,2017-06-30,339.646,gCO2e/kWh,,,primary
ember:monthly:emissions_intensity,EU,mix,,total,,2017-07-01,2017-07-31,357.912,gCO2e/kWh,,,primary
ember:monthly:emissions_intensity,EU,mix,,total,,2017-08-01,2017-08-31,348.274,gCO2e/kWh,,,primary
ember:monthly:emissions_intensity,EU,mix,,total,,2017-09-01,2017-09-30,355.591,gCO2e/kWh,,,primary
ember:monthly:emissions_intensity,EU,mix,,total,,2017-10-01,2017-10-31,356.509,gCO2e/kWh,,,primary
ember:monthly:emissions_intensity,EU,mix,,total,,2017-11-01,2017-11-30,379.233,gCO2e/kWh,,,primary
ember:monthly:emissions_intensity,EU,mix,,total,,2017-12-01,2017-12-31,329.948,gCO2e/kWh,,,primary
ember:monthly:emissions_intensity,EU,mix,,total,,2018-01-01,2018-01-31,319.376,gCO2e/kWh,,,primary
ember:monthly:emissions_intensity,EU,mix,,total,,2018-02-01,2018-02-28,354.548,gCO2e/kWh,,,primary
ember:monthly:emissions_intensity,EU,mix,,total,,2018-03-01,2018-03-31,323.267,gCO2e/kWh,,,primary
ember:monthly:emissions_intensity,EU,mix,,total,,2018-04-01,2018-04-30,288.66,gCO2e/kWh,,,primary
ember:monthly:emissions_intensity,EU,mix,,total,,2018-05-01,2018-05-31,302.486,gCO2e/kWh,,,primary
ember:monthly:emissions_intensity,EU,mix,,total,,2018-06-01,2018-06-30,320.91,gCO2e/kWh,,,primary
ember:monthly:emissions_intensity,EU,mix,,total,,2018-07-01,2018-07-31,356.077,gCO2e/kWh,,,primary
ember:monthly:emissions_intensity,EU,mix,,total,,2018-08-01,2018-08-31,358.568,gCO2e/kWh,,,primary
ember:monthly:emissions_intensity,EU,mix,,total,,2018-09-01,2018-09-30,358.928,gCO2e/kWh,,,primary
ember:monthly:emissions_intensity,EU,mix,,total,,2018-10-01,2018-10-31,356.835,gCO2e/kWh,,,primary
ember:monthly:emissions_intensity,EU,mix,,total,,2018-11-01,2018-11-30,362.71,gCO2e/kWh,,,primary
ember:monthly:emissions_intensity,EU,mix,,total,,2018-12-01,2018-12-31,328.924,gCO2e/kWh,,,primary
ember:monthly:emissions_intensity,EU,mix,,total,,2019-01-01,2019-01-31,337.871,gCO2e/kWh,,,primary
ember:monthly:emissions_intensity,EU,mix,,total,,2019-02-01,2019-02-28,320.03,gCO2e/kWh,,,primary
ember:monthly:emissions_intensity,EU,mix,,total,,2019-03-01,2019-03-31,274.887,gCO2e/kWh,,,primary
ember:monthly:emissions_intensity,EU,mix,,total,,2019-04-01,2019-04-30,290.064,gCO2e/kWh,,,primary
ember:monthly:emissions_intensity,EU,mix,,total,,2019-05-01,2019-05-31,282.06,gCO2e/kWh,,,primary
ember:monthly:emissions_intensity,EU,mix,,total,,2019-06-01,2019-06-30,276.52,gCO2e/kWh,,,primary
ember:monthly:emissions_intensity,EU,mix,,total,,2019-07-01,2019-07-31,303.21,gCO2e/kWh,,,primary
ember:monthly:emissions_intensity,EU,mix,,total,,2019-08-01,2019-08-31,303.374,gCO2e/kWh,,,primary
ember:monthly:emissions_intensity,EU,mix,,total,,2019-09-01,2019-09-30,300.372,gCO2e/kWh,,,primary
ember:monthly:emissions_intensity,EU,mix,,total,,2019-10-01,2019-10-31,316.369,gCO2e/kWh,,,primary
ember:monthly:emissions_intensity,EU,mix,,total,,2019-11-01,2019-11-30,315.333,gCO2e/kWh,,,primary
ember:monthly:emissions_intensity,EU,mix,,total,,2019-12-01,2019-12-31,274.561,gCO2e/kWh,,,primary
ember:monthly:emissions_intensity,EU,mix,,total,,2020-01-01,2020-01-31,287.636,gCO2e/kWh,,,primary
ember:monthly:emissions_intensity,EU,mix,,total,,2020-02-01,2020-02-29,250.228,gCO2e/kWh,,,primary
ember:monthly:emissions_intensity,EU,mix,,total,,2020-03-01,2020-03-31,250.728,gCO2e/kWh,,,primary
ember:monthly:emissions_intensity,EU,mix,,total,,2020-04-01,2020-04-30,234.168,gCO2e/kWh,,,primary
ember:monthly:emissions_intensity,EU,mix,,total,,2020-05-01,2020-05-31,233.509,gCO2e/kWh,,,primary
ember:monthly:emissions_intensity,EU,mix,,total,,2020-06-01,2020-06-30,262.713,gCO2e/kWh,,,primary
ember:monthly:emissions_intensity,EU,mix,,total,,2020-07-01,2020-07-31,276.848,gCO2e/kWh,,,primary
ember:monthly:emissions_intensity,EU,mix,,total,,2020-08-01,2020-08-31,291.292,gCO2e/kWh,,,primary
ember:monthly:emissions_intensity,EU,mix,,total,,2020-09-01,2020-09-30,308.631,gCO2e/kWh,,,primary
ember:monthly:emissions_intensity,EU,mix,,total,,2020-10-01,2020-10-31,280.12,gCO2e/kWh,,,primary
ember:monthly:emissions_intensity,EU,mix,,total,,2020-11-01,2020-11-30,305.327,gCO2e/kWh,,,primary
ember:monthly:emissions_intensity,EU,mix,,total,,2020-12-01,2020-12-31,288.245,gCO2e/kWh,,,primary
ember:monthly:emissions_intensity,EU,mix,,total,,2021-01-01,2021-01-31,295.973,gCO2e/kWh,,,primary
ember:monthly:emissions_intensity,EU,mix,,total,,2021-02-01,2021-02-28,267.942,gCO2e/kWh,,,primary
ember:monthly:emissions_intensity,EU,mix,,total,,2021-03-01,2021-03-31,268.949,gCO2e/kWh,,,primary
ember:monthly:emissions_intensity,EU,mix,,total,,2021-04-01,2021-04-30,274.35,gCO2e/kWh,,,primary
ember:monthly:emissions_intensity,EU,mix,,total,,2021-05-01,2021-05-31,232.887,gCO2e/kWh,,,primary
ember:monthly:emissions_intensity,EU,mix,,total,,2021-06-01,2021-06-30,269.364,gCO2e/kWh,,,primary
ember:monthly:emissions_intensity,EU,mix,,total,,2021-07-01,2021-07-31,275.447,gCO2e/kWh,,,primary
ember:monthly:emissions_intensity,EU,mix,,total,,2021-08-01,2021-08-31,269.596,gCO2e/kWh,,,primary
ember:monthly:emissions_intensity,EU,mix,,total,,2021-09-01,2021-09-30,317.75,gCO2e/kWh,,,primary
ember:monthly:emissions_intensity,EU,mix,,total,,2021-10-01,2021-10-31,296.632,gCO2e/kWh,,,primary
ember:monthly:emissions_intensity,EU,mix,,total,,2021-11-01,2021-11-30,329.044,gCO2e/kWh,,,primary
ember:monthly:emissions_intensity,EU,mix,,total,,2021-12-01,2021-12-31,315.315,gCO2e/kWh,,,primary
ember:monthly:emissions_intensity,EU,mix,,total,,2022-01-01,2022-01-31,302.531,gCO2e/kWh,,,primary
ember:monthly:emissions_intensity,EU,mix,,total,,2022-02-01,2022-02-28,273.458,gCO2e/kWh,,,primary
ember:monthly:emissions_intensity,EU,mix,,total,,2022-03-01,2022-03-31,324.521,gCO2e/kWh,,,primary
ember:monthly:emissions_intensity,EU,mix,,total,,2022-04-01,2022-04-30,278.607,gCO2e/kWh,,,primary
ember:monthly:emissions_intensity,EU,mix,,total,,2022-05-01,2022-05-31,280.247,gCO2e/kWh,,,primary
ember:monthly:emissions_intensity,EU,mix,,total,,2022-06-01,2022-06-30,302.447,gCO2e/kWh,,,primary
ember:monthly:emissions_intensity,EU,mix,,total,,2022-07-01,2022-07-31,309.081,gCO2e/kWh,,,primary
ember:monthly:emissions_intensity,EU,mix,,total,,2022-08-01,2022-08-31,326.391,gCO2e/kWh,,,primary
ember:monthly:emissions_intensity,EU,mix,,total,,2022-09-01,2022-09-30,325.051,gCO2e/kWh,,,primary
ember:monthly:emissions_intensity,EU,mix,,total,,2022-10-01,2022-10-31,303.37,gCO2e/kWh,,,primary
ember:monthly:emissions_intensity,EU,mix,,total,,2022-11-01,2022-11-30,312.309,gCO2e/kWh,,,primary
ember:monthly:emissions_intensity,EU,mix,,total,,2022-12-01,2022-12-31,320.881,gCO2e/kWh,,,primary
ember:monthly:emissions_intensity,EU,mix,,total,,2023-01-01,2023-01-31,269.036,gCO2e/kWh,,,primary
ember:monthly:emissions_intensity,EU,mix,,total,,2023-02-01,2023-02-28,292.835,gCO2e/kWh,,,primary
ember:monthly:emissions_intensity,EU,mix,,total,,2023-03-01,2023-03-31,257.587,gCO2e/kWh,,,primary
ember:monthly:emissions_intensity,EU,mix,,total,,2023-04-01,2023-04-30,240.995,gCO2e/kWh,,,primary
ember:monthly:emissions_intensity,EU,mix,,total,,2023-05-01,2023-05-31,212.388,gCO2e/kWh,,,primary
ember:monthly:emissions_intensity,EU,mix,,total,,2023-06-01,2023-06-30,228.361,gCO2e/kWh,,,primary
ember:monthly:emissions_intensity,EU,mix,,total,,2023-07-01,2023-07-31,226.257,gCO2e/kWh,,,primary
ember:monthly:emissions_intensity,EU,mix,,total,,2023-08-01,2023-08-31,239.073,gCO2e/kWh,,,primary
ember:monthly:emissions_intensity,EU,mix,,total,,2023-09-01,2023-09-30,253.691,gCO2e/kWh,,,primary
ember:monthly:emissions_intensity,EU,mix,,total,,2023-10-01,2023-10-31,243.715,gCO2e/kWh,,,primary
ember:monthly:emissions_intensity,EU,mix,,total,,2023-11-01,2023-11-30,241.808,gCO2e/kWh,,,primary
ember:monthly:emissions_intensity,EU,mix,,total,,2023-12-01,2023-12-31,237.705,gCO2e/kWh,,,primary
ember:monthly:emissions_intensity,EU,mix,,total,,2024-01-01,2024-01-31,234.046,gCO2e/kWh,,,primary
ember:monthly:emissions_intensity,EU,mix,,total,,2024-02-01,2024-02-29,217.722,gCO2e/kWh,,,primary
ember:monthly:emissions_intensity,EU,mix,,total,,2024-03-01,2024-03-31,217.901,gCO2e/kWh,,,primary
ember:monthly:emissions_intensity,EU,mix,,total,,2024-04-01,2024-04-30,187.622,gCO2e/kWh,,,primary
ember:monthly:emissions_intensity,EU,mix,,total,,2024-05-01,2024-05-31,186.32,gCO2e/kWh,,,primary
ember:monthly:emissions_intensity,EU,mix,,total,,2024-06-01,2024-06-30,198.068,gCO2e/kWh,,,primary
ember:monthly:emissions_intensity,EU,mix,,total,,2024-07-01,2024-07-31,207.241,gCO2e/kWh,,,primary
ember:monthly:emissions_intensity,EU,mix,,total,,2024-08-01,2024-08-31,215.853,gCO2e/kWh,,,primary
ember:monthly:emissions_intensity,EU,mix,,total,,2024-09-01,2024-09-30,213.887,gCO2e/kWh,,,primary
ember:monthly:emissions_intensity,EU,mix,,total,,2024-10-01,2024-10-31,228.324,gCO2e/kWh,,,primary
ember:monthly:emissions_intensity,EU,mix,,total,,2024-11-01,2024-11-30,268.026,gCO2e/kWh,,,primary
ember:monthly:emissions_intensity,EU,mix,,total,,2024-12-01,2024-12-31,245.454,gCO2e/kWh,,,primary
ember:monthly:emissions_intensity,EU,mix,,total,,2025-01-01,2025-01-31,244.68,gCO2e/kWh,,,primary
ember:monthly:emissions_intensity,EU,mix,,total,,2025-02-01,2025-02-28,268.48,gCO2e/kWh,,,primary
ember:monthly:emissions_intensity,EU,mix,,total,,2025-03-01,2025-03-31,228.928,gCO2e/kWh,,,primary
ember:monthly:emissions_intensity,EU,mix,,total,,2025-04-01,2025-04-30,202.85,gCO2e/kWh,,,primary
ember:monthly:emissions_intensity,EU,mix,,total,,2025-05-01,2025-05-31,173.001,gCO2e/kWh,,,primary
ember:monthly:emissions_intensity,EU,mix,,total,,2025-06-01,2025-06-30,174.306,gCO2e/kWh,,,primary
ember:monthly:emissions_intensity,EU,mix,,total,,2025-07-01,2025-07-31,207.229,gCO2e/kWh,,,primary
ember:monthly:emissions_intensity,EU,mix,,total,,2025-08-01,2025-08-31,191.955,gCO2e/kWh,,,primary
ember:monthly:emissions_intensity,EU,mix,,total,,2025-09-01,2025-09-30,197.308,gCO2e/kWh,,,primary
ember:monthly:emissions_intensity,EU,mix,,total,,2025-10-01,2025-10-31,221.816,gCO2e/kWh,,,primary
ember:monthly:emissions_intensity,EU,mix,,total,,2025-11-01,2025-11-30,243.752,gCO2e/kWh,,,primary
ember:monthly:emissions_intensity,EU,mix,,total,,2025-12-01,2025-12-31,234.678,gCO2e/kWh,,,primary
ember:monthly:emissions_intensity,EU,mix,,total,,2026-01-01,2026-01-31,254.742,gCO2e/kWh,,,primary
ember:monthly:emissions_intensity,EU,mix,,total,,2026-02-01,2026-02-28,232.373,gCO2e/kWh,,,primary
ember:monthly:emissions_intensity,EU,mix,,total,,2026-03-01,2026-03-31,216.23,gCO2e/kWh,,,primary
ember:monthly:emissions_intensity,EU,mix,,total,,2026-04-01,2026-04-30,190.886,gCO2e/kWh,,,primary
ember:monthly:emissions_intensity,EU,mix,,total,,2026-05-01,2026-05-31,190.832,gCO2e/kWh,,,primary
ember:monthly:emissions_intensity,EU,mix,,total,,2026-06-01,2026-06-30,191.403,gCO2e/kWh,,,primary
ember:monthly:emissions_intensity,EU,mix,,total,,2026-07-01,2026-07-31,201.14,gCO2e/kWh,,,primary
ember:monthly:emissions_intensity,EU,mix,,total,,2026-08-01,2026-08-31,215.991,gCO2e/kWh,,,primary
ember:monthly:emissions_intensity,RU,mix,,total,,2019-01-01,2019-01-31,470.441,gCO2e/kWh,,,low_confidence
ember:monthly:emissions_intensity,RU,mix,,total,,2019-02-01,2019-02-28,462.357,gCO2e/kWh,,,low_confidence
ember:monthly:emissions_intensity,RU,mix,,total,,2019-03-01,2019-03-31,458.663,gCO2e/kWh,,,low_confidence
ember:monthly:emissions_intensity,RU,mix,,total,,2019-04-01,2019-04-30,455.127,gCO2e/kWh,,,low_confidence
ember:monthly:emissions_intensity,RU,mix,,total,,2019-05-01,2019-05-31,423.084,gCO2e/kWh,,,low_confidence
ember:monthly:emissions_intensity,RU,mix,,total,,2019-06-01,2019-06-30,414.95,gCO2e/kWh,,,low_confidence
ember:monthly:emissions_intensity,RU,mix,,total,,2019-07-01,2019-07-31,394.818,gCO2e/kWh,,,low_confidence
ember:monthly:emissions_intensity,RU,mix,,total,,2019-08-01,2019-08-31,394.143,gCO2e/kWh,,,low_confidence
ember:monthly:emissions_intensity,RU,mix,,total,,2019-09-01,2019-09-30,401.512,gCO2e/kWh,,,low_confidence
ember:monthly:emissions_intensity,RU,mix,,total,,2019-10-01,2019-10-31,422.827,gCO2e/kWh,,,low_confidence
ember:monthly:emissions_intensity,RU,mix,,total,,2019-11-01,2019-11-30,430.31,gCO2e/kWh,,,low_confidence
ember:monthly:emissions_intensity,RU,mix,,total,,2019-12-01,2019-12-31,457.29,gCO2e/kWh,,,low_confidence
ember:monthly:emissions_intensity,RU,mix,,total,,2020-01-01,2020-01-31,450.593,gCO2e/kWh,,,low_confidence
ember:monthly:emissions_intensity,RU,mix,,total,,2020-02-01,2020-02-29,451.966,gCO2e/kWh,,,low_confidence
ember:monthly:emissions_intensity,RU,mix,,total,,2020-03-01,2020-03-31,431.833,gCO2e/kWh,,,low_confidence
ember:monthly:emissions_intensity,RU,mix,,total,,2020-04-01,2020-04-30,412.148,gCO2e/kWh,,,low_confidence
ember:monthly:emissions_intensity,RU,mix,,total,,2020-05-01,2020-05-31,365.091,gCO2e/kWh,,,low_confidence
ember:monthly:emissions_intensity,RU,mix,,total,,2020-06-01,2020-06-30,364.037,gCO2e/kWh,,,low_confidence
ember:monthly:emissions_intensity,RU,mix,,total,,2020-07-01,2020-07-31,397.578,gCO2e/kWh,,,low_confidence
ember:monthly:emissions_intensity,RU,mix,,total,,2020-08-01,2020-08-31,397.009,gCO2e/kWh,,,low_confidence
ember:monthly:emissions_intensity,RU,mix,,total,,2020-09-01,2020-09-30,383.438,gCO2e/kWh,,,low_confidence
ember:monthly:emissions_intensity,RU,mix,,total,,2020-10-01,2020-10-31,386.038,gCO2e/kWh,,,low_confidence
ember:monthly:emissions_intensity,RU,mix,,total,,2020-11-01,2020-11-30,419.816,gCO2e/kWh,,,low_confidence
ember:monthly:emissions_intensity,RU,mix,,total,,2020-12-01,2020-12-31,439.908,gCO2e/kWh,,,low_confidence
ember:monthly:emissions_intensity,RU,mix,,total,,2021-01-01,2021-01-31,455.835,gCO2e/kWh,,,low_confidence
ember:monthly:emissions_intensity,RU,mix,,total,,2021-02-01,2021-02-28,456.294,gCO2e/kWh,,,low_confidence
ember:monthly:emissions_intensity,RU,mix,,total,,2021-03-01,2021-03-31,434.957,gCO2e/kWh,,,low_confidence
ember:monthly:emissions_intensity,RU,mix,,total,,2021-04-01,2021-04-30,417.212,gCO2e/kWh,,,low_confidence
ember:monthly:emissions_intensity,RU,mix,,total,,2021-05-01,2021-05-31,370.374,gCO2e/kWh,,,low_confidence
ember:monthly:emissions_intensity,RU,mix,,total,,2021-06-01,2021-06-30,369.947,gCO2e/kWh,,,low_confidence
ember:monthly:emissions_intensity,RU,mix,,total,,2021-07-01,2021-07-31,391.221,gCO2e/kWh,,,low_confidence
ember:monthly:emissions_intensity,RU,mix,,total,,2021-08-01,2021-08-31,409.956,gCO2e/kWh,,,low_confidence
ember:monthly:emissions_intensity,RU,mix,,total,,2021-09-01,2021-09-30,401.157,gCO2e/kWh,,,low_confidence
ember:monthly:emissions_intensity,RU,mix,,total,,2021-10-01,2021-10-31,416.849,gCO2e/kWh,,,low_confidence
ember:monthly:emissions_intensity,RU,mix,,total,,2021-11-01,2021-11-30,431.032,gCO2e/kWh,,,low_confidence
ember:monthly:emissions_intensity,RU,mix,,total,,2021-12-01,2021-12-31,449.429,gCO2e/kWh,,,low_confidence
ember:monthly:emissions_intensity,RU,mix,,total,,2022-01-01,2022-01-31,462.279,gCO2e/kWh,,,low_confidence
ember:monthly:emissions_intensity,RU,mix,,total,,2022-02-01,2022-02-28,462.988,gCO2e/kWh,,,low_confidence
ember:monthly:emissions_intensity,RU,mix,,total,,2022-03-01,2022-03-31,449.421,gCO2e/kWh,,,low_confidence
ember:monthly:emissions_intensity,RU,mix,,total,,2022-04-01,2022-04-30,421.274,gCO2e/kWh,,,low_confidence
ember:monthly:emissions_intensity,RU,mix,,total,,2022-05-01,2022-05-31,387.166,gCO2e/kWh,,,low_confidence
ember:monthly:emissions_intensity,RU,mix,,total,,2022-06-01,2022-06-30,388.904,gCO2e/kWh,,,low_confidence
ember:monthly:emissions_intensity,RU,mix,,total,,2022-07-01,2022-07-31,409.454,gCO2e/kWh,,,low_confidence
ember:monthly:emissions_intensity,RU,mix,,total,,2022-08-01,2022-08-31,426.318,gCO2e/kWh,,,low_confidence
ember:monthly:emissions_intensity,RU,mix,,total,,2022-09-01,2022-09-30,423.333,gCO2e/kWh,,,low_confidence
ember:monthly:emissions_intensity,RU,mix,,total,,2022-10-01,2022-10-31,439.234,gCO2e/kWh,,,low_confidence
ember:monthly:emissions_intensity,RU,mix,,total,,2022-11-01,2022-11-30,453.145,gCO2e/kWh,,,low_confidence
ember:monthly:emissions_intensity,RU,mix,,total,,2022-12-01,2022-12-31,481.081,gCO2e/kWh,,,low_confidence
ember:monthly:emissions_intensity,RU,mix,,total,,2023-01-01,2023-01-31,477.088,gCO2e/kWh,,,low_confidence
ember:monthly:emissions_intensity,RU,mix,,total,,2023-02-01,2023-02-28,479.478,gCO2e/kWh,,,low_confidence
ember:monthly:emissions_intensity,RU,mix,,total,,2023-03-01,2023-03-31,472.354,gCO2e/kWh,,,low_confidence
ember:monthly:emissions_intensity,RU,mix,,total,,2023-04-01,2023-04-30,429.441,gCO2e/kWh,,,low_confidence
ember:monthly:emissions_intensity,RU,mix,,total,,2023-05-01,2023-05-31,416.928,gCO2e/kWh,,,low_confidence
ember:monthly:emissions_intensity,RU,mix,,total,,2023-06-01,2023-06-30,395.167,gCO2e/kWh,,,low_confidence
ember:monthly:emissions_intensity,RU,mix,,total,,2023-07-01,2023-07-31,403.631,gCO2e/kWh,,,low_confidence
ember:monthly:emissions_intensity,RU,mix,,total,,2023-08-01,2023-08-31,416.508,gCO2e/kWh,,,low_confidence
ember:monthly:emissions_intensity,RU,mix,,total,,2023-09-01,2023-09-30,409.732,gCO2e/kWh,,,low_confidence
ember:monthly:emissions_intensity,RU,mix,,total,,2023-10-01,2023-10-31,434.594,gCO2e/kWh,,,low_confidence
ember:monthly:emissions_intensity,RU,mix,,total,,2023-11-01,2023-11-30,451.86,gCO2e/kWh,,,low_confidence
ember:monthly:emissions_intensity,RU,mix,,total,,2023-12-01,2023-12-31,467.0,gCO2e/kWh,,,low_confidence
ember:monthly:emissions_intensity,RU,mix,,total,,2024-01-01,2024-01-31,468.265,gCO2e/kWh,,,low_confidence
ember:monthly:emissions_intensity,RU,mix,,total,,2024-02-01,2024-02-29,477.431,gCO2e/kWh,,,low_confidence
ember:monthly:emissions_intensity,RU,mix,,total,,2024-03-01,2024-03-31,456.441,gCO2e/kWh,,,low_confidence
ember:monthly:emissions_intensity,RU,mix,,total,,2024-04-01,2024-04-30,420.771,gCO2e/kWh,,,low_confidence
ember:monthly:emissions_intensity,RU,mix,,total,,2024-05-01,2024-05-31,393.035,gCO2e/kWh,,,low_confidence
ember:monthly:emissions_intensity,RU,mix,,total,,2024-06-01,2024-06-30,400.232,gCO2e/kWh,,,low_confidence
ember:monthly:emissions_intensity,RU,mix,,total,,2024-07-01,2024-07-31,417.749,gCO2e/kWh,,,low_confidence
ember:monthly:emissions_intensity,RU,mix,,total,,2024-08-01,2024-08-31,414.187,gCO2e/kWh,,,low_confidence
ember:monthly:emissions_intensity,RU,mix,,total,,2024-09-01,2024-09-30,416.19,gCO2e/kWh,,,low_confidence
ember:monthly:emissions_intensity,RU,mix,,total,,2024-10-01,2024-10-31,440.759,gCO2e/kWh,,,low_confidence
ember:monthly:emissions_intensity,RU,mix,,total,,2024-11-01,2024-11-30,456.632,gCO2e/kWh,,,low_confidence
ember:monthly:emissions_intensity,RU,mix,,total,,2024-12-01,2024-12-31,460.582,gCO2e/kWh,,,low_confidence
ember:monthly:emissions_intensity,RU,mix,,total,,2025-01-01,2025-01-31,477.557,gCO2e/kWh,,,low_confidence
ember:monthly:emissions_intensity,RU,mix,,total,,2025-02-01,2025-02-28,489.666,gCO2e/kWh,,,low_confidence
ember:monthly:emissions_intensity,RU,mix,,total,,2025-03-01,2025-03-31,474.538,gCO2e/kWh,,,low_confidence
ember:monthly:emissions_intensity,RU,mix,,total,,2025-04-01,2025-04-30,447.294,gCO2e/kWh,,,low_confidence
ember:monthly:emissions_intensity,RU,mix,,total,,2025-05-01,2025-05-31,408.561,gCO2e/kWh,,,low_confidence
ember:monthly:emissions_intensity,RU,mix,,total,,2025-06-01,2025-06-30,394.042,gCO2e/kWh,,,low_confidence
ember:monthly:emissions_intensity,RU,mix,,total,,2025-07-01,2025-07-31,400.836,gCO2e/kWh,,,low_confidence
ember:monthly:emissions_intensity,RU,mix,,total,,2025-08-01,2025-08-31,413.949,gCO2e/kWh,,,low_confidence
ember:monthly:emissions_intensity,RU,mix,,total,,2025-09-01,2025-09-30,410.837,gCO2e/kWh,,,low_confidence
ember:monthly:emissions_intensity,RU,mix,,total,,2025-10-01,2025-10-31,427.11,gCO2e/kWh,,,low_confidence
ember:monthly:emissions_intensity,RU,mix,,total,,2025-11-01,2025-11-30,450.012,gCO2e/kWh,,,low_confidence
ember:monthly:emissions_intensity,RU,mix,,total,,2025-12-01,2025-12-31,467.76,gCO2e/kWh,,,low_confidence
ember:monthly:emissions_intensity,RU,mix,,total,,2026-01-01,2026-01-31,471.034,gCO2e/kWh,,,low_confidence
ember:monthly:emissions_intensity,RU,mix,,total,,2026-02-01,2026-02-28,479.097,gCO2e/kWh,,,low_confidence
ember:monthly:emissions_intensity,RU,mix,,total,,2026-03-01,2026-03-31,474.173,gCO2e/kWh,,,low_confidence
ember:monthly:emissions_intensity,RU,mix,,total,,2026-04-01,2026-04-30,444.572,gCO2e/kWh,,,low_confidence
ember:monthly:emissions_intensity,RU,mix,,total,,2026-05-01,2026-05-31,397.347,gCO2e/kWh,,,low_confidence
ember:monthly:emissions_intensity,RU,mix,,total,,2026-06-01,2026-06-30,370.232,gCO2e/kWh,,,low_confidence
ember:monthly:emissions_intensity,RU,mix,,total,,2026-07-01,2026-07-31,362.285,gCO2e/kWh,,,low_confidence
ember:monthly:emissions_intensity,US,mix,,total,,2015-01-01,2015-01-31,516.207,gCO2e/kWh,,,primary
ember:monthly:emissions_intensity,US,mix,,total,,2015-02-01,2015-02-28,529.613,gCO2e/kWh,,,primary
ember:monthly:emissions_intensity,US,mix,,total,,2015-03-01,2015-03-31,496.346,gCO2e/kWh,,,primary
ember:monthly:emissions_intensity,US,mix,,total,,2015-04-01,2015-04-30,471.246,gCO2e/kWh,,,primary
ember:monthly:emissions_intensity,US,mix,,total,,2015-05-01,2015-05-31,491.569,gCO2e/kWh,,,primary
ember:monthly:emissions_intensity,US,mix,,total,,2015-06-01,2015-06-30,521.689,gCO2e/kWh,,,primary
ember:monthly:emissions_intensity,US,mix,,total,,2015-07-01,2015-07-31,531.661,gCO2e/kWh,,,primary
ember:monthly:emissions_intensity,US,mix,,total,,2015-08-01,2015-08-31,528.924,gCO2e/kWh,,,primary
ember:monthly:emissions_intensity,US,mix,,total,,2015-09-01,2015-09-30,521.619,gCO2e/kWh,,,primary
ember:monthly:emissions_intensity,US,mix,,total,,2015-10-01,2015-10-31,497.038,gCO2e/kWh,,,primary
ember:monthly:emissions_intensity,US,mix,,total,,2015-11-01,2015-11-30,472.691,gCO2e/kWh,,,primary
ember:monthly:emissions_intensity,US,mix,,total,,2015-12-01,2015-12-31,458.345,gCO2e/kWh,,,primary
ember:monthly:emissions_intensity,US,mix,,total,,2016-01-01,2016-01-31,487.584,gCO2e/kWh,,,primary
ember:monthly:emissions_intensity,US,mix,,total,,2016-02-01,2016-02-29,464.363,gCO2e/kWh,,,primary
ember:monthly:emissions_intensity,US,mix,,total,,2016-03-01,2016-03-31,423.412,gCO2e/kWh,,,primary
ember:monthly:emissions_intensity,US,mix,,total,,2016-04-01,2016-04-30,429.75,gCO2e/kWh,,,primary
ember:monthly:emissions_intensity,US,mix,,total,,2016-05-01,2016-05-31,446.041,gCO2e/kWh,,,primary
ember:monthly:emissions_intensity,US,mix,,total,,2016-06-01,2016-06-30,503.16,gCO2e/kWh,,,primary
ember:monthly:emissions_intensity,US,mix,,total,,2016-07-01,2016-07-31,523.076,gCO2e/kWh,,,primary
ember:monthly:emissions_intensity,US,mix,,total,,2016-08-01,2016-08-31,528.41,gCO2e/kWh,,,primary
ember:monthly:emissions_intensity,US,mix,,total,,2016-09-01,2016-09-30,512.035,gCO2e/kWh,,,primary
ember:monthly:emissions_intensity,US,mix,,total,,2016-10-01,2016-10-31,489.975,gCO2e/kWh,,,primary
ember:monthly:emissions_intensity,US,mix,,total,,2016-11-01,2016-11-30,462.466,gCO2e/kWh,,,primary
ember:monthly:emissions_intensity,US,mix,,total,,2016-12-01,2016-12-31,490.157,gCO2e/kWh,,,primary
ember:monthly:emissions_intensity,US,mix,,total,,2017-01-01,2017-01-31,480.802,gCO2e/kWh,,,primary
ember:monthly:emissions_intensity,US,mix,,total,,2017-02-01,2017-02-28,450.011,gCO2e/kWh,,,primary
ember:monthly:emissions_intensity,US,mix,,total,,2017-03-01,2017-03-31,439.315,gCO2e/kWh,,,primary
ember:monthly:emissions_intensity,US,mix,,total,,2017-04-01,2017-04-30,435.662,gCO2e/kWh,,,primary
ember:monthly:emissions_intensity,US,mix,,total,,2017-05-01,2017-05-31,448.443,gCO2e/kWh,,,primary
ember:monthly:emissions_intensity,US,mix,,total,,2017-06-01,2017-06-30,472.263,gCO2e/kWh,,,primary
ember:monthly:emissions_intensity,US,mix,,total,,2017-07-01,2017-07-31,505.259,gCO2e/kWh,,,primary
ember:monthly:emissions_intensity,US,mix,,total,,2017-08-01,2017-08-31,502.766,gCO2e/kWh,,,primary
ember:monthly:emissions_intensity,US,mix,,total,,2017-09-01,2017-09-30,477.798,gCO2e/kWh,,,primary
ember:monthly:emissions_intensity,US,mix,,total,,2017-10-01,2017-10-31,459.76,gCO2e/kWh,,,primary
ember:monthly:emissions_intensity,US,mix,,total,,2017-11-01,2017-11-30,459.441,gCO2e/kWh,,,primary
ember:monthly:emissions_intensity,US,mix,,total,,2017-12-01,2017-12-31,474.253,gCO2e/kWh,,,primary
ember:monthly:emissions_intensity,US,mix,,total,,2018-01-01,2018-01-31,483.063,gCO2e/kWh,,,primary
ember:monthly:emissions_intensity,US,mix,,total,,2018-02-01,2018-02-28,439.625,gCO2e/kWh,,,primary
ember:monthly:emissions_intensity,US,mix,,total,,2018-03-01,2018-03-31,428.988,gCO2e/kWh,,,primary
ember:monthly:emissions_intensity,US,mix,,total,,2018-04-01,2018-04-30,420.366,gCO2e/kWh,,,primary
ember:monthly:emissions_intensity,US,mix,,total,,2018-05-01,2018-05-31,433.636,gCO2e/kWh,,,primary
ember:monthly:emissions_intensity,US,mix,,total,,2018-06-01,2018-06-30,459.391,gCO2e/kWh,,,primary
ember:monthly:emissions_intensity,US,mix,,total,,2018-07-01,2018-07-31,491.36,gCO2e/kWh,,,primary
ember:monthly:emissions_intensity,US,mix,,total,,2018-08-01,2018-08-31,490.958,gCO2e/kWh,,,primary
ember:monthly:emissions_intensity,US,mix,,total,,2018-09-01,2018-09-30,481.739,gCO2e/kWh,,,primary
ember:monthly:emissions_intensity,US,mix,,total,,2018-10-01,2018-10-31,470.102,gCO2e/kWh,,,primary
ember:monthly:emissions_intensity,US,mix,,total,,2018-11-01,2018-11-30,466.201,gCO2e/kWh,,,primary
ember:monthly:emissions_intensity,US,mix,,total,,2018-12-01,2018-12-31,463.492,gCO2e/kWh,,,primary
ember:monthly:emissions_intensity,US,mix,,total,,2019-01-01,2019-01-31,461.156,gCO2e/kWh,,,primary
ember:monthly:emissions_intensity,US,mix,,total,,2019-02-01,2019-02-28,443.999,gCO2e/kWh,,,primary
ember:monthly:emissions_intensity,US,mix,,total,,2019-03-01,2019-03-31,429.841,gCO2e/kWh,,,primary
ember:monthly:emissions_intensity,US,mix,,total,,2019-04-01,2019-04-30,392.062,gCO2e/kWh,,,primary
ember:monthly:emissions_intensity,US,mix,,total,,2019-05-01,2019-05-31,408.841,gCO2e/kWh,,,primary
ember:monthly:emissions_intensity,US,mix,,total,,2019-06-01,2019-06-30,431.545,gCO2e/kWh,,,primary
ember:monthly:emissions_intensity,US,mix,,total,,2019-07-01,2019-07-31,468.058,gCO2e/kWh,,,primary
ember:monthly:emissions_intensity,US,mix,,total,,2019-08-01,2019-08-31,466.162,gCO2e/kWh,,,primary
ember:monthly:emissions_intensity,US,mix,,total,,2019-09-01,2019-09-30,458.753,gCO2e/kWh,,,primary
ember:monthly:emissions_intensity,US,mix,,total,,2019-10-01,2019-10-31,428.228,gCO2e/kWh,,,primary
ember:monthly:emissions_intensity,US,mix,,total,,2019-11-01,2019-11-30,439.352,gCO2e/kWh,,,primary
ember:monthly:emissions_intensity,US,mix,,total,,2019-12-01,2019-12-31,425.091,gCO2e/kWh,,,primary
ember:monthly:emissions_intensity,US,mix,,total,,2020-01-01,2020-01-31,406.86,gCO2e/kWh,,,primary
ember:monthly:emissions_intensity,US,mix,,total,,2020-02-01,2020-02-29,394.092,gCO2e/kWh,,,primary
ember:monthly:emissions_intensity,US,mix,,total,,2020-03-01,2020-03-31,385.955,gCO2e/kWh,,,primary
ember:monthly:emissions_intensity,US,mix,,total,,2020-04-01,2020-04-30,361.904,gCO2e/kWh,,,primary
ember:monthly:emissions_intensity,US,mix,,total,,2020-05-01,2020-05-31,362.971,gCO2e/kWh,,,primary
ember:monthly:emissions_intensity,US,mix,,total,,2020-06-01,2020-06-30,404.157,gCO2e/kWh,,,primary
ember:monthly:emissions_intensity,US,mix,,total,,2020-07-01,2020-07-31,454.103,gCO2e/kWh,,,primary
ember:monthly:emissions_intensity,US,mix,,total,,2020-08-01,2020-08-31,459.849,gCO2e/kWh,,,primary
ember:monthly:emissions_intensity,US,mix,,total,,2020-09-01,2020-09-30,431.733,gCO2e/kWh,,,primary
ember:monthly:emissions_intensity,US,mix,,total,,2020-10-01,2020-10-31,416.458,gCO2e/kWh,,,primary
ember:monthly:emissions_intensity,US,mix,,total,,2020-11-01,2020-11-30,400.631,gCO2e/kWh,,,primary
ember:monthly:emissions_intensity,US,mix,,total,,2020-12-01,2020-12-31,427.674,gCO2e/kWh,,,primary
ember:monthly:emissions_intensity,US,mix,,total,,2021-01-01,2021-01-31,426.984,gCO2e/kWh,,,primary
ember:monthly:emissions_intensity,US,mix,,total,,2021-02-01,2021-02-28,452.396,gCO2e/kWh,,,primary
ember:monthly:emissions_intensity,US,mix,,total,,2021-03-01,2021-03-31,384.419,gCO2e/kWh,,,primary
ember:monthly:emissions_intensity,US,mix,,total,,2021-04-01,2021-04-30,381.794,gCO2e/kWh,,,primary
ember:monthly:emissions_intensity,US,mix,,total,,2021-05-01,2021-05-31,391.812,gCO2e/kWh,,,primary
ember:monthly:emissions_intensity,US,mix,,total,,2021-06-01,2021-06-30,444.241,gCO2e/kWh,,,primary
ember:monthly:emissions_intensity,US,mix,,total,,2021-07-01,2021-07-31,470.341,gCO2e/kWh,,,primary
ember:monthly:emissions_intensity,US,mix,,total,,2021-08-01,2021-08-31,467.002,gCO2e/kWh,,,primary
ember:monthly:emissions_intensity,US,mix,,total,,2021-09-01,2021-09-30,437.964,gCO2e/kWh,,,primary
ember:monthly:emissions_intensity,US,mix,,total,,2021-10-01,2021-10-31,417.158,gCO2e/kWh,,,primary
ember:monthly:emissions_intensity,US,mix,,total,,2021-11-01,2021-11-30,394.017,gCO2e/kWh,,,primary
ember:monthly:emissions_intensity,US,mix,,total,,2021-12-01,2021-12-31,384.108,gCO2e/kWh,,,primary
ember:monthly:emissions_intensity,US,mix,,total,,2022-01-01,2022-01-31,430.444,gCO2e/kWh,,,primary
ember:monthly:emissions_intensity,US,mix,,total,,2022-02-01,2022-02-28,408.933,gCO2e/kWh,,,primary
ember:monthly:emissions_intensity,US,mix,,total,,2022-03-01,2022-03-31,375.129,gCO2e/kWh,,,primary
ember:monthly:emissions_intensity,US,mix,,total,,2022-04-01,2022-04-30,368.977,gCO2e/kWh,,,primary
ember:monthly:emissions_intensity,US,mix,,total,,2022-05-01,2022-05-31,382.097,gCO2e/kWh,,,primary
ember:monthly:emissions_intensity,US,mix,,total,,2022-06-01,2022-06-30,412.35,gCO2e/kWh,,,primary
ember:monthly:emissions_intensity,US,mix,,total,,2022-07-01,2022-07-31,440.904,gCO2e/kWh,,,primary
ember:monthly:emissions_intensity,US,mix,,total,,2022-08-01,2022-08-31,448.922,gCO2e/kWh,,,primary
ember:monthly:emissions_intensity,US,mix,,total,,2022-09-01,2022-09-30,422.965,gCO2e/kWh,,,primary
ember:monthly:emissions_intensity,US,mix,,total,,2022-10-01,2022-10-31,401.415,gCO2e/kWh,,,primary
ember:monthly:emissions_intensity,US,mix,,total,,2022-11-01,2022-11-30,389.19,gCO2e/kWh,,,primary
ember:monthly:emissions_intensity,US,mix,,total,,2022-12-01,2022-12-31,417.262,gCO2e/kWh,,,primary
ember:monthly:emissions_intensity,US,mix,,total,,2023-01-01,2023-01-31,391.02,gCO2e/kWh,,,primary
ember:monthly:emissions_intensity,US,mix,,total,,2023-02-01,2023-02-28,368.123,gCO2e/kWh,,,primary
ember:monthly:emissions_intensity,US,mix,,total,,2023-03-01,2023-03-31,368.53,gCO2e/kWh,,,primary
ember:monthly:emissions_intensity,US,mix,,total,,2023-04-01,2023-04-30,348.411,gCO2e/kWh,,,primary
ember:monthly:emissions_intensity,US,mix,,total,,2023-05-01,2023-05-31,360.679,gCO2e/kWh,,,primary
ember:monthly:emissions_intensity,US,mix,,total,,2023-06-01,2023-06-30,401.297,gCO2e/kWh,,,primary
ember:monthly:emissions_intensity,US,mix,,total,,2023-07-01,2023-07-31,433.492,gCO2e/kWh,,,primary
ember:monthly:emissions_intensity,US,mix,,total,,2023-08-01,2023-08-31,434.077,gCO2e/kWh,,,primary
ember:monthly:emissions_intensity,US,mix,,total,,2023-09-01,2023-09-30,412.234,gCO2e/kWh,,,primary
ember:monthly:emissions_intensity,US,mix,,total,,2023-10-01,2023-10-31,387.257,gCO2e/kWh,,,primary
ember:monthly:emissions_intensity,US,mix,,total,,2023-11-01,2023-11-30,387.131,gCO2e/kWh,,,primary
ember:monthly:emissions_intensity,US,mix,,total,,2023-12-01,2023-12-31,391.59,gCO2e/kWh,,,primary
ember:monthly:emissions_intensity,US,mix,,total,,2024-01-01,2024-01-31,425.027,gCO2e/kWh,,,primary
ember:monthly:emissions_intensity,US,mix,,total,,2024-02-01,2024-02-29,358.548,gCO2e/kWh,,,primary
ember:monthly:emissions_intensity,US,mix,,total,,2024-03-01,2024-03-31,337.429,gCO2e/kWh,,,primary
ember:monthly:emissions_intensity,US,mix,,total,,2024-04-01,2024-04-30,332.075,gCO2e/kWh,,,primary
ember:monthly:emissions_intensity,US,mix,,total,,2024-05-01,2024-05-31,353.938,gCO2e/kWh,,,primary
ember:monthly:emissions_intensity,US,mix,,total,,2024-06-01,2024-06-30,386.747,gCO2e/kWh,,,primary
ember:monthly:emissions_intensity,US,mix,,total,,2024-07-01,2024-07-31,420.789,gCO2e/kWh,,,primary
ember:monthly:emissions_intensity,US,mix,,total,,2024-08-01,2024-08-31,416.986,gCO2e/kWh,,,primary
ember:monthly:emissions_intensity,US,mix,,total,,2024-09-01,2024-09-30,402.975,gCO2e/kWh,,,primary
ember:monthly:emissions_intensity,US,mix,,total,,2024-10-01,2024-10-31,376.11,gCO2e/kWh,,,primary
ember:monthly:emissions_intensity,US,mix,,total,,2024-11-01,2024-11-30,369.85,gCO2e/kWh,,,primary
ember:monthly:emissions_intensity,US,mix,,total,,2024-12-01,2024-12-31,393.097,gCO2e/kWh,,,primary
ember:monthly:emissions_intensity,US,mix,,total,,2025-01-01,2025-01-31,416.631,gCO2e/kWh,,,primary
ember:monthly:emissions_intensity,US,mix,,total,,2025-02-01,2025-02-28,391.836,gCO2e/kWh,,,primary
ember:monthly:emissions_intensity,US,mix,,total,,2025-03-01,2025-03-31,338.429,gCO2e/kWh,,,primary
ember:monthly:emissions_intensity,US,mix,,total,,2025-04-01,2025-04-30,334.578,gCO2e/kWh,,,primary
ember:monthly:emissions_intensity,US,mix,,total,,2025-05-01,2025-05-31,351.964,gCO2e/kWh,,,primary
ember:monthly:emissions_intensity,US,mix,,total,,2025-06-01,2025-06-30,387.056,gCO2e/kWh,,,primary
ember:monthly:emissions_intensity,US,mix,,total,,2025-07-01,2025-07-31,418.569,gCO2e/kWh,,,primary
ember:monthly:emissions_intensity,US,mix,,total,,2025-08-01,2025-08-31,409.081,gCO2e/kWh,,,primary
ember:monthly:emissions_intensity,US,mix,,total,,2025-09-01,2025-09-30,401.043,gCO2e/kWh,,,primary
ember:monthly:emissions_intensity,US,mix,,total,,2025-10-01,2025-10-31,379.823,gCO2e/kWh,,,primary
ember:monthly:emissions_intensity,US,mix,,total,,2025-11-01,2025-11-30,373.664,gCO2e/kWh,,,primary
ember:monthly:emissions_intensity,US,mix,,total,,2025-12-01,2025-12-31,383.496,gCO2e/kWh,,,primary
ember:monthly:emissions_intensity,US,mix,,total,,2026-01-01,2026-01-31,390.891,gCO2e/kWh,,,primary
ember:monthly:emissions_intensity,US,mix,,total,,2026-02-01,2026-02-28,373.715,gCO2e/kWh,,,primary
ember:monthly:emissions_intensity,US,mix,,total,,2026-03-01,2026-03-31,324.632,gCO2e/kWh,,,primary
ember:monthly:emissions_intensity,US,mix,,total,,2026-04-01,2026-04-30,323.533,gCO2e/kWh,,,primary
ember:monthly:emissions_intensity,US,mix,,total,,2026-05-01,2026-05-31,335.221,gCO2e/kWh,,,primary
ember:monthly:emissions_intensity,US,mix,,total,,2026-06-01,2026-06-30,358.549,gCO2e/kWh,,,primary
ember:monthly:emissions_intensity,US,mix,,total,,2026-07-01,2026-07-31,404.083,gCO2e/kWh,,,primary
ember:monthly:emissions_intensity,US,mix,,total,,2026-08-01,2026-08-31,402.872,gCO2e/kWh,,,primary
ember:monthly:emissions_intensity,ZA,mix,,total,,2018-01-01,2018-01-31,767.244,gCO2e/kWh,,,primary
ember:monthly:emissions_intensity,ZA,mix,,total,,2018-02-01,2018-02-28,764.235,gCO2e/kWh,,,primary
ember:monthly:emissions_intensity,ZA,mix,,total,,2018-03-01,2018-03-31,790.134,gCO2e/kWh,,,primary
ember:monthly:emissions_intensity,ZA,mix,,total,,2018-04-01,2018-04-30,780.716,gCO2e/kWh,,,primary
ember:monthly:emissions_intensity,ZA,mix,,total,,2018-05-01,2018-05-31,797.075,gCO2e/kWh,,,primary
ember:monthly:emissions_intensity,ZA,mix,,total,,2018-06-01,2018-06-30,787.83,gCO2e/kWh,,,primary
ember:monthly:emissions_intensity,ZA,mix,,total,,2018-07-01,2018-07-31,772.183,gCO2e/kWh,,,primary
ember:monthly:emissions_intensity,ZA,mix,,total,,2018-08-01,2018-08-31,772.084,gCO2e/kWh,,,primary
ember:monthly:emissions_intensity,ZA,mix,,total,,2018-09-01,2018-09-30,778.267,gCO2e/kWh,,,primary
ember:monthly:emissions_intensity,ZA,mix,,total,,2018-10-01,2018-10-31,784.993,gCO2e/kWh,,,primary
ember:monthly:emissions_intensity,ZA,mix,,total,,2018-11-01,2018-11-30,781.647,gCO2e/kWh,,,primary
ember:monthly:emissions_intensity,ZA,mix,,total,,2018-12-01,2018-12-31,777.691,gCO2e/kWh,,,primary
ember:monthly:emissions_intensity,ZA,mix,,total,,2019-01-01,2019-01-31,747.542,gCO2e/kWh,,,primary
ember:monthly:emissions_intensity,ZA,mix,,total,,2019-02-01,2019-02-28,752.81,gCO2e/kWh,,,primary
ember:monthly:emissions_intensity,ZA,mix,,total,,2019-03-01,2019-03-31,754.059,gCO2e/kWh,,,primary
ember:monthly:emissions_intensity,ZA,mix,,total,,2019-04-01,2019-04-30,760.656,gCO2e/kWh,,,primary
ember:monthly:emissions_intensity,ZA,mix,,total,,2019-05-01,2019-05-31,777.23,gCO2e/kWh,,,primary
ember:monthly:emissions_intensity,ZA,mix,,total,,2019-06-01,2019-06-30,765.209,gCO2e/kWh,,,primary
ember:monthly:emissions_intensity,ZA,mix,,total,,2019-07-01,2019-07-31,763.004,gCO2e/kWh,,,primary
ember:monthly:emissions_intensity,ZA,mix,,total,,2019-08-01,2019-08-31,762.669,gCO2e/kWh,,,primary
ember:monthly:emissions_intensity,ZA,mix,,total,,2019-09-01,2019-09-30,765.993,gCO2e/kWh,,,primary
ember:monthly:emissions_intensity,ZA,mix,,total,,2019-10-01,2019-10-31,780.992,gCO2e/kWh,,,primary
ember:monthly:emissions_intensity,ZA,mix,,total,,2019-11-01,2019-11-30,778.122,gCO2e/kWh,,,primary
ember:monthly:emissions_intensity,ZA,mix,,total,,2019-12-01,2019-12-31,770.687,gCO2e/kWh,,,primary
ember:monthly:emissions_intensity,ZA,mix,,total,,2020-01-01,2020-01-31,751.468,gCO2e/kWh,,,primary
ember:monthly:emissions_intensity,ZA,mix,,total,,2020-02-01,2020-02-29,751.39,gCO2e/kWh,,,primary
ember:monthly:emissions_intensity,ZA,mix,,total,,2020-03-01,2020-03-31,758.151,gCO2e/kWh,,,primary
ember:monthly:emissions_intensity,ZA,mix,,total,,2020-04-01,2020-04-30,765.918,gCO2e/kWh,,,primary
ember:monthly:emissions_intensity,ZA,mix,,total,,2020-05-01,2020-05-31,782.387,gCO2e/kWh,,,primary
ember:monthly:emissions_intensity,ZA,mix,,total,,2020-06-01,2020-06-30,786.274,gCO2e/kWh,,,primary
ember:monthly:emissions_intensity,ZA,mix,,total,,2020-07-01,2020-07-31,773.596,gCO2e/kWh,,,primary
ember:monthly:emissions_intensity,ZA,mix,,total,,2020-08-01,2020-08-31,771.034,gCO2e/kWh,,,primary
ember:monthly:emissions_intensity,ZA,mix,,total,,2020-09-01,2020-09-30,776.042,gCO2e/kWh,,,primary
ember:monthly:emissions_intensity,ZA,mix,,total,,2020-10-01,2020-10-31,768.271,gCO2e/kWh,,,primary
ember:monthly:emissions_intensity,ZA,mix,,total,,2020-11-01,2020-11-30,739.653,gCO2e/kWh,,,primary
ember:monthly:emissions_intensity,ZA,mix,,total,,2020-12-01,2020-12-31,733.216,gCO2e/kWh,,,primary
ember:monthly:emissions_intensity,ZA,mix,,total,,2021-01-01,2021-01-31,749.722,gCO2e/kWh,,,primary
ember:monthly:emissions_intensity,ZA,mix,,total,,2021-02-01,2021-02-28,749.543,gCO2e/kWh,,,primary
ember:monthly:emissions_intensity,ZA,mix,,total,,2021-03-01,2021-03-31,764.062,gCO2e/kWh,,,primary
ember:monthly:emissions_intensity,ZA,mix,,total,,2021-04-01,2021-04-30,778.209,gCO2e/kWh,,,primary
ember:monthly:emissions_intensity,ZA,mix,,total,,2021-05-01,2021-05-31,773.978,gCO2e/kWh,,,primary
ember:monthly:emissions_intensity,ZA,mix,,total,,2021-06-01,2021-06-30,766.635,gCO2e/kWh,,,primary
ember:monthly:emissions_intensity,ZA,mix,,total,,2021-07-01,2021-07-31,748.0,gCO2e/kWh,,,primary
ember:monthly:emissions_intensity,ZA,mix,,total,,2021-08-01,2021-08-31,747.103,gCO2e/kWh,,,primary
ember:monthly:emissions_intensity,ZA,mix,,total,,2021-09-01,2021-09-30,736.377,gCO2e/kWh,,,primary
ember:monthly:emissions_intensity,ZA,mix,,total,,2021-10-01,2021-10-31,727.69,gCO2e/kWh,,,primary
ember:monthly:emissions_intensity,ZA,mix,,total,,2021-11-01,2021-11-30,721.668,gCO2e/kWh,,,primary
ember:monthly:emissions_intensity,ZA,mix,,total,,2021-12-01,2021-12-31,706.172,gCO2e/kWh,,,primary
ember:monthly:emissions_intensity,ZA,mix,,total,,2022-01-01,2022-01-31,723.367,gCO2e/kWh,,,primary
ember:monthly:emissions_intensity,ZA,mix,,total,,2022-02-01,2022-02-28,745.081,gCO2e/kWh,,,primary
ember:monthly:emissions_intensity,ZA,mix,,total,,2022-03-01,2022-03-31,746.963,gCO2e/kWh,,,primary
ember:monthly:emissions_intensity,ZA,mix,,total,,2022-04-01,2022-04-30,734.729,gCO2e/kWh,,,primary
ember:monthly:emissions_intensity,ZA,mix,,total,,2022-05-01,2022-05-31,750.898,gCO2e/kWh,,,primary
ember:monthly:emissions_intensity,ZA,mix,,total,,2022-06-01,2022-06-30,754.439,gCO2e/kWh,,,primary
ember:monthly:emissions_intensity,ZA,mix,,total,,2022-07-01,2022-07-31,751.095,gCO2e/kWh,,,primary
ember:monthly:emissions_intensity,ZA,mix,,total,,2022-08-01,2022-08-31,731.727,gCO2e/kWh,,,primary
ember:monthly:emissions_intensity,ZA,mix,,total,,2022-09-01,2022-09-30,728.324,gCO2e/kWh,,,primary
ember:monthly:emissions_intensity,ZA,mix,,total,,2022-10-01,2022-10-31,707.854,gCO2e/kWh,,,primary
ember:monthly:emissions_intensity,ZA,mix,,total,,2022-11-01,2022-11-30,692.55,gCO2e/kWh,,,primary
ember:monthly:emissions_intensity,ZA,mix,,total,,2022-12-01,2022-12-31,687.279,gCO2e/kWh,,,primary
ember:monthly:emissions_intensity,ZA,mix,,total,,2023-01-01,2023-01-31,694.401,gCO2e/kWh,,,primary
ember:monthly:emissions_intensity,ZA,mix,,total,,2023-02-01,2023-02-28,703.11,gCO2e/kWh,,,primary
ember:monthly:emissions_intensity,ZA,mix,,total,,2023-03-01,2023-03-31,710.298,gCO2e/kWh,,,primary
ember:monthly:emissions_intensity,ZA,mix,,total,,2023-04-01,2023-04-30,720.847,gCO2e/kWh,,,primary
ember:monthly:emissions_intensity,ZA,mix,,total,,2023-05-01,2023-05-31,734.75,gCO2e/kWh,,,primary
ember:monthly:emissions_intensity,ZA,mix,,total,,2023-06-01,2023-06-30,726.177,gCO2e/kWh,,,primary
ember:monthly:emissions_intensity,ZA,mix,,total,,2023-07-01,2023-07-31,730.363,gCO2e/kWh,,,primary
ember:monthly:emissions_intensity,ZA,mix,,total,,2023-08-01,2023-08-31,717.5,gCO2e/kWh,,,primary
ember:monthly:emissions_intensity,ZA,mix,,total,,2023-09-01,2023-09-30,707.365,gCO2e/kWh,,,primary
ember:monthly:emissions_intensity,ZA,mix,,total,,2023-10-01,2023-10-31,706.869,gCO2e/kWh,,,primary
ember:monthly:emissions_intensity,ZA,mix,,total,,2023-11-01,2023-11-30,695.89,gCO2e/kWh,,,primary
ember:monthly:emissions_intensity,ZA,mix,,total,,2023-12-01,2023-12-31,689.459,gCO2e/kWh,,,primary
ember:monthly:emissions_intensity,ZA,mix,,total,,2024-01-01,2024-01-31,682.343,gCO2e/kWh,,,primary
ember:monthly:emissions_intensity,ZA,mix,,total,,2024-02-01,2024-02-29,690.58,gCO2e/kWh,,,primary
ember:monthly:emissions_intensity,ZA,mix,,total,,2024-03-01,2024-03-31,711.018,gCO2e/kWh,,,primary
ember:monthly:emissions_intensity,ZA,mix,,total,,2024-04-01,2024-04-30,720.0,gCO2e/kWh,,,primary
ember:monthly:emissions_intensity,ZA,mix,,total,,2024-05-01,2024-05-31,734.94,gCO2e/kWh,,,primary
ember:monthly:emissions_intensity,ZA,mix,,total,,2024-06-01,2024-06-30,744.53,gCO2e/kWh,,,primary
ember:monthly:emissions_intensity,ZA,mix,,total,,2024-07-01,2024-07-31,736.145,gCO2e/kWh,,,primary
ember:monthly:emissions_intensity,ZA,mix,,total,,2024-08-01,2024-08-31,720.0,gCO2e/kWh,,,primary
ember:monthly:emissions_intensity,ZA,mix,,total,,2024-09-01,2024-09-30,724.311,gCO2e/kWh,,,primary
ember:monthly:emissions_intensity,ZA,mix,,total,,2024-10-01,2024-10-31,700.098,gCO2e/kWh,,,primary
ember:monthly:emissions_intensity,ZA,mix,,total,,2024-11-01,2024-11-30,701.517,gCO2e/kWh,,,primary
ember:monthly:emissions_intensity,ZA,mix,,total,,2024-12-01,2024-12-31,689.141,gCO2e/kWh,,,primary
ember:monthly:emissions_intensity,ZA,mix,,total,,2025-01-01,2025-01-31,664.1,gCO2e/kWh,,,primary
ember:monthly:emissions_intensity,ZA,mix,,total,,2025-02-01,2025-02-28,690.722,gCO2e/kWh,,,primary
ember:monthly:emissions_intensity,ZA,mix,,total,,2025-03-01,2025-03-31,724.097,gCO2e/kWh,,,primary
ember:monthly:emissions_intensity,ZA,mix,,total,,2025-04-01,2025-04-30,713.639,gCO2e/kWh,,,primary
ember:monthly:emissions_intensity,ZA,mix,,total,,2025-05-01,2025-05-31,713.732,gCO2e/kWh,,,primary
ember:monthly:emissions_intensity,ZA,mix,,total,,2025-06-01,2025-06-30,717.112,gCO2e/kWh,,,primary
ember:monthly:emissions_intensity,ZA,mix,,total,,2025-07-01,2025-07-31,720.161,gCO2e/kWh,,,primary
ember:monthly:emissions_intensity,ZA,mix,,total,,2025-08-01,2025-08-31,717.522,gCO2e/kWh,,,primary
ember:monthly:emissions_intensity,ZA,mix,,total,,2025-09-01,2025-09-30,707.23,gCO2e/kWh,,,primary
ember:monthly:emissions_intensity,ZA,mix,,total,,2025-10-01,2025-10-31,684.317,gCO2e/kWh,,,primary
ember:monthly:emissions_intensity,ZA,mix,,total,,2025-11-01,2025-11-30,651.801,gCO2e/kWh,,,primary
ember:monthly:emissions_intensity,ZA,mix,,total,,2025-12-01,2025-12-31,606.396,gCO2e/kWh,,,primary
ember:monthly:emissions_intensity,ZA,mix,,total,,2026-01-01,2026-01-31,618.958,gCO2e/kWh,,,primary
ember:monthly:emissions_intensity,ZA,mix,,total,,2026-02-01,2026-02-28,642.315,gCO2e/kWh,,,primary
ember:monthly:emissions_intensity,ZA,mix,,total,,2026-03-01,2026-03-31,650.773,gCO2e/kWh,,,primary
ember:monthly:emissions_intensity,ZA,mix,,total,,2026-04-01,2026-04-30,683.353,gCO2e/kWh,,,primary
ember:monthly:emissions_intensity,ZA,mix,,total,,2026-05-01,2026-05-31,726.552,gCO2e/kWh,,,primary
ember:monthly:emissions_intensity,ZA,mix,,total,,2026-06-01,2026-06-30,727.719,gCO2e/kWh,,,primary
ember:monthly:emissions_intensity,ZA,mix,,total,,2026-07-01,2026-07-31,735.549,gCO2e/kWh,,,primary
ember:monthly:generation,CN,mix,,bioenergy,,2016-01-01,2016-01-31,3.649,TWh,,,primary
ember:monthly:generation,CN,mix,,bioenergy,,2016-02-01,2016-02-29,3.675,TWh,,,primary
ember:monthly:generation,CN,mix,,bioenergy,,2016-03-01,2016-03-31,3.726,TWh,,,primary
ember:monthly:generation,CN,mix,,bioenergy,,2016-04-01,2016-04-30,3.802,TWh,,,primary
ember:monthly:generation,CN,mix,,bioenergy,,2016-05-01,2016-05-31,3.833,TWh,,,primary
ember:monthly:generation,CN,mix,,bioenergy,,2016-06-01,2016-06-30,3.818,TWh,,,primary
ember:monthly:generation,CN,mix,,bioenergy,,2016-07-01,2016-07-31,3.757,TWh,,,primary
ember:monthly:generation,CN,mix,,bioenergy,,2016-08-01,2016-08-31,3.807,TWh,,,primary
ember:monthly:generation,CN,mix,,bioenergy,,2016-09-01,2016-09-30,3.968,TWh,,,primary
ember:monthly:generation,CN,mix,,bioenergy,,2016-10-01,2016-10-31,4.24,TWh,,,primary
ember:monthly:generation,CN,mix,,bioenergy,,2016-11-01,2016-11-30,4.389,TWh,,,primary
ember:monthly:generation,CN,mix,,bioenergy,,2016-12-01,2016-12-31,4.415,TWh,,,primary
ember:monthly:generation,CN,mix,,bioenergy,,2017-01-01,2017-01-31,4.317,TWh,,,primary
ember:monthly:generation,CN,mix,,bioenergy,,2017-02-01,2017-02-28,4.315,TWh,,,primary
ember:monthly:generation,CN,mix,,bioenergy,,2017-03-01,2017-03-31,4.408,TWh,,,primary
ember:monthly:generation,CN,mix,,bioenergy,,2017-04-01,2017-04-30,4.595,TWh,,,primary
ember:monthly:generation,CN,mix,,bioenergy,,2017-05-01,2017-05-31,4.693,TWh,,,primary
ember:monthly:generation,CN,mix,,bioenergy,,2017-06-01,2017-06-30,4.702,TWh,,,primary
ember:monthly:generation,CN,mix,,bioenergy,,2017-07-01,2017-07-31,4.62,TWh,,,primary
ember:monthly:generation,CN,mix,,bioenergy,,2017-08-01,2017-08-31,4.683,TWh,,,primary
ember:monthly:generation,CN,mix,,bioenergy,,2017-09-01,2017-09-30,4.891,TWh,,,primary
ember:monthly:generation,CN,mix,,bioenergy,,2017-10-01,2017-10-31,5.244,TWh,,,primary
ember:monthly:generation,CN,mix,,bioenergy,,2017-11-01,2017-11-30,5.349,TWh,,,primary
ember:monthly:generation,CN,mix,,bioenergy,,2017-12-01,2017-12-31,5.207,TWh,,,primary
ember:monthly:generation,CN,mix,,bioenergy,,2018-01-01,2018-01-31,4.818,TWh,,,primary
ember:monthly:generation,CN,mix,,bioenergy,,2018-02-01,2018-02-28,4.736,TWh,,,primary
ember:monthly:generation,CN,mix,,bioenergy,,2018-03-01,2018-03-31,4.962,TWh,,,primary
ember:monthly:generation,CN,mix,,bioenergy,,2018-04-01,2018-04-30,5.495,TWh,,,primary
ember:monthly:generation,CN,mix,,bioenergy,,2018-05-01,2018-05-31,5.75,TWh,,,primary
ember:monthly:generation,CN,mix,,bioenergy,,2018-06-01,2018-06-30,5.727,TWh,,,primary
ember:monthly:generation,CN,mix,,bioenergy,,2018-07-01,2018-07-31,5.427,TWh,,,primary
ember:monthly:generation,CN,mix,,bioenergy,,2018-08-01,2018-08-31,5.344,TWh,,,primary
ember:monthly:generation,CN,mix,,bioenergy,,2018-09-01,2018-09-30,5.479,TWh,,,primary
ember:monthly:generation,CN,mix,,bioenergy,,2018-10-01,2018-10-31,5.83,TWh,,,primary
ember:monthly:generation,CN,mix,,bioenergy,,2018-11-01,2018-11-30,5.969,TWh,,,primary
ember:monthly:generation,CN,mix,,bioenergy,,2018-12-01,2018-12-31,5.896,TWh,,,primary
ember:monthly:generation,CN,mix,,bioenergy,,2019-01-01,2019-01-31,5.61,TWh,,,primary
ember:monthly:generation,CN,mix,,bioenergy,,2019-02-01,2019-02-28,5.606,TWh,,,primary
ember:monthly:generation,CN,mix,,bioenergy,,2019-03-01,2019-03-31,5.883,TWh,,,primary
ember:monthly:generation,CN,mix,,bioenergy,,2019-04-01,2019-04-30,6.443,TWh,,,primary
ember:monthly:generation,CN,mix,,bioenergy,,2019-05-01,2019-05-31,6.706,TWh,,,primary
ember:monthly:generation,CN,mix,,bioenergy,,2019-06-01,2019-06-30,6.672,TWh,,,primary
ember:monthly:generation,CN,mix,,bioenergy,,2019-07-01,2019-07-31,6.342,TWh,,,primary
ember:monthly:generation,CN,mix,,bioenergy,,2019-08-01,2019-08-31,6.301,TWh,,,primary
ember:monthly:generation,CN,mix,,bioenergy,,2019-09-01,2019-09-30,6.55,TWh,,,primary
ember:monthly:generation,CN,mix,,bioenergy,,2019-10-01,2019-10-31,7.087,TWh,,,primary
ember:monthly:generation,CN,mix,,bioenergy,,2019-11-01,2019-11-30,7.263,TWh,,,primary
ember:monthly:generation,CN,mix,,bioenergy,,2019-12-01,2019-12-31,7.076,TWh,,,primary
ember:monthly:generation,CN,mix,,bioenergy,,2020-01-01,2020-01-31,6.526,TWh,,,primary
ember:monthly:generation,CN,mix,,bioenergy,,2020-02-01,2020-02-29,6.392,TWh,,,primary
ember:monthly:generation,CN,mix,,bioenergy,,2020-03-01,2020-03-31,6.674,TWh,,,primary
ember:monthly:generation,CN,mix,,bioenergy,,2020-04-01,2020-04-30,7.373,TWh,,,primary
ember:monthly:generation,CN,mix,,bioenergy,,2020-05-01,2020-05-31,7.752,TWh,,,primary
ember:monthly:generation,CN,mix,,bioenergy,,2020-06-01,2020-06-30,7.812,TWh,,,primary
ember:monthly:generation,CN,mix,,bioenergy,,2020-07-01,2020-07-31,7.554,TWh,,,primary
ember:monthly:generation,CN,mix,,bioenergy,,2020-08-01,2020-08-31,7.541,TWh,,,primary
ember:monthly:generation,CN,mix,,bioenergy,,2020-09-01,2020-09-30,7.774,TWh,,,primary
ember:monthly:generation,CN,mix,,bioenergy,,2020-10-01,2020-10-31,8.251,TWh,,,primary
ember:monthly:generation,CN,mix,,bioenergy,,2020-11-01,2020-11-30,8.463,TWh,,,primary
ember:monthly:generation,CN,mix,,bioenergy,,2020-12-01,2020-12-31,7.765,TWh,,,primary
ember:monthly:generation,CN,mix,,bioenergy,,2021-01-01,2021-01-31,8.086,TWh,,,primary
ember:monthly:generation,CN,mix,,bioenergy,,2021-02-01,2021-02-28,7.936,TWh,,,primary
ember:monthly:generation,CN,mix,,bioenergy,,2021-03-01,2021-03-31,7.958,TWh,,,primary
ember:monthly:generation,CN,mix,,bioenergy,,2021-04-01,2021-04-30,8.153,TWh,,,primary
ember:monthly:generation,CN,mix,,bioenergy,,2021-05-01,2021-05-31,8.364,TWh,,,primary
ember:monthly:generation,CN,mix,,bioenergy,,2021-06-01,2021-06-30,8.59,TWh,,,primary
ember:monthly:generation,CN,mix,,bioenergy,,2021-07-01,2021-07-31,8.833,TWh,,,primary
ember:monthly:generation,CN,mix,,bioenergy,,2021-08-01,2021-08-31,8.983,TWh,,,primary
ember:monthly:generation,CN,mix,,bioenergy,,2021-09-01,2021-09-30,9.042,TWh,,,primary
ember:monthly:generation,CN,mix,,bioenergy,,2021-10-01,2021-10-31,9.008,TWh,,,primary
ember:monthly:generation,CN,mix,,bioenergy,,2021-11-01,2021-11-30,9.029,TWh,,,primary
ember:monthly:generation,CN,mix,,bioenergy,,2021-12-01,2021-12-31,9.104,TWh,,,primary
ember:monthly:generation,CN,mix,,bioenergy,,2022-01-01,2022-01-31,9.235,TWh,,,primary
ember:monthly:generation,CN,mix,,bioenergy,,2022-02-01,2022-02-28,9.119,TWh,,,primary
ember:monthly:generation,CN,mix,,bioenergy,,2022-03-01,2022-03-31,8.758,TWh,,,primary
ember:monthly:generation,CN,mix,,bioenergy,,2022-04-01,2022-04-30,8.152,TWh,,,primary
ember:monthly:generation,CN,mix,,bioenergy,,2022-05-01,2022-05-31,7.911,TWh,,,primary
ember:monthly:generation,CN,mix,,bioenergy,,2022-06-01,2022-06-30,8.037,TWh,,,primary
ember:monthly:generation,CN,mix,,bioenergy,,2022-07-01,2022-07-31,8.528,TWh,,,primary
ember:monthly:generation,CN,mix,,bioenergy,,2022-08-01,2022-08-31,9.033,TWh,,,primary
ember:monthly:generation,CN,mix,,bioenergy,,2022-09-01,2022-09-30,9.551,TWh,,,primary
ember:monthly:generation,CN,mix,,bioenergy,,2022-10-01,2022-10-31,10.084,TWh,,,primary
ember:monthly:generation,CN,mix,,bioenergy,,2022-11-01,2022-11-30,10.323,TWh,,,primary
ember:monthly:generation,CN,mix,,bioenergy,,2022-12-01,2022-12-31,10.269,TWh,,,primary
ember:monthly:generation,CN,mix,,bioenergy,,2023-01-01,2023-01-31,9.922,TWh,,,primary
ember:monthly:generation,CN,mix,,bioenergy,,2023-02-01,2023-02-28,9.734,TWh,,,primary
ember:monthly:generation,CN,mix,,bioenergy,,2023-03-01,2023-03-31,9.706,TWh,,,primary
ember:monthly:generation,CN,mix,,bioenergy,,2023-04-01,2023-04-30,9.837,TWh,,,primary
ember:monthly:generation,CN,mix,,bioenergy,,2023-05-01,2023-05-31,9.892,TWh,,,primary
ember:monthly:generation,CN,mix,,bioenergy,,2023-06-01,2023-06-30,9.873,TWh,,,primary
ember:monthly:generation,CN,mix,,bioenergy,,2023-07-01,2023-07-31,9.778,TWh,,,primary
ember:monthly:generation,CN,mix,,bioenergy,,2023-08-01,2023-08-31,9.769,TWh,,,primary
ember:monthly:generation,CN,mix,,bioenergy,,2023-09-01,2023-09-30,9.845,TWh,,,primary
ember:monthly:generation,CN,mix,,bioenergy,,2023-10-01,2023-10-31,10.008,TWh,,,primary
ember:monthly:generation,CN,mix,,bioenergy,,2023-11-01,2023-11-30,10.135,TWh,,,primary
ember:monthly:generation,CN,mix,,bioenergy,,2023-12-01,2023-12-31,10.227,TWh,,,primary
ember:monthly:generation,CN,mix,,bioenergy,,2024-01-01,2024-01-31,10.284,TWh,,,primary
ember:monthly:generation,CN,mix,,bioenergy,,2024-02-01,2024-02-29,10.306,TWh,,,primary
ember:monthly:generation,CN,mix,,bioenergy,,2024-03-01,2024-03-31,10.292,TWh,,,primary
ember:monthly:generation,CN,mix,,bioenergy,,2024-04-01,2024-04-30,10.244,TWh,,,primary
ember:monthly:generation,CN,mix,,bioenergy,,2024-05-01,2024-05-31,10.18,TWh,,,primary
ember:monthly:generation,CN,mix,,bioenergy,,2024-06-01,2024-06-30,10.1,TWh,,,primary
ember:monthly:generation,CN,mix,,bioenergy,,2024-07-01,2024-07-31,10.003,TWh,,,primary
ember:monthly:generation,CN,mix,,bioenergy,,2024-08-01,2024-08-31,10.048,TWh,,,primary
ember:monthly:generation,CN,mix,,bioenergy,,2024-09-01,2024-09-30,10.234,TWh,,,primary
ember:monthly:generation,CN,mix,,bioenergy,,2024-10-01,2024-10-31,10.561,TWh,,,primary
ember:monthly:generation,CN,mix,,bioenergy,,2024-11-01,2024-11-30,10.845,TWh,,,primary
ember:monthly:generation,CN,mix,,bioenergy,,2024-12-01,2024-12-31,11.085,TWh,,,primary
ember:monthly:generation,CN,mix,,bioenergy,,2025-01-01,2025-01-31,11.282,TWh,,,primary
ember:monthly:generation,CN,mix,,bioenergy,,2025-02-01,2025-02-28,11.399,TWh,,,primary
ember:monthly:generation,CN,mix,,bioenergy,,2025-03-01,2025-03-31,11.434,TWh,,,primary
ember:monthly:generation,CN,mix,,bioenergy,,2025-04-01,2025-04-30,11.389,TWh,,,primary
ember:monthly:generation,CN,mix,,bioenergy,,2025-05-01,2025-05-31,11.289,TWh,,,primary
ember:monthly:generation,CN,mix,,bioenergy,,2025-06-01,2025-06-30,11.133,TWh,,,primary
ember:monthly:generation,CN,mix,,bioenergy,,2025-07-01,2025-07-31,10.921,TWh,,,primary
ember:monthly:generation,CN,mix,,bioenergy,,2025-08-01,2025-08-31,10.933,TWh,,,primary
ember:monthly:generation,CN,mix,,bioenergy,,2025-09-01,2025-09-30,11.167,TWh,,,primary
ember:monthly:generation,CN,mix,,bioenergy,,2025-10-01,2025-10-31,11.624,TWh,,,primary
ember:monthly:generation,CN,mix,,bioenergy,,2025-11-01,2025-11-30,11.944,TWh,,,primary
ember:monthly:generation,CN,mix,,bioenergy,,2025-12-01,2025-12-31,12.128,TWh,,,primary
ember:monthly:generation,CN,mix,,bioenergy,,2026-01-01,2026-01-31,12.176,TWh,,,primary
ember:monthly:generation,CN,mix,,bioenergy,,2026-02-01,2026-02-28,12.101,TWh,,,primary
ember:monthly:generation,CN,mix,,bioenergy,,2026-03-01,2026-03-31,11.906,TWh,,,primary
ember:monthly:generation,CN,mix,,bioenergy,,2026-04-01,2026-04-30,11.588,TWh,,,primary
ember:monthly:generation,CN,mix,,bioenergy,,2026-05-01,2026-05-31,11.377,TWh,,,primary
ember:monthly:generation,CN,mix,,bioenergy,,2026-06-01,2026-06-30,11.271,TWh,,,primary
ember:monthly:generation,CN,mix,,bioenergy,,2026-07-01,2026-07-31,11.023,TWh,,,primary
ember:monthly:generation,CN,mix,,bioenergy,,2026-08-01,2026-08-31,11.026,TWh,,,primary
ember:monthly:generation,CN,mix,,coal,,2016-01-01,2016-01-31,361.155,TWh,,,primary
ember:monthly:generation,CN,mix,,coal,,2016-02-01,2016-02-29,279.616,TWh,,,primary
ember:monthly:generation,CN,mix,,coal,,2016-03-01,2016-03-31,347.638,TWh,,,primary
ember:monthly:generation,CN,mix,,coal,,2016-04-01,2016-04-30,313.844,TWh,,,primary
ember:monthly:generation,CN,mix,,coal,,2016-05-01,2016-05-31,313.845,TWh,,,primary
ember:monthly:generation,CN,mix,,coal,,2016-06-01,2016-06-30,327.833,TWh,,,primary
ember:monthly:generation,CN,mix,,coal,,2016-07-01,2016-07-31,365.875,TWh,,,primary
ember:monthly:generation,CN,mix,,coal,,2016-08-01,2016-08-31,389.252,TWh,,,primary
ember:monthly:generation,CN,mix,,coal,,2016-09-01,2016-09-30,342.163,TWh,,,primary
ember:monthly:generation,CN,mix,,coal,,2016-10-01,2016-10-31,337.539,TWh,,,primary
ember:monthly:generation,CN,mix,,coal,,2016-11-01,2016-11-30,360.325,TWh,,,primary
ember:monthly:generation,CN,mix,,coal,,2016-12-01,2016-12-31,401.518,TWh,,,primary
ember:monthly:generation,CN,mix,,coal,,2017-01-01,2017-01-31,390.573,TWh,,,primary
ember:monthly:generation,CN,mix,,coal,,2017-02-01,2017-02-28,302.39,TWh,,,primary
ember:monthly:generation,CN,mix,,coal,,2017-03-01,2017-03-31,374.09,TWh,,,primary
ember:monthly:generation,CN,mix,,coal,,2017-04-01,2017-04-30,331.411,TWh,,,primary
ember:monthly:generation,CN,mix,,coal,,2017-05-01,2017-05-31,333.783,TWh,,,primary
ember:monthly:generation,CN,mix,,coal,,2017-06-01,2017-06-30,347.431,TWh,,,primary
ember:monthly:generation,CN,mix,,coal,,2017-07-01,2017-07-31,405.913,TWh,,,primary
ember:monthly:generation,CN,mix,,coal,,2017-08-01,2017-08-31,404.469,TWh,,,primary
ember:monthly:generation,CN,mix,,coal,,2017-09-01,2017-09-30,341.12,TWh,,,primary
ember:monthly:generation,CN,mix,,coal,,2017-10-01,2017-10-31,330.346,TWh,,,primary
ember:monthly:generation,CN,mix,,coal,,2017-11-01,2017-11-30,366.467,TWh,,,primary
ember:monthly:generation,CN,mix,,coal,,2017-12-01,2017-12-31,427.712,TWh,,,primary
ember:monthly:generation,CN,mix,,coal,,2018-01-01,2018-01-31,439.923,TWh,,,primary
ember:monthly:generation,CN,mix,,coal,,2018-02-01,2018-02-28,340.577,TWh,,,primary
ember:monthly:generation,CN,mix,,coal,,2018-03-01,2018-03-31,387.441,TWh,,,primary
ember:monthly:generation,CN,mix,,coal,,2018-04-01,2018-04-30,365.795,TWh,,,primary
ember:monthly:generation,CN,mix,,coal,,2018-05-01,2018-05-31,378.71,TWh,,,primary
ember:monthly:generation,CN,mix,,coal,,2018-06-01,2018-06-30,379.074,TWh,,,primary
ember:monthly:generation,CN,mix,,coal,,2018-07-01,2018-07-31,431.858,TWh,,,primary
ember:monthly:generation,CN,mix,,coal,,2018-08-01,2018-08-31,440.776,TWh,,,primary
ember:monthly:generation,CN,mix,,coal,,2018-09-01,2018-09-30,364.844,TWh,,,primary
ember:monthly:generation,CN,mix,,coal,,2018-10-01,2018-10-31,350.418,TWh,,,primary
ember:monthly:generation,CN,mix,,coal,,2018-11-01,2018-11-30,388.374,TWh,,,primary
ember:monthly:generation,CN,mix,,coal,,2018-12-01,2018-12-31,458.793,TWh,,,primary
ember:monthly:generation,CN,mix,,coal,,2019-01-01,2019-01-31,455.651,TWh,,,primary
ember:monthly:generation,CN,mix,,coal,,2019-02-01,2019-02-28,351.239,TWh,,,primary
ember:monthly:generation,CN,mix,,coal,,2019-03-01,2019-03-31,395.315,TWh,,,primary
ember:monthly:generation,CN,mix,,coal,,2019-04-01,2019-04-30,367.0,TWh,,,primary
ember:monthly:generation,CN,mix,,coal,,2019-05-01,2019-05-31,360.982,TWh,,,primary
ember:monthly:generation,CN,mix,,coal,,2019-06-01,2019-06-30,378.882,TWh,,,primary
ember:monthly:generation,CN,mix,,coal,,2019-07-01,2019-07-31,428.442,TWh,,,primary
ember:monthly:generation,CN,mix,,coal,,2019-08-01,2019-08-31,443.503,TWh,,,primary
ember:monthly:generation,CN,mix,,coal,,2019-09-01,2019-09-30,390.646,TWh,,,primary
ember:monthly:generation,CN,mix,,coal,,2019-10-01,2019-10-31,377.839,TWh,,,primary
ember:monthly:generation,CN,mix,,coal,,2019-11-01,2019-11-30,411.22,TWh,,,primary
ember:monthly:generation,CN,mix,,coal,,2019-12-01,2019-12-31,481.657,TWh,,,primary
ember:monthly:generation,CN,mix,,coal,,2020-01-01,2020-01-31,454.309,TWh,,,primary
ember:monthly:generation,CN,mix,,coal,,2020-02-01,2020-02-29,279.374,TWh,,,primary
ember:monthly:generation,CN,mix,,coal,,2020-03-01,2020-03-31,364.36,TWh,,,primary
ember:monthly:generation,CN,mix,,coal,,2020-04-01,2020-04-30,372.495,TWh,,,primary
ember:monthly:generation,CN,mix,,coal,,2020-05-01,2020-05-31,395.568,TWh,,,primary
ember:monthly:generation,CN,mix,,coal,,2020-06-01,2020-06-30,402.737,TWh,,,primary
ember:monthly:generation,CN,mix,,coal,,2020-07-01,2020-07-31,429.127,TWh,,,primary
ember:monthly:generation,CN,mix,,coal,,2020-08-01,2020-08-31,473.757,TWh,,,primary
ember:monthly:generation,CN,mix,,coal,,2020-09-01,2020-09-30,392.174,TWh,,,primary
ember:monthly:generation,CN,mix,,coal,,2020-10-01,2020-10-31,372.951,TWh,,,primary
ember:monthly:generation,CN,mix,,coal,,2020-11-01,2020-11-30,438.845,TWh,,,primary
ember:monthly:generation,CN,mix,,coal,,2020-12-01,2020-12-31,538.018,TWh,,,primary
ember:monthly:generation,CN,mix,,coal,,2021-01-01,2021-01-31,533.682,TWh,,,primary
ember:monthly:generation,CN,mix,,coal,,2021-02-01,2021-02-28,345.256,TWh,,,primary
ember:monthly:generation,CN,mix,,coal,,2021-03-01,2021-03-31,460.748,TWh,,,primary
ember:monthly:generation,CN,mix,,coal,,2021-04-01,2021-04-30,416.228,TWh,,,primary
ember:monthly:generation,CN,mix,,coal,,2021-05-01,2021-05-31,414.439,TWh,,,primary
ember:monthly:generation,CN,mix,,coal,,2021-06-01,2021-06-30,446.617,TWh,,,primary
ember:monthly:generation,CN,mix,,coal,,2021-07-01,2021-07-31,486.9,TWh,,,primary
ember:monthly:generation,CN,mix,,coal,,2021-08-01,2021-08-31,479.402,TWh,,,primary
ember:monthly:generation,CN,mix,,coal,,2021-09-01,2021-09-30,419.082,TWh,,,primary
ember:monthly:generation,CN,mix,,coal,,2021-10-01,2021-10-31,397.896,TWh,,,primary
ember:monthly:generation,CN,mix,,coal,,2021-11-01,2021-11-30,434.032,TWh,,,primary
ember:monthly:generation,CN,mix,,coal,,2021-12-01,2021-12-31,504.921,TWh,,,primary
ember:monthly:generation,CN,mix,,coal,,2022-01-01,2022-01-31,555.259,TWh,,,primary
ember:monthly:generation,CN,mix,,coal,,2022-02-01,2022-02-28,367.626,TWh,,,primary
ember:monthly:generation,CN,mix,,coal,,2022-03-01,2022-03-31,435.786,TWh,,,primary
ember:monthly:generation,CN,mix,,coal,,2022-04-01,2022-04-30,368.71,TWh,,,primary
ember:monthly:generation,CN,mix,,coal,,2022-05-01,2022-05-31,372.22,TWh,,,primary
ember:monthly:generation,CN,mix,,coal,,2022-06-01,2022-06-30,419.087,TWh,,,primary
ember:monthly:generation,CN,mix,,coal,,2022-07-01,2022-07-31,510.123,TWh,,,primary
ember:monthly:generation,CN,mix,,coal,,2022-08-01,2022-08-31,551.112,TWh,,,primary
ember:monthly:generation,CN,mix,,coal,,2022-09-01,2022-09-30,444.257,TWh,,,primary
ember:monthly:generation,CN,mix,,coal,,2022-10-01,2022-10-31,408.159,TWh,,,primary
ember:monthly:generation,CN,mix,,coal,,2022-11-01,2022-11-30,437.242,TWh,,,primary
ember:monthly:generation,CN,mix,,coal,,2022-12-01,2022-12-31,514.763,TWh,,,primary
ember:monthly:generation,CN,mix,,coal,,2023-01-01,2023-01-31,491.165,TWh,,,primary
ember:monthly:generation,CN,mix,,coal,,2023-02-01,2023-02-28,421.685,TWh,,,primary
ember:monthly:generation,CN,mix,,coal,,2023-03-01,2023-03-31,479.017,TWh,,,primary
ember:monthly:generation,CN,mix,,coal,,2023-04-01,2023-04-30,415.277,TWh,,,primary
ember:monthly:generation,CN,mix,,coal,,2023-05-01,2023-05-31,433.506,TWh,,,primary
ember:monthly:generation,CN,mix,,coal,,2023-06-01,2023-06-30,481.553,TWh,,,primary
ember:monthly:generation,CN,mix,,coal,,2023-07-01,2023-07-31,554.991,TWh,,,primary
ember:monthly:generation,CN,mix,,coal,,2023-08-01,2023-08-31,537.134,TWh,,,primary
ember:monthly:generation,CN,mix,,coal,,2023-09-01,2023-09-30,459.156,TWh,,,primary
ember:monthly:generation,CN,mix,,coal,,2023-10-01,2023-10-31,430.804,TWh,,,primary
ember:monthly:generation,CN,mix,,coal,,2023-11-01,2023-11-30,468.358,TWh,,,primary
ember:monthly:generation,CN,mix,,coal,,2023-12-01,2023-12-31,567.586,TWh,,,primary
ember:monthly:generation,CN,mix,,coal,,2024-01-01,2024-01-31,515.444,TWh,,,primary
ember:monthly:generation,CN,mix,,coal,,2024-02-01,2024-02-29,484.87,TWh,,,primary
ember:monthly:generation,CN,mix,,coal,,2024-03-01,2024-03-31,480.202,TWh,,,primary
ember:monthly:generation,CN,mix,,coal,,2024-04-01,2024-04-30,418.819,TWh,,,primary
ember:monthly:generation,CN,mix,,coal,,2024-05-01,2024-05-31,417.168,TWh,,,primary
ember:monthly:generation,CN,mix,,coal,,2024-06-01,2024-06-30,446.872,TWh,,,primary
ember:monthly:generation,CN,mix,,coal,,2024-07-01,2024-07-31,523.108,TWh,,,primary
ember:monthly:generation,CN,mix,,coal,,2024-08-01,2024-08-31,560.726,TWh,,,primary
ember:monthly:generation,CN,mix,,coal,,2024-09-01,2024-09-30,501.028,TWh,,,primary
ember:monthly:generation,CN,mix,,coal,,2024-10-01,2024-10-31,437.911,TWh,,,primary
ember:monthly:generation,CN,mix,,coal,,2024-11-01,2024-11-30,474.482,TWh,,,primary
ember:monthly:generation,CN,mix,,coal,,2024-12-01,2024-12-31,552.821,TWh,,,primary
ember:monthly:generation,CN,mix,,coal,,2025-01-01,2025-01-31,513.855,TWh,,,primary
ember:monthly:generation,CN,mix,,coal,,2025-02-01,2025-02-28,421.389,TWh,,,primary
ember:monthly:generation,CN,mix,,coal,,2025-03-01,2025-03-31,465.762,TWh,,,primary
ember:monthly:generation,CN,mix,,coal,,2025-04-01,2025-04-30,407.699,TWh,,,primary
ember:monthly:generation,CN,mix,,coal,,2025-05-01,2025-05-31,418.953,TWh,,,primary
ember:monthly:generation,CN,mix,,coal,,2025-06-01,2025-06-30,451.181,TWh,,,primary
ember:monthly:generation,CN,mix,,coal,,2025-07-01,2025-07-31,549.413,TWh,,,primary
ember:monthly:generation,CN,mix,,coal,,2025-08-01,2025-08-31,570.299,TWh,,,primary
ember:monthly:generation,CN,mix,,coal,,2025-09-01,2025-09-30,470.75,TWh,,,primary
ember:monthly:generation,CN,mix,,coal,,2025-10-01,2025-10-31,466.628,TWh,,,primary
ember:monthly:generation,CN,mix,,coal,,2025-11-01,2025-11-30,452.642,TWh,,,primary
ember:monthly:generation,CN,mix,,coal,,2025-12-01,2025-12-31,533.379,TWh,,,primary
ember:monthly:generation,CN,mix,,coal,,2026-01-01,2026-01-31,497.81,TWh,,,primary
ember:monthly:generation,CN,mix,,coal,,2026-02-01,2026-02-28,463.997,TWh,,,primary
ember:monthly:generation,CN,mix,,coal,,2026-03-01,2026-03-31,487.906,TWh,,,primary
ember:monthly:generation,CN,mix,,coal,,2026-04-01,2026-04-30,421.747,TWh,,,primary
ember:monthly:generation,CN,mix,,coal,,2026-05-01,2026-05-31,431.092,TWh,,,primary
ember:monthly:generation,CN,mix,,coal,,2026-06-01,2026-06-30,454.881,TWh,,,primary
ember:monthly:generation,CN,mix,,coal,,2026-07-01,2026-07-31,530.019,TWh,,,primary
ember:monthly:generation,CN,mix,,coal,,2026-08-01,2026-08-31,545.645,TWh,,,primary
ember:monthly:generation,CN,mix,,demand,,2016-01-01,2016-01-31,480.444,TWh,,,primary
ember:monthly:generation,CN,mix,,demand,,2016-02-01,2016-02-29,397.305,TWh,,,primary
ember:monthly:generation,CN,mix,,demand,,2016-03-01,2016-03-31,483.739,TWh,,,primary
ember:monthly:generation,CN,mix,,demand,,2016-04-01,2016-04-30,453.764,TWh,,,primary
ember:monthly:generation,CN,mix,,demand,,2016-05-01,2016-05-31,473.511,TWh,,,primary
ember:monthly:generation,CN,mix,,demand,,2016-06-01,2016-06-30,497.011,TWh,,,primary
ember:monthly:generation,CN,mix,,demand,,2016-07-01,2016-07-31,558.811,TWh,,,primary
ember:monthly:generation,CN,mix,,demand,,2016-08-01,2016-08-31,569.648,TWh,,,primary
ember:monthly:generation,CN,mix,,demand,,2016-09-01,2016-09-30,497.577,TWh,,,primary
ember:monthly:generation,CN,mix,,demand,,2016-10-01,2016-10-31,494.745,TWh,,,primary
ember:monthly:generation,CN,mix,,demand,,2016-11-01,2016-11-30,511.168,TWh,,,primary
ember:monthly:generation,CN,mix,,demand,,2016-12-01,2016-12-31,540.665,TWh,,,primary
ember:monthly:generation,CN,mix,,demand,,2017-01-01,2017-01-31,518.958,TWh,,,primary
ember:monthly:generation,CN,mix,,demand,,2017-02-01,2017-02-28,427.676,TWh,,,primary
ember:monthly:generation,CN,mix,,demand,,2017-03-01,2017-03-31,520.326,TWh,,,primary
ember:monthly:generation,CN,mix,,demand,,2017-04-01,2017-04-30,482.196,TWh,,,primary
ember:monthly:generation,CN,mix,,demand,,2017-05-01,2017-05-31,500.845,TWh,,,primary
ember:monthly:generation,CN,mix,,demand,,2017-06-01,2017-06-30,524.478,TWh,,,primary
ember:monthly:generation,CN,mix,,demand,,2017-07-01,2017-07-31,609.898,TWh,,,primary
ember:monthly:generation,CN,mix,,demand,,2017-08-01,2017-08-31,601.829,TWh,,,primary
ember:monthly:generation,CN,mix,,demand,,2017-09-01,2017-09-30,529.594,TWh,,,primary
ember:monthly:generation,CN,mix,,demand,,2017-10-01,2017-10-31,514.858,TWh,,,primary
ember:monthly:generation,CN,mix,,demand,,2017-11-01,2017-11-30,542.233,TWh,,,primary
ember:monthly:generation,CN,mix,,demand,,2017-12-01,2017-12-31,589.452,TWh,,,primary
ember:monthly:generation,CN,mix,,demand,,2018-01-01,2018-01-31,589.871,TWh,,,primary
ember:monthly:generation,CN,mix,,demand,,2018-02-01,2018-02-28,483.433,TWh,,,primary
ember:monthly:generation,CN,mix,,demand,,2018-03-01,2018-03-31,545.475,TWh,,,primary
ember:monthly:generation,CN,mix,,demand,,2018-04-01,2018-04-30,533.401,TWh,,,primary
ember:monthly:generation,CN,mix,,demand,,2018-05-01,2018-05-31,567.341,TWh,,,primary
ember:monthly:generation,CN,mix,,demand,,2018-06-01,2018-06-30,577.293,TWh,,,primary
ember:monthly:generation,CN,mix,,demand,,2018-07-01,2018-07-31,662.335,TWh,,,primary
ember:monthly:generation,CN,mix,,demand,,2018-08-01,2018-08-31,665.366,TWh,,,primary
ember:monthly:generation,CN,mix,,demand,,2018-09-01,2018-09-30,572.683,TWh,,,primary
ember:monthly:generation,CN,mix,,demand,,2018-10-01,2018-10-31,558.29,TWh,,,primary
ember:monthly:generation,CN,mix,,demand,,2018-11-01,2018-11-30,573.85,TWh,,,primary
ember:monthly:generation,CN,mix,,demand,,2018-12-01,2018-12-31,639.709,TWh,,,primary
ember:monthly:generation,CN,mix,,demand,,2019-01-01,2019-01-31,619.194,TWh,,,primary
ember:monthly:generation,CN,mix,,demand,,2019-02-01,2019-02-28,510.842,TWh,,,primary
ember:monthly:generation,CN,mix,,demand,,2019-03-01,2019-03-31,587.651,TWh,,,primary
ember:monthly:generation,CN,mix,,demand,,2019-04-01,2019-04-30,562.916,TWh,,,primary
ember:monthly:generation,CN,mix,,demand,,2019-05-01,2019-05-31,579.12,TWh,,,primary
ember:monthly:generation,CN,mix,,demand,,2019-06-01,2019-06-30,601.27,TWh,,,primary
ember:monthly:generation,CN,mix,,demand,,2019-07-01,2019-07-31,677.534,TWh,,,primary
ember:monthly:generation,CN,mix,,demand,,2019-08-01,2019-08-31,687.821,TWh,,,primary
ember:monthly:generation,CN,mix,,demand,,2019-09-01,2019-09-30,609.554,TWh,,,primary
ember:monthly:generation,CN,mix,,demand,,2019-10-01,2019-10-31,592.945,TWh,,,primary
ember:monthly:generation,CN,mix,,demand,,2019-11-01,2019-11-30,610.684,TWh,,,primary
ember:monthly:generation,CN,mix,,demand,,2019-12-01,2019-12-31,675.865,TWh,,,primary
ember:monthly:generation,CN,mix,,demand,,2020-01-01,2020-01-31,619.279,TWh,,,primary
ember:monthly:generation,CN,mix,,demand,,2020-02-01,2020-02-29,435.032,TWh,,,primary
ember:monthly:generation,CN,mix,,demand,,2020-03-01,2020-03-31,568.821,TWh,,,primary
ember:monthly:generation,CN,mix,,demand,,2020-04-01,2020-04-30,571.225,TWh,,,primary
ember:monthly:generation,CN,mix,,demand,,2020-05-01,2020-05-31,610.188,TWh,,,primary
ember:monthly:generation,CN,mix,,demand,,2020-06-01,2020-06-30,648.345,TWh,,,primary
ember:monthly:generation,CN,mix,,demand,,2020-07-01,2020-07-31,702.623,TWh,,,primary
ember:monthly:generation,CN,mix,,demand,,2020-08-01,2020-08-31,748.713,TWh,,,primary
ember:monthly:generation,CN,mix,,demand,,2020-09-01,2020-09-30,655.072,TWh,,,primary
ember:monthly:generation,CN,mix,,demand,,2020-10-01,2020-10-31,631.732,TWh,,,primary
ember:monthly:generation,CN,mix,,demand,,2020-11-01,2020-11-30,662.933,TWh,,,primary
ember:monthly:generation,CN,mix,,demand,,2020-12-01,2020-12-31,750.105,TWh,,,primary
ember:monthly:generation,CN,mix,,demand,,2021-01-01,2021-01-31,744.11,TWh,,,primary
ember:monthly:generation,CN,mix,,demand,,2021-02-01,2021-02-28,545.24,TWh,,,primary
ember:monthly:generation,CN,mix,,demand,,2021-03-01,2021-03-31,683.241,TWh,,,primary
ember:monthly:generation,CN,mix,,demand,,2021-04-01,2021-04-30,649.706,TWh,,,primary
ember:monthly:generation,CN,mix,,demand,,2021-05-01,2021-05-31,679.09,TWh,,,primary
ember:monthly:generation,CN,mix,,demand,,2021-06-01,2021-06-30,712.08,TWh,,,primary
ember:monthly:generation,CN,mix,,demand,,2021-07-01,2021-07-31,785.038,TWh,,,primary
ember:monthly:generation,CN,mix,,demand,,2021-08-01,2021-08-31,764.855,TWh,,,primary
ember:monthly:generation,CN,mix,,demand,,2021-09-01,2021-09-30,699.021,TWh,,,primary
ember:monthly:generation,CN,mix,,demand,,2021-10-01,2021-10-31,665.842,TWh,,,primary
ember:monthly:generation,CN,mix,,demand,,2021-11-01,2021-11-30,680.264,TWh,,,primary
ember:monthly:generation,CN,mix,,demand,,2021-12-01,2021-12-31,748.489,TWh,,,primary
ember:monthly:generation,CN,mix,,demand,,2022-01-01,2022-01-31,779.047,TWh,,,primary
ember:monthly:generation,CN,mix,,demand,,2022-02-01,2022-02-28,581.217,TWh,,,primary
ember:monthly:generation,CN,mix,,demand,,2022-03-01,2022-03-31,695.785,TWh,,,primary
ember:monthly:generation,CN,mix,,demand,,2022-04-01,2022-04-30,639.245,TWh,,,primary
ember:monthly:generation,CN,mix,,demand,,2022-05-01,2022-05-31,672.993,TWh,,,primary
ember:monthly:generation,CN,mix,,demand,,2022-06-01,2022-06-30,739.413,TWh,,,primary
ember:monthly:generation,CN,mix,,demand,,2022-07-01,2022-07-31,835.899,TWh,,,primary
ember:monthly:generation,CN,mix,,demand,,2022-08-01,2022-08-31,855.149,TWh,,,primary
ember:monthly:generation,CN,mix,,demand,,2022-09-01,2022-09-30,710.562,TWh,,,primary
ember:monthly:generation,CN,mix,,demand,,2022-10-01,2022-10-31,688.973,TWh,,,primary
ember:monthly:generation,CN,mix,,demand,,2022-11-01,2022-11-30,691.427,TWh,,,primary
ember:monthly:generation,CN,mix,,demand,,2022-12-01,2022-12-31,785.569,TWh,,,primary
ember:monthly:generation,CN,mix,,demand,,2023-01-01,2023-01-31,738.633,TWh,,,primary
ember:monthly:generation,CN,mix,,demand,,2023-02-01,2023-02-28,665.336,TWh,,,primary
ember:monthly:generation,CN,mix,,demand,,2023-03-01,2023-03-31,746.573,TWh,,,primary
ember:monthly:generation,CN,mix,,demand,,2023-04-01,2023-04-30,691.326,TWh,,,primary
ember:monthly:generation,CN,mix,,demand,,2023-05-01,2023-05-31,726.041,TWh,,,primary
ember:monthly:generation,CN,mix,,demand,,2023-06-01,2023-06-30,777.467,TWh,,,primary
ember:monthly:generation,CN,mix,,demand,,2023-07-01,2023-07-31,886.568,TWh,,,primary
ember:monthly:generation,CN,mix,,demand,,2023-08-01,2023-08-31,883.887,TWh,,,primary
ember:monthly:generation,CN,mix,,demand,,2023-09-01,2023-09-30,782.238,TWh,,,primary
ember:monthly:generation,CN,mix,,demand,,2023-10-01,2023-10-31,744.653,TWh,,,primary
ember:monthly:generation,CN,mix,,demand,,2023-11-01,2023-11-30,774.404,TWh,,,primary
ember:monthly:generation,CN,mix,,demand,,2023-12-01,2023-12-31,868.085,TWh,,,primary
ember:monthly:generation,CN,mix,,demand,,2024-01-01,2024-01-31,792.167,TWh,,,primary
ember:monthly:generation,CN,mix,,demand,,2024-02-01,2024-02-29,762.663,TWh,,,primary
ember:monthly:generation,CN,mix,,demand,,2024-03-01,2024-03-31,790.532,TWh,,,primary
ember:monthly:generation,CN,mix,,demand,,2024-04-01,2024-04-30,736.102,TWh,,,primary
ember:monthly:generation,CN,mix,,demand,,2024-05-01,2024-05-31,773.137,TWh,,,primary
ember:monthly:generation,CN,mix,,demand,,2024-06-01,2024-06-30,821.769,TWh,,,primary
ember:monthly:generation,CN,mix,,demand,,2024-07-01,2024-07-31,938.749,TWh,,,primary
ember:monthly:generation,CN,mix,,demand,,2024-08-01,2024-08-31,964.542,TWh,,,primary
ember:monthly:generation,CN,mix,,demand,,2024-09-01,2024-09-30,851.026,TWh,,,primary
ember:monthly:generation,CN,mix,,demand,,2024-10-01,2024-10-31,779.167,TWh,,,primary
ember:monthly:generation,CN,mix,,demand,,2024-11-01,2024-11-30,792.099,TWh,,,primary
ember:monthly:generation,CN,mix,,demand,,2024-12-01,2024-12-31,891.889,TWh,,,primary
ember:monthly:generation,CN,mix,,demand,,2025-01-01,2025-01-31,833.01,TWh,,,primary
ember:monthly:generation,CN,mix,,demand,,2025-02-01,2025-02-28,740.909,TWh,,,primary
ember:monthly:generation,CN,mix,,demand,,2025-03-01,2025-03-31,830.713,TWh,,,primary
ember:monthly:generation,CN,mix,,demand,,2025-04-01,2025-04-30,773.016,TWh,,,primary
ember:monthly:generation,CN,mix,,demand,,2025-05-01,2025-05-31,806.487,TWh,,,primary
ember:monthly:generation,CN,mix,,demand,,2025-06-01,2025-06-30,870.183,TWh,,,primary
ember:monthly:generation,CN,mix,,demand,,2025-07-01,2025-07-31,1009.511,TWh,,,primary
ember:monthly:generation,CN,mix,,demand,,2025-08-01,2025-08-31,1010.804,TWh,,,primary
ember:monthly:generation,CN,mix,,demand,,2025-09-01,2025-09-30,890.184,TWh,,,primary
ember:monthly:generation,CN,mix,,demand,,2025-10-01,2025-10-31,854.44,TWh,,,primary
ember:monthly:generation,CN,mix,,demand,,2025-11-01,2025-11-30,836.723,TWh,,,primary
ember:monthly:generation,CN,mix,,demand,,2025-12-01,2025-12-31,913.147,TWh,,,primary
ember:monthly:generation,CN,mix,,demand,,2026-01-01,2026-01-31,849.243,TWh,,,primary
ember:monthly:generation,CN,mix,,demand,,2026-02-01,2026-02-28,810.265,TWh,,,primary
ember:monthly:generation,CN,mix,,demand,,2026-03-01,2026-03-31,859.244,TWh,,,primary
ember:monthly:generation,CN,mix,,demand,,2026-04-01,2026-04-30,808.392,TWh,,,primary
ember:monthly:generation,CN,mix,,demand,,2026-05-01,2026-05-31,857.868,TWh,,,primary
ember:monthly:generation,CN,mix,,demand,,2026-06-01,2026-06-30,905.797,TWh,,,primary
ember:monthly:generation,CN,mix,,demand,,2026-07-01,2026-07-31,1023.669,TWh,,,primary
ember:monthly:generation,CN,mix,,demand,,2026-08-01,2026-08-31,1020.1,TWh,,,primary
ember:monthly:generation,CN,mix,,gas,,2016-01-01,2016-01-31,16.037,TWh,,,primary
ember:monthly:generation,CN,mix,,gas,,2016-02-01,2016-02-29,12.01,TWh,,,primary
ember:monthly:generation,CN,mix,,gas,,2016-03-01,2016-03-31,14.371,TWh,,,primary
ember:monthly:generation,CN,mix,,gas,,2016-04-01,2016-04-30,13.27,TWh,,,primary
ember:monthly:generation,CN,mix,,gas,,2016-05-01,2016-05-31,13.551,TWh,,,primary
ember:monthly:generation,CN,mix,,gas,,2016-06-01,2016-06-30,14.886,TWh,,,primary
ember:monthly:generation,CN,mix,,gas,,2016-07-01,2016-07-31,19.509,TWh,,,primary
ember:monthly:generation,CN,mix,,gas,,2016-08-01,2016-08-31,21.007,TWh,,,primary
ember:monthly:generation,CN,mix,,gas,,2016-09-01,2016-09-30,15.543,TWh,,,primary
ember:monthly:generation,CN,mix,,gas,,2016-10-01,2016-10-31,13.518,TWh,,,primary
ember:monthly:generation,CN,mix,,gas,,2016-11-01,2016-11-30,14.644,TWh,,,primary
ember:monthly:generation,CN,mix,,gas,,2016-12-01,2016-12-31,18.807,TWh,,,primary
ember:monthly:generation,CN,mix,,gas,,2017-01-01,2017-01-31,17.069,TWh,,,primary
ember:monthly:generation,CN,mix,,gas,,2017-02-01,2017-02-28,12.783,TWh,,,primary
ember:monthly:generation,CN,mix,,gas,,2017-03-01,2017-03-31,15.296,TWh,,,primary
ember:monthly:generation,CN,mix,,gas,,2017-04-01,2017-04-30,14.124,TWh,,,primary
ember:monthly:generation,CN,mix,,gas,,2017-05-01,2017-05-31,14.423,TWh,,,primary
ember:monthly:generation,CN,mix,,gas,,2017-06-01,2017-06-30,15.844,TWh,,,primary
ember:monthly:generation,CN,mix,,gas,,2017-07-01,2017-07-31,20.765,TWh,,,primary
ember:monthly:generation,CN,mix,,gas,,2017-08-01,2017-08-31,22.359,TWh,,,primary
ember:monthly:generation,CN,mix,,gas,,2017-09-01,2017-09-30,16.544,TWh,,,primary
ember:monthly:generation,CN,mix,,gas,,2017-10-01,2017-10-31,14.388,TWh,,,primary
ember:monthly:generation,CN,mix,,gas,,2017-11-01,2017-11-30,15.586,TWh,,,primary
ember:monthly:generation,CN,mix,,gas,,2017-12-01,2017-12-31,20.017,TWh,,,primary
ember:monthly:generation,CN,mix,,gas,,2018-01-01,2018-01-31,18.274,TWh,,,primary
ember:monthly:generation,CN,mix,,gas,,2018-02-01,2018-02-28,13.685,TWh,,,primary
ember:monthly:generation,CN,mix,,gas,,2018-03-01,2018-03-31,16.376,TWh,,,primary
ember:monthly:generation,CN,mix,,gas,,2018-04-01,2018-04-30,15.121,TWh,,,primary
ember:monthly:generation,CN,mix,,gas,,2018-05-01,2018-05-31,15.441,TWh,,,primary
ember:monthly:generation,CN,mix,,gas,,2018-06-01,2018-06-30,16.963,TWh,,,primary
ember:monthly:generation,CN,mix,,gas,,2018-07-01,2018-07-31,22.23,TWh,,,primary
ember:monthly:generation,CN,mix,,gas,,2018-08-01,2018-08-31,23.937,TWh,,,primary
ember:monthly:generation,CN,mix,,gas,,2018-09-01,2018-09-30,17.711,TWh,,,primary
ember:monthly:generation,CN,mix,,gas,,2018-10-01,2018-10-31,15.404,TWh,,,primary
ember:monthly:generation,CN,mix,,gas,,2018-11-01,2018-11-30,16.686,TWh,,,primary
ember:monthly:generation,CN,mix,,gas,,2018-12-01,2018-12-31,21.43,TWh,,,primary
ember:monthly:generation,CN,mix,,gas,,2019-01-01,2019-01-31,18.413,TWh,,,primary
ember:monthly:generation,CN,mix,,gas,,2019-02-01,2019-02-28,14.194,TWh,,,primary
ember:monthly:generation,CN,mix,,gas,,2019-03-01,2019-03-31,17.216,TWh,,,primary
ember:monthly:generation,CN,mix,,gas,,2019-04-01,2019-04-30,15.634,TWh,,,primary
ember:monthly:generation,CN,mix,,gas,,2019-05-01,2019-05-31,16.769,TWh,,,primary
ember:monthly:generation,CN,mix,,gas,,2019-06-01,2019-06-30,20.965,TWh,,,primary
ember:monthly:generation,CN,mix,,gas,,2019-07-01,2019-07-31,24.575,TWh,,,primary
ember:monthly:generation,CN,mix,,gas,,2019-08-01,2019-08-31,25.09,TWh,,,primary
ember:monthly:generation,CN,mix,,gas,,2019-09-01,2019-09-30,20.231,TWh,,,primary
ember:monthly:generation,CN,mix,,gas,,2019-10-01,2019-10-31,17.155,TWh,,,primary
ember:monthly:generation,CN,mix,,gas,,2019-11-01,2019-11-30,17.848,TWh,,,primary
ember:monthly:generation,CN,mix,,gas,,2019-12-01,2019-12-31,23.603,TWh,,,primary
ember:monthly:generation,CN,mix,,gas,,2020-01-01,2020-01-31,23.007,TWh,,,primary
ember:monthly:generation,CN,mix,,gas,,2020-02-01,2020-02-29,14.186,TWh,,,primary
ember:monthly:generation,CN,mix,,gas,,2020-03-01,2020-03-31,19.138,TWh,,,primary
ember:monthly:generation,CN,mix,,gas,,2020-04-01,2020-04-30,16.859,TWh,,,primary
ember:monthly:generation,CN,mix,,gas,,2020-05-01,2020-05-31,18.761,TWh,,,primary
ember:monthly:generation,CN,mix,,gas,,2020-06-01,2020-06-30,20.899,TWh,,,primary
ember:monthly:generation,CN,mix,,gas,,2020-07-01,2020-07-31,22.324,TWh,,,primary
ember:monthly:generation,CN,mix,,gas,,2020-08-01,2020-08-31,27.337,TWh,,,primary
ember:monthly:generation,CN,mix,,gas,,2020-09-01,2020-09-30,22.259,TWh,,,primary
ember:monthly:generation,CN,mix,,gas,,2020-10-01,2020-10-31,19.272,TWh,,,primary
ember:monthly:generation,CN,mix,,gas,,2020-11-01,2020-11-30,23.942,TWh,,,primary
ember:monthly:generation,CN,mix,,gas,,2020-12-01,2020-12-31,24.489,TWh,,,primary
ember:monthly:generation,CN,mix,,gas,,2021-01-01,2021-01-31,22.901,TWh,,,primary
ember:monthly:generation,CN,mix,,gas,,2021-02-01,2021-02-28,14.754,TWh,,,primary
ember:monthly:generation,CN,mix,,gas,,2021-03-01,2021-03-31,23.873,TWh,,,primary
ember:monthly:generation,CN,mix,,gas,,2021-04-01,2021-04-30,24.351,TWh,,,primary
ember:monthly:generation,CN,mix,,gas,,2021-05-01,2021-05-31,25.667,TWh,,,primary
ember:monthly:generation,CN,mix,,gas,,2021-06-01,2021-06-30,22.978,TWh,,,primary
ember:monthly:generation,CN,mix,,gas,,2021-07-01,2021-07-31,26.842,TWh,,,primary
ember:monthly:generation,CN,mix,,gas,,2021-08-01,2021-08-31,26.664,TWh,,,primary
ember:monthly:generation,CN,mix,,gas,,2021-09-01,2021-09-30,23.042,TWh,,,primary
ember:monthly:generation,CN,mix,,gas,,2021-10-01,2021-10-31,19.634,TWh,,,primary
ember:monthly:generation,CN,mix,,gas,,2021-11-01,2021-11-30,19.599,TWh,,,primary
ember:monthly:generation,CN,mix,,gas,,2021-12-01,2021-12-31,23.48,TWh,,,primary
ember:monthly:generation,CN,mix,,gas,,2022-01-01,2022-01-31,27.03,TWh,,,primary
ember:monthly:generation,CN,mix,,gas,,2022-02-01,2022-02-28,17.144,TWh,,,primary
ember:monthly:generation,CN,mix,,gas,,2022-03-01,2022-03-31,19.634,TWh,,,primary
ember:monthly:generation,CN,mix,,gas,,2022-04-01,2022-04-30,18.024,TWh,,,primary
ember:monthly:generation,CN,mix,,gas,,2022-05-01,2022-05-31,17.862,TWh,,,primary
ember:monthly:generation,CN,mix,,gas,,2022-06-01,2022-06-30,21.909,TWh,,,primary
ember:monthly:generation,CN,mix,,gas,,2022-07-01,2022-07-31,32.125,TWh,,,primary
ember:monthly:generation,CN,mix,,gas,,2022-08-01,2022-08-31,34.817,TWh,,,primary
ember:monthly:generation,CN,mix,,gas,,2022-09-01,2022-09-30,24.145,TWh,,,primary
ember:monthly:generation,CN,mix,,gas,,2022-10-01,2022-10-31,19.266,TWh,,,primary
ember:monthly:generation,CN,mix,,gas,,2022-11-01,2022-11-30,23.438,TWh,,,primary
ember:monthly:generation,CN,mix,,gas,,2022-12-01,2022-12-31,26.482,TWh,,,primary
ember:monthly:generation,CN,mix,,gas,,2023-01-01,2023-01-31,23.211,TWh,,,primary
ember:monthly:generation,CN,mix,,gas,,2023-02-01,2023-02-28,19.858,TWh,,,primary
ember:monthly:generation,CN,mix,,gas,,2023-03-01,2023-03-31,22.717,TWh,,,primary
ember:monthly:generation,CN,mix,,gas,,2023-04-01,2023-04-30,20.757,TWh,,,primary
ember:monthly:generation,CN,mix,,gas,,2023-05-01,2023-05-31,23.491,TWh,,,primary
ember:monthly:generation,CN,mix,,gas,,2023-06-01,2023-06-30,26.368,TWh,,,primary
ember:monthly:generation,CN,mix,,gas,,2023-07-01,2023-07-31,34.512,TWh,,,primary
ember:monthly:generation,CN,mix,,gas,,2023-08-01,2023-08-31,31.583,TWh,,,primary
ember:monthly:generation,CN,mix,,gas,,2023-09-01,2023-09-30,24.259,TWh,,,primary
ember:monthly:generation,CN,mix,,gas,,2023-10-01,2023-10-31,20.348,TWh,,,primary
ember:monthly:generation,CN,mix,,gas,,2023-11-01,2023-11-30,23.85,TWh,,,primary
ember:monthly:generation,CN,mix,,gas,,2023-12-01,2023-12-31,25.704,TWh,,,primary
ember:monthly:generation,CN,mix,,gas,,2024-01-01,2024-01-31,25.514,TWh,,,primary
ember:monthly:generation,CN,mix,,gas,,2024-02-01,2024-02-29,24.26,TWh,,,primary
ember:monthly:generation,CN,mix,,gas,,2024-03-01,2024-03-31,23.925,TWh,,,primary
ember:monthly:generation,CN,mix,,gas,,2024-04-01,2024-04-30,23.223,TWh,,,primary
ember:monthly:generation,CN,mix,,gas,,2024-05-01,2024-05-31,20.179,TWh,,,primary
ember:monthly:generation,CN,mix,,gas,,2024-06-01,2024-06-30,23.504,TWh,,,primary
ember:monthly:generation,CN,mix,,gas,,2024-07-01,2024-07-31,35.74,TWh,,,primary
ember:monthly:generation,CN,mix,,gas,,2024-08-01,2024-08-31,37.615,TWh,,,primary
ember:monthly:generation,CN,mix,,gas,,2024-09-01,2024-09-30,28.665,TWh,,,primary
ember:monthly:generation,CN,mix,,gas,,2024-10-01,2024-10-31,22.448,TWh,,,primary
ember:monthly:generation,CN,mix,,gas,,2024-11-01,2024-11-30,24.987,TWh,,,primary
ember:monthly:generation,CN,mix,,gas,,2024-12-01,2024-12-31,29.441,TWh,,,primary
ember:monthly:generation,CN,mix,,gas,,2025-01-01,2025-01-31,27.741,TWh,,,primary
ember:monthly:generation,CN,mix,,gas,,2025-02-01,2025-02-28,22.84,TWh,,,primary
ember:monthly:generation,CN,mix,,gas,,2025-03-01,2025-03-31,26.118,TWh,,,primary
ember:monthly:generation,CN,mix,,gas,,2025-04-01,2025-04-30,23.377,TWh,,,primary
ember:monthly:generation,CN,mix,,gas,,2025-05-01,2025-05-31,24.175,TWh,,,primary
ember:monthly:generation,CN,mix,,gas,,2025-06-01,2025-06-30,24.785,TWh,,,primary
ember:monthly:generation,CN,mix,,gas,,2025-07-01,2025-07-31,35.839,TWh,,,primary
ember:monthly:generation,CN,mix,,gas,,2025-08-01,2025-08-31,38.867,TWh,,,primary
ember:monthly:generation,CN,mix,,gas,,2025-09-01,2025-09-30,29.203,TWh,,,primary
ember:monthly:generation,CN,mix,,gas,,2025-10-01,2025-10-31,28.131,TWh,,,primary
ember:monthly:generation,CN,mix,,gas,,2025-11-01,2025-11-30,24.682,TWh,,,primary
ember:monthly:generation,CN,mix,,gas,,2025-12-01,2025-12-31,29.738,TWh,,,primary
ember:monthly:generation,CN,mix,,gas,,2026-01-01,2026-01-31,27.801,TWh,,,primary
ember:monthly:generation,CN,mix,,gas,,2026-02-01,2026-02-28,25.908,TWh,,,primary
ember:monthly:generation,CN,mix,,gas,,2026-03-01,2026-03-31,24.868,TWh,,,primary
ember:monthly:generation,CN,mix,,gas,,2026-04-01,2026-04-30,22.534,TWh,,,primary
ember:monthly:generation,CN,mix,,gas,,2026-05-01,2026-05-31,22.163,TWh,,,primary
ember:monthly:generation,CN,mix,,gas,,2026-06-01,2026-06-30,24.497,TWh,,,primary
ember:monthly:generation,CN,mix,,gas,,2026-07-01,2026-07-31,35.119,TWh,,,primary
ember:monthly:generation,CN,mix,,gas,,2026-08-01,2026-08-31,37.774,TWh,,,primary
ember:monthly:generation,CN,mix,,hydro,,2016-01-01,2016-01-31,63.562,TWh,,,primary
ember:monthly:generation,CN,mix,,hydro,,2016-02-01,2016-02-29,65.368,TWh,,,primary
ember:monthly:generation,CN,mix,,hydro,,2016-03-01,2016-03-31,73.475,TWh,,,primary
ember:monthly:generation,CN,mix,,hydro,,2016-04-01,2016-04-30,78.584,TWh,,,primary
ember:monthly:generation,CN,mix,,hydro,,2016-05-01,2016-05-31,94.145,TWh,,,primary
ember:monthly:generation,CN,mix,,hydro,,2016-06-01,2016-06-30,106.453,TWh,,,primary
ember:monthly:generation,CN,mix,,hydro,,2016-07-01,2016-07-31,124.391,TWh,,,primary
ember:monthly:generation,CN,mix,,hydro,,2016-08-01,2016-08-31,111.229,TWh,,,primary
ember:monthly:generation,CN,mix,,hydro,,2016-09-01,2016-09-30,94.587,TWh,,,primary
ember:monthly:generation,CN,mix,,hydro,,2016-10-01,2016-10-31,92.267,TWh,,,primary
ember:monthly:generation,CN,mix,,hydro,,2016-11-01,2016-11-30,80.313,TWh,,,primary
ember:monthly:generation,CN,mix,,hydro,,2016-12-01,2016-12-31,64.553,TWh,,,primary
ember:monthly:generation,CN,mix,,hydro,,2017-01-01,2017-01-31,59.359,TWh,,,primary
ember:monthly:generation,CN,mix,,hydro,,2017-02-01,2017-02-28,61.038,TWh,,,primary
ember:monthly:generation,CN,mix,,hydro,,2017-03-01,2017-03-31,70.19,TWh,,,primary
ember:monthly:generation,CN,mix,,hydro,,2017-04-01,2017-04-30,72.053,TWh,,,primary
ember:monthly:generation,CN,mix,,hydro,,2017-05-01,2017-05-31,86.408,TWh,,,primary
ember:monthly:generation,CN,mix,,hydro,,2017-06-01,2017-06-30,102.71,TWh,,,primary
ember:monthly:generation,CN,mix,,hydro,,2017-07-01,2017-07-31,121.821,TWh,,,primary
ember:monthly:generation,CN,mix,,hydro,,2017-08-01,2017-08-31,114.018,TWh,,,primary
ember:monthly:generation,CN,mix,,hydro,,2017-09-01,2017-09-30,109.856,TWh,,,primary
ember:monthly:generation,CN,mix,,hydro,,2017-10-01,2017-10-31,105.574,TWh,,,primary
ember:monthly:generation,CN,mix,,hydro,,2017-11-01,2017-11-30,86.631,TWh,,,primary
ember:monthly:generation,CN,mix,,hydro,,2017-12-01,2017-12-31,72.402,TWh,,,primary
ember:monthly:generation,CN,mix,,hydro,,2018-01-01,2018-01-31,64.359,TWh,,,primary
ember:monthly:generation,CN,mix,,hydro,,2018-02-01,2018-02-28,62.489,TWh,,,primary
ember:monthly:generation,CN,mix,,hydro,,2018-03-01,2018-03-31,66.27,TWh,,,primary
ember:monthly:generation,CN,mix,,hydro,,2018-04-01,2018-04-30,70.144,TWh,,,primary
ember:monthly:generation,CN,mix,,hydro,,2018-05-01,2018-05-31,92.518,TWh,,,primary
ember:monthly:generation,CN,mix,,hydro,,2018-06-01,2018-06-30,106.277,TWh,,,primary
ember:monthly:generation,CN,mix,,hydro,,2018-07-01,2018-07-31,129.285,TWh,,,primary
ember:monthly:generation,CN,mix,,hydro,,2018-08-01,2018-08-31,127.411,TWh,,,primary
ember:monthly:generation,CN,mix,,hydro,,2018-09-01,2018-09-30,114.206,TWh,,,primary
ember:monthly:generation,CN,mix,,hydro,,2018-10-01,2018-10-31,112.013,TWh,,,primary
ember:monthly:generation,CN,mix,,hydro,,2018-11-01,2018-11-30,87.628,TWh,,,primary
ember:monthly:generation,CN,mix,,hydro,,2018-12-01,2018-12-31,71.862,TWh,,,primary
ember:monthly:generation,CN,mix,,hydro,,2019-01-01,2019-01-31,67.503,TWh,,,primary
ember:monthly:generation,CN,mix,,hydro,,2019-02-01,2019-02-28,70.284,TWh,,,primary
ember:monthly:generation,CN,mix,,hydro,,2019-03-01,2019-03-31,81.126,TWh,,,primary
ember:monthly:generation,CN,mix,,hydro,,2019-04-01,2019-04-30,83.414,TWh,,,primary
ember:monthly:generation,CN,mix,,hydro,,2019-05-01,2019-05-31,102.707,TWh,,,primary
ember:monthly:generation,CN,mix,,hydro,,2019-06-01,2019-06-30,113.686,TWh,,,primary
ember:monthly:generation,CN,mix,,hydro,,2019-07-01,2019-07-31,137.898,TWh,,,primary
ember:monthly:generation,CN,mix,,hydro,,2019-08-01,2019-08-31,129.458,TWh,,,primary
ember:monthly:generation,CN,mix,,hydro,,2019-09-01,2019-09-30,112.761,TWh,,,primary
ember:monthly:generation,CN,mix,,hydro,,2019-10-01,2019-10-31,107.6,TWh,,,primary
ember:monthly:generation,CN,mix,,hydro,,2019-11-01,2019-11-30,82.354,TWh,,,primary
ember:monthly:generation,CN,mix,,hydro,,2019-12-01,2019-12-31,68.652,TWh,,,primary
ember:monthly:generation,CN,mix,,hydro,,2020-01-01,2020-01-31,58.589,TWh,,,primary
ember:monthly:generation,CN,mix,,hydro,,2020-02-01,2020-02-29,60.517,TWh,,,primary
ember:monthly:generation,CN,mix,,hydro,,2020-03-01,2020-03-31,75.661,TWh,,,primary
ember:monthly:generation,CN,mix,,hydro,,2020-04-01,2020-04-30,75.131,TWh,,,primary
ember:monthly:generation,CN,mix,,hydro,,2020-05-01,2020-05-31,85.272,TWh,,,primary
ember:monthly:generation,CN,mix,,hydro,,2020-06-01,2020-06-30,120.932,TWh,,,primary
ember:monthly:generation,CN,mix,,hydro,,2020-07-01,2020-07-31,148.61,TWh,,,primary
ember:monthly:generation,CN,mix,,hydro,,2020-08-01,2020-08-31,143.778,TWh,,,primary
ember:monthly:generation,CN,mix,,hydro,,2020-09-01,2020-09-30,141.304,TWh,,,primary
ember:monthly:generation,CN,mix,,hydro,,2020-10-01,2020-10-31,135.494,TWh,,,primary
ember:monthly:generation,CN,mix,,hydro,,2020-11-01,2020-11-30,91.845,TWh,,,primary
ember:monthly:generation,CN,mix,,hydro,,2020-12-01,2020-12-31,76.727,TWh,,,primary
ember:monthly:generation,CN,mix,,hydro,,2021-01-01,2021-01-31,66.121,TWh,,,primary
ember:monthly:generation,CN,mix,,hydro,,2021-02-01,2021-02-28,63.269,TWh,,,primary
ember:monthly:generation,CN,mix,,hydro,,2021-03-01,2021-03-31,67.212,TWh,,,primary
ember:monthly:generation,CN,mix,,hydro,,2021-04-01,2021-04-30,78.186,TWh,,,primary
ember:monthly:generation,CN,mix,,hydro,,2021-05-01,2021-05-31,96.054,TWh,,,primary
ember:monthly:generation,CN,mix,,hydro,,2021-06-01,2021-06-30,114.822,TWh,,,primary
ember:monthly:generation,CN,mix,,hydro,,2021-07-01,2021-07-31,142.832,TWh,,,primary
ember:monthly:generation,CN,mix,,hydro,,2021-08-01,2021-08-31,137.809,TWh,,,primary
ember:monthly:generation,CN,mix,,hydro,,2021-09-01,2021-09-30,141.414,TWh,,,primary
ember:monthly:generation,CN,mix,,hydro,,2021-10-01,2021-10-31,120.717,TWh,,,primary
ember:monthly:generation,CN,mix,,hydro,,2021-11-01,2021-11-30,90.851,TWh,,,primary
ember:monthly:generation,CN,mix,,hydro,,2021-12-01,2021-12-31,72.114,TWh,,,primary
ember:monthly:generation,CN,mix,,hydro,,2022-01-01,2022-01-31,69.388,TWh,,,primary
ember:monthly:generation,CN,mix,,hydro,,2022-02-01,2022-02-28,72.092,TWh,,,primary
ember:monthly:generation,CN,mix,,hydro,,2022-03-01,2022-03-31,80.888,TWh,,,primary
ember:monthly:generation,CN,mix,,hydro,,2022-04-01,2022-04-30,92.254,TWh,,,primary
ember:monthly:generation,CN,mix,,hydro,,2022-05-01,2022-05-31,122.235,TWh,,,primary
ember:monthly:generation,CN,mix,,hydro,,2022-06-01,2022-06-30,148.578,TWh,,,primary
ember:monthly:generation,CN,mix,,hydro,,2022-07-01,2022-07-31,146.824,TWh,,,primary
ember:monthly:generation,CN,mix,,hydro,,2022-08-01,2022-08-31,123.73,TWh,,,primary
ember:monthly:generation,CN,mix,,hydro,,2022-09-01,2022-09-30,100.129,TWh,,,primary
ember:monthly:generation,CN,mix,,hydro,,2022-10-01,2022-10-31,100.369,TWh,,,primary
ember:monthly:generation,CN,mix,,hydro,,2022-11-01,2022-11-30,78.738,TWh,,,primary
ember:monthly:generation,CN,mix,,hydro,,2022-12-01,2022-12-31,75.61,TWh,,,primary
ember:monthly:generation,CN,mix,,hydro,,2023-01-01,2023-01-31,69.969,TWh,,,primary
ember:monthly:generation,CN,mix,,hydro,,2023-02-01,2023-02-28,67.888,TWh,,,primary
ember:monthly:generation,CN,mix,,hydro,,2023-03-01,2023-03-31,69.059,TWh,,,primary
ember:monthly:generation,CN,mix,,hydro,,2023-04-01,2023-04-30,68.992,TWh,,,primary
ember:monthly:generation,CN,mix,,hydro,,2023-05-01,2023-05-31,82.965,TWh,,,primary
ember:monthly:generation,CN,mix,,hydro,,2023-06-01,2023-06-30,99.488,TWh,,,primary
ember:monthly:generation,CN,mix,,hydro,,2023-07-01,2023-07-31,122.21,TWh,,,primary
ember:monthly:generation,CN,mix,,hydro,,2023-08-01,2023-08-31,147.669,TWh,,,primary
ember:monthly:generation,CN,mix,,hydro,,2023-09-01,2023-09-30,140.433,TWh,,,primary
ember:monthly:generation,CN,mix,,hydro,,2023-10-01,2023-10-31,123.29,TWh,,,primary
ember:monthly:generation,CN,mix,,hydro,,2023-11-01,2023-11-30,83.863,TWh,,,primary
ember:monthly:generation,CN,mix,,hydro,,2023-12-01,2023-12-31,78.408,TWh,,,primary
ember:monthly:generation,CN,mix,,hydro,,2024-01-01,2024-01-31,71.007,TWh,,,primary
ember:monthly:generation,CN,mix,,hydro,,2024-02-01,2024-02-29,68.811,TWh,,,primary
ember:monthly:generation,CN,mix,,hydro,,2024-03-01,2024-03-31,71.352,TWh,,,primary
ember:monthly:generation,CN,mix,,hydro,,2024-04-01,2024-04-30,84.086,TWh,,,primary
ember:monthly:generation,CN,mix,,hydro,,2024-05-01,2024-05-31,115.648,TWh,,,primary
ember:monthly:generation,CN,mix,,hydro,,2024-06-01,2024-06-30,144.896,TWh,,,primary
ember:monthly:generation,CN,mix,,hydro,,2024-07-01,2024-07-31,167.794,TWh,,,primary
ember:monthly:generation,CN,mix,,hydro,,2024-08-01,2024-08-31,164.483,TWh,,,primary
ember:monthly:generation,CN,mix,,hydro,,2024-09-01,2024-09-30,120.462,TWh,,,primary
ember:monthly:generation,CN,mix,,hydro,,2024-10-01,2024-10-31,105.406,TWh,,,primary
ember:monthly:generation,CN,mix,,hydro,,2024-11-01,2024-11-30,82.562,TWh,,,primary
ember:monthly:generation,CN,mix,,hydro,,2024-12-01,2024-12-31,83.112,TWh,,,primary
ember:monthly:generation,CN,mix,,hydro,,2025-01-01,2025-01-31,73.841,TWh,,,primary
ember:monthly:generation,CN,mix,,hydro,,2025-02-01,2025-02-28,72.236,TWh,,,primary
ember:monthly:generation,CN,mix,,hydro,,2025-03-01,2025-03-31,77.807,TWh,,,primary
ember:monthly:generation,CN,mix,,hydro,,2025-04-01,2025-04-30,78.538,TWh,,,primary
ember:monthly:generation,CN,mix,,hydro,,2025-05-01,2025-05-31,99.106,TWh,,,primary
ember:monthly:generation,CN,mix,,hydro,,2025-06-01,2025-06-30,139.036,TWh,,,primary
ember:monthly:generation,CN,mix,,hydro,,2025-07-01,2025-07-31,151.453,TWh,,,primary
ember:monthly:generation,CN,mix,,hydro,,2025-08-01,2025-08-31,148.054,TWh,,,primary
ember:monthly:generation,CN,mix,,hydro,,2025-09-01,2025-09-30,158.791,TWh,,,primary
ember:monthly:generation,CN,mix,,hydro,,2025-10-01,2025-10-31,135.046,TWh,,,primary
ember:monthly:generation,CN,mix,,hydro,,2025-11-01,2025-11-30,96.62,TWh,,,primary
ember:monthly:generation,CN,mix,,hydro,,2025-12-01,2025-12-31,86.466,TWh,,,primary
ember:monthly:generation,CN,mix,,hydro,,2026-01-01,2026-01-31,77.898,TWh,,,primary
ember:monthly:generation,CN,mix,,hydro,,2026-02-01,2026-02-28,77.805,TWh,,,primary
ember:monthly:generation,CN,mix,,hydro,,2026-03-01,2026-03-31,86.156,TWh,,,primary
ember:monthly:generation,CN,mix,,hydro,,2026-04-01,2026-04-30,88.065,TWh,,,primary
ember:monthly:generation,CN,mix,,hydro,,2026-05-01,2026-05-31,111.92,TWh,,,primary
ember:monthly:generation,CN,mix,,hydro,,2026-06-01,2026-06-30,145.619,TWh,,,primary
ember:monthly:generation,CN,mix,,hydro,,2026-07-01,2026-07-31,161.499,TWh,,,primary
ember:monthly:generation,CN,mix,,hydro,,2026-08-01,2026-08-31,152.105,TWh,,,primary
ember:monthly:generation,CN,mix,,net_imports,,2016-01-01,2016-01-31,-1.02,TWh,,,primary
ember:monthly:generation,CN,mix,,net_imports,,2016-02-01,2016-02-29,-0.941,TWh,,,primary
ember:monthly:generation,CN,mix,,net_imports,,2016-03-01,2016-03-31,-0.899,TWh,,,primary
ember:monthly:generation,CN,mix,,net_imports,,2016-04-01,2016-04-30,-1.819,TWh,,,primary
ember:monthly:generation,CN,mix,,net_imports,,2016-05-01,2016-05-31,-1.011,TWh,,,primary
ember:monthly:generation,CN,mix,,net_imports,,2016-06-01,2016-06-30,-1.017,TWh,,,primary
ember:monthly:generation,CN,mix,,net_imports,,2016-07-01,2016-07-31,-1.363,TWh,,,primary
ember:monthly:generation,CN,mix,,net_imports,,2016-08-01,2016-08-31,-0.765,TWh,,,primary
ember:monthly:generation,CN,mix,,net_imports,,2016-09-01,2016-09-30,-1.547,TWh,,,primary
ember:monthly:generation,CN,mix,,net_imports,,2016-10-01,2016-10-31,-1.004,TWh,,,primary
ember:monthly:generation,CN,mix,,net_imports,,2016-11-01,2016-11-30,-0.827,TWh,,,primary
ember:monthly:generation,CN,mix,,net_imports,,2016-12-01,2016-12-31,-0.509,TWh,,,primary
ember:monthly:generation,CN,mix,,net_imports,,2017-01-01,2017-01-31,-1.068,TWh,,,primary
ember:monthly:generation,CN,mix,,net_imports,,2017-02-01,2017-02-28,-1.281,TWh,,,primary
ember:monthly:generation,CN,mix,,net_imports,,2017-03-01,2017-03-31,-1.174,TWh,,,primary
ember:monthly:generation,CN,mix,,net_imports,,2017-04-01,2017-04-30,-1.056,TWh,,,primary
ember:monthly:generation,CN,mix,,net_imports,,2017-05-01,2017-05-31,-1.231,TWh,,,primary
ember:monthly:generation,CN,mix,,net_imports,,2017-06-01,2017-06-30,-1.596,TWh,,,primary
ember:monthly:generation,CN,mix,,net_imports,,2017-07-01,2017-07-31,-1.35,TWh,,,primary
ember:monthly:generation,CN,mix,,net_imports,,2017-08-01,2017-08-31,-0.593,TWh,,,primary
ember:monthly:generation,CN,mix,,net_imports,,2017-09-01,2017-09-30,-1.452,TWh,,,primary
ember:monthly:generation,CN,mix,,net_imports,,2017-10-01,2017-10-31,-1.074,TWh,,,primary
ember:monthly:generation,CN,mix,,net_imports,,2017-11-01,2017-11-30,-0.695,TWh,,,primary
ember:monthly:generation,CN,mix,,net_imports,,2017-12-01,2017-12-31,-0.476,TWh,,,primary
ember:monthly:generation,CN,mix,,net_imports,,2018-01-01,2018-01-31,-0.965,TWh,,,primary
ember:monthly:generation,CN,mix,,net_imports,,2018-02-01,2018-02-28,-1.257,TWh,,,primary
ember:monthly:generation,CN,mix,,net_imports,,2018-03-01,2018-03-31,-1.311,TWh,,,primary
ember:monthly:generation,CN,mix,,net_imports,,2018-04-01,2018-04-30,-0.712,TWh,,,primary
ember:monthly:generation,CN,mix,,net_imports,,2018-05-01,2018-05-31,-1.581,TWh,,,primary
ember:monthly:generation,CN,mix,,net_imports,,2018-06-01,2018-06-30,-1.413,TWh,,,primary
ember:monthly:generation,CN,mix,,net_imports,,2018-07-01,2018-07-31,-1.303,TWh,,,primary
ember:monthly:generation,CN,mix,,net_imports,,2018-08-01,2018-08-31,-1.392,TWh,,,primary
ember:monthly:generation,CN,mix,,net_imports,,2018-09-01,2018-09-30,-1.336,TWh,,,primary
ember:monthly:generation,CN,mix,,net_imports,,2018-10-01,2018-10-31,-1.312,TWh,,,primary
ember:monthly:generation,CN,mix,,net_imports,,2018-11-01,2018-11-30,-1.309,TWh,,,primary
ember:monthly:generation,CN,mix,,net_imports,,2018-12-01,2018-12-31,-1.327,TWh,,,primary
ember:monthly:generation,CN,mix,,net_imports,,2019-01-01,2019-01-31,-0.405,TWh,,,primary
ember:monthly:generation,CN,mix,,net_imports,,2019-02-01,2019-02-28,-2.331,TWh,,,primary
ember:monthly:generation,CN,mix,,net_imports,,2019-03-01,2019-03-31,-1.364,TWh,,,primary
ember:monthly:generation,CN,mix,,net_imports,,2019-04-01,2019-04-30,-0.591,TWh,,,primary
ember:monthly:generation,CN,mix,,net_imports,,2019-05-01,2019-05-31,-1.837,TWh,,,primary
ember:monthly:generation,CN,mix,,net_imports,,2019-06-01,2019-06-30,-1.808,TWh,,,primary
ember:monthly:generation,CN,mix,,net_imports,,2019-07-01,2019-07-31,-1.609,TWh,,,primary
ember:monthly:generation,CN,mix,,net_imports,,2019-08-01,2019-08-31,-1.55,TWh,,,primary
ember:monthly:generation,CN,mix,,net_imports,,2019-09-01,2019-09-30,-1.439,TWh,,,primary
ember:monthly:generation,CN,mix,,net_imports,,2019-10-01,2019-10-31,-1.459,TWh,,,primary
ember:monthly:generation,CN,mix,,net_imports,,2019-11-01,2019-11-30,-1.188,TWh,,,primary
ember:monthly:generation,CN,mix,,net_imports,,2019-12-01,2019-12-31,-1.215,TWh,,,primary
ember:monthly:generation,CN,mix,,net_imports,,2020-01-01,2020-01-31,-1.37,TWh,,,primary
ember:monthly:generation,CN,mix,,net_imports,,2020-02-01,2020-02-29,-1.19,TWh,,,primary
ember:monthly:generation,CN,mix,,net_imports,,2020-03-01,2020-03-31,-1.925,TWh,,,primary
ember:monthly:generation,CN,mix,,net_imports,,2020-04-01,2020-04-30,-1.221,TWh,,,primary
ember:monthly:generation,CN,mix,,net_imports,,2020-05-01,2020-05-31,-1.8,TWh,,,primary
ember:monthly:generation,CN,mix,,net_imports,,2020-06-01,2020-06-30,-1.562,TWh,,,primary
ember:monthly:generation,CN,mix,,net_imports,,2020-07-01,2020-07-31,-1.657,TWh,,,primary
ember:monthly:generation,CN,mix,,net_imports,,2020-08-01,2020-08-31,-1.499,TWh,,,primary
ember:monthly:generation,CN,mix,,net_imports,,2020-09-01,2020-09-30,-1.361,TWh,,,primary
ember:monthly:generation,CN,mix,,net_imports,,2020-10-01,2020-10-31,-1.377,TWh,,,primary
ember:monthly:generation,CN,mix,,net_imports,,2020-11-01,2020-11-30,-0.978,TWh,,,primary
ember:monthly:generation,CN,mix,,net_imports,,2020-12-01,2020-12-31,-1.105,TWh,,,primary
ember:monthly:generation,CN,mix,,net_imports,,2021-01-01,2021-01-31,-1.169,TWh,,,primary
ember:monthly:generation,CN,mix,,net_imports,,2021-02-01,2021-02-28,-0.973,TWh,,,primary
ember:monthly:generation,CN,mix,,net_imports,,2021-03-01,2021-03-31,-0.885,TWh,,,primary
ember:monthly:generation,CN,mix,,net_imports,,2021-04-01,2021-04-30,-1.318,TWh,,,primary
ember:monthly:generation,CN,mix,,net_imports,,2021-05-01,2021-05-31,-0.616,TWh,,,primary
ember:monthly:generation,CN,mix,,net_imports,,2021-06-01,2021-06-30,-1.923,TWh,,,primary
ember:monthly:generation,CN,mix,,net_imports,,2021-07-01,2021-07-31,-1.446,TWh,,,primary
ember:monthly:generation,CN,mix,,net_imports,,2021-08-01,2021-08-31,-1.329,TWh,,,primary
ember:monthly:generation,CN,mix,,net_imports,,2021-09-01,2021-09-30,-1.231,TWh,,,primary
ember:monthly:generation,CN,mix,,net_imports,,2021-10-01,2021-10-31,-1.517,TWh,,,primary
ember:monthly:generation,CN,mix,,net_imports,,2021-11-01,2021-11-30,-0.922,TWh,,,primary
ember:monthly:generation,CN,mix,,net_imports,,2021-12-01,2021-12-31,-0.91,TWh,,,primary
ember:monthly:generation,CN,mix,,net_imports,,2022-01-01,2022-01-31,-0.93,TWh,,,primary
ember:monthly:generation,CN,mix,,net_imports,,2022-02-01,2022-02-28,-1.081,TWh,,,primary
ember:monthly:generation,CN,mix,,net_imports,,2022-03-01,2022-03-31,-0.951,TWh,,,primary
ember:monthly:generation,CN,mix,,net_imports,,2022-04-01,2022-04-30,-1.087,TWh,,,primary
ember:monthly:generation,CN,mix,,net_imports,,2022-05-01,2022-05-31,-0.691,TWh,,,primary
ember:monthly:generation,CN,mix,,net_imports,,2022-06-01,2022-06-30,-1.361,TWh,,,primary
ember:monthly:generation,CN,mix,,net_imports,,2022-07-01,2022-07-31,-1.3,TWh,,,primary
ember:monthly:generation,CN,mix,,net_imports,,2022-08-01,2022-08-31,-0.669,TWh,,,primary
ember:monthly:generation,CN,mix,,net_imports,,2022-09-01,2022-09-30,-1.73,TWh,,,primary
ember:monthly:generation,CN,mix,,net_imports,,2022-10-01,2022-10-31,-1.37,TWh,,,primary
ember:monthly:generation,CN,mix,,net_imports,,2022-11-01,2022-11-30,-0.914,TWh,,,primary
ember:monthly:generation,CN,mix,,net_imports,,2022-12-01,2022-12-31,-0.868,TWh,,,primary
ember:monthly:generation,CN,mix,,net_imports,,2023-01-01,2023-01-31,-1.157,TWh,,,primary
ember:monthly:generation,CN,mix,,net_imports,,2023-02-01,2023-02-28,-1.595,TWh,,,primary
ember:monthly:generation,CN,mix,,net_imports,,2023-03-01,2023-03-31,-1.319,TWh,,,primary
ember:monthly:generation,CN,mix,,net_imports,,2023-04-01,2023-04-30,-1.351,TWh,,,primary
ember:monthly:generation,CN,mix,,net_imports,,2023-05-01,2023-05-31,-1.455,TWh,,,primary
ember:monthly:generation,CN,mix,,net_imports,,2023-06-01,2023-06-30,-1.422,TWh,,,primary
ember:monthly:generation,CN,mix,,net_imports,,2023-07-01,2023-07-31,-1.466,TWh,,,primary
ember:monthly:generation,CN,mix,,net_imports,,2023-08-01,2023-08-31,-1.821,TWh,,,primary
ember:monthly:generation,CN,mix,,net_imports,,2023-09-01,2023-09-30,-1.613,TWh,,,primary
ember:monthly:generation,CN,mix,,net_imports,,2023-10-01,2023-10-31,-1.768,TWh,,,primary
ember:monthly:generation,CN,mix,,net_imports,,2023-11-01,2023-11-30,-1.004,TWh,,,primary
ember:monthly:generation,CN,mix,,net_imports,,2023-12-01,2023-12-31,-1.108,TWh,,,primary
ember:monthly:generation,CN,mix,,net_imports,,2024-01-01,2024-01-31,-0.882,TWh,,,primary
ember:monthly:generation,CN,mix,,net_imports,,2024-02-01,2024-02-29,-1.363,TWh,,,primary
ember:monthly:generation,CN,mix,,net_imports,,2024-03-01,2024-03-31,-1.541,TWh,,,primary
ember:monthly:generation,CN,mix,,net_imports,,2024-04-01,2024-04-30,-1.383,TWh,,,primary
ember:monthly:generation,CN,mix,,net_imports,,2024-05-01,2024-05-31,-0.917,TWh,,,primary
ember:monthly:generation,CN,mix,,net_imports,,2024-06-01,2024-06-30,-1.379,TWh,,,primary
ember:monthly:generation,CN,mix,,net_imports,,2024-07-01,2024-07-31,-1.777,TWh,,,primary
ember:monthly:generation,CN,mix,,net_imports,,2024-08-01,2024-08-31,-1.948,TWh,,,primary
ember:monthly:generation,CN,mix,,net_imports,,2024-09-01,2024-09-30,-1.873,TWh,,,primary
ember:monthly:generation,CN,mix,,net_imports,,2024-10-01,2024-10-31,-1.706,TWh,,,primary
ember:monthly:generation,CN,mix,,net_imports,,2024-11-01,2024-11-30,-1.515,TWh,,,primary
ember:monthly:generation,CN,mix,,net_imports,,2024-12-01,2024-12-31,-1.349,TWh,,,primary
ember:monthly:generation,CN,mix,,net_imports,,2025-01-01,2025-01-31,-1.42,TWh,,,primary
ember:monthly:generation,CN,mix,,net_imports,,2025-02-01,2025-02-28,-1.656,TWh,,,primary
ember:monthly:generation,CN,mix,,net_imports,,2025-03-01,2025-03-31,-1.353,TWh,,,primary
ember:monthly:generation,CN,mix,,net_imports,,2025-04-01,2025-04-30,-1.696,TWh,,,primary
ember:monthly:generation,CN,mix,,net_imports,,2025-05-01,2025-05-31,-1.7,TWh,,,primary
ember:monthly:generation,CN,mix,,net_imports,,2025-06-01,2025-06-30,-1.492,TWh,,,primary
ember:monthly:generation,CN,mix,,net_imports,,2025-07-01,2025-07-31,-2.1,TWh,,,primary
ember:monthly:generation,CN,mix,,net_imports,,2025-08-01,2025-08-31,-1.831,TWh,,,primary
ember:monthly:generation,CN,mix,,net_imports,,2025-09-01,2025-09-30,-1.98,TWh,,,primary
ember:monthly:generation,CN,mix,,net_imports,,2025-10-01,2025-10-31,-1.799,TWh,,,primary
ember:monthly:generation,CN,mix,,net_imports,,2025-11-01,2025-11-30,-1.612,TWh,,,primary
ember:monthly:generation,CN,mix,,net_imports,,2025-12-01,2025-12-31,-1.463,TWh,,,primary
ember:monthly:generation,CN,mix,,net_imports,,2026-01-01,2026-01-31,-1.672,TWh,,,primary
ember:monthly:generation,CN,mix,,net_imports,,2026-02-01,2026-02-28,-1.758,TWh,,,primary
ember:monthly:generation,CN,mix,,net_imports,,2026-03-01,2026-03-31,-1.704,TWh,,,primary
ember:monthly:generation,CN,mix,,net_imports,,2026-04-01,2026-04-30,-1.919,TWh,,,primary
ember:monthly:generation,CN,mix,,net_imports,,2026-05-01,2026-05-31,-1.861,TWh,,,primary
ember:monthly:generation,CN,mix,,net_imports,,2026-06-01,2026-06-30,-2.523,TWh,,,primary
ember:monthly:generation,CN,mix,,net_imports,,2026-07-01,2026-07-31,-2.037,TWh,,,primary
ember:monthly:generation,CN,mix,,net_imports,,2026-08-01,2026-08-31,-1.887,TWh,,,primary
ember:monthly:generation,CN,mix,,nuclear,,2016-01-01,2016-01-31,14.689,TWh,,,primary
ember:monthly:generation,CN,mix,,nuclear,,2016-02-01,2016-02-29,14.981,TWh,,,primary
ember:monthly:generation,CN,mix,,nuclear,,2016-03-01,2016-03-31,17.39,TWh,,,primary
ember:monthly:generation,CN,mix,,nuclear,,2016-04-01,2016-04-30,15.007,TWh,,,primary
ember:monthly:generation,CN,mix,,nuclear,,2016-05-01,2016-05-31,16.437,TWh,,,primary
ember:monthly:generation,CN,mix,,nuclear,,2016-06-01,2016-06-30,17.953,TWh,,,primary
ember:monthly:generation,CN,mix,,nuclear,,2016-07-01,2016-07-31,19.811,TWh,,,primary
ember:monthly:generation,CN,mix,,nuclear,,2016-08-01,2016-08-31,20.158,TWh,,,primary
ember:monthly:generation,CN,mix,,nuclear,,2016-09-01,2016-09-30,17.998,TWh,,,primary
ember:monthly:generation,CN,mix,,nuclear,,2016-10-01,2016-10-31,17.465,TWh,,,primary
ember:monthly:generation,CN,mix,,nuclear,,2016-11-01,2016-11-30,19.477,TWh,,,primary
ember:monthly:generation,CN,mix,,nuclear,,2016-12-01,2016-12-31,21.358,TWh,,,primary
ember:monthly:generation,CN,mix,,nuclear,,2017-01-01,2017-01-31,16.674,TWh,,,primary
ember:monthly:generation,CN,mix,,nuclear,,2017-02-01,2017-02-28,16.684,TWh,,,primary
ember:monthly:generation,CN,mix,,nuclear,,2017-03-01,2017-03-31,21.396,TWh,,,primary
ember:monthly:generation,CN,mix,,nuclear,,2017-04-01,2017-04-30,20.263,TWh,,,primary
ember:monthly:generation,CN,mix,,nuclear,,2017-05-01,2017-05-31,20.487,TWh,,,primary
ember:monthly:generation,CN,mix,,nuclear,,2017-06-01,2017-06-30,19.899,TWh,,,primary
ember:monthly:generation,CN,mix,,nuclear,,2017-07-01,2017-07-31,23.082,TWh,,,primary
ember:monthly:generation,CN,mix,,nuclear,,2017-08-01,2017-08-31,23.02,TWh,,,primary
ember:monthly:generation,CN,mix,,nuclear,,2017-09-01,2017-09-30,21.95,TWh,,,primary
ember:monthly:generation,CN,mix,,nuclear,,2017-10-01,2017-10-31,20.128,TWh,,,primary
ember:monthly:generation,CN,mix,,nuclear,,2017-11-01,2017-11-30,22.342,TWh,,,primary
ember:monthly:generation,CN,mix,,nuclear,,2017-12-01,2017-12-31,22.183,TWh,,,primary
ember:monthly:generation,CN,mix,,nuclear,,2018-01-01,2018-01-31,19.725,TWh,,,primary
ember:monthly:generation,CN,mix,,nuclear,,2018-02-01,2018-02-28,19.6,TWh,,,primary
ember:monthly:generation,CN,mix,,nuclear,,2018-03-01,2018-03-31,21.762,TWh,,,primary
ember:monthly:generation,CN,mix,,nuclear,,2018-04-01,2018-04-30,21.584,TWh,,,primary
ember:monthly:generation,CN,mix,,nuclear,,2018-05-01,2018-05-31,23.57,TWh,,,primary
ember:monthly:generation,CN,mix,,nuclear,,2018-06-01,2018-06-30,23.744,TWh,,,primary
ember:monthly:generation,CN,mix,,nuclear,,2018-07-01,2018-07-31,26.489,TWh,,,primary
ember:monthly:generation,CN,mix,,nuclear,,2018-08-01,2018-08-31,27.104,TWh,,,primary
ember:monthly:generation,CN,mix,,nuclear,,2018-09-01,2018-09-30,25.165,TWh,,,primary
ember:monthly:generation,CN,mix,,nuclear,,2018-10-01,2018-10-31,27.287,TWh,,,primary
ember:monthly:generation,CN,mix,,nuclear,,2018-11-01,2018-11-30,28.32,TWh,,,primary
ember:monthly:generation,CN,mix,,nuclear,,2018-12-01,2018-12-31,29.132,TWh,,,primary
ember:monthly:generation,CN,mix,,nuclear,,2019-01-01,2019-01-31,24.259,TWh,,,primary
ember:monthly:generation,CN,mix,,nuclear,,2019-02-01,2019-02-28,24.125,TWh,,,primary
ember:monthly:generation,CN,mix,,nuclear,,2019-03-01,2019-03-31,28.653,TWh,,,primary
ember:monthly:generation,CN,mix,,nuclear,,2019-04-01,2019-04-30,27.805,TWh,,,primary
ember:monthly:generation,CN,mix,,nuclear,,2019-05-01,2019-05-31,27.192,TWh,,,primary
ember:monthly:generation,CN,mix,,nuclear,,2019-06-01,2019-06-30,27.967,TWh,,,primary
ember:monthly:generation,CN,mix,,nuclear,,2019-07-01,2019-07-31,31.312,TWh,,,primary
ember:monthly:generation,CN,mix,,nuclear,,2019-08-01,2019-08-31,32.864,TWh,,,primary
ember:monthly:generation,CN,mix,,nuclear,,2019-09-01,2019-09-30,29.674,TWh,,,primary
ember:monthly:generation,CN,mix,,nuclear,,2019-10-01,2019-10-31,28.756,TWh,,,primary
ember:monthly:generation,CN,mix,,nuclear,,2019-11-01,2019-11-30,32.55,TWh,,,primary
ember:monthly:generation,CN,mix,,nuclear,,2019-12-01,2019-12-31,33.22,TWh,,,primary
ember:monthly:generation,CN,mix,,nuclear,,2020-01-01,2020-01-31,23.975,TWh,,,primary
ember:monthly:generation,CN,mix,,nuclear,,2020-02-01,2020-02-29,23.334,TWh,,,primary
ember:monthly:generation,CN,mix,,nuclear,,2020-03-01,2020-03-31,30.627,TWh,,,primary
ember:monthly:generation,CN,mix,,nuclear,,2020-04-01,2020-04-30,30.77,TWh,,,primary
ember:monthly:generation,CN,mix,,nuclear,,2020-05-01,2020-05-31,31.08,TWh,,,primary
ember:monthly:generation,CN,mix,,nuclear,,2020-06-01,2020-06-30,31.78,TWh,,,primary
ember:monthly:generation,CN,mix,,nuclear,,2020-07-01,2020-07-31,33.409,TWh,,,primary
ember:monthly:generation,CN,mix,,nuclear,,2020-08-01,2020-08-31,33.149,TWh,,,primary
ember:monthly:generation,CN,mix,,nuclear,,2020-09-01,2020-09-30,31.87,TWh,,,primary
ember:monthly:generation,CN,mix,,nuclear,,2020-10-01,2020-10-31,28.683,TWh,,,primary
ember:monthly:generation,CN,mix,,nuclear,,2020-11-01,2020-11-30,32.296,TWh,,,primary
ember:monthly:generation,CN,mix,,nuclear,,2020-12-01,2020-12-31,35.27,TWh,,,primary
ember:monthly:generation,CN,mix,,nuclear,,2021-01-01,2021-01-31,29.343,TWh,,,primary
ember:monthly:generation,CN,mix,,nuclear,,2021-02-01,2021-02-28,29.051,TWh,,,primary
ember:monthly:generation,CN,mix,,nuclear,,2021-03-01,2021-03-31,34.227,TWh,,,primary
ember:monthly:generation,CN,mix,,nuclear,,2021-04-01,2021-04-30,32.379,TWh,,,primary
ember:monthly:generation,CN,mix,,nuclear,,2021-05-01,2021-05-31,34.245,TWh,,,primary
ember:monthly:generation,CN,mix,,nuclear,,2021-06-01,2021-06-30,35.89,TWh,,,primary
ember:monthly:generation,CN,mix,,nuclear,,2021-07-01,2021-07-31,38.232,TWh,,,primary
ember:monthly:generation,CN,mix,,nuclear,,2021-08-01,2021-08-31,36.539,TWh,,,primary
ember:monthly:generation,CN,mix,,nuclear,,2021-09-01,2021-09-30,33.248,TWh,,,primary
ember:monthly:generation,CN,mix,,nuclear,,2021-10-01,2021-10-31,33.529,TWh,,,primary
ember:monthly:generation,CN,mix,,nuclear,,2021-11-01,2021-11-30,33.627,TWh,,,primary
ember:monthly:generation,CN,mix,,nuclear,,2021-12-01,2021-12-31,37.27,TWh,,,primary
ember:monthly:generation,CN,mix,,nuclear,,2022-01-01,2022-01-31,32.34,TWh,,,primary
ember:monthly:generation,CN,mix,,nuclear,,2022-02-01,2022-02-28,31.658,TWh,,,primary
ember:monthly:generation,CN,mix,,nuclear,,2022-03-01,2022-03-31,34.962,TWh,,,primary
ember:monthly:generation,CN,mix,,nuclear,,2022-04-01,2022-04-30,32.658,TWh,,,primary
ember:monthly:generation,CN,mix,,nuclear,,2022-05-01,2022-05-31,34.704,TWh,,,primary
ember:monthly:generation,CN,mix,,nuclear,,2022-06-01,2022-06-30,32.654,TWh,,,primary
ember:monthly:generation,CN,mix,,nuclear,,2022-07-01,2022-07-31,36.968,TWh,,,primary
ember:monthly:generation,CN,mix,,nuclear,,2022-08-01,2022-08-31,36.332,TWh,,,primary
ember:monthly:generation,CN,mix,,nuclear,,2022-09-01,2022-09-30,32.362,TWh,,,primary
ember:monthly:generation,CN,mix,,nuclear,,2022-10-01,2022-10-31,36.012,TWh,,,primary
ember:monthly:generation,CN,mix,,nuclear,,2022-11-01,2022-11-30,37.357,TWh,,,primary
ember:monthly:generation,CN,mix,,nuclear,,2022-12-01,2022-12-31,39.729,TWh,,,primary
ember:monthly:generation,CN,mix,,nuclear,,2023-01-01,2023-01-31,33.848,TWh,,,primary
ember:monthly:generation,CN,mix,,nuclear,,2023-02-01,2023-02-28,32.925,TWh,,,primary
ember:monthly:generation,CN,mix,,nuclear,,2023-03-01,2023-03-31,36.565,TWh,,,primary
ember:monthly:generation,CN,mix,,nuclear,,2023-04-01,2023-04-30,34.533,TWh,,,primary
ember:monthly:generation,CN,mix,,nuclear,,2023-05-01,2023-05-31,36.895,TWh,,,primary
ember:monthly:generation,CN,mix,,nuclear,,2023-06-01,2023-06-30,37.135,TWh,,,primary
ember:monthly:generation,CN,mix,,nuclear,,2023-07-01,2023-07-31,38.035,TWh,,,primary
ember:monthly:generation,CN,mix,,nuclear,,2023-08-01,2023-08-31,38.332,TWh,,,primary
ember:monthly:generation,CN,mix,,nuclear,,2023-09-01,2023-09-30,34.543,TWh,,,primary
ember:monthly:generation,CN,mix,,nuclear,,2023-10-01,2023-10-31,35.939,TWh,,,primary
ember:monthly:generation,CN,mix,,nuclear,,2023-11-01,2023-11-30,36.45,TWh,,,primary
ember:monthly:generation,CN,mix,,nuclear,,2023-12-01,2023-12-31,38.052,TWh,,,primary
ember:monthly:generation,CN,mix,,nuclear,,2024-01-01,2024-01-31,35.128,TWh,,,primary
ember:monthly:generation,CN,mix,,nuclear,,2024-02-01,2024-02-29,34.102,TWh,,,primary
ember:monthly:generation,CN,mix,,nuclear,,2024-03-01,2024-03-31,34.813,TWh,,,primary
ember:monthly:generation,CN,mix,,nuclear,,2024-04-01,2024-04-30,36.575,TWh,,,primary
ember:monthly:generation,CN,mix,,nuclear,,2024-05-01,2024-05-31,36.017,TWh,,,primary
ember:monthly:generation,CN,mix,,nuclear,,2024-06-01,2024-06-30,35.684,TWh,,,primary
ember:monthly:generation,CN,mix,,nuclear,,2024-07-01,2024-07-31,39.705,TWh,,,primary
ember:monthly:generation,CN,mix,,nuclear,,2024-08-01,2024-08-31,40.264,TWh,,,primary
ember:monthly:generation,CN,mix,,nuclear,,2024-09-01,2024-09-30,35.6,TWh,,,primary
ember:monthly:generation,CN,mix,,nuclear,,2024-10-01,2024-10-31,37.111,TWh,,,primary
ember:monthly:generation,CN,mix,,nuclear,,2024-11-01,2024-11-30,38.023,TWh,,,primary
ember:monthly:generation,CN,mix,,nuclear,,2024-12-01,2024-12-31,43.269,TWh,,,primary
ember:monthly:generation,CN,mix,,nuclear,,2025-01-01,2025-01-31,37.344,TWh,,,primary
ember:monthly:generation,CN,mix,,nuclear,,2025-02-01,2025-02-28,37.209,TWh,,,primary
ember:monthly:generation,CN,mix,,nuclear,,2025-03-01,2025-03-31,42.8,TWh,,,primary
ember:monthly:generation,CN,mix,,nuclear,,2025-04-01,2025-04-30,41.106,TWh,,,primary
ember:monthly:generation,CN,mix,,nuclear,,2025-05-01,2025-05-31,38.429,TWh,,,primary
ember:monthly:generation,CN,mix,,nuclear,,2025-06-01,2025-06-30,39.373,TWh,,,primary
ember:monthly:generation,CN,mix,,nuclear,,2025-07-01,2025-07-31,42.964,TWh,,,primary
ember:monthly:generation,CN,mix,,nuclear,,2025-08-01,2025-08-31,42.687,TWh,,,primary
ember:monthly:generation,CN,mix,,nuclear,,2025-09-01,2025-09-30,36.17,TWh,,,primary
ember:monthly:generation,CN,mix,,nuclear,,2025-10-01,2025-10-31,38.67,TWh,,,primary
ember:monthly:generation,CN,mix,,nuclear,,2025-11-01,2025-11-30,39.81,TWh,,,primary
ember:monthly:generation,CN,mix,,nuclear,,2025-12-01,2025-12-31,44.61,TWh,,,primary
ember:monthly:generation,CN,mix,,nuclear,,2026-01-01,2026-01-31,38.617,TWh,,,primary
ember:monthly:generation,CN,mix,,nuclear,,2026-02-01,2026-02-28,36.531,TWh,,,primary
ember:monthly:generation,CN,mix,,nuclear,,2026-03-01,2026-03-31,37.75,TWh,,,primary
ember:monthly:generation,CN,mix,,nuclear,,2026-04-01,2026-04-30,37.53,TWh,,,primary
ember:monthly:generation,CN,mix,,nuclear,,2026-05-01,2026-05-31,40.35,TWh,,,primary
ember:monthly:generation,CN,mix,,nuclear,,2026-06-01,2026-06-30,42.72,TWh,,,primary
ember:monthly:generation,CN,mix,,nuclear,,2026-07-01,2026-07-31,45.8,TWh,,,primary
ember:monthly:generation,CN,mix,,nuclear,,2026-08-01,2026-08-31,46.7,TWh,,,primary
ember:monthly:generation,CN,mix,,other_fossil,,2016-01-01,2016-01-31,2.887,TWh,,,primary
ember:monthly:generation,CN,mix,,other_fossil,,2016-02-01,2016-02-29,1.335,TWh,,,primary
ember:monthly:generation,CN,mix,,other_fossil,,2016-03-01,2016-03-31,2.027,TWh,,,primary
ember:monthly:generation,CN,mix,,other_fossil,,2016-04-01,2016-04-30,2.272,TWh,,,primary
ember:monthly:generation,CN,mix,,other_fossil,,2016-05-01,2016-05-31,2.358,TWh,,,primary
ember:monthly:generation,CN,mix,,other_fossil,,2016-06-01,2016-06-30,2.447,TWh,,,primary
ember:monthly:generation,CN,mix,,other_fossil,,2016-07-01,2016-07-31,3.103,TWh,,,primary
ember:monthly:generation,CN,mix,,other_fossil,,2016-08-01,2016-08-31,2.358,TWh,,,primary
ember:monthly:generation,CN,mix,,other_fossil,,2016-09-01,2016-09-30,2.416,TWh,,,primary
ember:monthly:generation,CN,mix,,other_fossil,,2016-10-01,2016-10-31,2.213,TWh,,,primary
ember:monthly:generation,CN,mix,,other_fossil,,2016-11-01,2016-11-30,2.214,TWh,,,primary
ember:monthly:generation,CN,mix,,other_fossil,,2016-12-01,2016-12-31,1.602,TWh,,,primary
ember:monthly:generation,CN,mix,,other_fossil,,2017-01-01,2017-01-31,3.416,TWh,,,primary
ember:monthly:generation,CN,mix,,other_fossil,,2017-02-01,2017-02-28,1.612,TWh,,,primary
ember:monthly:generation,CN,mix,,other_fossil,,2017-03-01,2017-03-31,2.399,TWh,,,primary
ember:monthly:generation,CN,mix,,other_fossil,,2017-04-01,2017-04-30,2.591,TWh,,,primary
ember:monthly:generation,CN,mix,,other_fossil,,2017-05-01,2017-05-31,2.631,TWh,,,primary
ember:monthly:generation,CN,mix,,other_fossil,,2017-06-01,2017-06-30,2.71,TWh,,,primary
ember:monthly:generation,CN,mix,,other_fossil,,2017-07-01,2017-07-31,3.496,TWh,,,primary
ember:monthly:generation,CN,mix,,other_fossil,,2017-08-01,2017-08-31,2.611,TWh,,,primary
ember:monthly:generation,CN,mix,,other_fossil,,2017-09-01,2017-09-30,2.662,TWh,,,primary
ember:monthly:generation,CN,mix,,other_fossil,,2017-10-01,2017-10-31,2.392,TWh,,,primary
ember:monthly:generation,CN,mix,,other_fossil,,2017-11-01,2017-11-30,2.463,TWh,,,primary
ember:monthly:generation,CN,mix,,other_fossil,,2017-12-01,2017-12-31,1.911,TWh,,,primary
ember:monthly:generation,CN,mix,,other_fossil,,2018-01-01,2018-01-31,4.31,TWh,,,primary
ember:monthly:generation,CN,mix,,other_fossil,,2018-02-01,2018-02-28,2.26,TWh,,,primary
ember:monthly:generation,CN,mix,,other_fossil,,2018-03-01,2018-03-31,3.073,TWh,,,primary
ember:monthly:generation,CN,mix,,other_fossil,,2018-04-01,2018-04-30,2.988,TWh,,,primary
ember:monthly:generation,CN,mix,,other_fossil,,2018-05-01,2018-05-31,2.896,TWh,,,primary
ember:monthly:generation,CN,mix,,other_fossil,,2018-06-01,2018-06-30,3.021,TWh,,,primary
ember:monthly:generation,CN,mix,,other_fossil,,2018-07-01,2018-07-31,4.153,TWh,,,primary
ember:monthly:generation,CN,mix,,other_fossil,,2018-08-01,2018-08-31,3.266,TWh,,,primary
ember:monthly:generation,CN,mix,,other_fossil,,2018-09-01,2018-09-30,3.438,TWh,,,primary
ember:monthly:generation,CN,mix,,other_fossil,,2018-10-01,2018-10-31,3.183,TWh,,,primary
ember:monthly:generation,CN,mix,,other_fossil,,2018-11-01,2018-11-30,3.252,TWh,,,primary
ember:monthly:generation,CN,mix,,other_fossil,,2018-12-01,2018-12-31,2.507,TWh,,,primary
ember:monthly:generation,CN,mix,,other_fossil,,2019-01-01,2019-01-31,4.232,TWh,,,primary
ember:monthly:generation,CN,mix,,other_fossil,,2019-02-01,2019-02-28,1.983,TWh,,,primary
ember:monthly:generation,CN,mix,,other_fossil,,2019-03-01,2019-03-31,2.558,TWh,,,primary
ember:monthly:generation,CN,mix,,other_fossil,,2019-04-01,2019-04-30,4.085,TWh,,,primary
ember:monthly:generation,CN,mix,,other_fossil,,2019-05-01,2019-05-31,4.057,TWh,,,primary
ember:monthly:generation,CN,mix,,other_fossil,,2019-06-01,2019-06-30,3.671,TWh,,,primary
ember:monthly:generation,CN,mix,,other_fossil,,2019-07-01,2019-07-31,3.833,TWh,,,primary
ember:monthly:generation,CN,mix,,other_fossil,,2019-08-01,2019-08-31,4.428,TWh,,,primary
ember:monthly:generation,CN,mix,,other_fossil,,2019-09-01,2019-09-30,4.06,TWh,,,primary
ember:monthly:generation,CN,mix,,other_fossil,,2019-10-01,2019-10-31,3.096,TWh,,,primary
ember:monthly:generation,CN,mix,,other_fossil,,2019-11-01,2019-11-30,4.701,TWh,,,primary
ember:monthly:generation,CN,mix,,other_fossil,,2019-12-01,2019-12-31,4.761,TWh,,,primary
ember:monthly:generation,CN,mix,,other_fossil,,2020-01-01,2020-01-31,7.109,TWh,,,primary
ember:monthly:generation,CN,mix,,other_fossil,,2020-02-01,2020-02-29,2.165,TWh,,,primary
ember:monthly:generation,CN,mix,,other_fossil,,2020-03-01,2020-03-31,3.852,TWh,,,primary
ember:monthly:generation,CN,mix,,other_fossil,,2020-04-01,2020-04-30,4.794,TWh,,,primary
ember:monthly:generation,CN,mix,,other_fossil,,2020-05-01,2020-05-31,4.746,TWh,,,primary
ember:monthly:generation,CN,mix,,other_fossil,,2020-06-01,2020-06-30,5.717,TWh,,,primary
ember:monthly:generation,CN,mix,,other_fossil,,2020-07-01,2020-07-31,5.92,TWh,,,primary
ember:monthly:generation,CN,mix,,other_fossil,,2020-08-01,2020-08-31,6.509,TWh,,,primary
ember:monthly:generation,CN,mix,,other_fossil,,2020-09-01,2020-09-30,5.552,TWh,,,primary
ember:monthly:generation,CN,mix,,other_fossil,,2020-10-01,2020-10-31,4.82,TWh,,,primary
ember:monthly:generation,CN,mix,,other_fossil,,2020-11-01,2020-11-30,5.16,TWh,,,primary
ember:monthly:generation,CN,mix,,other_fossil,,2020-12-01,2020-12-31,1.0,TWh,,,primary
ember:monthly:generation,CN,mix,,other_fossil,,2021-01-01,2021-01-31,9.16,TWh,,,primary
ember:monthly:generation,CN,mix,,other_fossil,,2021-02-01,2021-02-28,3.931,TWh,,,primary
ember:monthly:generation,CN,mix,,other_fossil,,2021-03-01,2021-03-31,4.526,TWh,,,primary
ember:monthly:generation,CN,mix,,other_fossil,,2021-04-01,2021-04-30,5.655,TWh,,,primary
ember:monthly:generation,CN,mix,,other_fossil,,2021-05-01,2021-05-31,5.526,TWh,,,primary
ember:monthly:generation,CN,mix,,other_fossil,,2021-06-01,2021-06-30,6.134,TWh,,,primary
ember:monthly:generation,CN,mix,,other_fossil,,2021-07-01,2021-07-31,5.403,TWh,,,primary
ember:monthly:generation,CN,mix,,other_fossil,,2021-08-01,2021-08-31,6.667,TWh,,,primary
ember:monthly:generation,CN,mix,,other_fossil,,2021-09-01,2021-09-30,4.885,TWh,,,primary
ember:monthly:generation,CN,mix,,other_fossil,,2021-10-01,2021-10-31,4.964,TWh,,,primary
ember:monthly:generation,CN,mix,,other_fossil,,2021-11-01,2021-11-30,6.186,TWh,,,primary
ember:monthly:generation,CN,mix,,other_fossil,,2021-12-01,2021-12-31,10.323,TWh,,,primary
ember:monthly:generation,CN,mix,,other_fossil,,2022-01-01,2022-01-31,9.887,TWh,,,primary
ember:monthly:generation,CN,mix,,other_fossil,,2022-02-01,2022-02-28,3.329,TWh,,,primary
ember:monthly:generation,CN,mix,,other_fossil,,2022-03-01,2022-03-31,7.491,TWh,,,primary
ember:monthly:generation,CN,mix,,other_fossil,,2022-04-01,2022-04-30,8.2,TWh,,,primary
ember:monthly:generation,CN,mix,,other_fossil,,2022-05-01,2022-05-31,8.607,TWh,,,primary
ember:monthly:generation,CN,mix,,other_fossil,,2022-06-01,2022-06-30,8.805,TWh,,,primary
ember:monthly:generation,CN,mix,,other_fossil,,2022-07-01,2022-07-31,8.683,TWh,,,primary
ember:monthly:generation,CN,mix,,other_fossil,,2022-08-01,2022-08-31,7.339,TWh,,,primary
ember:monthly:generation,CN,mix,,other_fossil,,2022-09-01,2022-09-30,8.165,TWh,,,primary
ember:monthly:generation,CN,mix,,other_fossil,,2022-10-01,2022-10-31,10.001,TWh,,,primary
ember:monthly:generation,CN,mix,,other_fossil,,2022-11-01,2022-11-30,6.579,TWh,,,primary
ember:monthly:generation,CN,mix,,other_fossil,,2022-12-01,2022-12-31,7.416,TWh,,,primary
ember:monthly:generation,CN,mix,,other_fossil,,2023-01-01,2023-01-31,4.868,TWh,,,primary
ember:monthly:generation,CN,mix,,other_fossil,,2023-02-01,2023-02-28,4.233,TWh,,,primary
ember:monthly:generation,CN,mix,,other_fossil,,2023-03-01,2023-03-31,6.042,TWh,,,primary
ember:monthly:generation,CN,mix,,other_fossil,,2023-04-01,2023-04-30,6.123,TWh,,,primary
ember:monthly:generation,CN,mix,,other_fossil,,2023-05-01,2023-05-31,7.342,TWh,,,primary
ember:monthly:generation,CN,mix,,other_fossil,,2023-06-01,2023-06-30,8.135,TWh,,,primary
ember:monthly:generation,CN,mix,,other_fossil,,2023-07-01,2023-07-31,5.262,TWh,,,primary
ember:monthly:generation,CN,mix,,other_fossil,,2023-08-01,2023-08-31,14.456,TWh,,,primary
ember:monthly:generation,CN,mix,,other_fossil,,2023-09-01,2023-09-30,7.327,TWh,,,primary
ember:monthly:generation,CN,mix,,other_fossil,,2023-10-01,2023-10-31,7.465,TWh,,,primary
ember:monthly:generation,CN,mix,,other_fossil,,2023-11-01,2023-11-30,7.983,TWh,,,primary
ember:monthly:generation,CN,mix,,other_fossil,,2023-12-01,2023-12-31,9.933,TWh,,,primary
ember:monthly:generation,CN,mix,,other_fossil,,2024-01-01,2024-01-31,7.334,TWh,,,primary
ember:monthly:generation,CN,mix,,other_fossil,,2024-02-01,2024-02-29,6.246,TWh,,,primary
ember:monthly:generation,CN,mix,,other_fossil,,2024-03-01,2024-03-31,7.453,TWh,,,primary
ember:monthly:generation,CN,mix,,other_fossil,,2024-04-01,2024-04-30,7.438,TWh,,,primary
ember:monthly:generation,CN,mix,,other_fossil,,2024-05-01,2024-05-31,8.462,TWh,,,primary
ember:monthly:generation,CN,mix,,other_fossil,,2024-06-01,2024-06-30,8.09,TWh,,,primary
ember:monthly:generation,CN,mix,,other_fossil,,2024-07-01,2024-07-31,8.339,TWh,,,primary
ember:monthly:generation,CN,mix,,other_fossil,,2024-08-01,2024-08-31,8.562,TWh,,,primary
ember:monthly:generation,CN,mix,,other_fossil,,2024-09-01,2024-09-30,7.071,TWh,,,primary
ember:monthly:generation,CN,mix,,other_fossil,,2024-10-01,2024-10-31,7.897,TWh,,,primary
ember:monthly:generation,CN,mix,,other_fossil,,2024-11-01,2024-11-30,8.423,TWh,,,primary
ember:monthly:generation,CN,mix,,other_fossil,,2024-12-01,2024-12-31,7.035,TWh,,,primary
ember:monthly:generation,CN,mix,,other_fossil,,2025-01-01,2025-01-31,7.459,TWh,,,primary
ember:monthly:generation,CN,mix,,other_fossil,,2025-02-01,2025-02-28,4.268,TWh,,,primary
ember:monthly:generation,CN,mix,,other_fossil,,2025-03-01,2025-03-31,7.876,TWh,,,primary
ember:monthly:generation,CN,mix,,other_fossil,,2025-04-01,2025-04-30,7.438,TWh,,,primary
ember:monthly:generation,CN,mix,,other_fossil,,2025-05-01,2025-05-31,8.491,TWh,,,primary
ember:monthly:generation,CN,mix,,other_fossil,,2025-06-01,2025-06-30,8.373,TWh,,,primary
ember:monthly:generation,CN,mix,,other_fossil,,2025-07-01,2025-07-31,9.112,TWh,,,primary
ember:monthly:generation,CN,mix,,other_fossil,,2025-08-01,2025-08-31,8.95,TWh,,,primary
ember:monthly:generation,CN,mix,,other_fossil,,2025-09-01,2025-09-30,7.937,TWh,,,primary
ember:monthly:generation,CN,mix,,other_fossil,,2025-10-01,2025-10-31,8.972,TWh,,,primary
ember:monthly:generation,CN,mix,,other_fossil,,2025-11-01,2025-11-30,9.215,TWh,,,primary
ember:monthly:generation,CN,mix,,other_fossil,,2025-12-01,2025-12-31,7.718,TWh,,,primary
ember:monthly:generation,CN,mix,,other_fossil,,2026-01-01,2026-01-31,7.753,TWh,,,primary
ember:monthly:generation,CN,mix,,other_fossil,,2026-02-01,2026-02-28,6.679,TWh,,,primary
ember:monthly:generation,CN,mix,,other_fossil,,2026-03-01,2026-03-31,9.624,TWh,,,primary
ember:monthly:generation,CN,mix,,other_fossil,,2026-04-01,2026-04-30,9.412,TWh,,,primary
ember:monthly:generation,CN,mix,,other_fossil,,2026-05-01,2026-05-31,9.456,TWh,,,primary
ember:monthly:generation,CN,mix,,other_fossil,,2026-06-01,2026-06-30,8.838,TWh,,,primary
ember:monthly:generation,CN,mix,,other_fossil,,2026-07-01,2026-07-31,9.742,TWh,,,primary
ember:monthly:generation,CN,mix,,other_fossil,,2026-08-01,2026-08-31,9.413,TWh,,,primary
ember:monthly:generation,CN,mix,,solar,,2016-01-01,2016-01-31,3.37,TWh,,,primary
ember:monthly:generation,CN,mix,,solar,,2016-02-01,2016-02-29,4.072,TWh,,,primary
ember:monthly:generation,CN,mix,,solar,,2016-03-01,2016-03-31,4.972,TWh,,,primary
ember:monthly:generation,CN,mix,,solar,,2016-04-01,2016-04-30,5.48,TWh,,,primary
ember:monthly:generation,CN,mix,,solar,,2016-05-01,2016-05-31,5.854,TWh,,,primary
ember:monthly:generation,CN,mix,,solar,,2016-06-01,2016-06-30,5.929,TWh,,,primary
ember:monthly:generation,CN,mix,,solar,,2016-07-01,2016-07-31,6.509,TWh,,,primary
ember:monthly:generation,CN,mix,,solar,,2016-08-01,2016-08-31,6.926,TWh,,,primary
ember:monthly:generation,CN,mix,,solar,,2016-09-01,2016-09-30,6.692,TWh,,,primary
ember:monthly:generation,CN,mix,,solar,,2016-10-01,2016-10-31,5.897,TWh,,,primary
ember:monthly:generation,CN,mix,,solar,,2016-11-01,2016-11-30,5.646,TWh,,,primary
ember:monthly:generation,CN,mix,,solar,,2016-12-01,2016-12-31,5.182,TWh,,,primary
ember:monthly:generation,CN,mix,,solar,,2017-01-01,2017-01-31,6.152,TWh,,,primary
ember:monthly:generation,CN,mix,,solar,,2017-02-01,2017-02-28,7.238,TWh,,,primary
ember:monthly:generation,CN,mix,,solar,,2017-03-01,2017-03-31,8.567,TWh,,,primary
ember:monthly:generation,CN,mix,,solar,,2017-04-01,2017-04-30,8.964,TWh,,,primary
ember:monthly:generation,CN,mix,,solar,,2017-05-01,2017-05-31,10.348,TWh,,,primary
ember:monthly:generation,CN,mix,,solar,,2017-06-01,2017-06-30,10.385,TWh,,,primary
ember:monthly:generation,CN,mix,,solar,,2017-07-01,2017-07-31,11.395,TWh,,,primary
ember:monthly:generation,CN,mix,,solar,,2017-08-01,2017-08-31,11.157,TWh,,,primary
ember:monthly:generation,CN,mix,,solar,,2017-09-01,2017-09-30,11.538,TWh,,,primary
ember:monthly:generation,CN,mix,,solar,,2017-10-01,2017-10-31,11.099,TWh,,,primary
ember:monthly:generation,CN,mix,,solar,,2017-11-01,2017-11-30,11.228,TWh,,,primary
ember:monthly:generation,CN,mix,,solar,,2017-12-01,2017-12-31,9.729,TWh,,,primary
ember:monthly:generation,CN,mix,,solar,,2018-01-01,2018-01-31,10.268,TWh,,,primary
ember:monthly:generation,CN,mix,,solar,,2018-02-01,2018-02-28,11.538,TWh,,,primary
ember:monthly:generation,CN,mix,,solar,,2018-03-01,2018-03-31,13.915,TWh,,,primary
ember:monthly:generation,CN,mix,,solar,,2018-04-01,2018-04-30,14.87,TWh,,,primary
ember:monthly:generation,CN,mix,,solar,,2018-05-01,2018-05-31,15.759,TWh,,,primary
ember:monthly:generation,CN,mix,,solar,,2018-06-01,2018-06-30,16.648,TWh,,,primary
ember:monthly:generation,CN,mix,,solar,,2018-07-01,2018-07-31,16.885,TWh,,,primary
ember:monthly:generation,CN,mix,,solar,,2018-08-01,2018-08-31,17.236,TWh,,,primary
ember:monthly:generation,CN,mix,,solar,,2018-09-01,2018-09-30,16.312,TWh,,,primary
ember:monthly:generation,CN,mix,,solar,,2018-10-01,2018-10-31,16.752,TWh,,,primary
ember:monthly:generation,CN,mix,,solar,,2018-11-01,2018-11-30,14.401,TWh,,,primary
ember:monthly:generation,CN,mix,,solar,,2018-12-01,2018-12-31,12.317,TWh,,,primary
ember:monthly:generation,CN,mix,,solar,,2019-01-01,2019-01-31,11.749,TWh,,,primary
ember:monthly:generation,CN,mix,,solar,,2019-02-01,2019-02-28,13.447,TWh,,,primary
ember:monthly:generation,CN,mix,,solar,,2019-03-01,2019-03-31,18.745,TWh,,,primary
ember:monthly:generation,CN,mix,,solar,,2019-04-01,2019-04-30,20.134,TWh,,,primary
ember:monthly:generation,CN,mix,,solar,,2019-05-01,2019-05-31,21.625,TWh,,,primary
ember:monthly:generation,CN,mix,,solar,,2019-06-01,2019-06-30,20.857,TWh,,,primary
ember:monthly:generation,CN,mix,,solar,,2019-07-01,2019-07-31,21.795,TWh,,,primary
ember:monthly:generation,CN,mix,,solar,,2019-08-01,2019-08-31,22.015,TWh,,,primary
ember:monthly:generation,CN,mix,,solar,,2019-09-01,2019-09-30,20.904,TWh,,,primary
ember:monthly:generation,CN,mix,,solar,,2019-10-01,2019-10-31,19.357,TWh,,,primary
ember:monthly:generation,CN,mix,,solar,,2019-11-01,2019-11-30,16.903,TWh,,,primary
ember:monthly:generation,CN,mix,,solar,,2019-12-01,2019-12-31,16.469,TWh,,,primary
ember:monthly:generation,CN,mix,,solar,,2020-01-01,2020-01-31,14.967,TWh,,,primary
ember:monthly:generation,CN,mix,,solar,,2020-02-01,2020-02-29,16.343,TWh,,,primary
ember:monthly:generation,CN,mix,,solar,,2020-03-01,2020-03-31,21.612,TWh,,,primary
ember:monthly:generation,CN,mix,,solar,,2020-04-01,2020-04-30,23.236,TWh,,,primary
ember:monthly:generation,CN,mix,,solar,,2020-05-01,2020-05-31,23.663,TWh,,,primary
ember:monthly:generation,CN,mix,,solar,,2020-06-01,2020-06-30,23.463,TWh,,,primary
ember:monthly:generation,CN,mix,,solar,,2020-07-01,2020-07-31,25.614,TWh,,,primary
ember:monthly:generation,CN,mix,,solar,,2020-08-01,2020-08-31,26.664,TWh,,,primary
ember:monthly:generation,CN,mix,,solar,,2020-09-01,2020-09-30,25.4,TWh,,,primary
ember:monthly:generation,CN,mix,,solar,,2020-10-01,2020-10-31,22.743,TWh,,,primary
ember:monthly:generation,CN,mix,,solar,,2020-11-01,2020-11-30,18.618,TWh,,,primary
ember:monthly:generation,CN,mix,,solar,,2020-12-01,2020-12-31,18.778,TWh,,,primary
ember:monthly:generation,CN,mix,,solar,,2021-01-01,2021-01-31,20.692,TWh,,,primary
ember:monthly:generation,CN,mix,,solar,,2021-02-01,2021-02-28,22.883,TWh,,,primary
ember:monthly:generation,CN,mix,,solar,,2021-03-01,2021-03-31,25.457,TWh,,,primary
ember:monthly:generation,CN,mix,,solar,,2021-04-01,2021-04-30,26.675,TWh,,,primary
ember:monthly:generation,CN,mix,,solar,,2021-05-01,2021-05-31,31.377,TWh,,,primary
ember:monthly:generation,CN,mix,,solar,,2021-06-01,2021-06-30,31.089,TWh,,,primary
ember:monthly:generation,CN,mix,,solar,,2021-07-01,2021-07-31,31.244,TWh,,,primary
ember:monthly:generation,CN,mix,,solar,,2021-08-01,2021-08-31,31.344,TWh,,,primary
ember:monthly:generation,CN,mix,,solar,,2021-09-01,2021-09-30,28.679,TWh,,,primary
ember:monthly:generation,CN,mix,,solar,,2021-10-01,2021-10-31,25.78,TWh,,,primary
ember:monthly:generation,CN,mix,,solar,,2021-11-01,2021-11-30,26.318,TWh,,,primary
ember:monthly:generation,CN,mix,,solar,,2021-12-01,2021-12-31,25.462,TWh,,,primary
ember:monthly:generation,CN,mix,,solar,,2022-01-01,2022-01-31,24.985,TWh,,,primary
ember:monthly:generation,CN,mix,,solar,,2022-02-01,2022-02-28,26.956,TWh,,,primary
ember:monthly:generation,CN,mix,,solar,,2022-03-01,2022-03-31,32.153,TWh,,,primary
ember:monthly:generation,CN,mix,,solar,,2022-04-01,2022-04-30,36.683,TWh,,,primary
ember:monthly:generation,CN,mix,,solar,,2022-05-01,2022-05-31,38.271,TWh,,,primary
ember:monthly:generation,CN,mix,,solar,,2022-06-01,2022-06-30,39.939,TWh,,,primary
ember:monthly:generation,CN,mix,,solar,,2022-07-01,2022-07-31,43.476,TWh,,,primary
ember:monthly:generation,CN,mix,,solar,,2022-08-01,2022-08-31,43.563,TWh,,,primary
ember:monthly:generation,CN,mix,,solar,,2022-09-01,2022-09-30,42.552,TWh,,,primary
ember:monthly:generation,CN,mix,,solar,,2022-10-01,2022-10-31,38.107,TWh,,,primary
ember:monthly:generation,CN,mix,,solar,,2022-11-01,2022-11-30,30.247,TWh,,,primary
ember:monthly:generation,CN,mix,,solar,,2022-12-01,2022-12-31,30.339,TWh,,,primary
ember:monthly:generation,CN,mix,,solar,,2023-01-01,2023-01-31,32.309,TWh,,,primary
ember:monthly:generation,CN,mix,,solar,,2023-02-01,2023-02-28,36.614,TWh,,,primary
ember:monthly:generation,CN,mix,,solar,,2023-03-01,2023-03-31,44.577,TWh,,,primary
ember:monthly:generation,CN,mix,,solar,,2023-04-01,2023-04-30,45.711,TWh,,,primary
ember:monthly:generation,CN,mix,,solar,,2023-05-01,2023-05-31,51.133,TWh,,,primary
ember:monthly:generation,CN,mix,,solar,,2023-06-01,2023-06-30,55.956,TWh,,,primary
ember:monthly:generation,CN,mix,,solar,,2023-07-01,2023-07-31,57.813,TWh,,,primary
ember:monthly:generation,CN,mix,,solar,,2023-08-01,2023-08-31,59.247,TWh,,,primary
ember:monthly:generation,CN,mix,,solar,,2023-09-01,2023-09-30,53.54,TWh,,,primary
ember:monthly:generation,CN,mix,,solar,,2023-10-01,2023-10-31,53.514,TWh,,,primary
ember:monthly:generation,CN,mix,,solar,,2023-11-01,2023-11-30,49.768,TWh,,,primary
ember:monthly:generation,CN,mix,,solar,,2023-12-01,2023-12-31,43.968,TWh,,,primary
ember:monthly:generation,CN,mix,,solar,,2024-01-01,2024-01-31,45.33,TWh,,,primary
ember:monthly:generation,CN,mix,,solar,,2024-02-01,2024-02-29,51.645,TWh,,,primary
ember:monthly:generation,CN,mix,,solar,,2024-03-01,2024-03-31,65.783,TWh,,,primary
ember:monthly:generation,CN,mix,,solar,,2024-04-01,2024-04-30,68.975,TWh,,,primary
ember:monthly:generation,CN,mix,,solar,,2024-05-01,2024-05-31,81.651,TWh,,,primary
ember:monthly:generation,CN,mix,,solar,,2024-06-01,2024-06-30,80.333,TWh,,,primary
ember:monthly:generation,CN,mix,,solar,,2024-07-01,2024-07-31,83.096,TWh,,,primary
ember:monthly:generation,CN,mix,,solar,,2024-08-01,2024-08-31,89.141,TWh,,,primary
ember:monthly:generation,CN,mix,,solar,,2024-09-01,2024-09-30,73.712,TWh,,,primary
ember:monthly:generation,CN,mix,,solar,,2024-10-01,2024-10-31,71.227,TWh,,,primary
ember:monthly:generation,CN,mix,,solar,,2024-11-01,2024-11-30,62.939,TWh,,,primary
ember:monthly:generation,CN,mix,,solar,,2024-12-01,2024-12-31,65.208,TWh,,,primary
ember:monthly:generation,CN,mix,,solar,,2025-01-01,2025-01-31,69.117,TWh,,,primary
ember:monthly:generation,CN,mix,,solar,,2025-02-01,2025-02-28,76.069,TWh,,,primary
ember:monthly:generation,CN,mix,,solar,,2025-03-01,2025-03-31,87.613,TWh,,,primary
ember:monthly:generation,CN,mix,,solar,,2025-04-01,2025-04-30,100.038,TWh,,,primary
ember:monthly:generation,CN,mix,,solar,,2025-05-01,2025-05-31,108.603,TWh,,,primary
ember:monthly:generation,CN,mix,,solar,,2025-06-01,2025-06-30,117.659,TWh,,,primary
ember:monthly:generation,CN,mix,,solar,,2025-07-01,2025-07-31,130.669,TWh,,,primary
ember:monthly:generation,CN,mix,,solar,,2025-08-01,2025-08-31,122.555,TWh,,,primary
ember:monthly:generation,CN,mix,,solar,,2025-09-01,2025-09-30,103.976,TWh,,,primary
ember:monthly:generation,CN,mix,,solar,,2025-10-01,2025-10-31,85.358,TWh,,,primary
ember:monthly:generation,CN,mix,,solar,,2025-11-01,2025-11-30,86.397,TWh,,,primary
ember:monthly:generation,CN,mix,,solar,,2025-12-01,2025-12-31,85.185,TWh,,,primary
ember:monthly:generation,CN,mix,,solar,,2026-01-01,2026-01-31,82.661,TWh,,,primary
ember:monthly:generation,CN,mix,,solar,,2026-02-01,2026-02-28,88.439,TWh,,,primary
ember:monthly:generation,CN,mix,,solar,,2026-03-01,2026-03-31,104.8,TWh,,,primary
ember:monthly:generation,CN,mix,,solar,,2026-04-01,2026-04-30,113.255,TWh,,,primary
ember:monthly:generation,CN,mix,,solar,,2026-05-01,2026-05-31,126.81,TWh,,,primary
ember:monthly:generation,CN,mix,,solar,,2026-06-01,2026-06-30,139.534,TWh,,,primary
ember:monthly:generation,CN,mix,,solar,,2026-07-01,2026-07-31,141.85,TWh,,,primary
ember:monthly:generation,CN,mix,,solar,,2026-08-01,2026-08-31,138.329,TWh,,,primary
ember:monthly:generation,CN,mix,,total,,2016-01-01,2016-01-31,481.463,TWh,,,primary
ember:monthly:generation,CN,mix,,total,,2016-02-01,2016-02-29,398.245,TWh,,,primary
ember:monthly:generation,CN,mix,,total,,2016-03-01,2016-03-31,484.638,TWh,,,primary
ember:monthly:generation,CN,mix,,total,,2016-04-01,2016-04-30,455.583,TWh,,,primary
ember:monthly:generation,CN,mix,,total,,2016-05-01,2016-05-31,474.522,TWh,,,primary
ember:monthly:generation,CN,mix,,total,,2016-06-01,2016-06-30,498.029,TWh,,,primary
ember:monthly:generation,CN,mix,,total,,2016-07-01,2016-07-31,560.174,TWh,,,primary
ember:monthly:generation,CN,mix,,total,,2016-08-01,2016-08-31,570.413,TWh,,,primary
ember:monthly:generation,CN,mix,,total,,2016-09-01,2016-09-30,499.123,TWh,,,primary
ember:monthly:generation,CN,mix,,total,,2016-10-01,2016-10-31,495.749,TWh,,,primary
ember:monthly:generation,CN,mix,,total,,2016-11-01,2016-11-30,511.996,TWh,,,primary
ember:monthly:generation,CN,mix,,total,,2016-12-01,2016-12-31,541.174,TWh,,,primary
ember:monthly:generation,CN,mix,,total,,2017-01-01,2017-01-31,520.025,TWh,,,primary
ember:monthly:generation,CN,mix,,total,,2017-02-01,2017-02-28,428.957,TWh,,,primary
ember:monthly:generation,CN,mix,,total,,2017-03-01,2017-03-31,521.5,TWh,,,primary
ember:monthly:generation,CN,mix,,total,,2017-04-01,2017-04-30,483.252,TWh,,,primary
ember:monthly:generation,CN,mix,,total,,2017-05-01,2017-05-31,502.075,TWh,,,primary
ember:monthly:generation,CN,mix,,total,,2017-06-01,2017-06-30,526.074,TWh,,,primary
ember:monthly:generation,CN,mix,,total,,2017-07-01,2017-07-31,611.248,TWh,,,primary
ember:monthly:generation,CN,mix,,total,,2017-08-01,2017-08-31,602.422,TWh,,,primary
ember:monthly:generation,CN,mix,,total,,2017-09-01,2017-09-30,531.046,TWh,,,primary
ember:monthly:generation,CN,mix,,total,,2017-10-01,2017-10-31,515.932,TWh,,,primary
ember:monthly:generation,CN,mix,,total,,2017-11-01,2017-11-30,542.929,TWh,,,primary
ember:monthly:generation,CN,mix,,total,,2017-12-01,2017-12-31,589.928,TWh,,,primary
ember:monthly:generation,CN,mix,,total,,2018-01-01,2018-01-31,590.836,TWh,,,primary
ember:monthly:generation,CN,mix,,total,,2018-02-01,2018-02-28,484.69,TWh,,,primary
ember:monthly:generation,CN,mix,,total,,2018-03-01,2018-03-31,546.785,TWh,,,primary
ember:monthly:generation,CN,mix,,total,,2018-04-01,2018-04-30,534.113,TWh,,,primary
ember:monthly:generation,CN,mix,,total,,2018-05-01,2018-05-31,568.922,TWh,,,primary
ember:monthly:generation,CN,mix,,total,,2018-06-01,2018-06-30,578.706,TWh,,,primary
ember:monthly:generation,CN,mix,,total,,2018-07-01,2018-07-31,663.638,TWh,,,primary
ember:monthly:generation,CN,mix,,total,,2018-08-01,2018-08-31,666.759,TWh,,,primary
ember:monthly:generation,CN,mix,,total,,2018-09-01,2018-09-30,574.019,TWh,,,primary
ember:monthly:generation,CN,mix,,total,,2018-10-01,2018-10-31,559.602,TWh,,,primary
ember:monthly:generation,CN,mix,,total,,2018-11-01,2018-11-30,575.16,TWh,,,primary
ember:monthly:generation,CN,mix,,total,,2018-12-01,2018-12-31,641.036,TWh,,,primary
ember:monthly:generation,CN,mix,,total,,2019-01-01,2019-01-31,619.6,TWh,,,primary
ember:monthly:generation,CN,mix,,total,,2019-02-01,2019-02-28,513.174,TWh,,,primary
ember:monthly:generation,CN,mix,,total,,2019-03-01,2019-03-31,589.015,TWh,,,primary
ember:monthly:generation,CN,mix,,total,,2019-04-01,2019-04-30,563.507,TWh,,,primary
ember:monthly:generation,CN,mix,,total,,2019-05-01,2019-05-31,580.957,TWh,,,primary
ember:monthly:generation,CN,mix,,total,,2019-06-01,2019-06-30,603.078,TWh,,,primary
ember:monthly:generation,CN,mix,,total,,2019-07-01,2019-07-31,679.142,TWh,,,primary
ember:monthly:generation,CN,mix,,total,,2019-08-01,2019-08-31,689.371,TWh,,,primary
ember:monthly:generation,CN,mix,,total,,2019-09-01,2019-09-30,610.993,TWh,,,primary
ember:monthly:generation,CN,mix,,total,,2019-10-01,2019-10-31,594.404,TWh,,,primary
ember:monthly:generation,CN,mix,,total,,2019-11-01,2019-11-30,611.872,TWh,,,primary
ember:monthly:generation,CN,mix,,total,,2019-12-01,2019-12-31,677.08,TWh,,,primary
ember:monthly:generation,CN,mix,,total,,2020-01-01,2020-01-31,620.649,TWh,,,primary
ember:monthly:generation,CN,mix,,total,,2020-02-01,2020-02-29,436.222,TWh,,,primary
ember:monthly:generation,CN,mix,,total,,2020-03-01,2020-03-31,570.745,TWh,,,primary
ember:monthly:generation,CN,mix,,total,,2020-04-01,2020-04-30,572.446,TWh,,,primary
ember:monthly:generation,CN,mix,,total,,2020-05-01,2020-05-31,611.988,TWh,,,primary
ember:monthly:generation,CN,mix,,total,,2020-06-01,2020-06-30,649.907,TWh,,,primary
ember:monthly:generation,CN,mix,,total,,2020-07-01,2020-07-31,704.281,TWh,,,primary
ember:monthly:generation,CN,mix,,total,,2020-08-01,2020-08-31,750.211,TWh,,,primary
ember:monthly:generation,CN,mix,,total,,2020-09-01,2020-09-30,656.433,TWh,,,primary
ember:monthly:generation,CN,mix,,total,,2020-10-01,2020-10-31,633.108,TWh,,,primary
ember:monthly:generation,CN,mix,,total,,2020-11-01,2020-11-30,663.911,TWh,,,primary
ember:monthly:generation,CN,mix,,total,,2020-12-01,2020-12-31,751.21,TWh,,,primary
ember:monthly:generation,CN,mix,,total,,2021-01-01,2021-01-31,745.279,TWh,,,primary
ember:monthly:generation,CN,mix,,total,,2021-02-01,2021-02-28,546.212,TWh,,,primary
ember:monthly:generation,CN,mix,,total,,2021-03-01,2021-03-31,684.126,TWh,,,primary
ember:monthly:generation,CN,mix,,total,,2021-04-01,2021-04-30,651.024,TWh,,,primary
ember:monthly:generation,CN,mix,,total,,2021-05-01,2021-05-31,679.705,TWh,,,primary
ember:monthly:generation,CN,mix,,total,,2021-06-01,2021-06-30,714.003,TWh,,,primary
ember:monthly:generation,CN,mix,,total,,2021-07-01,2021-07-31,786.484,TWh,,,primary
ember:monthly:generation,CN,mix,,total,,2021-08-01,2021-08-31,766.184,TWh,,,primary
ember:monthly:generation,CN,mix,,total,,2021-09-01,2021-09-30,700.251,TWh,,,primary
ember:monthly:generation,CN,mix,,total,,2021-10-01,2021-10-31,667.358,TWh,,,primary
ember:monthly:generation,CN,mix,,total,,2021-11-01,2021-11-30,681.186,TWh,,,primary
ember:monthly:generation,CN,mix,,total,,2021-12-01,2021-12-31,749.399,TWh,,,primary
ember:monthly:generation,CN,mix,,total,,2022-01-01,2022-01-31,779.978,TWh,,,primary
ember:monthly:generation,CN,mix,,total,,2022-02-01,2022-02-28,582.297,TWh,,,primary
ember:monthly:generation,CN,mix,,total,,2022-03-01,2022-03-31,696.736,TWh,,,primary
ember:monthly:generation,CN,mix,,total,,2022-04-01,2022-04-30,640.332,TWh,,,primary
ember:monthly:generation,CN,mix,,total,,2022-05-01,2022-05-31,673.684,TWh,,,primary
ember:monthly:generation,CN,mix,,total,,2022-06-01,2022-06-30,740.774,TWh,,,primary
ember:monthly:generation,CN,mix,,total,,2022-07-01,2022-07-31,837.199,TWh,,,primary
ember:monthly:generation,CN,mix,,total,,2022-08-01,2022-08-31,855.818,TWh,,,primary
ember:monthly:generation,CN,mix,,total,,2022-09-01,2022-09-30,712.292,TWh,,,primary
ember:monthly:generation,CN,mix,,total,,2022-10-01,2022-10-31,690.343,TWh,,,primary
ember:monthly:generation,CN,mix,,total,,2022-11-01,2022-11-30,692.34,TWh,,,primary
ember:monthly:generation,CN,mix,,total,,2022-12-01,2022-12-31,786.438,TWh,,,primary
ember:monthly:generation,CN,mix,,total,,2023-01-01,2023-01-31,739.791,TWh,,,primary
ember:monthly:generation,CN,mix,,total,,2023-02-01,2023-02-28,666.931,TWh,,,primary
ember:monthly:generation,CN,mix,,total,,2023-03-01,2023-03-31,747.892,TWh,,,primary
ember:monthly:generation,CN,mix,,total,,2023-04-01,2023-04-30,692.677,TWh,,,primary
ember:monthly:generation,CN,mix,,total,,2023-05-01,2023-05-31,727.496,TWh,,,primary
ember:monthly:generation,CN,mix,,total,,2023-06-01,2023-06-30,778.89,TWh,,,primary
ember:monthly:generation,CN,mix,,total,,2023-07-01,2023-07-31,888.034,TWh,,,primary
ember:monthly:generation,CN,mix,,total,,2023-08-01,2023-08-31,885.708,TWh,,,primary
ember:monthly:generation,CN,mix,,total,,2023-09-01,2023-09-30,783.851,TWh,,,primary
ember:monthly:generation,CN,mix,,total,,2023-10-01,2023-10-31,746.421,TWh,,,primary
ember:monthly:generation,CN,mix,,total,,2023-11-01,2023-11-30,775.408,TWh,,,primary
ember:monthly:generation,CN,mix,,total,,2023-12-01,2023-12-31,869.193,TWh,,,primary
ember:monthly:generation,CN,mix,,total,,2024-01-01,2024-01-31,793.049,TWh,,,primary
ember:monthly:generation,CN,mix,,total,,2024-02-01,2024-02-29,764.025,TWh,,,primary
ember:monthly:generation,CN,mix,,total,,2024-03-01,2024-03-31,792.072,TWh,,,primary
ember:monthly:generation,CN,mix,,total,,2024-04-01,2024-04-30,737.485,TWh,,,primary
ember:monthly:generation,CN,mix,,total,,2024-05-01,2024-05-31,774.054,TWh,,,primary
ember:monthly:generation,CN,mix,,total,,2024-06-01,2024-06-30,823.149,TWh,,,primary
ember:monthly:generation,CN,mix,,total,,2024-07-01,2024-07-31,940.525,TWh,,,primary
ember:monthly:generation,CN,mix,,total,,2024-08-01,2024-08-31,966.489,TWh,,,primary
ember:monthly:generation,CN,mix,,total,,2024-09-01,2024-09-30,852.899,TWh,,,primary
ember:monthly:generation,CN,mix,,total,,2024-10-01,2024-10-31,780.873,TWh,,,primary
ember:monthly:generation,CN,mix,,total,,2024-11-01,2024-11-30,793.614,TWh,,,primary
ember:monthly:generation,CN,mix,,total,,2024-12-01,2024-12-31,893.238,TWh,,,primary
ember:monthly:generation,CN,mix,,total,,2025-01-01,2025-01-31,834.429,TWh,,,primary
ember:monthly:generation,CN,mix,,total,,2025-02-01,2025-02-28,742.565,TWh,,,primary
ember:monthly:generation,CN,mix,,total,,2025-03-01,2025-03-31,832.066,TWh,,,primary
ember:monthly:generation,CN,mix,,total,,2025-04-01,2025-04-30,774.712,TWh,,,primary
ember:monthly:generation,CN,mix,,total,,2025-05-01,2025-05-31,808.187,TWh,,,primary
ember:monthly:generation,CN,mix,,total,,2025-06-01,2025-06-30,871.675,TWh,,,primary
ember:monthly:generation,CN,mix,,total,,2025-07-01,2025-07-31,1011.611,TWh,,,primary
ember:monthly:generation,CN,mix,,total,,2025-08-01,2025-08-31,1012.635,TWh,,,primary
ember:monthly:generation,CN,mix,,total,,2025-09-01,2025-09-30,892.164,TWh,,,primary
ember:monthly:generation,CN,mix,,total,,2025-10-01,2025-10-31,856.239,TWh,,,primary
ember:monthly:generation,CN,mix,,total,,2025-11-01,2025-11-30,838.335,TWh,,,primary
ember:monthly:generation,CN,mix,,total,,2025-12-01,2025-12-31,914.61,TWh,,,primary
ember:monthly:generation,CN,mix,,total,,2026-01-01,2026-01-31,850.915,TWh,,,primary
ember:monthly:generation,CN,mix,,total,,2026-02-01,2026-02-28,812.023,TWh,,,primary
ember:monthly:generation,CN,mix,,total,,2026-03-01,2026-03-31,860.948,TWh,,,primary
ember:monthly:generation,CN,mix,,total,,2026-04-01,2026-04-30,810.311,TWh,,,primary
ember:monthly:generation,CN,mix,,total,,2026-05-01,2026-05-31,859.729,TWh,,,primary
ember:monthly:generation,CN,mix,,total,,2026-06-01,2026-06-30,908.32,TWh,,,primary
ember:monthly:generation,CN,mix,,total,,2026-07-01,2026-07-31,1025.706,TWh,,,primary
ember:monthly:generation,CN,mix,,total,,2026-08-01,2026-08-31,1021.987,TWh,,,primary
ember:monthly:generation,CN,mix,,wind,,2016-01-01,2016-01-31,16.113,TWh,,,primary
ember:monthly:generation,CN,mix,,wind,,2016-02-01,2016-02-29,17.188,TWh,,,primary
ember:monthly:generation,CN,mix,,wind,,2016-03-01,2016-03-31,21.038,TWh,,,primary
ember:monthly:generation,CN,mix,,wind,,2016-04-01,2016-04-30,23.323,TWh,,,primary
ember:monthly:generation,CN,mix,,wind,,2016-05-01,2016-05-31,24.501,TWh,,,primary
ember:monthly:generation,CN,mix,,wind,,2016-06-01,2016-06-30,18.71,TWh,,,primary
ember:monthly:generation,CN,mix,,wind,,2016-07-01,2016-07-31,17.218,TWh,,,primary
ember:monthly:generation,CN,mix,,wind,,2016-08-01,2016-08-31,15.676,TWh,,,primary
ember:monthly:generation,CN,mix,,wind,,2016-09-01,2016-09-30,15.756,TWh,,,primary
ember:monthly:generation,CN,mix,,wind,,2016-10-01,2016-10-31,22.61,TWh,,,primary
ember:monthly:generation,CN,mix,,wind,,2016-11-01,2016-11-30,24.988,TWh,,,primary
ember:monthly:generation,CN,mix,,wind,,2016-12-01,2016-12-31,23.739,TWh,,,primary
ember:monthly:generation,CN,mix,,wind,,2017-01-01,2017-01-31,22.465,TWh,,,primary
ember:monthly:generation,CN,mix,,wind,,2017-02-01,2017-02-28,22.898,TWh,,,primary
ember:monthly:generation,CN,mix,,wind,,2017-03-01,2017-03-31,25.154,TWh,,,primary
ember:monthly:generation,CN,mix,,wind,,2017-04-01,2017-04-30,29.25,TWh,,,primary
ember:monthly:generation,CN,mix,,wind,,2017-05-01,2017-05-31,29.303,TWh,,,primary
ember:monthly:generation,CN,mix,,wind,,2017-06-01,2017-06-30,22.393,TWh,,,primary
ember:monthly:generation,CN,mix,,wind,,2017-07-01,2017-07-31,20.156,TWh,,,primary
ember:monthly:generation,CN,mix,,wind,,2017-08-01,2017-08-31,20.104,TWh,,,primary
ember:monthly:generation,CN,mix,,wind,,2017-09-01,2017-09-30,22.485,TWh,,,primary
ember:monthly:generation,CN,mix,,wind,,2017-10-01,2017-10-31,26.762,TWh,,,primary
ember:monthly:generation,CN,mix,,wind,,2017-11-01,2017-11-30,32.863,TWh,,,primary
ember:monthly:generation,CN,mix,,wind,,2017-12-01,2017-12-31,30.767,TWh,,,primary
ember:monthly:generation,CN,mix,,wind,,2018-01-01,2018-01-31,29.159,TWh,,,primary
ember:monthly:generation,CN,mix,,wind,,2018-02-01,2018-02-28,29.804,TWh,,,primary
ember:monthly:generation,CN,mix,,wind,,2018-03-01,2018-03-31,32.987,TWh,,,primary
ember:monthly:generation,CN,mix,,wind,,2018-04-01,2018-04-30,38.116,TWh,,,primary
ember:monthly:generation,CN,mix,,wind,,2018-05-01,2018-05-31,34.278,TWh,,,primary
ember:monthly:generation,CN,mix,,wind,,2018-06-01,2018-06-30,27.251,TWh,,,primary
ember:monthly:generation,CN,mix,,wind,,2018-07-01,2018-07-31,27.311,TWh,,,primary
ember:monthly:generation,CN,mix,,wind,,2018-08-01,2018-08-31,21.684,TWh,,,primary
ember:monthly:generation,CN,mix,,wind,,2018-09-01,2018-09-30,26.864,TWh,,,primary
ember:monthly:generation,CN,mix,,wind,,2018-10-01,2018-10-31,28.717,TWh,,,primary
ember:monthly:generation,CN,mix,,wind,,2018-11-01,2018-11-30,30.529,TWh,,,primary
ember:monthly:generation,CN,mix,,wind,,2018-12-01,2018-12-31,39.101,TWh,,,primary
ember:monthly:generation,CN,mix,,wind,,2019-01-01,2019-01-31,32.183,TWh,,,primary
ember:monthly:generation,CN,mix,,wind,,2019-02-01,2019-02-28,32.296,TWh,,,primary
ember:monthly:generation,CN,mix,,wind,,2019-03-01,2019-03-31,39.518,TWh,,,primary
ember:monthly:generation,CN,mix,,wind,,2019-04-01,2019-04-30,38.992,TWh,,,primary
ember:monthly:generation,CN,mix,,wind,,2019-05-01,2019-05-31,40.92,TWh,,,primary
ember:monthly:generation,CN,mix,,wind,,2019-06-01,2019-06-30,30.379,TWh,,,primary
ember:monthly:generation,CN,mix,,wind,,2019-07-01,2019-07-31,24.945,TWh,,,primary
ember:monthly:generation,CN,mix,,wind,,2019-08-01,2019-08-31,25.712,TWh,,,primary
ember:monthly:generation,CN,mix,,wind,,2019-09-01,2019-09-30,26.168,TWh,,,primary
ember:monthly:generation,CN,mix,,wind,,2019-10-01,2019-10-31,33.513,TWh,,,primary
ember:monthly:generation,CN,mix,,wind,,2019-11-01,2019-11-30,39.033,TWh,,,primary
ember:monthly:generation,CN,mix,,wind,,2019-12-01,2019-12-31,41.641,TWh,,,primary
ember:monthly:generation,CN,mix,,wind,,2020-01-01,2020-01-31,32.168,TWh,,,primary
ember:monthly:generation,CN,mix,,wind,,2020-02-01,2020-02-29,33.912,TWh,,,primary
ember:monthly:generation,CN,mix,,wind,,2020-03-01,2020-03-31,48.82,TWh,,,primary
ember:monthly:generation,CN,mix,,wind,,2020-04-01,2020-04-30,41.789,TWh,,,primary
ember:monthly:generation,CN,mix,,wind,,2020-05-01,2020-05-31,45.145,TWh,,,primary
ember:monthly:generation,CN,mix,,wind,,2020-06-01,2020-06-30,36.565,TWh,,,primary
ember:monthly:generation,CN,mix,,wind,,2020-07-01,2020-07-31,31.723,TWh,,,primary
ember:monthly:generation,CN,mix,,wind,,2020-08-01,2020-08-31,31.476,TWh,,,primary
ember:monthly:generation,CN,mix,,wind,,2020-09-01,2020-09-30,30.101,TWh,,,primary
ember:monthly:generation,CN,mix,,wind,,2020-10-01,2020-10-31,40.895,TWh,,,primary
ember:monthly:generation,CN,mix,,wind,,2020-11-01,2020-11-30,44.742,TWh,,,primary
ember:monthly:generation,CN,mix,,wind,,2020-12-01,2020-12-31,49.163,TWh,,,primary
ember:monthly:generation,CN,mix,,wind,,2021-01-01,2021-01-31,55.295,TWh,,,primary
ember:monthly:generation,CN,mix,,wind,,2021-02-01,2021-02-28,59.132,TWh,,,primary
ember:monthly:generation,CN,mix,,wind,,2021-03-01,2021-03-31,60.125,TWh,,,primary
ember:monthly:generation,CN,mix,,wind,,2021-04-01,2021-04-30,59.398,TWh,,,primary
ember:monthly:generation,CN,mix,,wind,,2021-05-01,2021-05-31,64.035,TWh,,,primary
ember:monthly:generation,CN,mix,,wind,,2021-06-01,2021-06-30,47.884,TWh,,,primary
ember:monthly:generation,CN,mix,,wind,,2021-07-01,2021-07-31,46.199,TWh,,,primary
ember:monthly:generation,CN,mix,,wind,,2021-08-01,2021-08-31,38.776,TWh,,,primary
ember:monthly:generation,CN,mix,,wind,,2021-09-01,2021-09-30,40.859,TWh,,,primary
ember:monthly:generation,CN,mix,,wind,,2021-10-01,2021-10-31,55.83,TWh,,,primary
ember:monthly:generation,CN,mix,,wind,,2021-11-01,2021-11-30,61.544,TWh,,,primary
ember:monthly:generation,CN,mix,,wind,,2021-12-01,2021-12-31,66.724,TWh,,,primary
ember:monthly:generation,CN,mix,,wind,,2022-01-01,2022-01-31,51.854,TWh,,,primary
ember:monthly:generation,CN,mix,,wind,,2022-02-01,2022-02-28,54.373,TWh,,,primary
ember:monthly:generation,CN,mix,,wind,,2022-03-01,2022-03-31,77.066,TWh,,,primary
ember:monthly:generation,CN,mix,,wind,,2022-04-01,2022-04-30,75.652,TWh,,,primary
ember:monthly:generation,CN,mix,,wind,,2022-05-01,2022-05-31,71.874,TWh,,,primary
ember:monthly:generation,CN,mix,,wind,,2022-06-01,2022-06-30,61.766,TWh,,,primary
ember:monthly:generation,CN,mix,,wind,,2022-07-01,2022-07-31,50.472,TWh,,,primary
ember:monthly:generation,CN,mix,,wind,,2022-08-01,2022-08-31,49.893,TWh,,,primary
ember:monthly:generation,CN,mix,,wind,,2022-09-01,2022-09-30,51.13,TWh,,,primary
ember:monthly:generation,CN,mix,,wind,,2022-10-01,2022-10-31,68.345,TWh,,,primary
ember:monthly:generation,CN,mix,,wind,,2022-11-01,2022-11-30,68.416,TWh,,,primary
ember:monthly:generation,CN,mix,,wind,,2022-12-01,2022-12-31,81.831,TWh,,,primary
ember:monthly:generation,CN,mix,,wind,,2023-01-01,2023-01-31,74.498,TWh,,,primary
ember:monthly:generation,CN,mix,,wind,,2023-02-01,2023-02-28,73.994,TWh,,,primary
ember:monthly:generation,CN,mix,,wind,,2023-03-01,2023-03-31,80.208,TWh,,,primary
ember:monthly:generation,CN,mix,,wind,,2023-04-01,2023-04-30,91.448,TWh,,,primary
ember:monthly:generation,CN,mix,,wind,,2023-05-01,2023-05-31,82.27,TWh,,,primary
ember:monthly:generation,CN,mix,,wind,,2023-06-01,2023-06-30,60.382,TWh,,,primary
ember:monthly:generation,CN,mix,,wind,,2023-07-01,2023-07-31,65.434,TWh,,,primary
ember:monthly:generation,CN,mix,,wind,,2023-08-01,2023-08-31,47.518,TWh,,,primary
ember:monthly:generation,CN,mix,,wind,,2023-09-01,2023-09-30,54.748,TWh,,,primary
ember:monthly:generation,CN,mix,,wind,,2023-10-01,2023-10-31,65.054,TWh,,,primary
ember:monthly:generation,CN,mix,,wind,,2023-11-01,2023-11-30,95.001,TWh,,,primary
ember:monthly:generation,CN,mix,,wind,,2023-12-01,2023-12-31,95.315,TWh,,,primary
ember:monthly:generation,CN,mix,,wind,,2024-01-01,2024-01-31,83.009,TWh,,,primary
ember:monthly:generation,CN,mix,,wind,,2024-02-01,2024-02-29,83.785,TWh,,,primary
ember:monthly:generation,CN,mix,,wind,,2024-03-01,2024-03-31,98.252,TWh,,,primary
ember:monthly:generation,CN,mix,,wind,,2024-04-01,2024-04-30,88.125,TWh,,,primary
ember:monthly:generation,CN,mix,,wind,,2024-05-01,2024-05-31,84.751,TWh,,,primary
ember:monthly:generation,CN,mix,,wind,,2024-06-01,2024-06-30,73.669,TWh,,,primary
ember:monthly:generation,CN,mix,,wind,,2024-07-01,2024-07-31,72.74,TWh,,,primary
ember:monthly:generation,CN,mix,,wind,,2024-08-01,2024-08-31,55.65,TWh,,,primary
ember:monthly:generation,CN,mix,,wind,,2024-09-01,2024-09-30,76.126,TWh,,,primary
ember:monthly:generation,CN,mix,,wind,,2024-10-01,2024-10-31,88.313,TWh,,,primary
ember:monthly:generation,CN,mix,,wind,,2024-11-01,2024-11-30,91.353,TWh,,,primary
ember:monthly:generation,CN,mix,,wind,,2024-12-01,2024-12-31,101.266,TWh,,,primary
ember:monthly:generation,CN,mix,,wind,,2025-01-01,2025-01-31,93.789,TWh,,,primary
ember:monthly:generation,CN,mix,,wind,,2025-02-01,2025-02-28,97.156,TWh,,,primary
ember:monthly:generation,CN,mix,,wind,,2025-03-01,2025-03-31,112.655,TWh,,,primary
ember:monthly:generation,CN,mix,,wind,,2025-04-01,2025-04-30,105.126,TWh,,,primary
ember:monthly:generation,CN,mix,,wind,,2025-05-01,2025-05-31,99.14,TWh,,,primary
ember:monthly:generation,CN,mix,,wind,,2025-06-01,2025-06-30,80.134,TWh,,,primary
ember:monthly:generation,CN,mix,,wind,,2025-07-01,2025-07-31,81.24,TWh,,,primary
ember:monthly:generation,CN,mix,,wind,,2025-08-01,2025-08-31,70.289,TWh,,,primary
ember:monthly:generation,CN,mix,,wind,,2025-09-01,2025-09-30,74.171,TWh,,,primary
ember:monthly:generation,CN,mix,,wind,,2025-10-01,2025-10-31,81.81,TWh,,,primary
ember:monthly:generation,CN,mix,,wind,,2025-11-01,2025-11-30,117.025,TWh,,,primary
ember:monthly:generation,CN,mix,,wind,,2025-12-01,2025-12-31,115.385,TWh,,,primary
ember:monthly:generation,CN,mix,,wind,,2026-01-01,2026-01-31,106.199,TWh,,,primary
ember:monthly:generation,CN,mix,,wind,,2026-02-01,2026-02-28,100.563,TWh,,,primary
ember:monthly:generation,CN,mix,,wind,,2026-03-01,2026-03-31,97.939,TWh,,,primary
ember:monthly:generation,CN,mix,,wind,,2026-04-01,2026-04-30,106.18,TWh,,,primary
ember:monthly:generation,CN,mix,,wind,,2026-05-01,2026-05-31,106.56,TWh,,,primary
ember:monthly:generation,CN,mix,,wind,,2026-06-01,2026-06-30,80.96,TWh,,,primary
ember:monthly:generation,CN,mix,,wind,,2026-07-01,2026-07-31,90.655,TWh,,,primary
ember:monthly:generation,CN,mix,,wind,,2026-08-01,2026-08-31,80.995,TWh,,,primary
ember:monthly:generation,EU,mix,,bioenergy,,2016-01-01,2016-01-31,10.091,TWh,,,primary
ember:monthly:generation,EU,mix,,bioenergy,,2016-02-01,2016-02-29,9.352,TWh,,,primary
ember:monthly:generation,EU,mix,,bioenergy,,2016-03-01,2016-03-31,9.791,TWh,,,primary
ember:monthly:generation,EU,mix,,bioenergy,,2016-04-01,2016-04-30,8.71,TWh,,,primary
ember:monthly:generation,EU,mix,,bioenergy,,2016-05-01,2016-05-31,8.522,TWh,,,primary
ember:monthly:generation,EU,mix,,bioenergy,,2016-06-01,2016-06-30,7.956,TWh,,,primary
ember:monthly:generation,EU,mix,,bioenergy,,2016-07-01,2016-07-31,8.292,TWh,,,primary
ember:monthly:generation,EU,mix,,bioenergy,,2016-08-01,2016-08-31,8.291,TWh,,,primary
ember:monthly:generation,EU,mix,,bioenergy,,2016-09-01,2016-09-30,7.868,TWh,,,primary
ember:monthly:generation,EU,mix,,bioenergy,,2016-10-01,2016-10-31,8.984,TWh,,,primary
ember:monthly:generation,EU,mix,,bioenergy,,2016-11-01,2016-11-30,9.346,TWh,,,primary
ember:monthly:generation,EU,mix,,bioenergy,,2016-12-01,2016-12-31,9.943,TWh,,,primary
ember:monthly:generation,EU,mix,,bioenergy,,2017-01-01,2017-01-31,10.596,TWh,,,primary
ember:monthly:generation,EU,mix,,bioenergy,,2017-02-01,2017-02-28,9.68,TWh,,,primary
ember:monthly:generation,EU,mix,,bioenergy,,2017-03-01,2017-03-31,10.259,TWh,,,primary
ember:monthly:generation,EU,mix,,bioenergy,,2017-04-01,2017-04-30,9.494,TWh,,,primary
ember:monthly:generation,EU,mix,,bioenergy,,2017-05-01,2017-05-31,8.931,TWh,,,primary
ember:monthly:generation,EU,mix,,bioenergy,,2017-06-01,2017-06-30,8.249,TWh,,,primary
ember:monthly:generation,EU,mix,,bioenergy,,2017-07-01,2017-07-31,8.24,TWh,,,primary
ember:monthly:generation,EU,mix,,bioenergy,,2017-08-01,2017-08-31,8.35,TWh,,,primary
ember:monthly:generation,EU,mix,,bioenergy,,2017-09-01,2017-09-30,8.343,TWh,,,primary
ember:monthly:generation,EU,mix,,bioenergy,,2017-10-01,2017-10-31,9.236,TWh,,,primary
ember:monthly:generation,EU,mix,,bioenergy,,2017-11-01,2017-11-30,9.808,TWh,,,primary
ember:monthly:generation,EU,mix,,bioenergy,,2017-12-01,2017-12-31,10.243,TWh,,,primary
ember:monthly:generation,EU,mix,,bioenergy,,2018-01-01,2018-01-31,10.45,TWh,,,primary
ember:monthly:generation,EU,mix,,bioenergy,,2018-02-01,2018-02-28,10.099,TWh,,,primary
ember:monthly:generation,EU,mix,,bioenergy,,2018-03-01,2018-03-31,10.424,TWh,,,primary
ember:monthly:generation,EU,mix,,bioenergy,,2018-04-01,2018-04-30,9.317,TWh,,,primary
ember:monthly:generation,EU,mix,,bioenergy,,2018-05-01,2018-05-31,8.761,TWh,,,primary
ember:monthly:generation,EU,mix,,bioenergy,,2018-06-01,2018-06-30,8.166,TWh,,,primary
ember:monthly:generation,EU,mix,,bioenergy,,2018-07-01,2018-07-31,8.361,TWh,,,primary
ember:monthly:generation,EU,mix,,bioenergy,,2018-08-01,2018-08-31,8.548,TWh,,,primary
ember:monthly:generation,EU,mix,,bioenergy,,2018-09-01,2018-09-30,8.598,TWh,,,primary
ember:monthly:generation,EU,mix,,bioenergy,,2018-10-01,2018-10-31,9.57,TWh,,,primary
ember:monthly:generation,EU,mix,,bioenergy,,2018-11-01,2018-11-30,10.107,TWh,,,primary
ember:monthly:generation,EU,mix,,bioenergy,,2018-12-01,2018-12-31,10.828,TWh,,,primary
ember:monthly:generation,EU,mix,,bioenergy,,2019-01-01,2019-01-31,11.249,TWh,,,primary
ember:monthly:generation,EU,mix,,bioenergy,,2019-02-01,2019-02-28,9.757,TWh,,,primary
ember:monthly:generation,EU,mix,,bioenergy,,2019-03-01,2019-03-31,10.504,TWh,,,primary
ember:monthly:generation,EU,mix,,bioenergy,,2019-04-01,2019-04-30,9.372,TWh,,,primary
ember:monthly:generation,EU,mix,,bioenergy,,2019-05-01,2019-05-31,8.938,TWh,,,primary
ember:monthly:generation,EU,mix,,bioenergy,,2019-06-01,2019-06-30,8.257,TWh,,,primary
ember:monthly:generation,EU,mix,,bioenergy,,2019-07-01,2019-07-31,8.548,TWh,,,primary
ember:monthly:generation,EU,mix,,bioenergy,,2019-08-01,2019-08-31,8.641,TWh,,,primary
ember:monthly:generation,EU,mix,,bioenergy,,2019-09-01,2019-09-30,8.185,TWh,,,primary
ember:monthly:generation,EU,mix,,bioenergy,,2019-10-01,2019-10-31,9.623,TWh,,,primary
ember:monthly:generation,EU,mix,,bioenergy,,2019-11-01,2019-11-30,10.235,TWh,,,primary
ember:monthly:generation,EU,mix,,bioenergy,,2019-12-01,2019-12-31,10.834,TWh,,,primary
ember:monthly:generation,EU,mix,,bioenergy,,2020-01-01,2020-01-31,10.56,TWh,,,primary
ember:monthly:generation,EU,mix,,bioenergy,,2020-02-01,2020-02-29,9.465,TWh,,,primary
ember:monthly:generation,EU,mix,,bioenergy,,2020-03-01,2020-03-31,10.306,TWh,,,primary
ember:monthly:generation,EU,mix,,bioenergy,,2020-04-01,2020-04-30,9.34,TWh,,,primary
ember:monthly:generation,EU,mix,,bioenergy,,2020-05-01,2020-05-31,9.42,TWh,,,primary
ember:monthly:generation,EU,mix,,bioenergy,,2020-06-01,2020-06-30,8.597,TWh,,,primary
ember:monthly:generation,EU,mix,,bioenergy,,2020-07-01,2020-07-31,8.635,TWh,,,primary
ember:monthly:generation,EU,mix,,bioenergy,,2020-08-01,2020-08-31,8.851,TWh,,,primary
ember:monthly:generation,EU,mix,,bioenergy,,2020-09-01,2020-09-30,8.903,TWh,,,primary
ember:monthly:generation,EU,mix,,bioenergy,,2020-10-01,2020-10-31,9.548,TWh,,,primary
ember:monthly:generation,EU,mix,,bioenergy,,2020-11-01,2020-11-30,9.832,TWh,,,primary
ember:monthly:generation,EU,mix,,bioenergy,,2020-12-01,2020-12-31,10.784,TWh,,,primary
ember:monthly:generation,EU,mix,,bioenergy,,2021-01-01,2021-01-31,11.602,TWh,,,primary
ember:monthly:generation,EU,mix,,bioenergy,,2021-02-01,2021-02-28,10.321,TWh,,,primary
ember:monthly:generation,EU,mix,,bioenergy,,2021-03-01,2021-03-31,10.909,TWh,,,primary
ember:monthly:generation,EU,mix,,bioenergy,,2021-04-01,2021-04-30,10.402,TWh,,,primary
ember:monthly:generation,EU,mix,,bioenergy,,2021-05-01,2021-05-31,10.052,TWh,,,primary
ember:monthly:generation,EU,mix,,bioenergy,,2021-06-01,2021-06-30,8.662,TWh,,,primary
ember:monthly:generation,EU,mix,,bioenergy,,2021-07-01,2021-07-31,9.096,TWh,,,primary
ember:monthly:generation,EU,mix,,bioenergy,,2021-08-01,2021-08-31,9.552,TWh,,,primary
ember:monthly:generation,EU,mix,,bioenergy,,2021-09-01,2021-09-30,9.551,TWh,,,primary
ember:monthly:generation,EU,mix,,bioenergy,,2021-10-01,2021-10-31,10.292,TWh,,,primary
ember:monthly:generation,EU,mix,,bioenergy,,2021-11-01,2021-11-30,10.853,TWh,,,primary
ember:monthly:generation,EU,mix,,bioenergy,,2021-12-01,2021-12-31,11.899,TWh,,,primary
ember:monthly:generation,EU,mix,,bioenergy,,2022-01-01,2022-01-31,11.339,TWh,,,primary
ember:monthly:generation,EU,mix,,bioenergy,,2022-02-01,2022-02-28,10.111,TWh,,,primary
ember:monthly:generation,EU,mix,,bioenergy,,2022-03-01,2022-03-31,11.353,TWh,,,primary
ember:monthly:generation,EU,mix,,bioenergy,,2022-04-01,2022-04-30,10.12,TWh,,,primary
ember:monthly:generation,EU,mix,,bioenergy,,2022-05-01,2022-05-31,9.681,TWh,,,primary
ember:monthly:generation,EU,mix,,bioenergy,,2022-06-01,2022-06-30,9.174,TWh,,,primary
ember:monthly:generation,EU,mix,,bioenergy,,2022-07-01,2022-07-31,9.21,TWh,,,primary
ember:monthly:generation,EU,mix,,bioenergy,,2022-08-01,2022-08-31,9.205,TWh,,,primary
ember:monthly:generation,EU,mix,,bioenergy,,2022-09-01,2022-09-30,9.292,TWh,,,primary
ember:monthly:generation,EU,mix,,bioenergy,,2022-10-01,2022-10-31,9.359,TWh,,,primary
ember:monthly:generation,EU,mix,,bioenergy,,2022-11-01,2022-11-30,10.246,TWh,,,primary
ember:monthly:generation,EU,mix,,bioenergy,,2022-12-01,2022-12-31,11.363,TWh,,,primary
ember:monthly:generation,EU,mix,,bioenergy,,2023-01-01,2023-01-31,10.529,TWh,,,primary
ember:monthly:generation,EU,mix,,bioenergy,,2023-02-01,2023-02-28,9.754,TWh,,,primary
ember:monthly:generation,EU,mix,,bioenergy,,2023-03-01,2023-03-31,10.234,TWh,,,primary
ember:monthly:generation,EU,mix,,bioenergy,,2023-04-01,2023-04-30,9.113,TWh,,,primary
ember:monthly:generation,EU,mix,,bioenergy,,2023-05-01,2023-05-31,8.389,TWh,,,primary
ember:monthly:generation,EU,mix,,bioenergy,,2023-06-01,2023-06-30,7.34,TWh,,,primary
ember:monthly:generation,EU,mix,,bioenergy,,2023-07-01,2023-07-31,7.586,TWh,,,primary
ember:monthly:generation,EU,mix,,bioenergy,,2023-08-01,2023-08-31,7.932,TWh,,,primary
ember:monthly:generation,EU,mix,,bioenergy,,2023-09-01,2023-09-30,7.807,TWh,,,primary
ember:monthly:generation,EU,mix,,bioenergy,,2023-10-01,2023-10-31,8.282,TWh,,,primary
ember:monthly:generation,EU,mix,,bioenergy,,2023-11-01,2023-11-30,9.113,TWh,,,primary
ember:monthly:generation,EU,mix,,bioenergy,,2023-12-01,2023-12-31,9.742,TWh,,,primary
ember:monthly:generation,EU,mix,,bioenergy,,2024-01-01,2024-01-31,9.978,TWh,,,primary
ember:monthly:generation,EU,mix,,bioenergy,,2024-02-01,2024-02-29,9.332,TWh,,,primary
ember:monthly:generation,EU,mix,,bioenergy,,2024-03-01,2024-03-31,10.043,TWh,,,primary
ember:monthly:generation,EU,mix,,bioenergy,,2024-04-01,2024-04-30,8.668,TWh,,,primary
ember:monthly:generation,EU,mix,,bioenergy,,2024-05-01,2024-05-31,8.522,TWh,,,primary
ember:monthly:generation,EU,mix,,bioenergy,,2024-06-01,2024-06-30,7.693,TWh,,,primary
ember:monthly:generation,EU,mix,,bioenergy,,2024-07-01,2024-07-31,7.669,TWh,,,primary
ember:monthly:generation,EU,mix,,bioenergy,,2024-08-01,2024-08-31,7.566,TWh,,,primary
ember:monthly:generation,EU,mix,,bioenergy,,2024-09-01,2024-09-30,7.609,TWh,,,primary
ember:monthly:generation,EU,mix,,bioenergy,,2024-10-01,2024-10-31,8.429,TWh,,,primary
ember:monthly:generation,EU,mix,,bioenergy,,2024-11-01,2024-11-30,9.319,TWh,,,primary
ember:monthly:generation,EU,mix,,bioenergy,,2024-12-01,2024-12-31,9.861,TWh,,,primary
ember:monthly:generation,EU,mix,,bioenergy,,2025-01-01,2025-01-31,10.118,TWh,,,primary
ember:monthly:generation,EU,mix,,bioenergy,,2025-02-01,2025-02-28,9.436,TWh,,,primary
ember:monthly:generation,EU,mix,,bioenergy,,2025-03-01,2025-03-31,9.813,TWh,,,primary
ember:monthly:generation,EU,mix,,bioenergy,,2025-04-01,2025-04-30,8.875,TWh,,,primary
ember:monthly:generation,EU,mix,,bioenergy,,2025-05-01,2025-05-31,8.247,TWh,,,primary
ember:monthly:generation,EU,mix,,bioenergy,,2025-06-01,2025-06-30,7.389,TWh,,,primary
ember:monthly:generation,EU,mix,,bioenergy,,2025-07-01,2025-07-31,7.444,TWh,,,primary
ember:monthly:generation,EU,mix,,bioenergy,,2025-08-01,2025-08-31,7.781,TWh,,,primary
ember:monthly:generation,EU,mix,,bioenergy,,2025-09-01,2025-09-30,7.778,TWh,,,primary
ember:monthly:generation,EU,mix,,bioenergy,,2025-10-01,2025-10-31,8.766,TWh,,,primary
ember:monthly:generation,EU,mix,,bioenergy,,2025-11-01,2025-11-30,9.566,TWh,,,primary
ember:monthly:generation,EU,mix,,bioenergy,,2025-12-01,2025-12-31,9.947,TWh,,,primary
ember:monthly:generation,EU,mix,,bioenergy,,2026-01-01,2026-01-31,10.747,TWh,,,primary
ember:monthly:generation,EU,mix,,bioenergy,,2026-02-01,2026-02-28,9.986,TWh,,,primary
ember:monthly:generation,EU,mix,,bioenergy,,2026-03-01,2026-03-31,9.618,TWh,,,primary
ember:monthly:generation,EU,mix,,bioenergy,,2026-04-01,2026-04-30,8.919,TWh,,,primary
ember:monthly:generation,EU,mix,,bioenergy,,2026-05-01,2026-05-31,8.69,TWh,,,primary
ember:monthly:generation,EU,mix,,bioenergy,,2026-06-01,2026-06-30,7.711,TWh,,,primary
ember:monthly:generation,EU,mix,,bioenergy,,2026-07-01,2026-07-31,8.249,TWh,,,primary
ember:monthly:generation,EU,mix,,bioenergy,,2026-08-01,2026-08-31,8.446,TWh,,,primary
ember:monthly:generation,EU,mix,,coal,,2016-01-01,2016-01-31,56.938,TWh,,,primary
ember:monthly:generation,EU,mix,,coal,,2016-02-01,2016-02-29,47.07,TWh,,,primary
ember:monthly:generation,EU,mix,,coal,,2016-03-01,2016-03-31,50.578,TWh,,,primary
ember:monthly:generation,EU,mix,,coal,,2016-04-01,2016-04-30,43.997,TWh,,,primary
ember:monthly:generation,EU,mix,,coal,,2016-05-01,2016-05-31,40.72,TWh,,,primary
ember:monthly:generation,EU,mix,,coal,,2016-06-01,2016-06-30,44.495,TWh,,,primary
ember:monthly:generation,EU,mix,,coal,,2016-07-01,2016-07-31,47.319,TWh,,,primary
ember:monthly:generation,EU,mix,,coal,,2016-08-01,2016-08-31,45.202,TWh,,,primary
ember:monthly:generation,EU,mix,,coal,,2016-09-01,2016-09-30,50.797,TWh,,,primary
ember:monthly:generation,EU,mix,,coal,,2016-10-01,2016-10-31,56.012,TWh,,,primary
ember:monthly:generation,EU,mix,,coal,,2016-11-01,2016-11-30,57.04,TWh,,,primary
ember:monthly:generation,EU,mix,,coal,,2016-12-01,2016-12-31,58.29,TWh,,,primary
ember:monthly:generation,EU,mix,,coal,,2017-01-01,2017-01-31,64.078,TWh,,,primary
ember:monthly:generation,EU,mix,,coal,,2017-02-01,2017-02-28,52.147,TWh,,,primary
ember:monthly:generation,EU,mix,,coal,,2017-03-01,2017-03-31,48.251,TWh,,,primary
ember:monthly:generation,EU,mix,,coal,,2017-04-01,2017-04-30,43.758,TWh,,,primary
ember:monthly:generation,EU,mix,,coal,,2017-05-01,2017-05-31,46.379,TWh,,,primary
ember:monthly:generation,EU,mix,,coal,,2017-06-01,2017-06-30,42.843,TWh,,,primary
ember:monthly:generation,EU,mix,,coal,,2017-07-01,2017-07-31,46.863,TWh,,,primary
ember:monthly:generation,EU,mix,,coal,,2017-08-01,2017-08-31,45.294,TWh,,,primary
ember:monthly:generation,EU,mix,,coal,,2017-09-01,2017-09-30,46.599,TWh,,,primary
ember:monthly:generation,EU,mix,,coal,,2017-10-01,2017-10-31,48.607,TWh,,,primary
ember:monthly:generation,EU,mix,,coal,,2017-11-01,2017-11-30,54.558,TWh,,,primary
ember:monthly:generation,EU,mix,,coal,,2017-12-01,2017-12-31,49.467,TWh,,,primary
ember:monthly:generation,EU,mix,,coal,,2018-01-01,2018-01-31,49.002,TWh,,,primary
ember:monthly:generation,EU,mix,,coal,,2018-02-01,2018-02-28,53.164,TWh,,,primary
ember:monthly:generation,EU,mix,,coal,,2018-03-01,2018-03-31,50.962,TWh,,,primary
ember:monthly:generation,EU,mix,,coal,,2018-04-01,2018-04-30,37.581,TWh,,,primary
ember:monthly:generation,EU,mix,,coal,,2018-05-01,2018-05-31,39.201,TWh,,,primary
ember:monthly:generation,EU,mix,,coal,,2018-06-01,2018-06-30,40.993,TWh,,,primary
ember:monthly:generation,EU,mix,,coal,,2018-07-01,2018-07-31,48.53,TWh,,,primary
ember:monthly:generation,EU,mix,,coal,,2018-08-01,2018-08-31,46.524,TWh,,,primary
ember:monthly:generation,EU,mix,,coal,,2018-09-01,2018-09-30,46.56,TWh,,,primary
ember:monthly:generation,EU,mix,,coal,,2018-10-01,2018-10-31,48.944,TWh,,,primary
ember:monthly:generation,EU,mix,,coal,,2018-11-01,2018-11-30,50.878,TWh,,,primary
ember:monthly:generation,EU,mix,,coal,,2018-12-01,2018-12-31,47.354,TWh,,,primary
ember:monthly:generation,EU,mix,,coal,,2019-01-01,2019-01-31,51.37,TWh,,,primary
ember:monthly:generation,EU,mix,,coal,,2019-02-01,2019-02-28,42.345,TWh,,,primary
ember:monthly:generation,EU,mix,,coal,,2019-03-01,2019-03-31,35.353,TWh,,,primary
ember:monthly:generation,EU,mix,,coal,,2019-04-01,2019-04-30,34.123,TWh,,,primary
ember:monthly:generation,EU,mix,,coal,,2019-05-01,2019-05-31,32.248,TWh,,,primary
ember:monthly:generation,EU,mix,,coal,,2019-06-01,2019-06-30,28.399,TWh,,,primary
ember:monthly:generation,EU,mix,,coal,,2019-07-01,2019-07-31,31.963,TWh,,,primary
ember:monthly:generation,EU,mix,,coal,,2019-08-01,2019-08-31,29.724,TWh,,,primary
ember:monthly:generation,EU,mix,,coal,,2019-09-01,2019-09-30,29.443,TWh,,,primary
ember:monthly:generation,EU,mix,,coal,,2019-10-01,2019-10-31,35.048,TWh,,,primary
ember:monthly:generation,EU,mix,,coal,,2019-11-01,2019-11-30,39.837,TWh,,,primary
ember:monthly:generation,EU,mix,,coal,,2019-12-01,2019-12-31,34.501,TWh,,,primary
ember:monthly:generation,EU,mix,,coal,,2020-01-01,2020-01-31,35.455,TWh,,,primary
ember:monthly:generation,EU,mix,,coal,,2020-02-01,2020-02-29,27.115,TWh,,,primary
ember:monthly:generation,EU,mix,,coal,,2020-03-01,2020-03-31,27.725,TWh,,,primary
ember:monthly:generation,EU,mix,,coal,,2020-04-01,2020-04-30,19.824,TWh,,,primary
ember:monthly:generation,EU,mix,,coal,,2020-05-01,2020-05-31,19.549,TWh,,,primary
ember:monthly:generation,EU,mix,,coal,,2020-06-01,2020-06-30,21.807,TWh,,,primary
ember:monthly:generation,EU,mix,,coal,,2020-07-01,2020-07-31,23.748,TWh,,,primary
ember:monthly:generation,EU,mix,,coal,,2020-08-01,2020-08-31,26.637,TWh,,,primary
ember:monthly:generation,EU,mix,,coal,,2020-09-01,2020-09-30,30.572,TWh,,,primary
ember:monthly:generation,EU,mix,,coal,,2020-10-01,2020-10-31,32.271,TWh,,,primary
ember:monthly:generation,EU,mix,,coal,,2020-11-01,2020-11-30,35.719,TWh,,,primary
ember:monthly:generation,EU,mix,,coal,,2020-12-01,2020-12-31,35.152,TWh,,,primary
ember:monthly:generation,EU,mix,,coal,,2021-01-01,2021-01-31,39.983,TWh,,,primary
ember:monthly:generation,EU,mix,,coal,,2021-02-01,2021-02-28,31.126,TWh,,,primary
ember:monthly:generation,EU,mix,,coal,,2021-03-01,2021-03-31,31.609,TWh,,,primary
ember:monthly:generation,EU,mix,,coal,,2021-04-01,2021-04-30,28.566,TWh,,,primary
ember:monthly:generation,EU,mix,,coal,,2021-05-01,2021-05-31,23.254,TWh,,,primary
ember:monthly:generation,EU,mix,,coal,,2021-06-01,2021-06-30,26.988,TWh,,,primary
ember:monthly:generation,EU,mix,,coal,,2021-07-01,2021-07-31,30.097,TWh,,,primary
ember:monthly:generation,EU,mix,,coal,,2021-08-01,2021-08-31,30.059,TWh,,,primary
ember:monthly:generation,EU,mix,,coal,,2021-09-01,2021-09-30,36.915,TWh,,,primary
ember:monthly:generation,EU,mix,,coal,,2021-10-01,2021-10-31,36.795,TWh,,,primary
ember:monthly:generation,EU,mix,,coal,,2021-11-01,2021-11-30,40.698,TWh,,,primary
ember:monthly:generation,EU,mix,,coal,,2021-12-01,2021-12-31,42.645,TWh,,,primary
ember:monthly:generation,EU,mix,,coal,,2022-01-01,2022-01-31,40.118,TWh,,,primary
ember:monthly:generation,EU,mix,,coal,,2022-02-01,2022-02-28,31.853,TWh,,,primary
ember:monthly:generation,EU,mix,,coal,,2022-03-01,2022-03-31,42.473,TWh,,,primary
ember:monthly:generation,EU,mix,,coal,,2022-04-01,2022-04-30,32.084,TWh,,,primary
ember:monthly:generation,EU,mix,,coal,,2022-05-01,2022-05-31,29.865,TWh,,,primary
ember:monthly:generation,EU,mix,,coal,,2022-06-01,2022-06-30,31.911,TWh,,,primary
ember:monthly:generation,EU,mix,,coal,,2022-07-01,2022-07-31,33.811,TWh,,,primary
ember:monthly:generation,EU,mix,,coal,,2022-08-01,2022-08-31,35.742,TWh,,,primary
ember:monthly:generation,EU,mix,,coal,,2022-09-01,2022-09-30,35.757,TWh,,,primary
ember:monthly:generation,EU,mix,,coal,,2022-10-01,2022-10-31,31.7,TWh,,,primary
ember:monthly:generation,EU,mix,,coal,,2022-11-01,2022-11-30,36.819,TWh,,,primary
ember:monthly:generation,EU,mix,,coal,,2022-12-01,2022-12-31,41.707,TWh,,,primary
ember:monthly:generation,EU,mix,,coal,,2023-01-01,2023-01-31,35.201,TWh,,,primary
ember:monthly:generation,EU,mix,,coal,,2023-02-01,2023-02-28,33.5,TWh,,,primary
ember:monthly:generation,EU,mix,,coal,,2023-03-01,2023-03-31,29.676,TWh,,,primary
ember:monthly:generation,EU,mix,,coal,,2023-04-01,2023-04-30,23.773,TWh,,,primary
ember:monthly:generation,EU,mix,,coal,,2023-05-01,2023-05-31,18.656,TWh,,,primary
ember:monthly:generation,EU,mix,,coal,,2023-06-01,2023-06-30,18.938,TWh,,,primary
ember:monthly:generation,EU,mix,,coal,,2023-07-01,2023-07-31,18.911,TWh,,,primary
ember:monthly:generation,EU,mix,,coal,,2023-08-01,2023-08-31,21.136,TWh,,,primary
ember:monthly:generation,EU,mix,,coal,,2023-09-01,2023-09-30,23.093,TWh,,,primary
ember:monthly:generation,EU,mix,,coal,,2023-10-01,2023-10-31,25.013,TWh,,,primary
ember:monthly:generation,EU,mix,,coal,,2023-11-01,2023-11-30,27.673,TWh,,,primary
ember:monthly:generation,EU,mix,,coal,,2023-12-01,2023-12-31,27.458,TWh,,,primary
ember:monthly:generation,EU,mix,,coal,,2024-01-01,2024-01-31,27.148,TWh,,,primary
ember:monthly:generation,EU,mix,,coal,,2024-02-01,2024-02-29,22.483,TWh,,,primary
ember:monthly:generation,EU,mix,,coal,,2024-03-01,2024-03-31,22.517,TWh,,,primary
ember:monthly:generation,EU,mix,,coal,,2024-04-01,2024-04-30,17.156,TWh,,,primary
ember:monthly:generation,EU,mix,,coal,,2024-05-01,2024-05-31,16.223,TWh,,,primary
ember:monthly:generation,EU,mix,,coal,,2024-06-01,2024-06-30,17.226,TWh,,,primary
ember:monthly:generation,EU,mix,,coal,,2024-07-01,2024-07-31,18.092,TWh,,,primary
ember:monthly:generation,EU,mix,,coal,,2024-08-01,2024-08-31,18.727,TWh,,,primary
ember:monthly:generation,EU,mix,,coal,,2024-09-01,2024-09-30,18.695,TWh,,,primary
ember:monthly:generation,EU,mix,,coal,,2024-10-01,2024-10-31,23.551,TWh,,,primary
ember:monthly:generation,EU,mix,,coal,,2024-11-01,2024-11-30,27.902,TWh,,,primary
ember:monthly:generation,EU,mix,,coal,,2024-12-01,2024-12-31,26.462,TWh,,,primary
ember:monthly:generation,EU,mix,,coal,,2025-01-01,2025-01-31,28.514,TWh,,,primary
ember:monthly:generation,EU,mix,,coal,,2025-02-01,2025-02-28,29.164,TWh,,,primary
ember:monthly:generation,EU,mix,,coal,,2025-03-01,2025-03-31,24.642,TWh,,,primary
ember:monthly:generation,EU,mix,,coal,,2025-04-01,2025-04-30,18.29,TWh,,,primary
ember:monthly:generation,EU,mix,,coal,,2025-05-01,2025-05-31,13.513,TWh,,,primary
ember:monthly:generation,EU,mix,,coal,,2025-06-01,2025-06-30,12.443,TWh,,,primary
ember:monthly:generation,EU,mix,,coal,,2025-07-01,2025-07-31,17.999,TWh,,,primary
ember:monthly:generation,EU,mix,,coal,,2025-08-01,2025-08-31,14.983,TWh,,,primary
ember:monthly:generation,EU,mix,,coal,,2025-09-01,2025-09-30,16.052,TWh,,,primary
ember:monthly:generation,EU,mix,,coal,,2025-10-01,2025-10-31,20.068,TWh,,,primary
ember:monthly:generation,EU,mix,,coal,,2025-11-01,2025-11-30,24.414,TWh,,,primary
ember:monthly:generation,EU,mix,,coal,,2025-12-01,2025-12-31,22.469,TWh,,,primary
ember:monthly:generation,EU,mix,,coal,,2026-01-01,2026-01-31,28.597,TWh,,,primary
ember:monthly:generation,EU,mix,,coal,,2026-02-01,2026-02-28,23.703,TWh,,,primary
ember:monthly:generation,EU,mix,,coal,,2026-03-01,2026-03-31,23.701,TWh,,,primary
ember:monthly:generation,EU,mix,,coal,,2026-04-01,2026-04-30,17.045,TWh,,,primary
ember:monthly:generation,EU,mix,,coal,,2026-05-01,2026-05-31,16.361,TWh,,,primary
ember:monthly:generation,EU,mix,,coal,,2026-06-01,2026-06-30,15.849,TWh,,,primary
ember:monthly:generation,EU,mix,,coal,,2026-07-01,2026-07-31,17.293,TWh,,,primary
ember:monthly:generation,EU,mix,,coal,,2026-08-01,2026-08-31,18.358,TWh,,,primary
ember:monthly:generation,EU,mix,,demand,,2016-01-01,2016-01-31,256.724,TWh,,,primary
ember:monthly:generation,EU,mix,,demand,,2016-02-01,2016-02-29,234.649,TWh,,,primary
ember:monthly:generation,EU,mix,,demand,,2016-03-01,2016-03-31,238.919,TWh,,,primary
ember:monthly:generation,EU,mix,,demand,,2016-04-01,2016-04-30,214.31,TWh,,,primary
ember:monthly:generation,EU,mix,,demand,,2016-05-01,2016-05-31,207.212,TWh,,,primary
ember:monthly:generation,EU,mix,,demand,,2016-06-01,2016-06-30,205.116,TWh,,,primary
ember:monthly:generation,EU,mix,,demand,,2016-07-01,2016-07-31,215.417,TWh,,,primary
ember:monthly:generation,EU,mix,,demand,,2016-08-01,2016-08-31,210.496,TWh,,,primary
ember:monthly:generation,EU,mix,,demand,,2016-09-01,2016-09-30,212.242,TWh,,,primary
ember:monthly:generation,EU,mix,,demand,,2016-10-01,2016-10-31,227.269,TWh,,,primary
ember:monthly:generation,EU,mix,,demand,,2016-11-01,2016-11-30,239.552,TWh,,,primary
ember:monthly:generation,EU,mix,,demand,,2016-12-01,2016-12-31,255.2,TWh,,,primary
ember:monthly:generation,EU,mix,,demand,,2017-01-01,2017-01-31,272.91,TWh,,,primary
ember:monthly:generation,EU,mix,,demand,,2017-02-01,2017-02-28,231.155,TWh,,,primary
ember:monthly:generation,EU,mix,,demand,,2017-03-01,2017-03-31,236.866,TWh,,,primary
ember:monthly:generation,EU,mix,,demand,,2017-04-01,2017-04-30,212.389,TWh,,,primary
ember:monthly:generation,EU,mix,,demand,,2017-05-01,2017-05-31,213.816,TWh,,,primary
ember:monthly:generation,EU,mix,,demand,,2017-06-01,2017-06-30,211.244,TWh,,,primary
ember:monthly:generation,EU,mix,,demand,,2017-07-01,2017-07-31,218.509,TWh,,,primary
ember:monthly:generation,EU,mix,,demand,,2017-08-01,2017-08-31,212.394,TWh,,,primary
ember:monthly:generation,EU,mix,,demand,,2017-09-01,2017-09-30,210.502,TWh,,,primary
ember:monthly:generation,EU,mix,,demand,,2017-10-01,2017-10-31,223.337,TWh,,,primary
ember:monthly:generation,EU,mix,,demand,,2017-11-01,2017-11-30,239.219,TWh,,,primary
ember:monthly:generation,EU,mix,,demand,,2017-12-01,2017-12-31,251.545,TWh,,,primary
ember:monthly:generation,EU,mix,,demand,,2018-01-01,2018-01-31,255.871,TWh,,,primary
ember:monthly:generation,EU,mix,,demand,,2018-02-01,2018-02-28,245.294,TWh,,,primary
ember:monthly:generation,EU,mix,,demand,,2018-03-01,2018-03-31,255.178,TWh,,,primary
ember:monthly:generation,EU,mix,,demand,,2018-04-01,2018-04-30,212.675,TWh,,,primary
ember:monthly:generation,EU,mix,,demand,,2018-05-01,2018-05-31,211.126,TWh,,,primary
ember:monthly:generation,EU,mix,,demand,,2018-06-01,2018-06-30,207.727,TWh,,,primary
ember:monthly:generation,EU,mix,,demand,,2018-07-01,2018-07-31,220.016,TWh,,,primary
ember:monthly:generation,EU,mix,,demand,,2018-08-01,2018-08-31,214.879,TWh,,,primary
ember:monthly:generation,EU,mix,,demand,,2018-09-01,2018-09-30,211.204,TWh,,,primary
ember:monthly:generation,EU,mix,,demand,,2018-10-01,2018-10-31,225.081,TWh,,,primary
ember:monthly:generation,EU,mix,,demand,,2018-11-01,2018-11-30,237.756,TWh,,,primary
ember:monthly:generation,EU,mix,,demand,,2018-12-01,2018-12-31,248.166,TWh,,,primary
ember:monthly:generation,EU,mix,,demand,,2019-01-01,2019-01-31,267.4,TWh,,,primary
ember:monthly:generation,EU,mix,,demand,,2019-02-01,2019-02-28,229.851,TWh,,,primary
ember:monthly:generation,EU,mix,,demand,,2019-03-01,2019-03-31,235.904,TWh,,,primary
ember:monthly:generation,EU,mix,,demand,,2019-04-01,2019-04-30,213.535,TWh,,,primary
ember:monthly:generation,EU,mix,,demand,,2019-05-01,2019-05-31,213.395,TWh,,,primary
ember:monthly:generation,EU,mix,,demand,,2019-06-01,2019-06-30,206.599,TWh,,,primary
ember:monthly:generation,EU,mix,,demand,,2019-07-01,2019-07-31,220.699,TWh,,,primary
ember:monthly:generation,EU,mix,,demand,,2019-08-01,2019-08-31,211.058,TWh,,,primary
ember:monthly:generation,EU,mix,,demand,,2019-09-01,2019-09-30,208.04,TWh,,,primary
ember:monthly:generation,EU,mix,,demand,,2019-10-01,2019-10-31,222.47,TWh,,,primary
ember:monthly:generation,EU,mix,,demand,,2019-11-01,2019-11-30,232.777,TWh,,,primary
ember:monthly:generation,EU,mix,,demand,,2019-12-01,2019-12-31,239.006,TWh,,,primary
ember:monthly:generation,EU,mix,,demand,,2020-01-01,2020-01-31,253.79,TWh,,,primary
ember:monthly:generation,EU,mix,,demand,,2020-02-01,2020-02-29,232.606,TWh,,,primary
ember:monthly:generation,EU,mix,,demand,,2020-03-01,2020-03-31,230.456,TWh,,,primary
ember:monthly:generation,EU,mix,,demand,,2020-04-01,2020-04-30,190.863,TWh,,,primary
ember:monthly:generation,EU,mix,,demand,,2020-05-01,2020-05-31,192.753,TWh,,,primary
ember:monthly:generation,EU,mix,,demand,,2020-06-01,2020-06-30,191.624,TWh,,,primary
ember:monthly:generation,EU,mix,,demand,,2020-07-01,2020-07-31,208.533,TWh,,,primary
ember:monthly:generation,EU,mix,,demand,,2020-08-01,2020-08-31,204.456,TWh,,,primary
ember:monthly:generation,EU,mix,,demand,,2020-09-01,2020-09-30,205.251,TWh,,,primary
ember:monthly:generation,EU,mix,,demand,,2020-10-01,2020-10-31,221.701,TWh,,,primary
ember:monthly:generation,EU,mix,,demand,,2020-11-01,2020-11-30,225.953,TWh,,,primary
ember:monthly:generation,EU,mix,,demand,,2020-12-01,2020-12-31,242.615,TWh,,,primary
ember:monthly:generation,EU,mix,,demand,,2021-01-01,2021-01-31,260.17,TWh,,,primary
ember:monthly:generation,EU,mix,,demand,,2021-02-01,2021-02-28,230.428,TWh,,,primary
ember:monthly:generation,EU,mix,,demand,,2021-03-01,2021-03-31,240.88,TWh,,,primary
ember:monthly:generation,EU,mix,,demand,,2021-04-01,2021-04-30,216.852,TWh,,,primary
ember:monthly:generation,EU,mix,,demand,,2021-05-01,2021-05-31,211.148,TWh,,,primary
ember:monthly:generation,EU,mix,,demand,,2021-06-01,2021-06-30,207.723,TWh,,,primary
ember:monthly:generation,EU,mix,,demand,,2021-07-01,2021-07-31,218.236,TWh,,,primary
ember:monthly:generation,EU,mix,,demand,,2021-08-01,2021-08-31,210.012,TWh,,,primary
ember:monthly:generation,EU,mix,,demand,,2021-09-01,2021-09-30,209.293,TWh,,,primary
ember:monthly:generation,EU,mix,,demand,,2021-10-01,2021-10-31,222.057,TWh,,,primary
ember:monthly:generation,EU,mix,,demand,,2021-11-01,2021-11-30,236.811,TWh,,,primary
ember:monthly:generation,EU,mix,,demand,,2021-12-01,2021-12-31,253.387,TWh,,,primary
ember:monthly:generation,EU,mix,,demand,,2022-01-01,2022-01-31,257.78,TWh,,,primary
ember:monthly:generation,EU,mix,,demand,,2022-02-01,2022-02-28,228.093,TWh,,,primary
ember:monthly:generation,EU,mix,,demand,,2022-03-01,2022-03-31,238.174,TWh,,,primary
ember:monthly:generation,EU,mix,,demand,,2022-04-01,2022-04-30,213.785,TWh,,,primary
ember:monthly:generation,EU,mix,,demand,,2022-05-01,2022-05-31,208.664,TWh,,,primary
ember:monthly:generation,EU,mix,,demand,,2022-06-01,2022-06-30,207.509,TWh,,,primary
ember:monthly:generation,EU,mix,,demand,,2022-07-01,2022-07-31,217.284,TWh,,,primary
ember:monthly:generation,EU,mix,,demand,,2022-08-01,2022-08-31,208.031,TWh,,,primary
ember:monthly:generation,EU,mix,,demand,,2022-09-01,2022-09-30,201.627,TWh,,,primary
ember:monthly:generation,EU,mix,,demand,,2022-10-01,2022-10-31,203.774,TWh,,,primary
ember:monthly:generation,EU,mix,,demand,,2022-11-01,2022-11-30,214.829,TWh,,,primary
ember:monthly:generation,EU,mix,,demand,,2022-12-01,2022-12-31,234.006,TWh,,,primary
ember:monthly:generation,EU,mix,,demand,,2023-01-01,2023-01-31,237.884,TWh,,,primary
ember:monthly:generation,EU,mix,,demand,,2023-02-01,2023-02-28,218.188,TWh,,,primary
ember:monthly:generation,EU,mix,,demand,,2023-03-01,2023-03-31,226.504,TWh,,,primary
ember:monthly:generation,EU,mix,,demand,,2023-04-01,2023-04-30,199.835,TWh,,,primary
ember:monthly:generation,EU,mix,,demand,,2023-05-01,2023-05-31,194.786,TWh,,,primary
ember:monthly:generation,EU,mix,,demand,,2023-06-01,2023-06-30,192.935,TWh,,,primary
ember:monthly:generation,EU,mix,,demand,,2023-07-01,2023-07-31,206.781,TWh,,,primary
ember:monthly:generation,EU,mix,,demand,,2023-08-01,2023-08-31,201.337,TWh,,,primary
ember:monthly:generation,EU,mix,,demand,,2023-09-01,2023-09-30,196.369,TWh,,,primary
ember:monthly:generation,EU,mix,,demand,,2023-10-01,2023-10-31,207.751,TWh,,,primary
ember:monthly:generation,EU,mix,,demand,,2023-11-01,2023-11-30,220.245,TWh,,,primary
ember:monthly:generation,EU,mix,,demand,,2023-12-01,2023-12-31,232.753,TWh,,,primary
ember:monthly:generation,EU,mix,,demand,,2024-01-01,2024-01-31,249.899,TWh,,,primary
ember:monthly:generation,EU,mix,,demand,,2024-02-01,2024-02-29,220.674,TWh,,,primary
ember:monthly:generation,EU,mix,,demand,,2024-03-01,2024-03-31,222.395,TWh,,,primary
ember:monthly:generation,EU,mix,,demand,,2024-04-01,2024-04-30,204.548,TWh,,,primary
ember:monthly:generation,EU,mix,,demand,,2024-05-01,2024-05-31,199.539,TWh,,,primary
ember:monthly:generation,EU,mix,,demand,,2024-06-01,2024-06-30,198.596,TWh,,,primary
ember:monthly:generation,EU,mix,,demand,,2024-07-01,2024-07-31,215.132,TWh,,,primary
ember:monthly:generation,EU,mix,,demand,,2024-08-01,2024-08-31,208.31,TWh,,,primary
ember:monthly:generation,EU,mix,,demand,,2024-09-01,2024-09-30,199.493,TWh,,,primary
ember:monthly:generation,EU,mix,,demand,,2024-10-01,2024-10-31,211.463,TWh,,,primary
ember:monthly:generation,EU,mix,,demand,,2024-11-01,2024-11-30,222.899,TWh,,,primary
ember:monthly:generation,EU,mix,,demand,,2024-12-01,2024-12-31,236.707,TWh,,,primary
ember:monthly:generation,EU,mix,,demand,,2025-01-01,2025-01-31,250.324,TWh,,,primary
ember:monthly:generation,EU,mix,,demand,,2025-02-01,2025-02-28,225.687,TWh,,,primary
ember:monthly:generation,EU,mix,,demand,,2025-03-01,2025-03-31,227.559,TWh,,,primary
ember:monthly:generation,EU,mix,,demand,,2025-04-01,2025-04-30,200.692,TWh,,,primary
ember:monthly:generation,EU,mix,,demand,,2025-05-01,2025-05-31,200.433,TWh,,,primary
ember:monthly:generation,EU,mix,,demand,,2025-06-01,2025-06-30,204.932,TWh,,,primary
ember:monthly:generation,EU,mix,,demand,,2025-07-01,2025-07-31,214.116,TWh,,,primary
ember:monthly:generation,EU,mix,,demand,,2025-08-01,2025-08-31,202.666,TWh,,,primary
ember:monthly:generation,EU,mix,,demand,,2025-09-01,2025-09-30,200.967,TWh,,,primary
ember:monthly:generation,EU,mix,,demand,,2025-10-01,2025-10-31,215.984,TWh,,,primary
ember:monthly:generation,EU,mix,,demand,,2025-11-01,2025-11-30,225.19,TWh,,,primary
ember:monthly:generation,EU,mix,,demand,,2025-12-01,2025-12-31,237.873,TWh,,,primary
ember:monthly:generation,EU,mix,,demand,,2026-01-01,2026-01-31,261.34,TWh,,,primary
ember:monthly:generation,EU,mix,,demand,,2026-02-01,2026-02-28,227.911,TWh,,,primary
ember:monthly:generation,EU,mix,,demand,,2026-03-01,2026-03-31,229.584,TWh,,,primary
ember:monthly:generation,EU,mix,,demand,,2026-04-01,2026-04-30,205.438,TWh,,,primary
ember:monthly:generation,EU,mix,,demand,,2026-05-01,2026-05-31,202.003,TWh,,,primary
ember:monthly:generation,EU,mix,,demand,,2026-06-01,2026-06-30,209.708,TWh,,,primary
ember:monthly:generation,EU,mix,,demand,,2026-07-01,2026-07-31,222.641,TWh,,,primary
ember:monthly:generation,EU,mix,,demand,,2026-08-01,2026-08-31,212.277,TWh,,,primary
ember:monthly:generation,EU,mix,,gas,,2016-01-01,2016-01-31,44.502,TWh,,,primary
ember:monthly:generation,EU,mix,,gas,,2016-02-01,2016-02-29,35.484,TWh,,,primary
ember:monthly:generation,EU,mix,,gas,,2016-03-01,2016-03-31,35.99,TWh,,,primary
ember:monthly:generation,EU,mix,,gas,,2016-04-01,2016-04-30,28.789,TWh,,,primary
ember:monthly:generation,EU,mix,,gas,,2016-05-01,2016-05-31,28.028,TWh,,,primary
ember:monthly:generation,EU,mix,,gas,,2016-06-01,2016-06-30,28.996,TWh,,,primary
ember:monthly:generation,EU,mix,,gas,,2016-07-01,2016-07-31,34.05,TWh,,,primary
ember:monthly:generation,EU,mix,,gas,,2016-08-01,2016-08-31,34.335,TWh,,,primary
ember:monthly:generation,EU,mix,,gas,,2016-09-01,2016-09-30,42.476,TWh,,,primary
ember:monthly:generation,EU,mix,,gas,,2016-10-01,2016-10-31,48.546,TWh,,,primary
ember:monthly:generation,EU,mix,,gas,,2016-11-01,2016-11-30,51.609,TWh,,,primary
ember:monthly:generation,EU,mix,,gas,,2016-12-01,2016-12-31,56.714,TWh,,,primary
ember:monthly:generation,EU,mix,,gas,,2017-01-01,2017-01-31,60.881,TWh,,,primary
ember:monthly:generation,EU,mix,,gas,,2017-02-01,2017-02-28,45.697,TWh,,,primary
ember:monthly:generation,EU,mix,,gas,,2017-03-01,2017-03-31,40.691,TWh,,,primary
ember:monthly:generation,EU,mix,,gas,,2017-04-01,2017-04-30,35.107,TWh,,,primary
ember:monthly:generation,EU,mix,,gas,,2017-05-01,2017-05-31,33.596,TWh,,,primary
ember:monthly:generation,EU,mix,,gas,,2017-06-01,2017-06-30,37.114,TWh,,,primary
ember:monthly:generation,EU,mix,,gas,,2017-07-01,2017-07-31,41.645,TWh,,,primary
ember:monthly:generation,EU,mix,,gas,,2017-08-01,2017-08-31,35.974,TWh,,,primary
ember:monthly:generation,EU,mix,,gas,,2017-09-01,2017-09-30,36.363,TWh,,,primary
ember:monthly:generation,EU,mix,,gas,,2017-10-01,2017-10-31,42.229,TWh,,,primary
ember:monthly:generation,EU,mix,,gas,,2017-11-01,2017-11-30,52.007,TWh,,,primary
ember:monthly:generation,EU,mix,,gas,,2017-12-01,2017-12-31,47.059,TWh,,,primary
ember:monthly:generation,EU,mix,,gas,,2018-01-01,2018-01-31,43.151,TWh,,,primary
ember:monthly:generation,EU,mix,,gas,,2018-02-01,2018-02-28,45.919,TWh,,,primary
ember:monthly:generation,EU,mix,,gas,,2018-03-01,2018-03-31,40.123,TWh,,,primary
ember:monthly:generation,EU,mix,,gas,,2018-04-01,2018-04-30,26.625,TWh,,,primary
ember:monthly:generation,EU,mix,,gas,,2018-05-01,2018-05-31,27.562,TWh,,,primary
ember:monthly:generation,EU,mix,,gas,,2018-06-01,2018-06-30,31.215,TWh,,,primary
ember:monthly:generation,EU,mix,,gas,,2018-07-01,2018-07-31,38.827,TWh,,,primary
ember:monthly:generation,EU,mix,,gas,,2018-08-01,2018-08-31,39.053,TWh,,,primary
ember:monthly:generation,EU,mix,,gas,,2018-09-01,2018-09-30,37.655,TWh,,,primary
ember:monthly:generation,EU,mix,,gas,,2018-10-01,2018-10-31,42.456,TWh,,,primary
ember:monthly:generation,EU,mix,,gas,,2018-11-01,2018-11-30,49.41,TWh,,,primary
ember:monthly:generation,EU,mix,,gas,,2018-12-01,2018-12-31,47.579,TWh,,,primary
ember:monthly:generation,EU,mix,,gas,,2019-01-01,2019-01-31,56.055,TWh,,,primary
ember:monthly:generation,EU,mix,,gas,,2019-02-01,2019-02-28,43.962,TWh,,,primary
ember:monthly:generation,EU,mix,,gas,,2019-03-01,2019-03-31,39.842,TWh,,,primary
ember:monthly:generation,EU,mix,,gas,,2019-04-01,2019-04-30,36.961,TWh,,,primary
ember:monthly:generation,EU,mix,,gas,,2019-05-01,2019-05-31,37.282,TWh,,,primary
ember:monthly:generation,EU,mix,,gas,,2019-06-01,2019-06-30,39.852,TWh,,,primary
ember:monthly:generation,EU,mix,,gas,,2019-07-01,2019-07-31,50.564,TWh,,,primary
ember:monthly:generation,EU,mix,,gas,,2019-08-01,2019-08-31,48.186,TWh,,,primary
ember:monthly:generation,EU,mix,,gas,,2019-09-01,2019-09-30,47.703,TWh,,,primary
ember:monthly:generation,EU,mix,,gas,,2019-10-01,2019-10-31,52.071,TWh,,,primary
ember:monthly:generation,EU,mix,,gas,,2019-11-01,2019-11-30,48.466,TWh,,,primary
ember:monthly:generation,EU,mix,,gas,,2019-12-01,2019-12-31,42.92,TWh,,,primary
ember:monthly:generation,EU,mix,,gas,,2020-01-01,2020-01-31,56.062,TWh,,,primary
ember:monthly:generation,EU,mix,,gas,,2020-02-01,2020-02-29,45.316,TWh,,,primary
ember:monthly:generation,EU,mix,,gas,,2020-03-01,2020-03-31,41.449,TWh,,,primary
ember:monthly:generation,EU,mix,,gas,,2020-04-01,2020-04-30,32.386,TWh,,,primary
ember:monthly:generation,EU,mix,,gas,,2020-05-01,2020-05-31,32.948,TWh,,,primary
ember:monthly:generation,EU,mix,,gas,,2020-06-01,2020-06-30,40.16,TWh,,,primary
ember:monthly:generation,EU,mix,,gas,,2020-07-01,2020-07-31,48.967,TWh,,,primary
ember:monthly:generation,EU,mix,,gas,,2020-08-01,2020-08-31,45.94,TWh,,,primary
ember:monthly:generation,EU,mix,,gas,,2020-09-01,2020-09-30,45.268,TWh,,,primary
ember:monthly:generation,EU,mix,,gas,,2020-10-01,2020-10-31,39.642,TWh,,,primary
ember:monthly:generation,EU,mix,,gas,,2020-11-01,2020-11-30,48.501,TWh,,,primary
ember:monthly:generation,EU,mix,,gas,,2020-12-01,2020-12-31,50.084,TWh,,,primary
ember:monthly:generation,EU,mix,,gas,,2021-01-01,2021-01-31,52.183,TWh,,,primary
ember:monthly:generation,EU,mix,,gas,,2021-02-01,2021-02-28,42.323,TWh,,,primary
ember:monthly:generation,EU,mix,,gas,,2021-03-01,2021-03-31,46.663,TWh,,,primary
ember:monthly:generation,EU,mix,,gas,,2021-04-01,2021-04-30,43.067,TWh,,,primary
ember:monthly:generation,EU,mix,,gas,,2021-05-01,2021-05-31,31.749,TWh,,,primary
ember:monthly:generation,EU,mix,,gas,,2021-06-01,2021-06-30,38.678,TWh,,,primary
ember:monthly:generation,EU,mix,,gas,,2021-07-01,2021-07-31,39.561,TWh,,,primary
ember:monthly:generation,EU,mix,,gas,,2021-08-01,2021-08-31,33.277,TWh,,,primary
ember:monthly:generation,EU,mix,,gas,,2021-09-01,2021-09-30,40.091,TWh,,,primary
ember:monthly:generation,EU,mix,,gas,,2021-10-01,2021-10-31,39.135,TWh,,,primary
ember:monthly:generation,EU,mix,,gas,,2021-11-01,2021-11-30,54.946,TWh,,,primary
ember:monthly:generation,EU,mix,,gas,,2021-12-01,2021-12-31,52.889,TWh,,,primary
ember:monthly:generation,EU,mix,,gas,,2022-01-01,2022-01-31,54.671,TWh,,,primary
ember:monthly:generation,EU,mix,,gas,,2022-02-01,2022-02-28,42.847,TWh,,,primary
ember:monthly:generation,EU,mix,,gas,,2022-03-01,2022-03-31,47.582,TWh,,,primary
ember:monthly:generation,EU,mix,,gas,,2022-04-01,2022-04-30,34.611,TWh,,,primary
ember:monthly:generation,EU,mix,,gas,,2022-05-01,2022-05-31,35.527,TWh,,,primary
ember:monthly:generation,EU,mix,,gas,,2022-06-01,2022-06-30,39.814,TWh,,,primary
ember:monthly:generation,EU,mix,,gas,,2022-07-01,2022-07-31,44.07,TWh,,,primary
ember:monthly:generation,EU,mix,,gas,,2022-08-01,2022-08-31,42.833,TWh,,,primary
ember:monthly:generation,EU,mix,,gas,,2022-09-01,2022-09-30,39.552,TWh,,,primary
ember:monthly:generation,EU,mix,,gas,,2022-10-01,2022-10-31,41.261,TWh,,,primary
ember:monthly:generation,EU,mix,,gas,,2022-11-01,2022-11-30,40.028,TWh,,,primary
ember:monthly:generation,EU,mix,,gas,,2022-12-01,2022-12-31,47.149,TWh,,,primary
ember:monthly:generation,EU,mix,,gas,,2023-01-01,2023-01-31,39.046,TWh,,,primary
ember:monthly:generation,EU,mix,,gas,,2023-02-01,2023-02-28,42.961,TWh,,,primary
ember:monthly:generation,EU,mix,,gas,,2023-03-01,2023-03-31,38.07,TWh,,,primary
ember:monthly:generation,EU,mix,,gas,,2023-04-01,2023-04-30,31.026,TWh,,,primary
ember:monthly:generation,EU,mix,,gas,,2023-05-01,2023-05-31,27.858,TWh,,,primary
ember:monthly:generation,EU,mix,,gas,,2023-06-01,2023-06-30,32.991,TWh,,,primary
ember:monthly:generation,EU,mix,,gas,,2023-07-01,2023-07-31,36.294,TWh,,,primary
ember:monthly:generation,EU,mix,,gas,,2023-08-01,2023-08-31,34.306,TWh,,,primary
ember:monthly:generation,EU,mix,,gas,,2023-09-01,2023-09-30,34.061,TWh,,,primary
ember:monthly:generation,EU,mix,,gas,,2023-10-01,2023-10-31,32.826,TWh,,,primary
ember:monthly:generation,EU,mix,,gas,,2023-11-01,2023-11-30,32.748,TWh,,,primary
ember:monthly:generation,EU,mix,,gas,,2023-12-01,2023-12-31,37.443,TWh,,,primary
ember:monthly:generation,EU,mix,,gas,,2024-01-01,2024-01-31,43.908,TWh,,,primary
ember:monthly:generation,EU,mix,,gas,,2024-02-01,2024-02-29,33.299,TWh,,,primary
ember:monthly:generation,EU,mix,,gas,,2024-03-01,2024-03-31,32.692,TWh,,,primary
ember:monthly:generation,EU,mix,,gas,,2024-04-01,2024-04-30,24.23,TWh,,,primary
ember:monthly:generation,EU,mix,,gas,,2024-05-01,2024-05-31,23.425,TWh,,,primary
ember:monthly:generation,EU,mix,,gas,,2024-06-01,2024-06-30,25.232,TWh,,,primary
ember:monthly:generation,EU,mix,,gas,,2024-07-01,2024-07-31,32.123,TWh,,,primary
ember:monthly:generation,EU,mix,,gas,,2024-08-01,2024-08-31,32.17,TWh,,,primary
ember:monthly:generation,EU,mix,,gas,,2024-09-01,2024-09-30,29.856,TWh,,,primary
ember:monthly:generation,EU,mix,,gas,,2024-10-01,2024-10-31,30.648,TWh,,,primary
ember:monthly:generation,EU,mix,,gas,,2024-11-01,2024-11-30,45.803,TWh,,,primary
ember:monthly:generation,EU,mix,,gas,,2024-12-01,2024-12-31,44.97,TWh,,,primary
ember:monthly:generation,EU,mix,,gas,,2025-01-01,2025-01-31,47.952,TWh,,,primary
ember:monthly:generation,EU,mix,,gas,,2025-02-01,2025-02-28,45.738,TWh,,,primary
ember:monthly:generation,EU,mix,,gas,,2025-03-01,2025-03-31,37.374,TWh,,,primary
ember:monthly:generation,EU,mix,,gas,,2025-04-01,2025-04-30,27.201,TWh,,,primary
ember:monthly:generation,EU,mix,,gas,,2025-05-01,2025-05-31,24.293,TWh,,,primary
ember:monthly:generation,EU,mix,,gas,,2025-06-01,2025-06-30,28.068,TWh,,,primary
ember:monthly:generation,EU,mix,,gas,,2025-07-01,2025-07-31,34.312,TWh,,,primary
ember:monthly:generation,EU,mix,,gas,,2025-08-01,2025-08-31,30.115,TWh,,,primary
ember:monthly:generation,EU,mix,,gas,,2025-09-01,2025-09-30,30.187,TWh,,,primary
ember:monthly:generation,EU,mix,,gas,,2025-10-01,2025-10-31,38.42,TWh,,,primary
ember:monthly:generation,EU,mix,,gas,,2025-11-01,2025-11-30,43.602,TWh,,,primary
ember:monthly:generation,EU,mix,,gas,,2025-12-01,2025-12-31,50.005,TWh,,,primary
ember:monthly:generation,EU,mix,,gas,,2026-01-01,2026-01-31,58.581,TWh,,,primary
ember:monthly:generation,EU,mix,,gas,,2026-02-01,2026-02-28,42.422,TWh,,,primary
ember:monthly:generation,EU,mix,,gas,,2026-03-01,2026-03-31,33.407,TWh,,,primary
ember:monthly:generation,EU,mix,,gas,,2026-04-01,2026-04-30,26.743,TWh,,,primary
ember:monthly:generation,EU,mix,,gas,,2026-05-01,2026-05-31,26.445,TWh,,,primary
ember:monthly:generation,EU,mix,,gas,,2026-06-01,2026-06-30,30.269,TWh,,,primary
ember:monthly:generation,EU,mix,,gas,,2026-07-01,2026-07-31,35.254,TWh,,,primary
ember:monthly:generation,EU,mix,,gas,,2026-08-01,2026-08-31,35.861,TWh,,,primary
ember:monthly:generation,EU,mix,,hydro,,2016-01-01,2016-01-31,27.655,TWh,,,primary
ember:monthly:generation,EU,mix,,hydro,,2016-02-01,2016-02-29,31.342,TWh,,,primary
ember:monthly:generation,EU,mix,,hydro,,2016-03-01,2016-03-31,31.832,TWh,,,primary
ember:monthly:generation,EU,mix,,hydro,,2016-04-01,2016-04-30,34.37,TWh,,,primary
ember:monthly:generation,EU,mix,,hydro,,2016-05-01,2016-05-31,36.168,TWh,,,primary
ember:monthly:generation,EU,mix,,hydro,,2016-06-01,2016-06-30,35.25,TWh,,,primary
ember:monthly:generation,EU,mix,,hydro,,2016-07-01,2016-07-31,30.756,TWh,,,primary
ember:monthly:generation,EU,mix,,hydro,,2016-08-01,2016-08-31,27.103,TWh,,,primary
ember:monthly:generation,EU,mix,,hydro,,2016-09-01,2016-09-30,22.67,TWh,,,primary
ember:monthly:generation,EU,mix,,hydro,,2016-10-01,2016-10-31,21.533,TWh,,,primary
ember:monthly:generation,EU,mix,,hydro,,2016-11-01,2016-11-30,23.121,TWh,,,primary
ember:monthly:generation,EU,mix,,hydro,,2016-12-01,2016-12-31,22.941,TWh,,,primary
ember:monthly:generation,EU,mix,,hydro,,2017-01-01,2017-01-31,24.886,TWh,,,primary
ember:monthly:generation,EU,mix,,hydro,,2017-02-01,2017-02-28,21.816,TWh,,,primary
ember:monthly:generation,EU,mix,,hydro,,2017-03-01,2017-03-31,27.741,TWh,,,primary
ember:monthly:generation,EU,mix,,hydro,,2017-04-01,2017-04-30,22.547,TWh,,,primary
ember:monthly:generation,EU,mix,,hydro,,2017-05-01,2017-05-31,27.299,TWh,,,primary
ember:monthly:generation,EU,mix,,hydro,,2017-06-01,2017-06-30,25.609,TWh,,,primary
ember:monthly:generation,EU,mix,,hydro,,2017-07-01,2017-07-31,24.518,TWh,,,primary
ember:monthly:generation,EU,mix,,hydro,,2017-08-01,2017-08-31,23.988,TWh,,,primary
ember:monthly:generation,EU,mix,,hydro,,2017-09-01,2017-09-30,24.249,TWh,,,primary
ember:monthly:generation,EU,mix,,hydro,,2017-10-01,2017-10-31,20.526,TWh,,,primary
ember:monthly:generation,EU,mix,,hydro,,2017-11-01,2017-11-30,22.432,TWh,,,primary
ember:monthly:generation,EU,mix,,hydro,,2017-12-01,2017-12-31,24.992,TWh,,,primary
ember:monthly:generation,EU,mix,,hydro,,2018-01-01,2018-01-31,30.078,TWh,,,primary
ember:monthly:generation,EU,mix,,hydro,,2018-02-01,2018-02-28,28.533,TWh,,,primary
ember:monthly:generation,EU,mix,,hydro,,2018-03-01,2018-03-31,33.788,TWh,,,primary
ember:monthly:generation,EU,mix,,hydro,,2018-04-01,2018-04-30,35.275,TWh,,,primary
ember:monthly:generation,EU,mix,,hydro,,2018-05-01,2018-05-31,36.985,TWh,,,primary
ember:monthly:generation,EU,mix,,hydro,,2018-06-01,2018-06-30,32.06,TWh,,,primary
ember:monthly:generation,EU,mix,,hydro,,2018-07-01,2018-07-31,26.844,TWh,,,primary
ember:monthly:generation,EU,mix,,hydro,,2018-08-01,2018-08-31,22.514,TWh,,,primary
ember:monthly:generation,EU,mix,,hydro,,2018-09-01,2018-09-30,20.439,TWh,,,primary
ember:monthly:generation,EU,mix,,hydro,,2018-10-01,2018-10-31,18.507,TWh,,,primary
ember:monthly:generation,EU,mix,,hydro,,2018-11-01,2018-11-30,24.211,TWh,,,primary
ember:monthly:generation,EU,mix,,hydro,,2018-12-01,2018-12-31,26.087,TWh,,,primary
ember:monthly:generation,EU,mix,,hydro,,2019-01-01,2019-01-31,25.203,TWh,,,primary
ember:monthly:generation,EU,mix,,hydro,,2019-02-01,2019-02-28,24.044,TWh,,,primary
ember:monthly:generation,EU,mix,,hydro,,2019-03-01,2019-03-31,25.902,TWh,,,primary
ember:monthly:generation,EU,mix,,hydro,,2019-04-01,2019-04-30,25.794,TWh,,,primary
ember:monthly:generation,EU,mix,,hydro,,2019-05-01,2019-05-31,30.21,TWh,,,primary
ember:monthly:generation,EU,mix,,hydro,,2019-06-01,2019-06-30,31.047,TWh,,,primary
ember:monthly:generation,EU,mix,,hydro,,2019-07-01,2019-07-31,26.388,TWh,,,primary
ember:monthly:generation,EU,mix,,hydro,,2019-08-01,2019-08-31,22.385,TWh,,,primary
ember:monthly:generation,EU,mix,,hydro,,2019-09-01,2019-09-30,19.887,TWh,,,primary
ember:monthly:generation,EU,mix,,hydro,,2019-10-01,2019-10-31,20.825,TWh,,,primary
ember:monthly:generation,EU,mix,,hydro,,2019-11-01,2019-11-30,29.285,TWh,,,primary
ember:monthly:generation,EU,mix,,hydro,,2019-12-01,2019-12-31,33.624,TWh,,,primary
ember:monthly:generation,EU,mix,,hydro,,2020-01-01,2020-01-31,29.244,TWh,,,primary
ember:monthly:generation,EU,mix,,hydro,,2020-02-01,2020-02-29,28.216,TWh,,,primary
ember:monthly:generation,EU,mix,,hydro,,2020-03-01,2020-03-31,31.458,TWh,,,primary
ember:monthly:generation,EU,mix,,hydro,,2020-04-01,2020-04-30,27.467,TWh,,,primary
ember:monthly:generation,EU,mix,,hydro,,2020-05-01,2020-05-31,31.365,TWh,,,primary
ember:monthly:generation,EU,mix,,hydro,,2020-06-01,2020-06-30,30.822,TWh,,,primary
ember:monthly:generation,EU,mix,,hydro,,2020-07-01,2020-07-31,27.501,TWh,,,primary
ember:monthly:generation,EU,mix,,hydro,,2020-08-01,2020-08-31,25.991,TWh,,,primary
ember:monthly:generation,EU,mix,,hydro,,2020-09-01,2020-09-30,23.309,TWh,,,primary
ember:monthly:generation,EU,mix,,hydro,,2020-10-01,2020-10-31,28.111,TWh,,,primary
ember:monthly:generation,EU,mix,,hydro,,2020-11-01,2020-11-30,27.128,TWh,,,primary
ember:monthly:generation,EU,mix,,hydro,,2020-12-01,2020-12-31,29.96,TWh,,,primary
ember:monthly:generation,EU,mix,,hydro,,2021-01-01,2021-01-31,34.614,TWh,,,primary
ember:monthly:generation,EU,mix,,hydro,,2021-02-01,2021-02-28,34.695,TWh,,,primary
ember:monthly:generation,EU,mix,,hydro,,2021-03-01,2021-03-31,30.4,TWh,,,primary
ember:monthly:generation,EU,mix,,hydro,,2021-04-01,2021-04-30,26.484,TWh,,,primary
ember:monthly:generation,EU,mix,,hydro,,2021-05-01,2021-05-31,33.133,TWh,,,primary
ember:monthly:generation,EU,mix,,hydro,,2021-06-01,2021-06-30,32.611,TWh,,,primary
ember:monthly:generation,EU,mix,,hydro,,2021-07-01,2021-07-31,30.268,TWh,,,primary
ember:monthly:generation,EU,mix,,hydro,,2021-08-01,2021-08-31,27.892,TWh,,,primary
ember:monthly:generation,EU,mix,,hydro,,2021-09-01,2021-09-30,21.515,TWh,,,primary
ember:monthly:generation,EU,mix,,hydro,,2021-10-01,2021-10-31,20.252,TWh,,,primary
ember:monthly:generation,EU,mix,,hydro,,2021-11-01,2021-11-30,22.181,TWh,,,primary
ember:monthly:generation,EU,mix,,hydro,,2021-12-01,2021-12-31,27.547,TWh,,,primary
ember:monthly:generation,EU,mix,,hydro,,2022-01-01,2022-01-31,26.434,TWh,,,primary
ember:monthly:generation,EU,mix,,hydro,,2022-02-01,2022-02-28,20.841,TWh,,,primary
ember:monthly:generation,EU,mix,,hydro,,2022-03-01,2022-03-31,22.49,TWh,,,primary
ember:monthly:generation,EU,mix,,hydro,,2022-04-01,2022-04-30,24.162,TWh,,,primary
ember:monthly:generation,EU,mix,,hydro,,2022-05-01,2022-05-31,26.72,TWh,,,primary
ember:monthly:generation,EU,mix,,hydro,,2022-06-01,2022-06-30,24.564,TWh,,,primary
ember:monthly:generation,EU,mix,,hydro,,2022-07-01,2022-07-31,22.279,TWh,,,primary
ember:monthly:generation,EU,mix,,hydro,,2022-08-01,2022-08-31,20.314,TWh,,,primary
ember:monthly:generation,EU,mix,,hydro,,2022-09-01,2022-09-30,19.683,TWh,,,primary
ember:monthly:generation,EU,mix,,hydro,,2022-10-01,2022-10-31,18.867,TWh,,,primary
ember:monthly:generation,EU,mix,,hydro,,2022-11-01,2022-11-30,21.811,TWh,,,primary
ember:monthly:generation,EU,mix,,hydro,,2022-12-01,2022-12-31,26.347,TWh,,,primary
ember:monthly:generation,EU,mix,,hydro,,2023-01-01,2023-01-31,29.504,TWh,,,primary
ember:monthly:generation,EU,mix,,hydro,,2023-02-01,2023-02-28,22.365,TWh,,,primary
ember:monthly:generation,EU,mix,,hydro,,2023-03-01,2023-03-31,25.331,TWh,,,primary
ember:monthly:generation,EU,mix,,hydro,,2023-04-01,2023-04-30,24.072,TWh,,,primary
ember:monthly:generation,EU,mix,,hydro,,2023-05-01,2023-05-31,29.017,TWh,,,primary
ember:monthly:generation,EU,mix,,hydro,,2023-06-01,2023-06-30,27.834,TWh,,,primary
ember:monthly:generation,EU,mix,,hydro,,2023-07-01,2023-07-31,23.131,TWh,,,primary
ember:monthly:generation,EU,mix,,hydro,,2023-08-01,2023-08-31,24.716,TWh,,,primary
ember:monthly:generation,EU,mix,,hydro,,2023-09-01,2023-09-30,20.937,TWh,,,primary
ember:monthly:generation,EU,mix,,hydro,,2023-10-01,2023-10-31,22.834,TWh,,,primary
ember:monthly:generation,EU,mix,,hydro,,2023-11-01,2023-11-30,32.328,TWh,,,primary
ember:monthly:generation,EU,mix,,hydro,,2023-12-01,2023-12-31,33.36,TWh,,,primary
ember:monthly:generation,EU,mix,,hydro,,2024-01-01,2024-01-31,33.853,TWh,,,primary
ember:monthly:generation,EU,mix,,hydro,,2024-02-01,2024-02-29,28.955,TWh,,,primary
ember:monthly:generation,EU,mix,,hydro,,2024-03-01,2024-03-31,34.392,TWh,,,primary
ember:monthly:generation,EU,mix,,hydro,,2024-04-01,2024-04-30,32.302,TWh,,,primary
ember:monthly:generation,EU,mix,,hydro,,2024-05-01,2024-05-31,34.129,TWh,,,primary
ember:monthly:generation,EU,mix,,hydro,,2024-06-01,2024-06-30,31.562,TWh,,,primary
ember:monthly:generation,EU,mix,,hydro,,2024-07-01,2024-07-31,29.589,TWh,,,primary
ember:monthly:generation,EU,mix,,hydro,,2024-08-01,2024-08-31,22.938,TWh,,,primary
ember:monthly:generation,EU,mix,,hydro,,2024-09-01,2024-09-30,23.336,TWh,,,primary
ember:monthly:generation,EU,mix,,hydro,,2024-10-01,2024-10-31,30.285,TWh,,,primary
ember:monthly:generation,EU,mix,,hydro,,2024-11-01,2024-11-30,23.862,TWh,,,primary
ember:monthly:generation,EU,mix,,hydro,,2024-12-01,2024-12-31,24.358,TWh,,,primary
ember:monthly:generation,EU,mix,,hydro,,2025-01-01,2025-01-31,29.086,TWh,,,primary
ember:monthly:generation,EU,mix,,hydro,,2025-02-01,2025-02-28,27.474,TWh,,,primary
ember:monthly:generation,EU,mix,,hydro,,2025-03-01,2025-03-31,26.34,TWh,,,primary
ember:monthly:generation,EU,mix,,hydro,,2025-04-01,2025-04-30,27.056,TWh,,,primary
ember:monthly:generation,EU,mix,,hydro,,2025-05-01,2025-05-31,28.24,TWh,,,primary
ember:monthly:generation,EU,mix,,hydro,,2025-06-01,2025-06-30,25.887,TWh,,,primary
ember:monthly:generation,EU,mix,,hydro,,2025-07-01,2025-07-31,24.689,TWh,,,primary
ember:monthly:generation,EU,mix,,hydro,,2025-08-01,2025-08-31,22.529,TWh,,,primary
ember:monthly:generation,EU,mix,,hydro,,2025-09-01,2025-09-30,21.195,TWh,,,primary
ember:monthly:generation,EU,mix,,hydro,,2025-10-01,2025-10-31,21.259,TWh,,,primary
ember:monthly:generation,EU,mix,,hydro,,2025-11-01,2025-11-30,24.737,TWh,,,primary
ember:monthly:generation,EU,mix,,hydro,,2025-12-01,2025-12-31,27.106,TWh,,,primary
ember:monthly:generation,EU,mix,,hydro,,2026-01-01,2026-01-31,28.879,TWh,,,primary
ember:monthly:generation,EU,mix,,hydro,,2026-02-01,2026-02-28,29.591,TWh,,,primary
ember:monthly:generation,EU,mix,,hydro,,2026-03-01,2026-03-31,28.489,TWh,,,primary
ember:monthly:generation,EU,mix,,hydro,,2026-04-01,2026-04-30,23.769,TWh,,,primary
ember:monthly:generation,EU,mix,,hydro,,2026-05-01,2026-05-31,24.703,TWh,,,primary
ember:monthly:generation,EU,mix,,hydro,,2026-06-01,2026-06-30,23.699,TWh,,,primary
ember:monthly:generation,EU,mix,,hydro,,2026-07-01,2026-07-31,19.452,TWh,,,primary
ember:monthly:generation,EU,mix,,hydro,,2026-08-01,2026-08-31,17.729,TWh,,,primary
ember:monthly:generation,EU,mix,,net_imports,,2016-01-01,2016-01-31,-0.462,TWh,,,primary
ember:monthly:generation,EU,mix,,net_imports,,2016-02-01,2016-02-29,-0.834,TWh,,,primary
ember:monthly:generation,EU,mix,,net_imports,,2016-03-01,2016-03-31,-0.07,TWh,,,primary
ember:monthly:generation,EU,mix,,net_imports,,2016-04-01,2016-04-30,-0.764,TWh,,,primary
ember:monthly:generation,EU,mix,,net_imports,,2016-05-01,2016-05-31,0.03,TWh,,,primary
ember:monthly:generation,EU,mix,,net_imports,,2016-06-01,2016-06-30,0.756,TWh,,,primary
ember:monthly:generation,EU,mix,,net_imports,,2016-07-01,2016-07-31,0.225,TWh,,,primary
ember:monthly:generation,EU,mix,,net_imports,,2016-08-01,2016-08-31,-0.409,TWh,,,primary
ember:monthly:generation,EU,mix,,net_imports,,2016-09-01,2016-09-30,0.914,TWh,,,primary
ember:monthly:generation,EU,mix,,net_imports,,2016-10-01,2016-10-31,0.863,TWh,,,primary
ember:monthly:generation,EU,mix,,net_imports,,2016-11-01,2016-11-30,0.078,TWh,,,primary
ember:monthly:generation,EU,mix,,net_imports,,2016-12-01,2016-12-31,0.744,TWh,,,primary
ember:monthly:generation,EU,mix,,net_imports,,2017-01-01,2017-01-31,-1.194,TWh,,,primary
ember:monthly:generation,EU,mix,,net_imports,,2017-02-01,2017-02-28,-2.585,TWh,,,primary
ember:monthly:generation,EU,mix,,net_imports,,2017-03-01,2017-03-31,-2.861,TWh,,,primary
ember:monthly:generation,EU,mix,,net_imports,,2017-04-01,2017-04-30,-1.631,TWh,,,primary
ember:monthly:generation,EU,mix,,net_imports,,2017-05-01,2017-05-31,0.511,TWh,,,primary
ember:monthly:generation,EU,mix,,net_imports,,2017-06-01,2017-06-30,1.623,TWh,,,primary
ember:monthly:generation,EU,mix,,net_imports,,2017-07-01,2017-07-31,1.342,TWh,,,primary
ember:monthly:generation,EU,mix,,net_imports,,2017-08-01,2017-08-31,1.019,TWh,,,primary
ember:monthly:generation,EU,mix,,net_imports,,2017-09-01,2017-09-30,0.646,TWh,,,primary
ember:monthly:generation,EU,mix,,net_imports,,2017-10-01,2017-10-31,-0.638,TWh,,,primary
ember:monthly:generation,EU,mix,,net_imports,,2017-11-01,2017-11-30,-0.702,TWh,,,primary
ember:monthly:generation,EU,mix,,net_imports,,2017-12-01,2017-12-31,-1.934,TWh,,,primary
ember:monthly:generation,EU,mix,,net_imports,,2018-01-01,2018-01-31,-0.13,TWh,,,primary
ember:monthly:generation,EU,mix,,net_imports,,2018-02-01,2018-02-28,2.145,TWh,,,primary
ember:monthly:generation,EU,mix,,net_imports,,2018-03-01,2018-03-31,1.487,TWh,,,primary
ember:monthly:generation,EU,mix,,net_imports,,2018-04-01,2018-04-30,1.115,TWh,,,primary
ember:monthly:generation,EU,mix,,net_imports,,2018-05-01,2018-05-31,2.359,TWh,,,primary
ember:monthly:generation,EU,mix,,net_imports,,2018-06-01,2018-06-30,2.205,TWh,,,primary
ember:monthly:generation,EU,mix,,net_imports,,2018-07-01,2018-07-31,1.698,TWh,,,primary
ember:monthly:generation,EU,mix,,net_imports,,2018-08-01,2018-08-31,2.805,TWh,,,primary
ember:monthly:generation,EU,mix,,net_imports,,2018-09-01,2018-09-30,1.369,TWh,,,primary
ember:monthly:generation,EU,mix,,net_imports,,2018-10-01,2018-10-31,0.001,TWh,,,primary
ember:monthly:generation,EU,mix,,net_imports,,2018-11-01,2018-11-30,1.026,TWh,,,primary
ember:monthly:generation,EU,mix,,net_imports,,2018-12-01,2018-12-31,-0.946,TWh,,,primary
ember:monthly:generation,EU,mix,,net_imports,,2019-01-01,2019-01-31,-0.794,TWh,,,primary
ember:monthly:generation,EU,mix,,net_imports,,2019-02-01,2019-02-28,-1.888,TWh,,,primary
ember:monthly:generation,EU,mix,,net_imports,,2019-03-01,2019-03-31,-2.685,TWh,,,primary
ember:monthly:generation,EU,mix,,net_imports,,2019-04-01,2019-04-30,-0.714,TWh,,,primary
ember:monthly:generation,EU,mix,,net_imports,,2019-05-01,2019-05-31,-0.421,TWh,,,primary
ember:monthly:generation,EU,mix,,net_imports,,2019-06-01,2019-06-30,0.61,TWh,,,primary
ember:monthly:generation,EU,mix,,net_imports,,2019-07-01,2019-07-31,3.008,TWh,,,primary
ember:monthly:generation,EU,mix,,net_imports,,2019-08-01,2019-08-31,3.658,TWh,,,primary
ember:monthly:generation,EU,mix,,net_imports,,2019-09-01,2019-09-30,1.706,TWh,,,primary
ember:monthly:generation,EU,mix,,net_imports,,2019-10-01,2019-10-31,0.18,TWh,,,primary
ember:monthly:generation,EU,mix,,net_imports,,2019-11-01,2019-11-30,-0.42,TWh,,,primary
ember:monthly:generation,EU,mix,,net_imports,,2019-12-01,2019-12-31,-1.804,TWh,,,primary
ember:monthly:generation,EU,mix,,net_imports,,2020-01-01,2020-01-31,-0.893,TWh,,,primary
ember:monthly:generation,EU,mix,,net_imports,,2020-02-01,2020-02-29,-2.088,TWh,,,primary
ember:monthly:generation,EU,mix,,net_imports,,2020-03-01,2020-03-31,-0.428,TWh,,,primary
ember:monthly:generation,EU,mix,,net_imports,,2020-04-01,2020-04-30,0.385,TWh,,,primary
ember:monthly:generation,EU,mix,,net_imports,,2020-05-01,2020-05-31,1.16,TWh,,,primary
ember:monthly:generation,EU,mix,,net_imports,,2020-06-01,2020-06-30,2.04,TWh,,,primary
ember:monthly:generation,EU,mix,,net_imports,,2020-07-01,2020-07-31,3.717,TWh,,,primary
ember:monthly:generation,EU,mix,,net_imports,,2020-08-01,2020-08-31,3.661,TWh,,,primary
ember:monthly:generation,EU,mix,,net_imports,,2020-09-01,2020-09-30,4.351,TWh,,,primary
ember:monthly:generation,EU,mix,,net_imports,,2020-10-01,2020-10-31,2.684,TWh,,,primary
ember:monthly:generation,EU,mix,,net_imports,,2020-11-01,2020-11-30,0.113,TWh,,,primary
ember:monthly:generation,EU,mix,,net_imports,,2020-12-01,2020-12-31,0.845,TWh,,,primary
ember:monthly:generation,EU,mix,,net_imports,,2021-01-01,2021-01-31,2.157,TWh,,,primary
ember:monthly:generation,EU,mix,,net_imports,,2021-02-01,2021-02-28,0.692,TWh,,,primary
ember:monthly:generation,EU,mix,,net_imports,,2021-03-01,2021-03-31,0.619,TWh,,,primary
ember:monthly:generation,EU,mix,,net_imports,,2021-04-01,2021-04-30,0.355,TWh,,,primary
ember:monthly:generation,EU,mix,,net_imports,,2021-05-01,2021-05-31,1.566,TWh,,,primary
ember:monthly:generation,EU,mix,,net_imports,,2021-06-01,2021-06-30,2.213,TWh,,,primary
ember:monthly:generation,EU,mix,,net_imports,,2021-07-01,2021-07-31,1.97,TWh,,,primary
ember:monthly:generation,EU,mix,,net_imports,,2021-08-01,2021-08-31,0.417,TWh,,,primary
ember:monthly:generation,EU,mix,,net_imports,,2021-09-01,2021-09-30,0.61,TWh,,,primary
ember:monthly:generation,EU,mix,,net_imports,,2021-10-01,2021-10-31,-1.496,TWh,,,primary
ember:monthly:generation,EU,mix,,net_imports,,2021-11-01,2021-11-30,-0.115,TWh,,,primary
ember:monthly:generation,EU,mix,,net_imports,,2021-12-01,2021-12-31,-0.045,TWh,,,primary
ember:monthly:generation,EU,mix,,net_imports,,2022-01-01,2022-01-31,-0.686,TWh,,,primary
ember:monthly:generation,EU,mix,,net_imports,,2022-02-01,2022-02-28,-2.048,TWh,,,primary
ember:monthly:generation,EU,mix,,net_imports,,2022-03-01,2022-03-31,0.14,TWh,,,primary
ember:monthly:generation,EU,mix,,net_imports,,2022-04-01,2022-04-30,1.389,TWh,,,primary
ember:monthly:generation,EU,mix,,net_imports,,2022-05-01,2022-05-31,3.445,TWh,,,primary
ember:monthly:generation,EU,mix,,net_imports,,2022-06-01,2022-06-30,4.022,TWh,,,primary
ember:monthly:generation,EU,mix,,net_imports,,2022-07-01,2022-07-31,3.791,TWh,,,primary
ember:monthly:generation,EU,mix,,net_imports,,2022-08-01,2022-08-31,3.138,TWh,,,primary
ember:monthly:generation,EU,mix,,net_imports,,2022-09-01,2022-09-30,1.85,TWh,,,primary
ember:monthly:generation,EU,mix,,net_imports,,2022-10-01,2022-10-31,1.18,TWh,,,primary
ember:monthly:generation,EU,mix,,net_imports,,2022-11-01,2022-11-30,2.31,TWh,,,primary
ember:monthly:generation,EU,mix,,net_imports,,2022-12-01,2022-12-31,-1.016,TWh,,,primary
ember:monthly:generation,EU,mix,,net_imports,,2023-01-01,2023-01-31,-1.849,TWh,,,primary
ember:monthly:generation,EU,mix,,net_imports,,2023-02-01,2023-02-28,-0.836,TWh,,,primary
ember:monthly:generation,EU,mix,,net_imports,,2023-03-01,2023-03-31,-1.049,TWh,,,primary
ember:monthly:generation,EU,mix,,net_imports,,2023-04-01,2023-04-30,-0.659,TWh,,,primary
ember:monthly:generation,EU,mix,,net_imports,,2023-05-01,2023-05-31,-1.167,TWh,,,primary
ember:monthly:generation,EU,mix,,net_imports,,2023-06-01,2023-06-30,2.306,TWh,,,primary
ember:monthly:generation,EU,mix,,net_imports,,2023-07-01,2023-07-31,3.154,TWh,,,primary
ember:monthly:generation,EU,mix,,net_imports,,2023-08-01,2023-08-31,3.222,TWh,,,primary
ember:monthly:generation,EU,mix,,net_imports,,2023-09-01,2023-09-30,3.328,TWh,,,primary
ember:monthly:generation,EU,mix,,net_imports,,2023-10-01,2023-10-31,0.915,TWh,,,primary
ember:monthly:generation,EU,mix,,net_imports,,2023-11-01,2023-11-30,-0.343,TWh,,,primary
ember:monthly:generation,EU,mix,,net_imports,,2023-12-01,2023-12-31,-2.669,TWh,,,primary
ember:monthly:generation,EU,mix,,net_imports,,2024-01-01,2024-01-31,-1.44,TWh,,,primary
ember:monthly:generation,EU,mix,,net_imports,,2024-02-01,2024-02-29,-1.59,TWh,,,primary
ember:monthly:generation,EU,mix,,net_imports,,2024-03-01,2024-03-31,-1.391,TWh,,,primary
ember:monthly:generation,EU,mix,,net_imports,,2024-04-01,2024-04-30,-0.828,TWh,,,primary
ember:monthly:generation,EU,mix,,net_imports,,2024-05-01,2024-05-31,-1.219,TWh,,,primary
ember:monthly:generation,EU,mix,,net_imports,,2024-06-01,2024-06-30,-0.478,TWh,,,primary
ember:monthly:generation,EU,mix,,net_imports,,2024-07-01,2024-07-31,0.754,TWh,,,primary
ember:monthly:generation,EU,mix,,net_imports,,2024-08-01,2024-08-31,1.391,TWh,,,primary
ember:monthly:generation,EU,mix,,net_imports,,2024-09-01,2024-09-30,-0.43,TWh,,,primary
ember:monthly:generation,EU,mix,,net_imports,,2024-10-01,2024-10-31,0.298,TWh,,,primary
ember:monthly:generation,EU,mix,,net_imports,,2024-11-01,2024-11-30,-1.009,TWh,,,primary
ember:monthly:generation,EU,mix,,net_imports,,2024-12-01,2024-12-31,-1.908,TWh,,,primary
ember:monthly:generation,EU,mix,,net_imports,,2025-01-01,2025-01-31,-1.397,TWh,,,primary
ember:monthly:generation,EU,mix,,net_imports,,2025-02-01,2025-02-28,-0.323,TWh,,,primary
ember:monthly:generation,EU,mix,,net_imports,,2025-03-01,2025-03-31,-2.671,TWh,,,primary
ember:monthly:generation,EU,mix,,net_imports,,2025-04-01,2025-04-30,-1.403,TWh,,,primary
ember:monthly:generation,EU,mix,,net_imports,,2025-05-01,2025-05-31,-1.589,TWh,,,primary
ember:monthly:generation,EU,mix,,net_imports,,2025-06-01,2025-06-30,-0.047,TWh,,,primary
ember:monthly:generation,EU,mix,,net_imports,,2025-07-01,2025-07-31,-0.97,TWh,,,primary
ember:monthly:generation,EU,mix,,net_imports,,2025-08-01,2025-08-31,-1.543,TWh,,,primary
ember:monthly:generation,EU,mix,,net_imports,,2025-09-01,2025-09-30,-0.338,TWh,,,primary
ember:monthly:generation,EU,mix,,net_imports,,2025-10-01,2025-10-31,-2.342,TWh,,,primary
ember:monthly:generation,EU,mix,,net_imports,,2025-11-01,2025-11-30,-1.499,TWh,,,primary
ember:monthly:generation,EU,mix,,net_imports,,2025-12-01,2025-12-31,-4.003,TWh,,,primary
ember:monthly:generation,EU,mix,,net_imports,,2026-01-01,2026-01-31,-3.367,TWh,,,primary
ember:monthly:generation,EU,mix,,net_imports,,2026-02-01,2026-02-28,-4.32,TWh,,,primary
ember:monthly:generation,EU,mix,,net_imports,,2026-03-01,2026-03-31,-5.485,TWh,,,primary
ember:monthly:generation,EU,mix,,net_imports,,2026-04-01,2026-04-30,-3.493,TWh,,,primary
ember:monthly:generation,EU,mix,,net_imports,,2026-05-01,2026-05-31,-2.946,TWh,,,primary
ember:monthly:generation,EU,mix,,net_imports,,2026-06-01,2026-06-30,-0.654,TWh,,,primary
ember:monthly:generation,EU,mix,,net_imports,,2026-07-01,2026-07-31,-2.193,TWh,,,primary
ember:monthly:generation,EU,mix,,net_imports,,2026-08-01,2026-08-31,-2.204,TWh,,,primary
ember:monthly:generation,EU,mix,,nuclear,,2016-01-01,2016-01-31,74.666,TWh,,,primary
ember:monthly:generation,EU,mix,,nuclear,,2016-02-01,2016-02-29,67.727,TWh,,,primary
ember:monthly:generation,EU,mix,,nuclear,,2016-03-01,2016-03-31,70.804,TWh,,,primary
ember:monthly:generation,EU,mix,,nuclear,,2016-04-01,2016-04-30,59.767,TWh,,,primary
ember:monthly:generation,EU,mix,,nuclear,,2016-05-01,2016-05-31,53.897,TWh,,,primary
ember:monthly:generation,EU,mix,,nuclear,,2016-06-01,2016-06-30,53.383,TWh,,,primary
ember:monthly:generation,EU,mix,,nuclear,,2016-07-01,2016-07-31,57.383,TWh,,,primary
ember:monthly:generation,EU,mix,,nuclear,,2016-08-01,2016-08-31,56.711,TWh,,,primary
ember:monthly:generation,EU,mix,,nuclear,,2016-09-01,2016-09-30,54.411,TWh,,,primary
ember:monthly:generation,EU,mix,,nuclear,,2016-10-01,2016-10-31,57.021,TWh,,,primary
ember:monthly:generation,EU,mix,,nuclear,,2016-11-01,2016-11-30,59.365,TWh,,,primary
ember:monthly:generation,EU,mix,,nuclear,,2016-12-01,2016-12-31,66.818,TWh,,,primary
ember:monthly:generation,EU,mix,,nuclear,,2017-01-01,2017-01-31,72.333,TWh,,,primary
ember:monthly:generation,EU,mix,,nuclear,,2017-02-01,2017-02-28,61.558,TWh,,,primary
ember:monthly:generation,EU,mix,,nuclear,,2017-03-01,2017-03-31,64.831,TWh,,,primary
ember:monthly:generation,EU,mix,,nuclear,,2017-04-01,2017-04-30,59.271,TWh,,,primary
ember:monthly:generation,EU,mix,,nuclear,,2017-05-01,2017-05-31,56.104,TWh,,,primary
ember:monthly:generation,EU,mix,,nuclear,,2017-06-01,2017-06-30,53.358,TWh,,,primary
ember:monthly:generation,EU,mix,,nuclear,,2017-07-01,2017-07-31,55.103,TWh,,,primary
ember:monthly:generation,EU,mix,,nuclear,,2017-08-01,2017-08-31,57.98,TWh,,,primary
ember:monthly:generation,EU,mix,,nuclear,,2017-09-01,2017-09-30,56.617,TWh,,,primary
ember:monthly:generation,EU,mix,,nuclear,,2017-10-01,2017-10-31,56.563,TWh,,,primary
ember:monthly:generation,EU,mix,,nuclear,,2017-11-01,2017-11-30,59.845,TWh,,,primary
ember:monthly:generation,EU,mix,,nuclear,,2017-12-01,2017-12-31,70.237,TWh,,,primary
ember:monthly:generation,EU,mix,,nuclear,,2018-01-01,2018-01-31,72.693,TWh,,,primary
ember:monthly:generation,EU,mix,,nuclear,,2018-02-01,2018-02-28,65.58,TWh,,,primary
ember:monthly:generation,EU,mix,,nuclear,,2018-03-01,2018-03-31,66.945,TWh,,,primary
ember:monthly:generation,EU,mix,,nuclear,,2018-04-01,2018-04-30,56.939,TWh,,,primary
ember:monthly:generation,EU,mix,,nuclear,,2018-05-01,2018-05-31,54.487,TWh,,,primary
ember:monthly:generation,EU,mix,,nuclear,,2018-06-01,2018-06-30,54.283,TWh,,,primary
ember:monthly:generation,EU,mix,,nuclear,,2018-07-01,2018-07-31,57.954,TWh,,,primary
ember:monthly:generation,EU,mix,,nuclear,,2018-08-01,2018-08-31,54.838,TWh,,,primary
ember:monthly:generation,EU,mix,,nuclear,,2018-09-01,2018-09-30,55.114,TWh,,,primary
ember:monthly:generation,EU,mix,,nuclear,,2018-10-01,2018-10-31,58.861,TWh,,,primary
ember:monthly:generation,EU,mix,,nuclear,,2018-11-01,2018-11-30,59.72,TWh,,,primary
ember:monthly:generation,EU,mix,,nuclear,,2018-12-01,2018-12-31,68.657,TWh,,,primary
ember:monthly:generation,EU,mix,,nuclear,,2019-01-01,2019-01-31,71.85,TWh,,,primary
ember:monthly:generation,EU,mix,,nuclear,,2019-02-01,2019-02-28,64.91,TWh,,,primary
ember:monthly:generation,EU,mix,,nuclear,,2019-03-01,2019-03-31,66.771,TWh,,,primary
ember:monthly:generation,EU,mix,,nuclear,,2019-04-01,2019-04-30,60.605,TWh,,,primary
ember:monthly:generation,EU,mix,,nuclear,,2019-05-01,2019-05-31,57.723,TWh,,,primary
ember:monthly:generation,EU,mix,,nuclear,,2019-06-01,2019-06-30,55.229,TWh,,,primary
ember:monthly:generation,EU,mix,,nuclear,,2019-07-01,2019-07-31,57.986,TWh,,,primary
ember:monthly:generation,EU,mix,,nuclear,,2019-08-01,2019-08-31,57.297,TWh,,,primary
ember:monthly:generation,EU,mix,,nuclear,,2019-09-01,2019-09-30,55.849,TWh,,,primary
ember:monthly:generation,EU,mix,,nuclear,,2019-10-01,2019-10-31,58.836,TWh,,,primary
ember:monthly:generation,EU,mix,,nuclear,,2019-11-01,2019-11-30,58.674,TWh,,,primary
ember:monthly:generation,EU,mix,,nuclear,,2019-12-01,2019-12-31,64.309,TWh,,,primary
ember:monthly:generation,EU,mix,,nuclear,,2020-01-01,2020-01-31,68.052,TWh,,,primary
ember:monthly:generation,EU,mix,,nuclear,,2020-02-01,2020-02-29,60.574,TWh,,,primary
ember:monthly:generation,EU,mix,,nuclear,,2020-03-01,2020-03-31,59.791,TWh,,,primary
ember:monthly:generation,EU,mix,,nuclear,,2020-04-01,2020-04-30,51.595,TWh,,,primary
ember:monthly:generation,EU,mix,,nuclear,,2020-05-01,2020-05-31,47.885,TWh,,,primary
ember:monthly:generation,EU,mix,,nuclear,,2020-06-01,2020-06-30,43.963,TWh,,,primary
ember:monthly:generation,EU,mix,,nuclear,,2020-07-01,2020-07-31,47.282,TWh,,,primary
ember:monthly:generation,EU,mix,,nuclear,,2020-08-01,2020-08-31,48.023,TWh,,,primary
ember:monthly:generation,EU,mix,,nuclear,,2020-09-01,2020-09-30,47.406,TWh,,,primary
ember:monthly:generation,EU,mix,,nuclear,,2020-10-01,2020-10-31,54.222,TWh,,,primary
ember:monthly:generation,EU,mix,,nuclear,,2020-11-01,2020-11-30,57.758,TWh,,,primary
ember:monthly:generation,EU,mix,,nuclear,,2020-12-01,2020-12-31,63.94,TWh,,,primary
ember:monthly:generation,EU,mix,,nuclear,,2021-01-01,2021-01-31,67.989,TWh,,,primary
ember:monthly:generation,EU,mix,,nuclear,,2021-02-01,2021-02-28,58.628,TWh,,,primary
ember:monthly:generation,EU,mix,,nuclear,,2021-03-01,2021-03-31,62.079,TWh,,,primary
ember:monthly:generation,EU,mix,,nuclear,,2021-04-01,2021-04-30,54.052,TWh,,,primary
ember:monthly:generation,EU,mix,,nuclear,,2021-05-01,2021-05-31,52.997,TWh,,,primary
ember:monthly:generation,EU,mix,,nuclear,,2021-06-01,2021-06-30,52.671,TWh,,,primary
ember:monthly:generation,EU,mix,,nuclear,,2021-07-01,2021-07-31,56.691,TWh,,,primary
ember:monthly:generation,EU,mix,,nuclear,,2021-08-01,2021-08-31,57.411,TWh,,,primary
ember:monthly:generation,EU,mix,,nuclear,,2021-09-01,2021-09-30,56.528,TWh,,,primary
ember:monthly:generation,EU,mix,,nuclear,,2021-10-01,2021-10-31,59.315,TWh,,,primary
ember:monthly:generation,EU,mix,,nuclear,,2021-11-01,2021-11-30,58.591,TWh,,,primary
ember:monthly:generation,EU,mix,,nuclear,,2021-12-01,2021-12-31,61.192,TWh,,,primary
ember:monthly:generation,EU,mix,,nuclear,,2022-01-01,2022-01-31,63.607,TWh,,,primary
ember:monthly:generation,EU,mix,,nuclear,,2022-02-01,2022-02-28,54.742,TWh,,,primary
ember:monthly:generation,EU,mix,,nuclear,,2022-03-01,2022-03-31,54.468,TWh,,,primary
ember:monthly:generation,EU,mix,,nuclear,,2022-04-01,2022-04-30,47.327,TWh,,,primary
ember:monthly:generation,EU,mix,,nuclear,,2022-05-01,2022-05-31,42.713,TWh,,,primary
ember:monthly:generation,EU,mix,,nuclear,,2022-06-01,2022-06-30,42.673,TWh,,,primary
ember:monthly:generation,EU,mix,,nuclear,,2022-07-01,2022-07-31,43.901,TWh,,,primary
ember:monthly:generation,EU,mix,,nuclear,,2022-08-01,2022-08-31,43.287,TWh,,,primary
ember:monthly:generation,EU,mix,,nuclear,,2022-09-01,2022-09-30,42.885,TWh,,,primary
ember:monthly:generation,EU,mix,,nuclear,,2022-10-01,2022-10-31,43.58,TWh,,,primary
ember:monthly:generation,EU,mix,,nuclear,,2022-11-01,2022-11-30,46.358,TWh,,,primary
ember:monthly:generation,EU,mix,,nuclear,,2022-12-01,2022-12-31,54.353,TWh,,,primary
ember:monthly:generation,EU,mix,,nuclear,,2023-01-01,2023-01-31,57.116,TWh,,,primary
ember:monthly:generation,EU,mix,,nuclear,,2023-02-01,2023-02-28,51.731,TWh,,,primary
ember:monthly:generation,EU,mix,,nuclear,,2023-03-01,2023-03-31,51.133,TWh,,,primary
ember:monthly:generation,EU,mix,,nuclear,,2023-04-01,2023-04-30,47.374,TWh,,,primary
ember:monthly:generation,EU,mix,,nuclear,,2023-05-01,2023-05-31,43.462,TWh,,,primary
ember:monthly:generation,EU,mix,,nuclear,,2023-06-01,2023-06-30,42.924,TWh,,,primary
ember:monthly:generation,EU,mix,,nuclear,,2023-07-01,2023-07-31,47.016,TWh,,,primary
ember:monthly:generation,EU,mix,,nuclear,,2023-08-01,2023-08-31,46.0,TWh,,,primary
ember:monthly:generation,EU,mix,,nuclear,,2023-09-01,2023-09-30,46.773,TWh,,,primary
ember:monthly:generation,EU,mix,,nuclear,,2023-10-01,2023-10-31,49.491,TWh,,,primary
ember:monthly:generation,EU,mix,,nuclear,,2023-11-01,2023-11-30,49.788,TWh,,,primary
ember:monthly:generation,EU,mix,,nuclear,,2023-12-01,2023-12-31,56.359,TWh,,,primary
ember:monthly:generation,EU,mix,,nuclear,,2024-01-01,2024-01-31,61.191,TWh,,,primary
ember:monthly:generation,EU,mix,,nuclear,,2024-02-01,2024-02-29,53.851,TWh,,,primary
ember:monthly:generation,EU,mix,,nuclear,,2024-03-01,2024-03-31,51.237,TWh,,,primary
ember:monthly:generation,EU,mix,,nuclear,,2024-04-01,2024-04-30,45.315,TWh,,,primary
ember:monthly:generation,EU,mix,,nuclear,,2024-05-01,2024-05-31,45.769,TWh,,,primary
ember:monthly:generation,EU,mix,,nuclear,,2024-06-01,2024-06-30,45.528,TWh,,,primary
ember:monthly:generation,EU,mix,,nuclear,,2024-07-01,2024-07-31,51.197,TWh,,,primary
ember:monthly:generation,EU,mix,,nuclear,,2024-08-01,2024-08-31,51.614,TWh,,,primary
ember:monthly:generation,EU,mix,,nuclear,,2024-09-01,2024-09-30,48.184,TWh,,,primary
ember:monthly:generation,EU,mix,,nuclear,,2024-10-01,2024-10-31,51.364,TWh,,,primary
ember:monthly:generation,EU,mix,,nuclear,,2024-11-01,2024-11-30,53.224,TWh,,,primary
ember:monthly:generation,EU,mix,,nuclear,,2024-12-01,2024-12-31,59.968,TWh,,,primary
ember:monthly:generation,EU,mix,,nuclear,,2025-01-01,2025-01-31,63.196,TWh,,,primary
ember:monthly:generation,EU,mix,,nuclear,,2025-02-01,2025-02-28,54.537,TWh,,,primary
ember:monthly:generation,EU,mix,,nuclear,,2025-03-01,2025-03-31,54.794,TWh,,,primary
ember:monthly:generation,EU,mix,,nuclear,,2025-04-01,2025-04-30,45.03,TWh,,,primary
ember:monthly:generation,EU,mix,,nuclear,,2025-05-01,2025-05-31,43.662,TWh,,,primary
ember:monthly:generation,EU,mix,,nuclear,,2025-06-01,2025-06-30,44.713,TWh,,,primary
ember:monthly:generation,EU,mix,,nuclear,,2025-07-01,2025-07-31,49.797,TWh,,,primary
ember:monthly:generation,EU,mix,,nuclear,,2025-08-01,2025-08-31,49.384,TWh,,,primary
ember:monthly:generation,EU,mix,,nuclear,,2025-09-01,2025-09-30,48.824,TWh,,,primary
ember:monthly:generation,EU,mix,,nuclear,,2025-10-01,2025-10-31,50.263,TWh,,,primary
ember:monthly:generation,EU,mix,,nuclear,,2025-11-01,2025-11-30,54.717,TWh,,,primary
ember:monthly:generation,EU,mix,,nuclear,,2025-12-01,2025-12-31,62.274,TWh,,,primary
ember:monthly:generation,EU,mix,,nuclear,,2026-01-01,2026-01-31,62.022,TWh,,,primary
ember:monthly:generation,EU,mix,,nuclear,,2026-02-01,2026-02-28,53.078,TWh,,,primary
ember:monthly:generation,EU,mix,,nuclear,,2026-03-01,2026-03-31,53.505,TWh,,,primary
ember:monthly:generation,EU,mix,,nuclear,,2026-04-01,2026-04-30,46.857,TWh,,,primary
ember:monthly:generation,EU,mix,,nuclear,,2026-05-01,2026-05-31,44.071,TWh,,,primary
ember:monthly:generation,EU,mix,,nuclear,,2026-06-01,2026-06-30,44.398,TWh,,,primary
ember:monthly:generation,EU,mix,,nuclear,,2026-07-01,2026-07-31,48.805,TWh,,,primary
ember:monthly:generation,EU,mix,,nuclear,,2026-08-01,2026-08-31,43.601,TWh,,,primary
ember:monthly:generation,EU,mix,,other_fossil,,2016-01-01,2016-01-31,9.177,TWh,,,primary
ember:monthly:generation,EU,mix,,other_fossil,,2016-02-01,2016-02-29,7.801,TWh,,,primary
ember:monthly:generation,EU,mix,,other_fossil,,2016-03-01,2016-03-31,8.216,TWh,,,primary
ember:monthly:generation,EU,mix,,other_fossil,,2016-04-01,2016-04-30,7.098,TWh,,,primary
ember:monthly:generation,EU,mix,,other_fossil,,2016-05-01,2016-05-31,6.998,TWh,,,primary
ember:monthly:generation,EU,mix,,other_fossil,,2016-06-01,2016-06-30,6.817,TWh,,,primary
ember:monthly:generation,EU,mix,,other_fossil,,2016-07-01,2016-07-31,7.265,TWh,,,primary
ember:monthly:generation,EU,mix,,other_fossil,,2016-08-01,2016-08-31,7.571,TWh,,,primary
ember:monthly:generation,EU,mix,,other_fossil,,2016-09-01,2016-09-30,7.688,TWh,,,primary
ember:monthly:generation,EU,mix,,other_fossil,,2016-10-01,2016-10-31,8.575,TWh,,,primary
ember:monthly:generation,EU,mix,,other_fossil,,2016-11-01,2016-11-30,8.652,TWh,,,primary
ember:monthly:generation,EU,mix,,other_fossil,,2016-12-01,2016-12-31,8.836,TWh,,,primary
ember:monthly:generation,EU,mix,,other_fossil,,2017-01-01,2017-01-31,9.776,TWh,,,primary
ember:monthly:generation,EU,mix,,other_fossil,,2017-02-01,2017-02-28,8.21,TWh,,,primary
ember:monthly:generation,EU,mix,,other_fossil,,2017-03-01,2017-03-31,8.442,TWh,,,primary
ember:monthly:generation,EU,mix,,other_fossil,,2017-04-01,2017-04-30,7.498,TWh,,,primary
ember:monthly:generation,EU,mix,,other_fossil,,2017-05-01,2017-05-31,7.513,TWh,,,primary
ember:monthly:generation,EU,mix,,other_fossil,,2017-06-01,2017-06-30,7.025,TWh,,,primary
ember:monthly:generation,EU,mix,,other_fossil,,2017-07-01,2017-07-31,7.492,TWh,,,primary
ember:monthly:generation,EU,mix,,other_fossil,,2017-08-01,2017-08-31,7.613,TWh,,,primary
ember:monthly:generation,EU,mix,,other_fossil,,2017-09-01,2017-09-30,7.395,TWh,,,primary
ember:monthly:generation,EU,mix,,other_fossil,,2017-10-01,2017-10-31,7.729,TWh,,,primary
ember:monthly:generation,EU,mix,,other_fossil,,2017-11-01,2017-11-30,8.272,TWh,,,primary
ember:monthly:generation,EU,mix,,other_fossil,,2017-12-01,2017-12-31,8.37,TWh,,,primary
ember:monthly:generation,EU,mix,,other_fossil,,2018-01-01,2018-01-31,8.777,TWh,,,primary
ember:monthly:generation,EU,mix,,other_fossil,,2018-02-01,2018-02-28,7.899,TWh,,,primary
ember:monthly:generation,EU,mix,,other_fossil,,2018-03-01,2018-03-31,8.561,TWh,,,primary
ember:monthly:generation,EU,mix,,other_fossil,,2018-04-01,2018-04-30,7.409,TWh,,,primary
ember:monthly:generation,EU,mix,,other_fossil,,2018-05-01,2018-05-31,7.125,TWh,,,primary
ember:monthly:generation,EU,mix,,other_fossil,,2018-06-01,2018-06-30,6.33,TWh,,,primary
ember:monthly:generation,EU,mix,,other_fossil,,2018-07-01,2018-07-31,7.013,TWh,,,primary
ember:monthly:generation,EU,mix,,other_fossil,,2018-08-01,2018-08-31,7.594,TWh,,,primary
ember:monthly:generation,EU,mix,,other_fossil,,2018-09-01,2018-09-30,7.59,TWh,,,primary
ember:monthly:generation,EU,mix,,other_fossil,,2018-10-01,2018-10-31,7.981,TWh,,,primary
ember:monthly:generation,EU,mix,,other_fossil,,2018-11-01,2018-11-30,8.292,TWh,,,primary
ember:monthly:generation,EU,mix,,other_fossil,,2018-12-01,2018-12-31,8.591,TWh,,,primary
ember:monthly:generation,EU,mix,,other_fossil,,2019-01-01,2019-01-31,9.277,TWh,,,primary
ember:monthly:generation,EU,mix,,other_fossil,,2019-02-01,2019-02-28,7.824,TWh,,,primary
ember:monthly:generation,EU,mix,,other_fossil,,2019-03-01,2019-03-31,7.749,TWh,,,primary
ember:monthly:generation,EU,mix,,other_fossil,,2019-04-01,2019-04-30,7.002,TWh,,,primary
ember:monthly:generation,EU,mix,,other_fossil,,2019-05-01,2019-05-31,6.78,TWh,,,primary
ember:monthly:generation,EU,mix,,other_fossil,,2019-06-01,2019-06-30,5.864,TWh,,,primary
ember:monthly:generation,EU,mix,,other_fossil,,2019-07-01,2019-07-31,6.059,TWh,,,primary
ember:monthly:generation,EU,mix,,other_fossil,,2019-08-01,2019-08-31,6.765,TWh,,,primary
ember:monthly:generation,EU,mix,,other_fossil,,2019-09-01,2019-09-30,6.737,TWh,,,primary
ember:monthly:generation,EU,mix,,other_fossil,,2019-10-01,2019-10-31,7.336,TWh,,,primary
ember:monthly:generation,EU,mix,,other_fossil,,2019-11-01,2019-11-30,7.498,TWh,,,primary
ember:monthly:generation,EU,mix,,other_fossil,,2019-12-01,2019-12-31,7.849,TWh,,,primary
ember:monthly:generation,EU,mix,,other_fossil,,2020-01-01,2020-01-31,7.739,TWh,,,primary
ember:monthly:generation,EU,mix,,other_fossil,,2020-02-01,2020-02-29,6.864,TWh,,,primary
ember:monthly:generation,EU,mix,,other_fossil,,2020-03-01,2020-03-31,7.06,TWh,,,primary
ember:monthly:generation,EU,mix,,other_fossil,,2020-04-01,2020-04-30,6.205,TWh,,,primary
ember:monthly:generation,EU,mix,,other_fossil,,2020-05-01,2020-05-31,6.245,TWh,,,primary
ember:monthly:generation,EU,mix,,other_fossil,,2020-06-01,2020-06-30,5.459,TWh,,,primary
ember:monthly:generation,EU,mix,,other_fossil,,2020-07-01,2020-07-31,5.984,TWh,,,primary
ember:monthly:generation,EU,mix,,other_fossil,,2020-08-01,2020-08-31,6.519,TWh,,,primary
ember:monthly:generation,EU,mix,,other_fossil,,2020-09-01,2020-09-30,6.62,TWh,,,primary
ember:monthly:generation,EU,mix,,other_fossil,,2020-10-01,2020-10-31,6.889,TWh,,,primary
ember:monthly:generation,EU,mix,,other_fossil,,2020-11-01,2020-11-30,6.927,TWh,,,primary
ember:monthly:generation,EU,mix,,other_fossil,,2020-12-01,2020-12-31,7.387,TWh,,,primary
ember:monthly:generation,EU,mix,,other_fossil,,2021-01-01,2021-01-31,8.162,TWh,,,primary
ember:monthly:generation,EU,mix,,other_fossil,,2021-02-01,2021-02-28,7.212,TWh,,,primary
ember:monthly:generation,EU,mix,,other_fossil,,2021-03-01,2021-03-31,7.195,TWh,,,primary
ember:monthly:generation,EU,mix,,other_fossil,,2021-04-01,2021-04-30,6.593,TWh,,,primary
ember:monthly:generation,EU,mix,,other_fossil,,2021-05-01,2021-05-31,6.686,TWh,,,primary
ember:monthly:generation,EU,mix,,other_fossil,,2021-06-01,2021-06-30,6.179,TWh,,,primary
ember:monthly:generation,EU,mix,,other_fossil,,2021-07-01,2021-07-31,6.693,TWh,,,primary
ember:monthly:generation,EU,mix,,other_fossil,,2021-08-01,2021-08-31,6.513,TWh,,,primary
ember:monthly:generation,EU,mix,,other_fossil,,2021-09-01,2021-09-30,6.547,TWh,,,primary
ember:monthly:generation,EU,mix,,other_fossil,,2021-10-01,2021-10-31,7.034,TWh,,,primary
ember:monthly:generation,EU,mix,,other_fossil,,2021-11-01,2021-11-30,7.595,TWh,,,primary
ember:monthly:generation,EU,mix,,other_fossil,,2021-12-01,2021-12-31,8.438,TWh,,,primary
ember:monthly:generation,EU,mix,,other_fossil,,2022-01-01,2022-01-31,8.419,TWh,,,primary
ember:monthly:generation,EU,mix,,other_fossil,,2022-02-01,2022-02-28,7.043,TWh,,,primary
ember:monthly:generation,EU,mix,,other_fossil,,2022-03-01,2022-03-31,8.194,TWh,,,primary
ember:monthly:generation,EU,mix,,other_fossil,,2022-04-01,2022-04-30,6.712,TWh,,,primary
ember:monthly:generation,EU,mix,,other_fossil,,2022-05-01,2022-05-31,6.633,TWh,,,primary
ember:monthly:generation,EU,mix,,other_fossil,,2022-06-01,2022-06-30,6.495,TWh,,,primary
ember:monthly:generation,EU,mix,,other_fossil,,2022-07-01,2022-07-31,6.844,TWh,,,primary
ember:monthly:generation,EU,mix,,other_fossil,,2022-08-01,2022-08-31,6.63,TWh,,,primary
ember:monthly:generation,EU,mix,,other_fossil,,2022-09-01,2022-09-30,6.688,TWh,,,primary
ember:monthly:generation,EU,mix,,other_fossil,,2022-10-01,2022-10-31,6.63,TWh,,,primary
ember:monthly:generation,EU,mix,,other_fossil,,2022-11-01,2022-11-30,7.034,TWh,,,primary
ember:monthly:generation,EU,mix,,other_fossil,,2022-12-01,2022-12-31,7.968,TWh,,,primary
ember:monthly:generation,EU,mix,,other_fossil,,2023-01-01,2023-01-31,7.269,TWh,,,primary
ember:monthly:generation,EU,mix,,other_fossil,,2023-02-01,2023-02-28,6.98,TWh,,,primary
ember:monthly:generation,EU,mix,,other_fossil,,2023-03-01,2023-03-31,7.297,TWh,,,primary
ember:monthly:generation,EU,mix,,other_fossil,,2023-04-01,2023-04-30,6.014,TWh,,,primary
ember:monthly:generation,EU,mix,,other_fossil,,2023-05-01,2023-05-31,5.767,TWh,,,primary
ember:monthly:generation,EU,mix,,other_fossil,,2023-06-01,2023-06-30,4.901,TWh,,,primary
ember:monthly:generation,EU,mix,,other_fossil,,2023-07-01,2023-07-31,5.767,TWh,,,primary
ember:monthly:generation,EU,mix,,other_fossil,,2023-08-01,2023-08-31,6.126,TWh,,,primary
ember:monthly:generation,EU,mix,,other_fossil,,2023-09-01,2023-09-30,6.022,TWh,,,primary
ember:monthly:generation,EU,mix,,other_fossil,,2023-10-01,2023-10-31,6.24,TWh,,,primary
ember:monthly:generation,EU,mix,,other_fossil,,2023-11-01,2023-11-30,6.702,TWh,,,primary
ember:monthly:generation,EU,mix,,other_fossil,,2023-12-01,2023-12-31,7.273,TWh,,,primary
ember:monthly:generation,EU,mix,,other_fossil,,2024-01-01,2024-01-31,7.331,TWh,,,primary
ember:monthly:generation,EU,mix,,other_fossil,,2024-02-01,2024-02-29,6.711,TWh,,,primary
ember:monthly:generation,EU,mix,,other_fossil,,2024-03-01,2024-03-31,6.784,TWh,,,primary
ember:monthly:generation,EU,mix,,other_fossil,,2024-04-01,2024-04-30,5.936,TWh,,,primary
ember:monthly:generation,EU,mix,,other_fossil,,2024-05-01,2024-05-31,5.718,TWh,,,primary
ember:monthly:generation,EU,mix,,other_fossil,,2024-06-01,2024-06-30,6.059,TWh,,,primary
ember:monthly:generation,EU,mix,,other_fossil,,2024-07-01,2024-07-31,6.626,TWh,,,primary
ember:monthly:generation,EU,mix,,other_fossil,,2024-08-01,2024-08-31,6.528,TWh,,,primary
ember:monthly:generation,EU,mix,,other_fossil,,2024-09-01,2024-09-30,6.238,TWh,,,primary
ember:monthly:generation,EU,mix,,other_fossil,,2024-10-01,2024-10-31,6.605,TWh,,,primary
ember:monthly:generation,EU,mix,,other_fossil,,2024-11-01,2024-11-30,7.156,TWh,,,primary
ember:monthly:generation,EU,mix,,other_fossil,,2024-12-01,2024-12-31,7.269,TWh,,,primary
ember:monthly:generation,EU,mix,,other_fossil,,2025-01-01,2025-01-31,6.513,TWh,,,primary
ember:monthly:generation,EU,mix,,other_fossil,,2025-02-01,2025-02-28,6.047,TWh,,,primary
ember:monthly:generation,EU,mix,,other_fossil,,2025-03-01,2025-03-31,6.078,TWh,,,primary
ember:monthly:generation,EU,mix,,other_fossil,,2025-04-01,2025-04-30,5.655,TWh,,,primary
ember:monthly:generation,EU,mix,,other_fossil,,2025-05-01,2025-05-31,5.432,TWh,,,primary
ember:monthly:generation,EU,mix,,other_fossil,,2025-06-01,2025-06-30,5.318,TWh,,,primary
ember:monthly:generation,EU,mix,,other_fossil,,2025-07-01,2025-07-31,5.67,TWh,,,primary
ember:monthly:generation,EU,mix,,other_fossil,,2025-08-01,2025-08-31,5.526,TWh,,,primary
ember:monthly:generation,EU,mix,,other_fossil,,2025-09-01,2025-09-30,5.23,TWh,,,primary
ember:monthly:generation,EU,mix,,other_fossil,,2025-10-01,2025-10-31,6.391,TWh,,,primary
ember:monthly:generation,EU,mix,,other_fossil,,2025-11-01,2025-11-30,6.618,TWh,,,primary
ember:monthly:generation,EU,mix,,other_fossil,,2025-12-01,2025-12-31,6.955,TWh,,,primary
ember:monthly:generation,EU,mix,,other_fossil,,2026-01-01,2026-01-31,7.412,TWh,,,primary
ember:monthly:generation,EU,mix,,other_fossil,,2026-02-01,2026-02-28,6.597,TWh,,,primary
ember:monthly:generation,EU,mix,,other_fossil,,2026-03-01,2026-03-31,6.769,TWh,,,primary
ember:monthly:generation,EU,mix,,other_fossil,,2026-04-01,2026-04-30,5.768,TWh,,,primary
ember:monthly:generation,EU,mix,,other_fossil,,2026-05-01,2026-05-31,5.555,TWh,,,primary
ember:monthly:generation,EU,mix,,other_fossil,,2026-06-01,2026-06-30,5.129,TWh,,,primary
ember:monthly:generation,EU,mix,,other_fossil,,2026-07-01,2026-07-31,6.007,TWh,,,primary
ember:monthly:generation,EU,mix,,other_fossil,,2026-08-01,2026-08-31,6.098,TWh,,,primary
ember:monthly:generation,EU,mix,,other_renewables,,2016-01-01,2016-01-31,1.513,TWh,,,primary
ember:monthly:generation,EU,mix,,other_renewables,,2016-02-01,2016-02-29,1.353,TWh,,,primary
ember:monthly:generation,EU,mix,,other_renewables,,2016-03-01,2016-03-31,1.382,TWh,,,primary
ember:monthly:generation,EU,mix,,other_renewables,,2016-04-01,2016-04-30,1.284,TWh,,,primary
ember:monthly:generation,EU,mix,,other_renewables,,2016-05-01,2016-05-31,1.317,TWh,,,primary
ember:monthly:generation,EU,mix,,other_renewables,,2016-06-01,2016-06-30,1.232,TWh,,,primary
ember:monthly:generation,EU,mix,,other_renewables,,2016-07-01,2016-07-31,1.339,TWh,,,primary
ember:monthly:generation,EU,mix,,other_renewables,,2016-08-01,2016-08-31,1.364,TWh,,,primary
ember:monthly:generation,EU,mix,,other_renewables,,2016-09-01,2016-09-30,1.164,TWh,,,primary
ember:monthly:generation,EU,mix,,other_renewables,,2016-10-01,2016-10-31,1.47,TWh,,,primary
ember:monthly:generation,EU,mix,,other_renewables,,2016-11-01,2016-11-30,1.324,TWh,,,primary
ember:monthly:generation,EU,mix,,other_renewables,,2016-12-01,2016-12-31,1.406,TWh,,,primary
ember:monthly:generation,EU,mix,,other_renewables,,2017-01-01,2017-01-31,1.542,TWh,,,primary
ember:monthly:generation,EU,mix,,other_renewables,,2017-02-01,2017-02-28,1.317,TWh,,,primary
ember:monthly:generation,EU,mix,,other_renewables,,2017-03-01,2017-03-31,1.452,TWh,,,primary
ember:monthly:generation,EU,mix,,other_renewables,,2017-04-01,2017-04-30,1.485,TWh,,,primary
ember:monthly:generation,EU,mix,,other_renewables,,2017-05-01,2017-05-31,1.526,TWh,,,primary
ember:monthly:generation,EU,mix,,other_renewables,,2017-06-01,2017-06-30,1.399,TWh,,,primary
ember:monthly:generation,EU,mix,,other_renewables,,2017-07-01,2017-07-31,1.5,TWh,,,primary
ember:monthly:generation,EU,mix,,other_renewables,,2017-08-01,2017-08-31,1.44,TWh,,,primary
ember:monthly:generation,EU,mix,,other_renewables,,2017-09-01,2017-09-30,1.463,TWh,,,primary
ember:monthly:generation,EU,mix,,other_renewables,,2017-10-01,2017-10-31,1.414,TWh,,,primary
ember:monthly:generation,EU,mix,,other_renewables,,2017-11-01,2017-11-30,1.483,TWh,,,primary
ember:monthly:generation,EU,mix,,other_renewables,,2017-12-01,2017-12-31,1.387,TWh,,,primary
ember:monthly:generation,EU,mix,,other_renewables,,2018-01-01,2018-01-31,1.178,TWh,,,primary
ember:monthly:generation,EU,mix,,other_renewables,,2018-02-01,2018-02-28,1.062,TWh,,,primary
ember:monthly:generation,EU,mix,,other_renewables,,2018-03-01,2018-03-31,1.169,TWh,,,primary
ember:monthly:generation,EU,mix,,other_renewables,,2018-04-01,2018-04-30,1.099,TWh,,,primary
ember:monthly:generation,EU,mix,,other_renewables,,2018-05-01,2018-05-31,1.119,TWh,,,primary
ember:monthly:generation,EU,mix,,other_renewables,,2018-06-01,2018-06-30,0.987,TWh,,,primary
ember:monthly:generation,EU,mix,,other_renewables,,2018-07-01,2018-07-31,1.059,TWh,,,primary
ember:monthly:generation,EU,mix,,other_renewables,,2018-08-01,2018-08-31,1.057,TWh,,,primary
ember:monthly:generation,EU,mix,,other_renewables,,2018-09-01,2018-09-30,1.038,TWh,,,primary
ember:monthly:generation,EU,mix,,other_renewables,,2018-10-01,2018-10-31,1.096,TWh,,,primary
ember:monthly:generation,EU,mix,,other_renewables,,2018-11-01,2018-11-30,1.062,TWh,,,primary
ember:monthly:generation,EU,mix,,other_renewables,,2018-12-01,2018-12-31,1.115,TWh,,,primary
ember:monthly:generation,EU,mix,,other_renewables,,2019-01-01,2019-01-31,1.214,TWh,,,primary
ember:monthly:generation,EU,mix,,other_renewables,,2019-02-01,2019-02-28,1.075,TWh,,,primary
ember:monthly:generation,EU,mix,,other_renewables,,2019-03-01,2019-03-31,1.189,TWh,,,primary
ember:monthly:generation,EU,mix,,other_renewables,,2019-04-01,2019-04-30,1.159,TWh,,,primary
ember:monthly:generation,EU,mix,,other_renewables,,2019-05-01,2019-05-31,1.172,TWh,,,primary
ember:monthly:generation,EU,mix,,other_renewables,,2019-06-01,2019-06-30,0.961,TWh,,,primary
ember:monthly:generation,EU,mix,,other_renewables,,2019-07-01,2019-07-31,1.102,TWh,,,primary
ember:monthly:generation,EU,mix,,other_renewables,,2019-08-01,2019-08-31,1.095,TWh,,,primary
ember:monthly:generation,EU,mix,,other_renewables,,2019-09-01,2019-09-30,1.079,TWh,,,primary
ember:monthly:generation,EU,mix,,other_renewables,,2019-10-01,2019-10-31,1.117,TWh,,,primary
ember:monthly:generation,EU,mix,,other_renewables,,2019-11-01,2019-11-30,1.095,TWh,,,primary
ember:monthly:generation,EU,mix,,other_renewables,,2019-12-01,2019-12-31,1.118,TWh,,,primary
ember:monthly:generation,EU,mix,,other_renewables,,2020-01-01,2020-01-31,1.149,TWh,,,primary
ember:monthly:generation,EU,mix,,other_renewables,,2020-02-01,2020-02-29,1.085,TWh,,,primary
ember:monthly:generation,EU,mix,,other_renewables,,2020-03-01,2020-03-31,1.157,TWh,,,primary
ember:monthly:generation,EU,mix,,other_renewables,,2020-04-01,2020-04-30,1.104,TWh,,,primary
ember:monthly:generation,EU,mix,,other_renewables,,2020-05-01,2020-05-31,1.109,TWh,,,primary
ember:monthly:generation,EU,mix,,other_renewables,,2020-06-01,2020-06-30,1.013,TWh,,,primary
ember:monthly:generation,EU,mix,,other_renewables,,2020-07-01,2020-07-31,1.081,TWh,,,primary
ember:monthly:generation,EU,mix,,other_renewables,,2020-08-01,2020-08-31,1.088,TWh,,,primary
ember:monthly:generation,EU,mix,,other_renewables,,2020-09-01,2020-09-30,1.073,TWh,,,primary
ember:monthly:generation,EU,mix,,other_renewables,,2020-10-01,2020-10-31,1.13,TWh,,,primary
ember:monthly:generation,EU,mix,,other_renewables,,2020-11-01,2020-11-30,1.101,TWh,,,primary
ember:monthly:generation,EU,mix,,other_renewables,,2020-12-01,2020-12-31,1.14,TWh,,,primary
ember:monthly:generation,EU,mix,,other_renewables,,2021-01-01,2021-01-31,1.133,TWh,,,primary
ember:monthly:generation,EU,mix,,other_renewables,,2021-02-01,2021-02-28,1.026,TWh,,,primary
ember:monthly:generation,EU,mix,,other_renewables,,2021-03-01,2021-03-31,1.15,TWh,,,primary
ember:monthly:generation,EU,mix,,other_renewables,,2021-04-01,2021-04-30,1.081,TWh,,,primary
ember:monthly:generation,EU,mix,,other_renewables,,2021-05-01,2021-05-31,1.106,TWh,,,primary
ember:monthly:generation,EU,mix,,other_renewables,,2021-06-01,2021-06-30,1.061,TWh,,,primary
ember:monthly:generation,EU,mix,,other_renewables,,2021-07-01,2021-07-31,1.099,TWh,,,primary
ember:monthly:generation,EU,mix,,other_renewables,,2021-08-01,2021-08-31,1.087,TWh,,,primary
ember:monthly:generation,EU,mix,,other_renewables,,2021-09-01,2021-09-30,1.068,TWh,,,primary
ember:monthly:generation,EU,mix,,other_renewables,,2021-10-01,2021-10-31,1.11,TWh,,,primary
ember:monthly:generation,EU,mix,,other_renewables,,2021-11-01,2021-11-30,1.082,TWh,,,primary
ember:monthly:generation,EU,mix,,other_renewables,,2021-12-01,2021-12-31,1.116,TWh,,,primary
ember:monthly:generation,EU,mix,,other_renewables,,2022-01-01,2022-01-31,1.141,TWh,,,primary
ember:monthly:generation,EU,mix,,other_renewables,,2022-02-01,2022-02-28,1.035,TWh,,,primary
ember:monthly:generation,EU,mix,,other_renewables,,2022-03-01,2022-03-31,1.142,TWh,,,primary
ember:monthly:generation,EU,mix,,other_renewables,,2022-04-01,2022-04-30,1.091,TWh,,,primary
ember:monthly:generation,EU,mix,,other_renewables,,2022-05-01,2022-05-31,1.113,TWh,,,primary
ember:monthly:generation,EU,mix,,other_renewables,,2022-06-01,2022-06-30,1.028,TWh,,,primary
ember:monthly:generation,EU,mix,,other_renewables,,2022-07-01,2022-07-31,1.062,TWh,,,primary
ember:monthly:generation,EU,mix,,other_renewables,,2022-08-01,2022-08-31,1.054,TWh,,,primary
ember:monthly:generation,EU,mix,,other_renewables,,2022-09-01,2022-09-30,1.035,TWh,,,primary
ember:monthly:generation,EU,mix,,other_renewables,,2022-10-01,2022-10-31,1.076,TWh,,,primary
ember:monthly:generation,EU,mix,,other_renewables,,2022-11-01,2022-11-30,1.043,TWh,,,primary
ember:monthly:generation,EU,mix,,other_renewables,,2022-12-01,2022-12-31,1.076,TWh,,,primary
ember:monthly:generation,EU,mix,,other_renewables,,2023-01-01,2023-01-31,1.057,TWh,,,primary
ember:monthly:generation,EU,mix,,other_renewables,,2023-02-01,2023-02-28,0.963,TWh,,,primary
ember:monthly:generation,EU,mix,,other_renewables,,2023-03-01,2023-03-31,1.044,TWh,,,primary
ember:monthly:generation,EU,mix,,other_renewables,,2023-04-01,2023-04-30,1.021,TWh,,,primary
ember:monthly:generation,EU,mix,,other_renewables,,2023-05-01,2023-05-31,1.051,TWh,,,primary
ember:monthly:generation,EU,mix,,other_renewables,,2023-06-01,2023-06-30,0.992,TWh,,,primary
ember:monthly:generation,EU,mix,,other_renewables,,2023-07-01,2023-07-31,1.016,TWh,,,primary
ember:monthly:generation,EU,mix,,other_renewables,,2023-08-01,2023-08-31,1.003,TWh,,,primary
ember:monthly:generation,EU,mix,,other_renewables,,2023-09-01,2023-09-30,0.99,TWh,,,primary
ember:monthly:generation,EU,mix,,other_renewables,,2023-10-01,2023-10-31,1.052,TWh,,,primary
ember:monthly:generation,EU,mix,,other_renewables,,2023-11-01,2023-11-30,1.027,TWh,,,primary
ember:monthly:generation,EU,mix,,other_renewables,,2023-12-01,2023-12-31,1.061,TWh,,,primary
ember:monthly:generation,EU,mix,,other_renewables,,2024-01-01,2024-01-31,1.07,TWh,,,primary
ember:monthly:generation,EU,mix,,other_renewables,,2024-02-01,2024-02-29,1.013,TWh,,,primary
ember:monthly:generation,EU,mix,,other_renewables,,2024-03-01,2024-03-31,1.07,TWh,,,primary
ember:monthly:generation,EU,mix,,other_renewables,,2024-04-01,2024-04-30,1.019,TWh,,,primary
ember:monthly:generation,EU,mix,,other_renewables,,2024-05-01,2024-05-31,1.031,TWh,,,primary
ember:monthly:generation,EU,mix,,other_renewables,,2024-06-01,2024-06-30,0.982,TWh,,,primary
ember:monthly:generation,EU,mix,,other_renewables,,2024-07-01,2024-07-31,1.018,TWh,,,primary
ember:monthly:generation,EU,mix,,other_renewables,,2024-08-01,2024-08-31,1.015,TWh,,,primary
ember:monthly:generation,EU,mix,,other_renewables,,2024-09-01,2024-09-30,1.011,TWh,,,primary
ember:monthly:generation,EU,mix,,other_renewables,,2024-10-01,2024-10-31,1.06,TWh,,,primary
ember:monthly:generation,EU,mix,,other_renewables,,2024-11-01,2024-11-30,1.038,TWh,,,primary
ember:monthly:generation,EU,mix,,other_renewables,,2024-12-01,2024-12-31,1.075,TWh,,,primary
ember:monthly:generation,EU,mix,,other_renewables,,2025-01-01,2025-01-31,1.164,TWh,,,primary
ember:monthly:generation,EU,mix,,other_renewables,,2025-02-01,2025-02-28,1.07,TWh,,,primary
ember:monthly:generation,EU,mix,,other_renewables,,2025-03-01,2025-03-31,1.203,TWh,,,primary
ember:monthly:generation,EU,mix,,other_renewables,,2025-04-01,2025-04-30,1.188,TWh,,,primary
ember:monthly:generation,EU,mix,,other_renewables,,2025-05-01,2025-05-31,1.194,TWh,,,primary
ember:monthly:generation,EU,mix,,other_renewables,,2025-06-01,2025-06-30,1.124,TWh,,,primary
ember:monthly:generation,EU,mix,,other_renewables,,2025-07-01,2025-07-31,1.143,TWh,,,primary
ember:monthly:generation,EU,mix,,other_renewables,,2025-08-01,2025-08-31,1.052,TWh,,,primary
ember:monthly:generation,EU,mix,,other_renewables,,2025-09-01,2025-09-30,1.04,TWh,,,primary
ember:monthly:generation,EU,mix,,other_renewables,,2025-10-01,2025-10-31,1.085,TWh,,,primary
ember:monthly:generation,EU,mix,,other_renewables,,2025-11-01,2025-11-30,1.081,TWh,,,primary
ember:monthly:generation,EU,mix,,other_renewables,,2025-12-01,2025-12-31,1.124,TWh,,,primary
ember:monthly:generation,EU,mix,,other_renewables,,2026-01-01,2026-01-31,1.111,TWh,,,primary
ember:monthly:generation,EU,mix,,other_renewables,,2026-02-01,2026-02-28,1.025,TWh,,,primary
ember:monthly:generation,EU,mix,,other_renewables,,2026-03-01,2026-03-31,1.11,TWh,,,primary
ember:monthly:generation,EU,mix,,other_renewables,,2026-04-01,2026-04-30,1.087,TWh,,,primary
ember:monthly:generation,EU,mix,,other_renewables,,2026-05-01,2026-05-31,1.041,TWh,,,primary
ember:monthly:generation,EU,mix,,other_renewables,,2026-06-01,2026-06-30,1.001,TWh,,,primary
ember:monthly:generation,EU,mix,,other_renewables,,2026-07-01,2026-07-31,0.994,TWh,,,primary
ember:monthly:generation,EU,mix,,other_renewables,,2026-08-01,2026-08-31,1.015,TWh,,,primary
ember:monthly:generation,EU,mix,,solar,,2016-01-01,2016-01-31,2.889,TWh,,,primary
ember:monthly:generation,EU,mix,,solar,,2016-02-01,2016-02-29,4.261,TWh,,,primary
ember:monthly:generation,EU,mix,,solar,,2016-03-01,2016-03-31,7.371,TWh,,,primary
ember:monthly:generation,EU,mix,,solar,,2016-04-01,2016-04-30,10.055,TWh,,,primary
ember:monthly:generation,EU,mix,,solar,,2016-05-01,2016-05-31,11.946,TWh,,,primary
ember:monthly:generation,EU,mix,,solar,,2016-06-01,2016-06-30,12.143,TWh,,,primary
ember:monthly:generation,EU,mix,,solar,,2016-07-01,2016-07-31,12.93,TWh,,,primary
ember:monthly:generation,EU,mix,,solar,,2016-08-01,2016-08-31,12.368,TWh,,,primary
ember:monthly:generation,EU,mix,,solar,,2016-09-01,2016-09-30,9.878,TWh,,,primary
ember:monthly:generation,EU,mix,,solar,,2016-10-01,2016-10-31,5.555,TWh,,,primary
ember:monthly:generation,EU,mix,,solar,,2016-11-01,2016-11-30,3.51,TWh,,,primary
ember:monthly:generation,EU,mix,,solar,,2016-12-01,2016-12-31,3.152,TWh,,,primary
ember:monthly:generation,EU,mix,,solar,,2017-01-01,2017-01-31,3.397,TWh,,,primary
ember:monthly:generation,EU,mix,,solar,,2017-02-01,2017-02-28,4.479,TWh,,,primary
ember:monthly:generation,EU,mix,,solar,,2017-03-01,2017-03-31,8.921,TWh,,,primary
ember:monthly:generation,EU,mix,,solar,,2017-04-01,2017-04-30,10.799,TWh,,,primary
ember:monthly:generation,EU,mix,,solar,,2017-05-01,2017-05-31,12.978,TWh,,,primary
ember:monthly:generation,EU,mix,,solar,,2017-06-01,2017-06-30,13.574,TWh,,,primary
ember:monthly:generation,EU,mix,,solar,,2017-07-01,2017-07-31,13.241,TWh,,,primary
ember:monthly:generation,EU,mix,,solar,,2017-08-01,2017-08-31,12.412,TWh,,,primary
ember:monthly:generation,EU,mix,,solar,,2017-09-01,2017-09-30,9.114,TWh,,,primary
ember:monthly:generation,EU,mix,,solar,,2017-10-01,2017-10-31,7.035,TWh,,,primary
ember:monthly:generation,EU,mix,,solar,,2017-11-01,2017-11-30,3.681,TWh,,,primary
ember:monthly:generation,EU,mix,,solar,,2017-12-01,2017-12-31,2.741,TWh,,,primary
ember:monthly:generation,EU,mix,,solar,,2018-01-01,2018-01-31,3.275,TWh,,,primary
ember:monthly:generation,EU,mix,,solar,,2018-02-01,2018-02-28,5.139,TWh,,,primary
ember:monthly:generation,EU,mix,,solar,,2018-03-01,2018-03-31,7.503,TWh,,,primary
ember:monthly:generation,EU,mix,,solar,,2018-04-01,2018-04-30,11.636,TWh,,,primary
ember:monthly:generation,EU,mix,,solar,,2018-05-01,2018-05-31,13.824,TWh,,,primary
ember:monthly:generation,EU,mix,,solar,,2018-06-01,2018-06-30,13.411,TWh,,,primary
ember:monthly:generation,EU,mix,,solar,,2018-07-01,2018-07-31,15.451,TWh,,,primary
ember:monthly:generation,EU,mix,,solar,,2018-08-01,2018-08-31,13.397,TWh,,,primary
ember:monthly:generation,EU,mix,,solar,,2018-09-01,2018-09-30,10.88,TWh,,,primary
ember:monthly:generation,EU,mix,,solar,,2018-10-01,2018-10-31,7.566,TWh,,,primary
ember:monthly:generation,EU,mix,,solar,,2018-11-01,2018-11-30,3.789,TWh,,,primary
ember:monthly:generation,EU,mix,,solar,,2018-12-01,2018-12-31,2.942,TWh,,,primary
ember:monthly:generation,EU,mix,,solar,,2019-01-01,2019-01-31,3.616,TWh,,,primary
ember:monthly:generation,EU,mix,,solar,,2019-02-01,2019-02-28,6.734,TWh,,,primary
ember:monthly:generation,EU,mix,,solar,,2019-03-01,2019-03-31,9.833,TWh,,,primary
ember:monthly:generation,EU,mix,,solar,,2019-04-01,2019-04-30,12.278,TWh,,,primary
ember:monthly:generation,EU,mix,,solar,,2019-05-01,2019-05-31,13.475,TWh,,,primary
ember:monthly:generation,EU,mix,,solar,,2019-06-01,2019-06-30,16.219,TWh,,,primary
ember:monthly:generation,EU,mix,,solar,,2019-07-01,2019-07-31,15.531,TWh,,,primary
ember:monthly:generation,EU,mix,,solar,,2019-08-01,2019-08-31,14.601,TWh,,,primary
ember:monthly:generation,EU,mix,,solar,,2019-09-01,2019-09-30,11.166,TWh,,,primary
ember:monthly:generation,EU,mix,,solar,,2019-10-01,2019-10-31,7.777,TWh,,,primary
ember:monthly:generation,EU,mix,,solar,,2019-11-01,2019-11-30,3.845,TWh,,,primary
ember:monthly:generation,EU,mix,,solar,,2019-12-01,2019-12-31,3.58,TWh,,,primary
ember:monthly:generation,EU,mix,,solar,,2020-01-01,2020-01-31,4.475,TWh,,,primary
ember:monthly:generation,EU,mix,,solar,,2020-02-01,2020-02-29,6.81,TWh,,,primary
ember:monthly:generation,EU,mix,,solar,,2020-03-01,2020-03-31,11.465,TWh,,,primary
ember:monthly:generation,EU,mix,,solar,,2020-04-01,2020-04-30,16.081,TWh,,,primary
ember:monthly:generation,EU,mix,,solar,,2020-05-01,2020-05-31,17.604,TWh,,,primary
ember:monthly:generation,EU,mix,,solar,,2020-06-01,2020-06-30,16.96,TWh,,,primary
ember:monthly:generation,EU,mix,,solar,,2020-07-01,2020-07-31,18.528,TWh,,,primary
ember:monthly:generation,EU,mix,,solar,,2020-08-01,2020-08-31,16.836,TWh,,,primary
ember:monthly:generation,EU,mix,,solar,,2020-09-01,2020-09-30,13.631,TWh,,,primary
ember:monthly:generation,EU,mix,,solar,,2020-10-01,2020-10-31,8.412,TWh,,,primary
ember:monthly:generation,EU,mix,,solar,,2020-11-01,2020-11-30,5.587,TWh,,,primary
ember:monthly:generation,EU,mix,,solar,,2020-12-01,2020-12-31,3.445,TWh,,,primary
ember:monthly:generation,EU,mix,,solar,,2021-01-01,2021-01-31,4.141,TWh,,,primary
ember:monthly:generation,EU,mix,,solar,,2021-02-01,2021-02-28,7.298,TWh,,,primary
ember:monthly:generation,EU,mix,,solar,,2021-03-01,2021-03-31,13.513,TWh,,,primary
ember:monthly:generation,EU,mix,,solar,,2021-04-01,2021-04-30,16.186,TWh,,,primary
ember:monthly:generation,EU,mix,,solar,,2021-05-01,2021-05-31,19.058,TWh,,,primary
ember:monthly:generation,EU,mix,,solar,,2021-06-01,2021-06-30,21.217,TWh,,,primary
ember:monthly:generation,EU,mix,,solar,,2021-07-01,2021-07-31,20.395,TWh,,,primary
ember:monthly:generation,EU,mix,,solar,,2021-08-01,2021-08-31,18.39,TWh,,,primary
ember:monthly:generation,EU,mix,,solar,,2021-09-01,2021-09-30,15.436,TWh,,,primary
ember:monthly:generation,EU,mix,,solar,,2021-10-01,2021-10-31,11.418,TWh,,,primary
ember:monthly:generation,EU,mix,,solar,,2021-11-01,2021-11-30,5.891,TWh,,,primary
ember:monthly:generation,EU,mix,,solar,,2021-12-01,2021-12-31,4.603,TWh,,,primary
ember:monthly:generation,EU,mix,,solar,,2022-01-01,2022-01-31,6.673,TWh,,,primary
ember:monthly:generation,EU,mix,,solar,,2022-02-01,2022-02-28,9.917,TWh,,,primary
ember:monthly:generation,EU,mix,,solar,,2022-03-01,2022-03-31,16.708,TWh,,,primary
ember:monthly:generation,EU,mix,,solar,,2022-04-01,2022-04-30,20.123,TWh,,,primary
ember:monthly:generation,EU,mix,,solar,,2022-05-01,2022-05-31,25.731,TWh,,,primary
ember:monthly:generation,EU,mix,,solar,,2022-06-01,2022-06-30,26.229,TWh,,,primary
ember:monthly:generation,EU,mix,,solar,,2022-07-01,2022-07-31,27.214,TWh,,,primary
ember:monthly:generation,EU,mix,,solar,,2022-08-01,2022-08-31,24.984,TWh,,,primary
ember:monthly:generation,EU,mix,,solar,,2022-09-01,2022-09-30,17.963,TWh,,,primary
ember:monthly:generation,EU,mix,,solar,,2022-10-01,2022-10-31,13.852,TWh,,,primary
ember:monthly:generation,EU,mix,,solar,,2022-11-01,2022-11-30,7.744,TWh,,,primary
ember:monthly:generation,EU,mix,,solar,,2022-12-01,2022-12-31,4.852,TWh,,,primary
ember:monthly:generation,EU,mix,,solar,,2023-01-01,2023-01-31,6.753,TWh,,,primary
ember:monthly:generation,EU,mix,,solar,,2023-02-01,2023-02-28,11.758,TWh,,,primary
ember:monthly:generation,EU,mix,,solar,,2023-03-01,2023-03-31,18.021,TWh,,,primary
ember:monthly:generation,EU,mix,,solar,,2023-04-01,2023-04-30,24.116,TWh,,,primary
ember:monthly:generation,EU,mix,,solar,,2023-05-01,2023-05-31,29.915,TWh,,,primary
ember:monthly:generation,EU,mix,,solar,,2023-06-01,2023-06-30,33.013,TWh,,,primary
ember:monthly:generation,EU,mix,,solar,,2023-07-01,2023-07-31,32.673,TWh,,,primary
ember:monthly:generation,EU,mix,,solar,,2023-08-01,2023-08-31,29.63,TWh,,,primary
ember:monthly:generation,EU,mix,,solar,,2023-09-01,2023-09-30,26.201,TWh,,,primary
ember:monthly:generation,EU,mix,,solar,,2023-10-01,2023-10-31,16.578,TWh,,,primary
ember:monthly:generation,EU,mix,,solar,,2023-11-01,2023-11-30,9.731,TWh,,,primary
ember:monthly:generation,EU,mix,,solar,,2023-12-01,2023-12-31,7.399,TWh,,,primary
ember:monthly:generation,EU,mix,,solar,,2024-01-01,2024-01-31,10.001,TWh,,,primary
ember:monthly:generation,EU,mix,,solar,,2024-02-01,2024-02-29,13.203,TWh,,,primary
ember:monthly:generation,EU,mix,,solar,,2024-03-01,2024-03-31,22.288,TWh,,,primary
ember:monthly:generation,EU,mix,,solar,,2024-04-01,2024-04-30,29.807,TWh,,,primary
ember:monthly:generation,EU,mix,,solar,,2024-05-01,2024-05-31,37.391,TWh,,,primary
ember:monthly:generation,EU,mix,,solar,,2024-06-01,2024-06-30,37.893,TWh,,,primary
ember:monthly:generation,EU,mix,,solar,,2024-07-01,2024-07-31,41.503,TWh,,,primary
ember:monthly:generation,EU,mix,,solar,,2024-08-01,2024-08-31,39.458,TWh,,,primary
ember:monthly:generation,EU,mix,,solar,,2024-09-01,2024-09-30,28.934,TWh,,,primary
ember:monthly:generation,EU,mix,,solar,,2024-10-01,2024-10-31,19.567,TWh,,,primary
ember:monthly:generation,EU,mix,,solar,,2024-11-01,2024-11-30,12.351,TWh,,,primary
ember:monthly:generation,EU,mix,,solar,,2024-12-01,2024-12-31,10.112,TWh,,,primary
ember:monthly:generation,EU,mix,,solar,,2025-01-01,2025-01-31,11.613,TWh,,,primary
ember:monthly:generation,EU,mix,,solar,,2025-02-01,2025-02-28,17.839,TWh,,,primary
ember:monthly:generation,EU,mix,,solar,,2025-03-01,2025-03-31,29.974,TWh,,,primary
ember:monthly:generation,EU,mix,,solar,,2025-04-01,2025-04-30,37.429,TWh,,,primary
ember:monthly:generation,EU,mix,,solar,,2025-05-01,2025-05-31,43.564,TWh,,,primary
ember:monthly:generation,EU,mix,,solar,,2025-06-01,2025-06-30,47.519,TWh,,,primary
ember:monthly:generation,EU,mix,,solar,,2025-07-01,2025-07-31,45.888,TWh,,,primary
ember:monthly:generation,EU,mix,,solar,,2025-08-01,2025-08-31,44.264,TWh,,,primary
ember:monthly:generation,EU,mix,,solar,,2025-09-01,2025-09-30,33.606,TWh,,,primary
ember:monthly:generation,EU,mix,,solar,,2025-10-01,2025-10-31,23.196,TWh,,,primary
ember:monthly:generation,EU,mix,,solar,,2025-11-01,2025-11-30,15.198,TWh,,,primary
ember:monthly:generation,EU,mix,,solar,,2025-12-01,2025-12-31,11.206,TWh,,,primary
ember:monthly:generation,EU,mix,,solar,,2026-01-01,2026-01-31,11.839,TWh,,,primary
ember:monthly:generation,EU,mix,,solar,,2026-02-01,2026-02-28,16.003,TWh,,,primary
ember:monthly:generation,EU,mix,,solar,,2026-03-01,2026-03-31,33.96,TWh,,,primary
ember:monthly:generation,EU,mix,,solar,,2026-04-01,2026-04-30,42.708,TWh,,,primary
ember:monthly:generation,EU,mix,,solar,,2026-05-01,2026-05-31,48.454,TWh,,,primary
ember:monthly:generation,EU,mix,,solar,,2026-06-01,2026-06-30,53.485,TWh,,,primary
ember:monthly:generation,EU,mix,,solar,,2026-07-01,2026-07-31,56.744,TWh,,,primary
ember:monthly:generation,EU,mix,,solar,,2026-08-01,2026-08-31,52.039,TWh,,,primary
ember:monthly:generation,EU,mix,,total,,2016-01-01,2016-01-31,257.185,TWh,,,primary
ember:monthly:generation,EU,mix,,total,,2016-02-01,2016-02-29,235.483,TWh,,,primary
ember:monthly:generation,EU,mix,,total,,2016-03-01,2016-03-31,238.99,TWh,,,primary
ember:monthly:generation,EU,mix,,total,,2016-04-01,2016-04-30,215.074,TWh,,,primary
ember:monthly:generation,EU,mix,,total,,2016-05-01,2016-05-31,207.183,TWh,,,primary
ember:monthly:generation,EU,mix,,total,,2016-06-01,2016-06-30,204.36,TWh,,,primary
ember:monthly:generation,EU,mix,,total,,2016-07-01,2016-07-31,215.192,TWh,,,primary
ember:monthly:generation,EU,mix,,total,,2016-08-01,2016-08-31,210.904,TWh,,,primary
ember:monthly:generation,EU,mix,,total,,2016-09-01,2016-09-30,211.328,TWh,,,primary
ember:monthly:generation,EU,mix,,total,,2016-10-01,2016-10-31,226.406,TWh,,,primary
ember:monthly:generation,EU,mix,,total,,2016-11-01,2016-11-30,239.474,TWh,,,primary
ember:monthly:generation,EU,mix,,total,,2016-12-01,2016-12-31,254.456,TWh,,,primary
ember:monthly:generation,EU,mix,,total,,2017-01-01,2017-01-31,274.104,TWh,,,primary
ember:monthly:generation,EU,mix,,total,,2017-02-01,2017-02-28,233.74,TWh,,,primary
ember:monthly:generation,EU,mix,,total,,2017-03-01,2017-03-31,239.727,TWh,,,primary
ember:monthly:generation,EU,mix,,total,,2017-04-01,2017-04-30,214.02,TWh,,,primary
ember:monthly:generation,EU,mix,,total,,2017-05-01,2017-05-31,213.306,TWh,,,primary
ember:monthly:generation,EU,mix,,total,,2017-06-01,2017-06-30,209.621,TWh,,,primary
ember:monthly:generation,EU,mix,,total,,2017-07-01,2017-07-31,217.168,TWh,,,primary
ember:monthly:generation,EU,mix,,total,,2017-08-01,2017-08-31,211.374,TWh,,,primary
ember:monthly:generation,EU,mix,,total,,2017-09-01,2017-09-30,209.856,TWh,,,primary
ember:monthly:generation,EU,mix,,total,,2017-10-01,2017-10-31,223.975,TWh,,,primary
ember:monthly:generation,EU,mix,,total,,2017-11-01,2017-11-30,239.921,TWh,,,primary
ember:monthly:generation,EU,mix,,total,,2017-12-01,2017-12-31,253.479,TWh,,,primary
ember:monthly:generation,EU,mix,,total,,2018-01-01,2018-01-31,256.002,TWh,,,primary
ember:monthly:generation,EU,mix,,total,,2018-02-01,2018-02-28,243.149,TWh,,,primary
ember:monthly:generation,EU,mix,,total,,2018-03-01,2018-03-31,253.691,TWh,,,primary
ember:monthly:generation,EU,mix,,total,,2018-04-01,2018-04-30,211.56,TWh,,,primary
ember:monthly:generation,EU,mix,,total,,2018-05-01,2018-05-31,208.767,TWh,,,primary
ember:monthly:generation,EU,mix,,total,,2018-06-01,2018-06-30,205.522,TWh,,,primary
ember:monthly:generation,EU,mix,,total,,2018-07-01,2018-07-31,218.318,TWh,,,primary
ember:monthly:generation,EU,mix,,total,,2018-08-01,2018-08-31,212.074,TWh,,,primary
ember:monthly:generation,EU,mix,,total,,2018-09-01,2018-09-30,209.836,TWh,,,primary
ember:monthly:generation,EU,mix,,total,,2018-10-01,2018-10-31,225.079,TWh,,,primary
ember:monthly:generation,EU,mix,,total,,2018-11-01,2018-11-30,236.729,TWh,,,primary
ember:monthly:generation,EU,mix,,total,,2018-12-01,2018-12-31,249.112,TWh,,,primary
ember:monthly:generation,EU,mix,,total,,2019-01-01,2019-01-31,268.194,TWh,,,primary
ember:monthly:generation,EU,mix,,total,,2019-02-01,2019-02-28,231.738,TWh,,,primary
ember:monthly:generation,EU,mix,,total,,2019-03-01,2019-03-31,238.589,TWh,,,primary
ember:monthly:generation,EU,mix,,total,,2019-04-01,2019-04-30,214.249,TWh,,,primary
ember:monthly:generation,EU,mix,,total,,2019-05-01,2019-05-31,213.816,TWh,,,primary
ember:monthly:generation,EU,mix,,total,,2019-06-01,2019-06-30,205.989,TWh,,,primary
ember:monthly:generation,EU,mix,,total,,2019-07-01,2019-07-31,217.691,TWh,,,primary
ember:monthly:generation,EU,mix,,total,,2019-08-01,2019-08-31,207.401,TWh,,,primary
ember:monthly:generation,EU,mix,,total,,2019-09-01,2019-09-30,206.334,TWh,,,primary
ember:monthly:generation,EU,mix,,total,,2019-10-01,2019-10-31,222.291,TWh,,,primary
ember:monthly:generation,EU,mix,,total,,2019-11-01,2019-11-30,233.198,TWh,,,primary
ember:monthly:generation,EU,mix,,total,,2019-12-01,2019-12-31,240.81,TWh,,,primary
ember:monthly:generation,EU,mix,,total,,2020-01-01,2020-01-31,254.683,TWh,,,primary
ember:monthly:generation,EU,mix,,total,,2020-02-01,2020-02-29,234.694,TWh,,,primary
ember:monthly:generation,EU,mix,,total,,2020-03-01,2020-03-31,230.884,TWh,,,primary
ember:monthly:generation,EU,mix,,total,,2020-04-01,2020-04-30,190.479,TWh,,,primary
ember:monthly:generation,EU,mix,,total,,2020-05-01,2020-05-31,191.594,TWh,,,primary
ember:monthly:generation,EU,mix,,total,,2020-06-01,2020-06-30,189.583,TWh,,,primary
ember:monthly:generation,EU,mix,,total,,2020-07-01,2020-07-31,204.816,TWh,,,primary
ember:monthly:generation,EU,mix,,total,,2020-08-01,2020-08-31,200.795,TWh,,,primary
ember:monthly:generation,EU,mix,,total,,2020-09-01,2020-09-30,200.9,TWh,,,primary
ember:monthly:generation,EU,mix,,total,,2020-10-01,2020-10-31,219.017,TWh,,,primary
ember:monthly:generation,EU,mix,,total,,2020-11-01,2020-11-30,225.84,TWh,,,primary
ember:monthly:generation,EU,mix,,total,,2020-12-01,2020-12-31,241.77,TWh,,,primary
ember:monthly:generation,EU,mix,,total,,2021-01-01,2021-01-31,258.013,TWh,,,primary
ember:monthly:generation,EU,mix,,total,,2021-02-01,2021-02-28,229.736,TWh,,,primary
ember:monthly:generation,EU,mix,,total,,2021-03-01,2021-03-31,240.261,TWh,,,primary
ember:monthly:generation,EU,mix,,total,,2021-04-01,2021-04-30,216.497,TWh,,,primary
ember:monthly:generation,EU,mix,,total,,2021-05-01,2021-05-31,209.582,TWh,,,primary
ember:monthly:generation,EU,mix,,total,,2021-06-01,2021-06-30,205.51,TWh,,,primary
ember:monthly:generation,EU,mix,,total,,2021-07-01,2021-07-31,216.267,TWh,,,primary
ember:monthly:generation,EU,mix,,total,,2021-08-01,2021-08-31,209.595,TWh,,,primary
ember:monthly:generation,EU,mix,,total,,2021-09-01,2021-09-30,208.683,TWh,,,primary
ember:monthly:generation,EU,mix,,total,,2021-10-01,2021-10-31,223.553,TWh,,,primary
ember:monthly:generation,EU,mix,,total,,2021-11-01,2021-11-30,236.926,TWh,,,primary
ember:monthly:generation,EU,mix,,total,,2021-12-01,2021-12-31,253.432,TWh,,,primary
ember:monthly:generation,EU,mix,,total,,2022-01-01,2022-01-31,258.466,TWh,,,primary
ember:monthly:generation,EU,mix,,total,,2022-02-01,2022-02-28,230.141,TWh,,,primary
ember:monthly:generation,EU,mix,,total,,2022-03-01,2022-03-31,238.034,TWh,,,primary
ember:monthly:generation,EU,mix,,total,,2022-04-01,2022-04-30,212.396,TWh,,,primary
ember:monthly:generation,EU,mix,,total,,2022-05-01,2022-05-31,205.219,TWh,,,primary
ember:monthly:generation,EU,mix,,total,,2022-06-01,2022-06-30,203.487,TWh,,,primary
ember:monthly:generation,EU,mix,,total,,2022-07-01,2022-07-31,213.494,TWh,,,primary
ember:monthly:generation,EU,mix,,total,,2022-08-01,2022-08-31,204.892,TWh,,,primary
ember:monthly:generation,EU,mix,,total,,2022-09-01,2022-09-30,199.778,TWh,,,primary
ember:monthly:generation,EU,mix,,total,,2022-10-01,2022-10-31,202.594,TWh,,,primary
ember:monthly:generation,EU,mix,,total,,2022-11-01,2022-11-30,212.52,TWh,,,primary
ember:monthly:generation,EU,mix,,total,,2022-12-01,2022-12-31,235.022,TWh,,,primary
ember:monthly:generation,EU,mix,,total,,2023-01-01,2023-01-31,239.734,TWh,,,primary
ember:monthly:generation,EU,mix,,total,,2023-02-01,2023-02-28,219.024,TWh,,,primary
ember:monthly:generation,EU,mix,,total,,2023-03-01,2023-03-31,227.554,TWh,,,primary
ember:monthly:generation,EU,mix,,total,,2023-04-01,2023-04-30,200.494,TWh,,,primary
ember:monthly:generation,EU,mix,,total,,2023-05-01,2023-05-31,195.953,TWh,,,primary
ember:monthly:generation,EU,mix,,total,,2023-06-01,2023-06-30,190.628,TWh,,,primary
ember:monthly:generation,EU,mix,,total,,2023-07-01,2023-07-31,203.627,TWh,,,primary
ember:monthly:generation,EU,mix,,total,,2023-08-01,2023-08-31,198.115,TWh,,,primary
ember:monthly:generation,EU,mix,,total,,2023-09-01,2023-09-30,193.042,TWh,,,primary
ember:monthly:generation,EU,mix,,total,,2023-10-01,2023-10-31,206.836,TWh,,,primary
ember:monthly:generation,EU,mix,,total,,2023-11-01,2023-11-30,220.588,TWh,,,primary
ember:monthly:generation,EU,mix,,total,,2023-12-01,2023-12-31,235.422,TWh,,,primary
ember:monthly:generation,EU,mix,,total,,2024-01-01,2024-01-31,251.339,TWh,,,primary
ember:monthly:generation,EU,mix,,total,,2024-02-01,2024-02-29,222.265,TWh,,,primary
ember:monthly:generation,EU,mix,,total,,2024-03-01,2024-03-31,223.785,TWh,,,primary
ember:monthly:generation,EU,mix,,total,,2024-04-01,2024-04-30,205.376,TWh,,,primary
ember:monthly:generation,EU,mix,,total,,2024-05-01,2024-05-31,200.757,TWh,,,primary
ember:monthly:generation,EU,mix,,total,,2024-06-01,2024-06-30,199.073,TWh,,,primary
ember:monthly:generation,EU,mix,,total,,2024-07-01,2024-07-31,214.378,TWh,,,primary
ember:monthly:generation,EU,mix,,total,,2024-08-01,2024-08-31,206.919,TWh,,,primary
ember:monthly:generation,EU,mix,,total,,2024-09-01,2024-09-30,199.923,TWh,,,primary
ember:monthly:generation,EU,mix,,total,,2024-10-01,2024-10-31,211.165,TWh,,,primary
ember:monthly:generation,EU,mix,,total,,2024-11-01,2024-11-30,223.907,TWh,,,primary
ember:monthly:generation,EU,mix,,total,,2024-12-01,2024-12-31,238.615,TWh,,,primary
ember:monthly:generation,EU,mix,,total,,2025-01-01,2025-01-31,251.721,TWh,,,primary
ember:monthly:generation,EU,mix,,total,,2025-02-01,2025-02-28,226.009,TWh,,,primary
ember:monthly:generation,EU,mix,,total,,2025-03-01,2025-03-31,230.23,TWh,,,primary
ember:monthly:generation,EU,mix,,total,,2025-04-01,2025-04-30,202.095,TWh,,,primary
ember:monthly:generation,EU,mix,,total,,2025-05-01,2025-05-31,202.022,TWh,,,primary
ember:monthly:generation,EU,mix,,total,,2025-06-01,2025-06-30,204.979,TWh,,,primary
ember:monthly:generation,EU,mix,,total,,2025-07-01,2025-07-31,215.086,TWh,,,primary
ember:monthly:generation,EU,mix,,total,,2025-08-01,2025-08-31,204.209,TWh,,,primary
ember:monthly:generation,EU,mix,,total,,2025-09-01,2025-09-30,201.305,TWh,,,primary
ember:monthly:generation,EU,mix,,total,,2025-10-01,2025-10-31,218.325,TWh,,,primary
ember:monthly:generation,EU,mix,,total,,2025-11-01,2025-11-30,226.689,TWh,,,primary
ember:monthly:generation,EU,mix,,total,,2025-12-01,2025-12-31,241.876,TWh,,,primary
ember:monthly:generation,EU,mix,,total,,2026-01-01,2026-01-31,264.707,TWh,,,primary
ember:monthly:generation,EU,mix,,total,,2026-02-01,2026-02-28,232.23,TWh,,,primary
ember:monthly:generation,EU,mix,,total,,2026-03-01,2026-03-31,235.069,TWh,,,primary
ember:monthly:generation,EU,mix,,total,,2026-04-01,2026-04-30,208.931,TWh,,,primary
ember:monthly:generation,EU,mix,,total,,2026-05-01,2026-05-31,204.95,TWh,,,primary
ember:monthly:generation,EU,mix,,total,,2026-06-01,2026-06-30,210.362,TWh,,,primary
ember:monthly:generation,EU,mix,,total,,2026-07-01,2026-07-31,224.834,TWh,,,primary
ember:monthly:generation,EU,mix,,total,,2026-08-01,2026-08-31,214.481,TWh,,,primary
ember:monthly:generation,EU,mix,,wind,,2016-01-01,2016-01-31,29.756,TWh,,,primary
ember:monthly:generation,EU,mix,,wind,,2016-02-01,2016-02-29,31.093,TWh,,,primary
ember:monthly:generation,EU,mix,,wind,,2016-03-01,2016-03-31,23.025,TWh,,,primary
ember:monthly:generation,EU,mix,,wind,,2016-04-01,2016-04-30,21.004,TWh,,,primary
ember:monthly:generation,EU,mix,,wind,,2016-05-01,2016-05-31,19.587,TWh,,,primary
ember:monthly:generation,EU,mix,,wind,,2016-06-01,2016-06-30,14.089,TWh,,,primary
ember:monthly:generation,EU,mix,,wind,,2016-07-01,2016-07-31,15.856,TWh,,,primary
ember:monthly:generation,EU,mix,,wind,,2016-08-01,2016-08-31,17.959,TWh,,,primary
ember:monthly:generation,EU,mix,,wind,,2016-09-01,2016-09-30,14.375,TWh,,,primary
ember:monthly:generation,EU,mix,,wind,,2016-10-01,2016-10-31,18.71,TWh,,,primary
ember:monthly:generation,EU,mix,,wind,,2016-11-01,2016-11-30,25.508,TWh,,,primary
ember:monthly:generation,EU,mix,,wind,,2016-12-01,2016-12-31,26.355,TWh,,,primary
ember:monthly:generation,EU,mix,,wind,,2017-01-01,2017-01-31,26.615,TWh,,,primary
ember:monthly:generation,EU,mix,,wind,,2017-02-01,2017-02-28,28.835,TWh,,,primary
ember:monthly:generation,EU,mix,,wind,,2017-03-01,2017-03-31,29.139,TWh,,,primary
ember:monthly:generation,EU,mix,,wind,,2017-04-01,2017-04-30,24.061,TWh,,,primary
ember:monthly:generation,EU,mix,,wind,,2017-05-01,2017-05-31,18.979,TWh,,,primary
ember:monthly:generation,EU,mix,,wind,,2017-06-01,2017-06-30,20.451,TWh,,,primary
ember:monthly:generation,EU,mix,,wind,,2017-07-01,2017-07-31,18.566,TWh,,,primary
ember:monthly:generation,EU,mix,,wind,,2017-08-01,2017-08-31,18.322,TWh,,,primary
ember:monthly:generation,EU,mix,,wind,,2017-09-01,2017-09-30,19.713,TWh,,,primary
ember:monthly:generation,EU,mix,,wind,,2017-10-01,2017-10-31,30.636,TWh,,,primary
ember:monthly:generation,EU,mix,,wind,,2017-11-01,2017-11-30,27.837,TWh,,,primary
ember:monthly:generation,EU,mix,,wind,,2017-12-01,2017-12-31,38.983,TWh,,,primary
ember:monthly:generation,EU,mix,,wind,,2018-01-01,2018-01-31,37.399,TWh,,,primary
ember:monthly:generation,EU,mix,,wind,,2018-02-01,2018-02-28,25.753,TWh,,,primary
ember:monthly:generation,EU,mix,,wind,,2018-03-01,2018-03-31,34.215,TWh,,,primary
ember:monthly:generation,EU,mix,,wind,,2018-04-01,2018-04-30,25.68,TWh,,,primary
ember:monthly:generation,EU,mix,,wind,,2018-05-01,2018-05-31,19.702,TWh,,,primary
ember:monthly:generation,EU,mix,,wind,,2018-06-01,2018-06-30,18.077,TWh,,,primary
ember:monthly:generation,EU,mix,,wind,,2018-07-01,2018-07-31,14.279,TWh,,,primary
ember:monthly:generation,EU,mix,,wind,,2018-08-01,2018-08-31,18.548,TWh,,,primary
ember:monthly:generation,EU,mix,,wind,,2018-09-01,2018-09-30,21.961,TWh,,,primary
ember:monthly:generation,EU,mix,,wind,,2018-10-01,2018-10-31,30.098,TWh,,,primary
ember:monthly:generation,EU,mix,,wind,,2018-11-01,2018-11-30,29.26,TWh,,,primary
ember:monthly:generation,EU,mix,,wind,,2018-12-01,2018-12-31,35.959,TWh,,,primary
ember:monthly:generation,EU,mix,,wind,,2019-01-01,2019-01-31,38.36,TWh,,,primary
ember:monthly:generation,EU,mix,,wind,,2019-02-01,2019-02-28,31.087,TWh,,,primary
ember:monthly:generation,EU,mix,,wind,,2019-03-01,2019-03-31,41.446,TWh,,,primary
ember:monthly:generation,EU,mix,,wind,,2019-04-01,2019-04-30,26.955,TWh,,,primary
ember:monthly:generation,EU,mix,,wind,,2019-05-01,2019-05-31,25.988,TWh,,,primary
ember:monthly:generation,EU,mix,,wind,,2019-06-01,2019-06-30,20.161,TWh,,,primary
ember:monthly:generation,EU,mix,,wind,,2019-07-01,2019-07-31,19.55,TWh,,,primary
ember:monthly:generation,EU,mix,,wind,,2019-08-01,2019-08-31,18.706,TWh,,,primary
ember:monthly:generation,EU,mix,,wind,,2019-09-01,2019-09-30,26.285,TWh,,,primary
ember:monthly:generation,EU,mix,,wind,,2019-10-01,2019-10-31,29.658,TWh,,,primary
ember:monthly:generation,EU,mix,,wind,,2019-11-01,2019-11-30,34.264,TWh,,,primary
ember:monthly:generation,EU,mix,,wind,,2019-12-01,2019-12-31,42.074,TWh,,,primary
ember:monthly:generation,EU,mix,,wind,,2020-01-01,2020-01-31,41.948,TWh,,,primary
ember:monthly:generation,EU,mix,,wind,,2020-02-01,2020-02-29,49.249,TWh,,,primary
ember:monthly:generation,EU,mix,,wind,,2020-03-01,2020-03-31,40.473,TWh,,,primary
ember:monthly:generation,EU,mix,,wind,,2020-04-01,2020-04-30,26.476,TWh,,,primary
ember:monthly:generation,EU,mix,,wind,,2020-05-01,2020-05-31,25.467,TWh,,,primary
ember:monthly:generation,EU,mix,,wind,,2020-06-01,2020-06-30,20.805,TWh,,,primary
ember:monthly:generation,EU,mix,,wind,,2020-07-01,2020-07-31,23.089,TWh,,,primary
ember:monthly:generation,EU,mix,,wind,,2020-08-01,2020-08-31,20.911,TWh,,,primary
ember:monthly:generation,EU,mix,,wind,,2020-09-01,2020-09-30,24.118,TWh,,,primary
ember:monthly:generation,EU,mix,,wind,,2020-10-01,2020-10-31,38.792,TWh,,,primary
ember:monthly:generation,EU,mix,,wind,,2020-11-01,2020-11-30,33.287,TWh,,,primary
ember:monthly:generation,EU,mix,,wind,,2020-12-01,2020-12-31,39.878,TWh,,,primary
ember:monthly:generation,EU,mix,,wind,,2021-01-01,2021-01-31,38.205,TWh,,,primary
ember:monthly:generation,EU,mix,,wind,,2021-02-01,2021-02-28,37.106,TWh,,,primary
ember:monthly:generation,EU,mix,,wind,,2021-03-01,2021-03-31,36.743,TWh,,,primary
ember:monthly:generation,EU,mix,,wind,,2021-04-01,2021-04-30,30.066,TWh,,,primary
ember:monthly:generation,EU,mix,,wind,,2021-05-01,2021-05-31,31.547,TWh,,,primary
ember:monthly:generation,EU,mix,,wind,,2021-06-01,2021-06-30,17.444,TWh,,,primary
ember:monthly:generation,EU,mix,,wind,,2021-07-01,2021-07-31,22.367,TWh,,,primary
ember:monthly:generation,EU,mix,,wind,,2021-08-01,2021-08-31,25.414,TWh,,,primary
ember:monthly:generation,EU,mix,,wind,,2021-09-01,2021-09-30,21.032,TWh,,,primary
ember:monthly:generation,EU,mix,,wind,,2021-10-01,2021-10-31,38.202,TWh,,,primary
ember:monthly:generation,EU,mix,,wind,,2021-11-01,2021-11-30,35.09,TWh,,,primary
ember:monthly:generation,EU,mix,,wind,,2021-12-01,2021-12-31,43.103,TWh,,,primary
ember:monthly:generation,EU,mix,,wind,,2022-01-01,2022-01-31,46.063,TWh,,,primary
ember:monthly:generation,EU,mix,,wind,,2022-02-01,2022-02-28,51.752,TWh,,,primary
ember:monthly:generation,EU,mix,,wind,,2022-03-01,2022-03-31,33.624,TWh,,,primary
ember:monthly:generation,EU,mix,,wind,,2022-04-01,2022-04-30,36.166,TWh,,,primary
ember:monthly:generation,EU,mix,,wind,,2022-05-01,2022-05-31,27.237,TWh,,,primary
ember:monthly:generation,EU,mix,,wind,,2022-06-01,2022-06-30,21.599,TWh,,,primary
ember:monthly:generation,EU,mix,,wind,,2022-07-01,2022-07-31,25.102,TWh,,,primary
ember:monthly:generation,EU,mix,,wind,,2022-08-01,2022-08-31,20.843,TWh,,,primary
ember:monthly:generation,EU,mix,,wind,,2022-09-01,2022-09-30,26.921,TWh,,,primary
ember:monthly:generation,EU,mix,,wind,,2022-10-01,2022-10-31,36.27,TWh,,,primary
ember:monthly:generation,EU,mix,,wind,,2022-11-01,2022-11-30,41.438,TWh,,,primary
ember:monthly:generation,EU,mix,,wind,,2022-12-01,2022-12-31,40.207,TWh,,,primary
ember:monthly:generation,EU,mix,,wind,,2023-01-01,2023-01-31,53.259,TWh,,,primary
ember:monthly:generation,EU,mix,,wind,,2023-02-01,2023-02-28,39.013,TWh,,,primary
ember:monthly:generation,EU,mix,,wind,,2023-03-01,2023-03-31,46.748,TWh,,,primary
ember:monthly:generation,EU,mix,,wind,,2023-04-01,2023-04-30,33.984,TWh,,,primary
ember:monthly:generation,EU,mix,,wind,,2023-05-01,2023-05-31,31.837,TWh,,,primary
ember:monthly:generation,EU,mix,,wind,,2023-06-01,2023-06-30,21.695,TWh,,,primary
ember:monthly:generation,EU,mix,,wind,,2023-07-01,2023-07-31,31.233,TWh,,,primary
ember:monthly:generation,EU,mix,,wind,,2023-08-01,2023-08-31,27.264,TWh,,,primary
ember:monthly:generation,EU,mix,,wind,,2023-09-01,2023-09-30,27.159,TWh,,,primary
ember:monthly:generation,EU,mix,,wind,,2023-10-01,2023-10-31,44.519,TWh,,,primary
ember:monthly:generation,EU,mix,,wind,,2023-11-01,2023-11-30,51.478,TWh,,,primary
ember:monthly:generation,EU,mix,,wind,,2023-12-01,2023-12-31,55.326,TWh,,,primary
ember:monthly:generation,EU,mix,,wind,,2024-01-01,2024-01-31,56.858,TWh,,,primary
ember:monthly:generation,EU,mix,,wind,,2024-02-01,2024-02-29,53.419,TWh,,,primary
ember:monthly:generation,EU,mix,,wind,,2024-03-01,2024-03-31,42.762,TWh,,,primary
ember:monthly:generation,EU,mix,,wind,,2024-04-01,2024-04-30,40.944,TWh,,,primary
ember:monthly:generation,EU,mix,,wind,,2024-05-01,2024-05-31,28.549,TWh,,,primary
ember:monthly:generation,EU,mix,,wind,,2024-06-01,2024-06-30,26.899,TWh,,,primary
ember:monthly:generation,EU,mix,,wind,,2024-07-01,2024-07-31,26.56,TWh,,,primary
ember:monthly:generation,EU,mix,,wind,,2024-08-01,2024-08-31,26.904,TWh,,,primary
ember:monthly:generation,EU,mix,,wind,,2024-09-01,2024-09-30,36.06,TWh,,,primary
ember:monthly:generation,EU,mix,,wind,,2024-10-01,2024-10-31,39.656,TWh,,,primary
ember:monthly:generation,EU,mix,,wind,,2024-11-01,2024-11-30,43.25,TWh,,,primary
ember:monthly:generation,EU,mix,,wind,,2024-12-01,2024-12-31,54.541,TWh,,,primary
ember:monthly:generation,EU,mix,,wind,,2025-01-01,2025-01-31,53.564,TWh,,,primary
ember:monthly:generation,EU,mix,,wind,,2025-02-01,2025-02-28,34.704,TWh,,,primary
ember:monthly:generation,EU,mix,,wind,,2025-03-01,2025-03-31,40.012,TWh,,,primary
ember:monthly:generation,EU,mix,,wind,,2025-04-01,2025-04-30,31.372,TWh,,,primary
ember:monthly:generation,EU,mix,,wind,,2025-05-01,2025-05-31,33.877,TWh,,,primary
ember:monthly:generation,EU,mix,,wind,,2025-06-01,2025-06-30,32.52,TWh,,,primary
ember:monthly:generation,EU,mix,,wind,,2025-07-01,2025-07-31,28.142,TWh,,,primary
ember:monthly:generation,EU,mix,,wind,,2025-08-01,2025-08-31,28.575,TWh,,,primary
ember:monthly:generation,EU,mix,,wind,,2025-09-01,2025-09-30,37.393,TWh,,,primary
ember:monthly:generation,EU,mix,,wind,,2025-10-01,2025-10-31,48.877,TWh,,,primary
ember:monthly:generation,EU,mix,,wind,,2025-11-01,2025-11-30,46.755,TWh,,,primary
ember:monthly:generation,EU,mix,,wind,,2025-12-01,2025-12-31,50.79,TWh,,,primary
ember:monthly:generation,EU,mix,,wind,,2026-01-01,2026-01-31,55.519,TWh,,,primary
ember:monthly:generation,EU,mix,,wind,,2026-02-01,2026-02-28,49.826,TWh,,,primary
ember:monthly:generation,EU,mix,,wind,,2026-03-01,2026-03-31,44.51,TWh,,,primary
ember:monthly:generation,EU,mix,,wind,,2026-04-01,2026-04-30,36.036,TWh,,,primary
ember:monthly:generation,EU,mix,,wind,,2026-05-01,2026-05-31,29.63,TWh,,,primary
ember:monthly:generation,EU,mix,,wind,,2026-06-01,2026-06-30,28.822,TWh,,,primary
ember:monthly:generation,EU,mix,,wind,,2026-07-01,2026-07-31,32.036,TWh,,,primary
ember:monthly:generation,EU,mix,,wind,,2026-08-01,2026-08-31,31.335,TWh,,,primary
ember:monthly:generation,RU,mix,,bioenergy,,2019-01-01,2019-01-31,0.054,TWh,,,low_confidence
ember:monthly:generation,RU,mix,,bioenergy,,2019-02-01,2019-02-28,0.047,TWh,,,low_confidence
ember:monthly:generation,RU,mix,,bioenergy,,2019-03-01,2019-03-31,0.049,TWh,,,low_confidence
ember:monthly:generation,RU,mix,,bioenergy,,2019-04-01,2019-04-30,0.043,TWh,,,low_confidence
ember:monthly:generation,RU,mix,,bioenergy,,2019-05-01,2019-05-31,0.038,TWh,,,low_confidence
ember:monthly:generation,RU,mix,,bioenergy,,2019-06-01,2019-06-30,0.036,TWh,,,low_confidence
ember:monthly:generation,RU,mix,,bioenergy,,2019-07-01,2019-07-31,0.035,TWh,,,low_confidence
ember:monthly:generation,RU,mix,,bioenergy,,2019-08-01,2019-08-31,0.035,TWh,,,low_confidence
ember:monthly:generation,RU,mix,,bioenergy,,2019-09-01,2019-09-30,0.036,TWh,,,low_confidence
ember:monthly:generation,RU,mix,,bioenergy,,2019-10-01,2019-10-31,0.042,TWh,,,low_confidence
ember:monthly:generation,RU,mix,,bioenergy,,2019-11-01,2019-11-30,0.046,TWh,,,low_confidence
ember:monthly:generation,RU,mix,,bioenergy,,2019-12-01,2019-12-31,0.052,TWh,,,low_confidence
ember:monthly:generation,RU,mix,,bioenergy,,2020-01-01,2020-01-31,0.082,TWh,,,low_confidence
ember:monthly:generation,RU,mix,,bioenergy,,2020-02-01,2020-02-29,0.077,TWh,,,low_confidence
ember:monthly:generation,RU,mix,,bioenergy,,2020-03-01,2020-03-31,0.073,TWh,,,low_confidence
ember:monthly:generation,RU,mix,,bioenergy,,2020-04-01,2020-04-30,0.062,TWh,,,low_confidence
ember:monthly:generation,RU,mix,,bioenergy,,2020-05-01,2020-05-31,0.05,TWh,,,low_confidence
ember:monthly:generation,RU,mix,,bioenergy,,2020-06-01,2020-06-30,0.048,TWh,,,low_confidence
ember:monthly:generation,RU,mix,,bioenergy,,2020-07-01,2020-07-31,0.056,TWh,,,low_confidence
ember:monthly:generation,RU,mix,,bioenergy,,2020-08-01,2020-08-31,0.056,TWh,,,low_confidence
ember:monthly:generation,RU,mix,,bioenergy,,2020-09-01,2020-09-30,0.055,TWh,,,low_confidence
ember:monthly:generation,RU,mix,,bioenergy,,2020-10-01,2020-10-31,0.061,TWh,,,low_confidence
ember:monthly:generation,RU,mix,,bioenergy,,2020-11-01,2020-11-30,0.071,TWh,,,low_confidence
ember:monthly:generation,RU,mix,,bioenergy,,2020-12-01,2020-12-31,0.083,TWh,,,low_confidence
ember:monthly:generation,RU,mix,,bioenergy,,2021-01-01,2021-01-31,0.08,TWh,,,low_confidence
ember:monthly:generation,RU,mix,,bioenergy,,2021-02-01,2021-02-28,0.074,TWh,,,low_confidence
ember:monthly:generation,RU,mix,,bioenergy,,2021-03-01,2021-03-31,0.073,TWh,,,low_confidence
ember:monthly:generation,RU,mix,,bioenergy,,2021-04-01,2021-04-30,0.061,TWh,,,low_confidence
ember:monthly:generation,RU,mix,,bioenergy,,2021-05-01,2021-05-31,0.051,TWh,,,low_confidence
ember:monthly:generation,RU,mix,,bioenergy,,2021-06-01,2021-06-30,0.049,TWh,,,low_confidence
ember:monthly:generation,RU,mix,,bioenergy,,2021-07-01,2021-07-31,0.054,TWh,,,low_confidence
ember:monthly:generation,RU,mix,,bioenergy,,2021-08-01,2021-08-31,0.057,TWh,,,low_confidence
ember:monthly:generation,RU,mix,,bioenergy,,2021-09-01,2021-09-30,0.057,TWh,,,low_confidence
ember:monthly:generation,RU,mix,,bioenergy,,2021-10-01,2021-10-31,0.066,TWh,,,low_confidence
ember:monthly:generation,RU,mix,,bioenergy,,2021-11-01,2021-11-30,0.071,TWh,,,low_confidence
ember:monthly:generation,RU,mix,,bioenergy,,2021-12-01,2021-12-31,0.082,TWh,,,low_confidence
ember:monthly:generation,RU,mix,,bioenergy,,2022-01-01,2022-01-31,0.082,TWh,,,low_confidence
ember:monthly:generation,RU,mix,,bioenergy,,2022-02-01,2022-02-28,0.073,TWh,,,low_confidence
ember:monthly:generation,RU,mix,,bioenergy,,2022-03-01,2022-03-31,0.076,TWh,,,low_confidence
ember:monthly:generation,RU,mix,,bioenergy,,2022-04-01,2022-04-30,0.062,TWh,,,low_confidence
ember:monthly:generation,RU,mix,,bioenergy,,2022-05-01,2022-05-31,0.054,TWh,,,low_confidence
ember:monthly:generation,RU,mix,,bioenergy,,2022-06-01,2022-06-30,0.05,TWh,,,low_confidence
ember:monthly:generation,RU,mix,,bioenergy,,2022-07-01,2022-07-31,0.055,TWh,,,low_confidence
ember:monthly:generation,RU,mix,,bioenergy,,2022-08-01,2022-08-31,0.059,TWh,,,low_confidence
ember:monthly:generation,RU,mix,,bioenergy,,2022-09-01,2022-09-30,0.058,TWh,,,low_confidence
ember:monthly:generation,RU,mix,,bioenergy,,2022-10-01,2022-10-31,0.067,TWh,,,low_confidence
ember:monthly:generation,RU,mix,,bioenergy,,2022-11-01,2022-11-30,0.074,TWh,,,low_confidence
ember:monthly:generation,RU,mix,,bioenergy,,2022-12-01,2022-12-31,0.087,TWh,,,low_confidence
ember:monthly:generation,RU,mix,,bioenergy,,2023-01-01,2023-01-31,0.085,TWh,,,low_confidence
ember:monthly:generation,RU,mix,,bioenergy,,2023-02-01,2023-02-28,0.077,TWh,,,low_confidence
ember:monthly:generation,RU,mix,,bioenergy,,2023-03-01,2023-03-31,0.077,TWh,,,low_confidence
ember:monthly:generation,RU,mix,,bioenergy,,2023-04-01,2023-04-30,0.063,TWh,,,low_confidence
ember:monthly:generation,RU,mix,,bioenergy,,2023-05-01,2023-05-31,0.058,TWh,,,low_confidence
ember:monthly:generation,RU,mix,,bioenergy,,2023-06-01,2023-06-30,0.051,TWh,,,low_confidence
ember:monthly:generation,RU,mix,,bioenergy,,2023-07-01,2023-07-31,0.055,TWh,,,low_confidence
ember:monthly:generation,RU,mix,,bioenergy,,2023-08-01,2023-08-31,0.058,TWh,,,low_confidence
ember:monthly:generation,RU,mix,,bioenergy,,2023-09-01,2023-09-30,0.055,TWh,,,low_confidence
ember:monthly:generation,RU,mix,,bioenergy,,2023-10-01,2023-10-31,0.067,TWh,,,low_confidence
ember:monthly:generation,RU,mix,,bioenergy,,2023-11-01,2023-11-30,0.074,TWh,,,low_confidence
ember:monthly:generation,RU,mix,,bioenergy,,2023-12-01,2023-12-31,0.086,TWh,,,low_confidence
ember:monthly:generation,RU,mix,,bioenergy,,2024-01-01,2024-01-31,0.083,TWh,,,low_confidence
ember:monthly:generation,RU,mix,,bioenergy,,2024-02-01,2024-02-29,0.078,TWh,,,low_confidence
ember:monthly:generation,RU,mix,,bioenergy,,2024-03-01,2024-03-31,0.074,TWh,,,low_confidence
ember:monthly:generation,RU,mix,,bioenergy,,2024-04-01,2024-04-30,0.059,TWh,,,low_confidence
ember:monthly:generation,RU,mix,,bioenergy,,2024-05-01,2024-05-31,0.053,TWh,,,low_confidence
ember:monthly:generation,RU,mix,,bioenergy,,2024-06-01,2024-06-30,0.052,TWh,,,low_confidence
ember:monthly:generation,RU,mix,,bioenergy,,2024-07-01,2024-07-31,0.057,TWh,,,low_confidence
ember:monthly:generation,RU,mix,,bioenergy,,2024-08-01,2024-08-31,0.055,TWh,,,low_confidence
ember:monthly:generation,RU,mix,,bioenergy,,2024-09-01,2024-09-30,0.055,TWh,,,low_confidence
ember:monthly:generation,RU,mix,,bioenergy,,2024-10-01,2024-10-31,0.066,TWh,,,low_confidence
ember:monthly:generation,RU,mix,,bioenergy,,2024-11-01,2024-11-30,0.073,TWh,,,low_confidence
ember:monthly:generation,RU,mix,,bioenergy,,2024-12-01,2024-12-31,0.08,TWh,,,low_confidence
ember:monthly:generation,RU,mix,,bioenergy,,2025-01-01,2025-01-31,0.087,TWh,,,low_confidence
ember:monthly:generation,RU,mix,,bioenergy,,2025-02-01,2025-02-28,0.083,TWh,,,low_confidence
ember:monthly:generation,RU,mix,,bioenergy,,2025-03-01,2025-03-31,0.082,TWh,,,low_confidence
ember:monthly:generation,RU,mix,,bioenergy,,2025-04-01,2025-04-30,0.068,TWh,,,low_confidence
ember:monthly:generation,RU,mix,,bioenergy,,2025-05-01,2025-05-31,0.059,TWh,,,low_confidence
ember:monthly:generation,RU,mix,,bioenergy,,2025-06-01,2025-06-30,0.053,TWh,,,low_confidence
ember:monthly:generation,RU,mix,,bioenergy,,2025-07-01,2025-07-31,0.058,TWh,,,low_confidence
ember:monthly:generation,RU,mix,,bioenergy,,2025-08-01,2025-08-31,0.059,TWh,,,low_confidence
ember:monthly:generation,RU,mix,,bioenergy,,2025-09-01,2025-09-30,0.058,TWh,,,low_confidence
ember:monthly:generation,RU,mix,,bioenergy,,2025-10-01,2025-10-31,0.069,TWh,,,low_confidence
ember:monthly:generation,RU,mix,,bioenergy,,2025-11-01,2025-11-30,0.075,TWh,,,low_confidence
ember:monthly:generation,RU,mix,,bioenergy,,2025-12-01,2025-12-31,0.087,TWh,,,low_confidence
ember:monthly:generation,RU,mix,,bioenergy,,2026-01-01,2026-01-31,0.09,TWh,,,low_confidence
ember:monthly:generation,RU,mix,,bioenergy,,2026-02-01,2026-02-28,0.083,TWh,,,low_confidence
ember:monthly:generation,RU,mix,,bioenergy,,2026-03-01,2026-03-31,0.081,TWh,,,low_confidence
ember:monthly:generation,RU,mix,,bioenergy,,2026-04-01,2026-04-30,0.068,TWh,,,low_confidence
ember:monthly:generation,RU,mix,,bioenergy,,2026-05-01,2026-05-31,0.057,TWh,,,low_confidence
ember:monthly:generation,RU,mix,,bioenergy,,2026-06-01,2026-06-30,0.049,TWh,,,low_confidence
ember:monthly:generation,RU,mix,,bioenergy,,2026-07-01,2026-07-31,0.051,TWh,,,low_confidence
ember:monthly:generation,RU,mix,,coal,,2019-01-01,2019-01-31,18.732,TWh,,,low_confidence
ember:monthly:generation,RU,mix,,coal,,2019-02-01,2019-02-28,16.532,TWh,,,low_confidence
ember:monthly:generation,RU,mix,,coal,,2019-03-01,2019-03-31,17.004,TWh,,,low_confidence
ember:monthly:generation,RU,mix,,coal,,2019-04-01,2019-04-30,15.104,TWh,,,low_confidence
ember:monthly:generation,RU,mix,,coal,,2019-05-01,2019-05-31,13.241,TWh,,,low_confidence
ember:monthly:generation,RU,mix,,coal,,2019-06-01,2019-06-30,12.445,TWh,,,low_confidence
ember:monthly:generation,RU,mix,,coal,,2019-07-01,2019-07-31,12.028,TWh,,,low_confidence
ember:monthly:generation,RU,mix,,coal,,2019-08-01,2019-08-31,12.25,TWh,,,low_confidence
ember:monthly:generation,RU,mix,,coal,,2019-09-01,2019-09-30,12.622,TWh,,,low_confidence
ember:monthly:generation,RU,mix,,coal,,2019-10-01,2019-10-31,14.766,TWh,,,low_confidence
ember:monthly:generation,RU,mix,,coal,,2019-11-01,2019-11-30,15.96,TWh,,,low_confidence
ember:monthly:generation,RU,mix,,coal,,2019-12-01,2019-12-31,17.951,TWh,,,low_confidence
ember:monthly:generation,RU,mix,,coal,,2020-01-01,2020-01-31,17.556,TWh,,,low_confidence
ember:monthly:generation,RU,mix,,coal,,2020-02-01,2020-02-29,16.492,TWh,,,low_confidence
ember:monthly:generation,RU,mix,,coal,,2020-03-01,2020-03-31,15.744,TWh,,,low_confidence
ember:monthly:generation,RU,mix,,coal,,2020-04-01,2020-04-30,13.298,TWh,,,low_confidence
ember:monthly:generation,RU,mix,,coal,,2020-05-01,2020-05-31,10.781,TWh,,,low_confidence
ember:monthly:generation,RU,mix,,coal,,2020-06-01,2020-06-30,10.3,TWh,,,low_confidence
ember:monthly:generation,RU,mix,,coal,,2020-07-01,2020-07-31,11.918,TWh,,,low_confidence
ember:monthly:generation,RU,mix,,coal,,2020-08-01,2020-08-31,12.012,TWh,,,low_confidence
ember:monthly:generation,RU,mix,,coal,,2020-09-01,2020-09-30,11.794,TWh,,,low_confidence
ember:monthly:generation,RU,mix,,coal,,2020-10-01,2020-10-31,13.14,TWh,,,low_confidence
ember:monthly:generation,RU,mix,,coal,,2020-11-01,2020-11-30,15.142,TWh,,,low_confidence
ember:monthly:generation,RU,mix,,coal,,2020-12-01,2020-12-31,17.855,TWh,,,low_confidence
ember:monthly:generation,RU,mix,,coal,,2021-01-01,2021-01-31,18.267,TWh,,,low_confidence
ember:monthly:generation,RU,mix,,coal,,2021-02-01,2021-02-28,16.865,TWh,,,low_confidence
ember:monthly:generation,RU,mix,,coal,,2021-03-01,2021-03-31,16.635,TWh,,,low_confidence
ember:monthly:generation,RU,mix,,coal,,2021-04-01,2021-04-30,13.999,TWh,,,low_confidence
ember:monthly:generation,RU,mix,,coal,,2021-05-01,2021-05-31,11.637,TWh,,,low_confidence
ember:monthly:generation,RU,mix,,coal,,2021-06-01,2021-06-30,11.167,TWh,,,low_confidence
ember:monthly:generation,RU,mix,,coal,,2021-07-01,2021-07-31,12.313,TWh,,,low_confidence
ember:monthly:generation,RU,mix,,coal,,2021-08-01,2021-08-31,13.102,TWh,,,low_confidence
ember:monthly:generation,RU,mix,,coal,,2021-09-01,2021-09-30,13.026,TWh,,,low_confidence
ember:monthly:generation,RU,mix,,coal,,2021-10-01,2021-10-31,15.027,TWh,,,low_confidence
ember:monthly:generation,RU,mix,,coal,,2021-11-01,2021-11-30,16.229,TWh,,,low_confidence
ember:monthly:generation,RU,mix,,coal,,2021-12-01,2021-12-31,18.786,TWh,,,low_confidence
ember:monthly:generation,RU,mix,,coal,,2022-01-01,2022-01-31,20.841,TWh,,,low_confidence
ember:monthly:generation,RU,mix,,coal,,2022-02-01,2022-02-28,18.509,TWh,,,low_confidence
ember:monthly:generation,RU,mix,,coal,,2022-03-01,2022-03-31,19.205,TWh,,,low_confidence
ember:monthly:generation,RU,mix,,coal,,2022-04-01,2022-04-30,15.715,TWh,,,low_confidence
ember:monthly:generation,RU,mix,,coal,,2022-05-01,2022-05-31,13.594,TWh,,,low_confidence
ember:monthly:generation,RU,mix,,coal,,2022-06-01,2022-06-30,12.621,TWh,,,low_confidence
ember:monthly:generation,RU,mix,,coal,,2022-07-01,2022-07-31,13.858,TWh,,,low_confidence
ember:monthly:generation,RU,mix,,coal,,2022-08-01,2022-08-31,14.952,TWh,,,low_confidence
ember:monthly:generation,RU,mix,,coal,,2022-09-01,2022-09-30,14.718,TWh,,,low_confidence
ember:monthly:generation,RU,mix,,coal,,2022-10-01,2022-10-31,16.97,TWh,,,low_confidence
ember:monthly:generation,RU,mix,,coal,,2022-11-01,2022-11-30,18.701,TWh,,,low_confidence
ember:monthly:generation,RU,mix,,coal,,2022-12-01,2022-12-31,21.899,TWh,,,low_confidence
ember:monthly:generation,RU,mix,,coal,,2023-01-01,2023-01-31,21.417,TWh,,,low_confidence
ember:monthly:generation,RU,mix,,coal,,2023-02-01,2023-02-28,19.456,TWh,,,low_confidence
ember:monthly:generation,RU,mix,,coal,,2023-03-01,2023-03-31,19.595,TWh,,,low_confidence
ember:monthly:generation,RU,mix,,coal,,2023-04-01,2023-04-30,15.916,TWh,,,low_confidence
ember:monthly:generation,RU,mix,,coal,,2023-05-01,2023-05-31,14.679,TWh,,,low_confidence
ember:monthly:generation,RU,mix,,coal,,2023-06-01,2023-06-30,12.946,TWh,,,low_confidence
ember:monthly:generation,RU,mix,,coal,,2023-07-01,2023-07-31,13.863,TWh,,,low_confidence
ember:monthly:generation,RU,mix,,coal,,2023-08-01,2023-08-31,14.755,TWh,,,low_confidence
ember:monthly:generation,RU,mix,,coal,,2023-09-01,2023-09-30,14.049,TWh,,,low_confidence
ember:monthly:generation,RU,mix,,coal,,2023-10-01,2023-10-31,17.083,TWh,,,low_confidence
ember:monthly:generation,RU,mix,,coal,,2023-11-01,2023-11-30,18.717,TWh,,,low_confidence
ember:monthly:generation,RU,mix,,coal,,2023-12-01,2023-12-31,21.721,TWh,,,low_confidence
ember:monthly:generation,RU,mix,,coal,,2024-01-01,2024-01-31,20.648,TWh,,,low_confidence
ember:monthly:generation,RU,mix,,coal,,2024-02-01,2024-02-29,19.404,TWh,,,low_confidence
ember:monthly:generation,RU,mix,,coal,,2024-03-01,2024-03-31,18.492,TWh,,,low_confidence
ember:monthly:generation,RU,mix,,coal,,2024-04-01,2024-04-30,14.78,TWh,,,low_confidence
ember:monthly:generation,RU,mix,,coal,,2024-05-01,2024-05-31,13.345,TWh,,,low_confidence
ember:monthly:generation,RU,mix,,coal,,2024-06-01,2024-06-30,12.943,TWh,,,low_confidence
ember:monthly:generation,RU,mix,,coal,,2024-07-01,2024-07-31,14.212,TWh,,,low_confidence
ember:monthly:generation,RU,mix,,coal,,2024-08-01,2024-08-31,13.861,TWh,,,low_confidence
ember:monthly:generation,RU,mix,,coal,,2024-09-01,2024-09-30,13.652,TWh,,,low_confidence
ember:monthly:generation,RU,mix,,coal,,2024-10-01,2024-10-31,16.597,TWh,,,low_confidence
ember:monthly:generation,RU,mix,,coal,,2024-11-01,2024-11-30,18.272,TWh,,,low_confidence
ember:monthly:generation,RU,mix,,coal,,2024-12-01,2024-12-31,20.009,TWh,,,low_confidence
ember:monthly:generation,RU,mix,,coal,,2025-01-01,2025-01-31,20.832,TWh,,,low_confidence
ember:monthly:generation,RU,mix,,coal,,2025-02-01,2025-02-28,19.768,TWh,,,low_confidence
ember:monthly:generation,RU,mix,,coal,,2025-03-01,2025-03-31,19.446,TWh,,,low_confidence
ember:monthly:generation,RU,mix,,coal,,2025-04-01,2025-04-30,16.314,TWh,,,low_confidence
ember:monthly:generation,RU,mix,,coal,,2025-05-01,2025-05-31,14.155,TWh,,,low_confidence
ember:monthly:generation,RU,mix,,coal,,2025-06-01,2025-06-30,12.718,TWh,,,low_confidence
ember:monthly:generation,RU,mix,,coal,,2025-07-01,2025-07-31,13.872,TWh,,,low_confidence
ember:monthly:generation,RU,mix,,coal,,2025-08-01,2025-08-31,14.137,TWh,,,low_confidence
ember:monthly:generation,RU,mix,,coal,,2025-09-01,2025-09-30,13.93,TWh,,,low_confidence
ember:monthly:generation,RU,mix,,coal,,2025-10-01,2025-10-31,16.548,TWh,,,low_confidence
ember:monthly:generation,RU,mix,,coal,,2025-11-01,2025-11-30,17.936,TWh,,,low_confidence
ember:monthly:generation,RU,mix,,coal,,2025-12-01,2025-12-31,20.688,TWh,,,low_confidence
ember:monthly:generation,RU,mix,,coal,,2026-01-01,2026-01-31,21.506,TWh,,,low_confidence
ember:monthly:generation,RU,mix,,coal,,2026-02-01,2026-02-28,19.7,TWh,,,low_confidence
ember:monthly:generation,RU,mix,,coal,,2026-03-01,2026-03-31,19.27,TWh,,,low_confidence
ember:monthly:generation,RU,mix,,coal,,2026-04-01,2026-04-30,16.196,TWh,,,low_confidence
ember:monthly:generation,RU,mix,,coal,,2026-05-01,2026-05-31,13.491,TWh,,,low_confidence
ember:monthly:generation,RU,mix,,coal,,2026-06-01,2026-06-30,11.776,TWh,,,low_confidence
ember:monthly:generation,RU,mix,,coal,,2026-07-01,2026-07-31,12.032,TWh,,,low_confidence
ember:monthly:generation,RU,mix,,demand,,2019-01-01,2019-01-31,102.829,TWh,,,low_confidence
ember:monthly:generation,RU,mix,,demand,,2019-02-01,2019-02-28,92.361,TWh,,,low_confidence
ember:monthly:generation,RU,mix,,demand,,2019-03-01,2019-03-31,95.657,TWh,,,low_confidence
ember:monthly:generation,RU,mix,,demand,,2019-04-01,2019-04-30,85.928,TWh,,,low_confidence
ember:monthly:generation,RU,mix,,demand,,2019-05-01,2019-05-31,81.084,TWh,,,low_confidence
ember:monthly:generation,RU,mix,,demand,,2019-06-01,2019-06-30,77.988,TWh,,,low_confidence
ember:monthly:generation,RU,mix,,demand,,2019-07-01,2019-07-31,79.663,TWh,,,low_confidence
ember:monthly:generation,RU,mix,,demand,,2019-08-01,2019-08-31,80.756,TWh,,,low_confidence
ember:monthly:generation,RU,mix,,demand,,2019-09-01,2019-09-30,81.841,TWh,,,low_confidence
ember:monthly:generation,RU,mix,,demand,,2019-10-01,2019-10-31,90.571,TWh,,,low_confidence
ember:monthly:generation,RU,mix,,demand,,2019-11-01,2019-11-30,95.939,TWh,,,low_confidence
ember:monthly:generation,RU,mix,,demand,,2019-12-01,2019-12-31,101.781,TWh,,,low_confidence
ember:monthly:generation,RU,mix,,demand,,2020-01-01,2020-01-31,99.571,TWh,,,low_confidence
ember:monthly:generation,RU,mix,,demand,,2020-02-01,2020-02-29,93.802,TWh,,,low_confidence
ember:monthly:generation,RU,mix,,demand,,2020-03-01,2020-03-31,94.043,TWh,,,low_confidence
ember:monthly:generation,RU,mix,,demand,,2020-04-01,2020-04-30,83.464,TWh,,,low_confidence
ember:monthly:generation,RU,mix,,demand,,2020-05-01,2020-05-31,76.75,TWh,,,low_confidence
ember:monthly:generation,RU,mix,,demand,,2020-06-01,2020-06-30,73.421,TWh,,,low_confidence
ember:monthly:generation,RU,mix,,demand,,2020-07-01,2020-07-31,77.681,TWh,,,low_confidence
ember:monthly:generation,RU,mix,,demand,,2020-08-01,2020-08-31,77.964,TWh,,,low_confidence
ember:monthly:generation,RU,mix,,demand,,2020-09-01,2020-09-30,79.236,TWh,,,low_confidence
ember:monthly:generation,RU,mix,,demand,,2020-10-01,2020-10-31,87.848,TWh,,,low_confidence
ember:monthly:generation,RU,mix,,demand,,2020-11-01,2020-11-30,93.156,TWh,,,low_confidence
ember:monthly:generation,RU,mix,,demand,,2020-12-01,2020-12-31,104.386,TWh,,,low_confidence
ember:monthly:generation,RU,mix,,demand,,2021-01-01,2021-01-31,104.08,TWh,,,low_confidence
ember:monthly:generation,RU,mix,,demand,,2021-02-01,2021-02-28,95.964,TWh,,,low_confidence
ember:monthly:generation,RU,mix,,demand,,2021-03-01,2021-03-31,99.68,TWh,,,low_confidence
ember:monthly:generation,RU,mix,,demand,,2021-04-01,2021-04-30,87.87,TWh,,,low_confidence
ember:monthly:generation,RU,mix,,demand,,2021-05-01,2021-05-31,82.233,TWh,,,low_confidence
ember:monthly:generation,RU,mix,,demand,,2021-06-01,2021-06-30,79.186,TWh,,,low_confidence
ember:monthly:generation,RU,mix,,demand,,2021-07-01,2021-07-31,82.934,TWh,,,low_confidence
ember:monthly:generation,RU,mix,,demand,,2021-08-01,2021-08-31,83.452,TWh,,,low_confidence
ember:monthly:generation,RU,mix,,demand,,2021-09-01,2021-09-30,84.712,TWh,,,low_confidence
ember:monthly:generation,RU,mix,,demand,,2021-10-01,2021-10-31,94.217,TWh,,,low_confidence
ember:monthly:generation,RU,mix,,demand,,2021-11-01,2021-11-30,98.3,TWh,,,low_confidence
ember:monthly:generation,RU,mix,,demand,,2021-12-01,2021-12-31,108.512,TWh,,,low_confidence
ember:monthly:generation,RU,mix,,demand,,2022-01-01,2022-01-31,108.003,TWh,,,low_confidence
ember:monthly:generation,RU,mix,,demand,,2022-02-01,2022-02-28,95.648,TWh,,,low_confidence
ember:monthly:generation,RU,mix,,demand,,2022-03-01,2022-03-31,102.408,TWh,,,low_confidence
ember:monthly:generation,RU,mix,,demand,,2022-04-01,2022-04-30,89.878,TWh,,,low_confidence
ember:monthly:generation,RU,mix,,demand,,2022-05-01,2022-05-31,85.625,TWh,,,low_confidence
ember:monthly:generation,RU,mix,,demand,,2022-06-01,2022-06-30,79.352,TWh,,,low_confidence
ember:monthly:generation,RU,mix,,demand,,2022-07-01,2022-07-31,82.545,TWh,,,low_confidence
ember:monthly:generation,RU,mix,,demand,,2022-08-01,2022-08-31,85.361,TWh,,,low_confidence
ember:monthly:generation,RU,mix,,demand,,2022-09-01,2022-09-30,84.6,TWh,,,low_confidence
ember:monthly:generation,RU,mix,,demand,,2022-10-01,2022-10-31,93.724,TWh,,,low_confidence
ember:monthly:generation,RU,mix,,demand,,2022-11-01,2022-11-30,100.183,TWh,,,low_confidence
ember:monthly:generation,RU,mix,,demand,,2022-12-01,2022-12-31,110.187,TWh,,,low_confidence
ember:monthly:generation,RU,mix,,demand,,2023-01-01,2023-01-31,109.4,TWh,,,low_confidence
ember:monthly:generation,RU,mix,,demand,,2023-02-01,2023-02-28,98.964,TWh,,,low_confidence
ember:monthly:generation,RU,mix,,demand,,2023-03-01,2023-03-31,101.183,TWh,,,low_confidence
ember:monthly:generation,RU,mix,,demand,,2023-04-01,2023-04-30,90.743,TWh,,,low_confidence
ember:monthly:generation,RU,mix,,demand,,2023-05-01,2023-05-31,86.482,TWh,,,low_confidence
ember:monthly:generation,RU,mix,,demand,,2023-06-01,2023-06-30,80.652,TWh,,,low_confidence
ember:monthly:generation,RU,mix,,demand,,2023-07-01,2023-07-31,84.408,TWh,,,low_confidence
ember:monthly:generation,RU,mix,,demand,,2023-08-01,2023-08-31,86.874,TWh,,,low_confidence
ember:monthly:generation,RU,mix,,demand,,2023-09-01,2023-09-30,84.263,TWh,,,low_confidence
ember:monthly:generation,RU,mix,,demand,,2023-10-01,2023-10-31,96.311,TWh,,,low_confidence
ember:monthly:generation,RU,mix,,demand,,2023-11-01,2023-11-30,101.232,TWh,,,low_confidence
ember:monthly:generation,RU,mix,,demand,,2023-12-01,2023-12-31,113.519,TWh,,,low_confidence
ember:monthly:generation,RU,mix,,demand,,2024-01-01,2024-01-31,114.186,TWh,,,low_confidence
ember:monthly:generation,RU,mix,,demand,,2024-02-01,2024-02-29,105.148,TWh,,,low_confidence
ember:monthly:generation,RU,mix,,demand,,2024-03-01,2024-03-31,105.131,TWh,,,low_confidence
ember:monthly:generation,RU,mix,,demand,,2024-04-01,2024-04-30,91.512,TWh,,,low_confidence
ember:monthly:generation,RU,mix,,demand,,2024-05-01,2024-05-31,88.808,TWh,,,low_confidence
ember:monthly:generation,RU,mix,,demand,,2024-06-01,2024-06-30,84.488,TWh,,,low_confidence
ember:monthly:generation,RU,mix,,demand,,2024-07-01,2024-07-31,88.583,TWh,,,low_confidence
ember:monthly:generation,RU,mix,,demand,,2024-08-01,2024-08-31,87.162,TWh,,,low_confidence
ember:monthly:generation,RU,mix,,demand,,2024-09-01,2024-09-30,85.5,TWh,,,low_confidence
ember:monthly:generation,RU,mix,,demand,,2024-10-01,2024-10-31,97.81,TWh,,,low_confidence
ember:monthly:generation,RU,mix,,demand,,2024-11-01,2024-11-30,103.702,TWh,,,low_confidence
ember:monthly:generation,RU,mix,,demand,,2024-12-01,2024-12-31,112.37,TWh,,,low_confidence
ember:monthly:generation,RU,mix,,demand,,2025-01-01,2025-01-31,109.905,TWh,,,low_confidence
ember:monthly:generation,RU,mix,,demand,,2025-02-01,2025-02-28,101.677,TWh,,,low_confidence
ember:monthly:generation,RU,mix,,demand,,2025-03-01,2025-03-31,103.331,TWh,,,low_confidence
ember:monthly:generation,RU,mix,,demand,,2025-04-01,2025-04-30,92.318,TWh,,,low_confidence
ember:monthly:generation,RU,mix,,demand,,2025-05-01,2025-05-31,88.13,TWh,,,low_confidence
ember:monthly:generation,RU,mix,,demand,,2025-06-01,2025-06-30,82.211,TWh,,,low_confidence
ember:monthly:generation,RU,mix,,demand,,2025-07-01,2025-07-31,87.992,TWh,,,low_confidence
ember:monthly:generation,RU,mix,,demand,,2025-08-01,2025-08-31,86.672,TWh,,,low_confidence
ember:monthly:generation,RU,mix,,demand,,2025-09-01,2025-09-30,86.142,TWh,,,low_confidence
ember:monthly:generation,RU,mix,,demand,,2025-10-01,2025-10-31,98.112,TWh,,,low_confidence
ember:monthly:generation,RU,mix,,demand,,2025-11-01,2025-11-30,100.726,TWh,,,low_confidence
ember:monthly:generation,RU,mix,,demand,,2025-12-01,2025-12-31,111.571,TWh,,,low_confidence
ember:monthly:generation,RU,mix,,demand,,2026-01-01,2026-01-31,114.921,TWh,,,low_confidence
ember:monthly:generation,RU,mix,,demand,,2026-02-01,2026-02-28,103.628,TWh,,,low_confidence
ember:monthly:generation,RU,mix,,demand,,2026-03-01,2026-03-31,102.551,TWh,,,low_confidence
ember:monthly:generation,RU,mix,,demand,,2026-04-01,2026-04-30,92.319,TWh,,,low_confidence
ember:monthly:generation,RU,mix,,demand,,2026-05-01,2026-05-31,86.449,TWh,,,low_confidence
ember:monthly:generation,RU,mix,,demand,,2026-06-01,2026-06-30,81.267,TWh,,,low_confidence
ember:monthly:generation,RU,mix,,demand,,2026-07-01,2026-07-31,84.938,TWh,,,low_confidence
ember:monthly:generation,RU,mix,,gas,,2019-01-01,2019-01-31,51.172,TWh,,,low_confidence
ember:monthly:generation,RU,mix,,gas,,2019-02-01,2019-02-28,45.162,TWh,,,low_confidence
ember:monthly:generation,RU,mix,,gas,,2019-03-01,2019-03-31,46.45,TWh,,,low_confidence
ember:monthly:generation,RU,mix,,gas,,2019-04-01,2019-04-30,41.26,TWh,,,low_confidence
ember:monthly:generation,RU,mix,,gas,,2019-05-01,2019-05-31,36.171,TWh,,,low_confidence
ember:monthly:generation,RU,mix,,gas,,2019-06-01,2019-06-30,33.996,TWh,,,low_confidence
ember:monthly:generation,RU,mix,,gas,,2019-07-01,2019-07-31,32.857,TWh,,,low_confidence
ember:monthly:generation,RU,mix,,gas,,2019-08-01,2019-08-31,33.464,TWh,,,low_confidence
ember:monthly:generation,RU,mix,,gas,,2019-09-01,2019-09-30,34.481,TWh,,,low_confidence
ember:monthly:generation,RU,mix,,gas,,2019-10-01,2019-10-31,40.338,TWh,,,low_confidence
ember:monthly:generation,RU,mix,,gas,,2019-11-01,2019-11-30,43.6,TWh,,,low_confidence
ember:monthly:generation,RU,mix,,gas,,2019-12-01,2019-12-31,49.038,TWh,,,low_confidence
ember:monthly:generation,RU,mix,,gas,,2020-01-01,2020-01-31,46.749,TWh,,,low_confidence
ember:monthly:generation,RU,mix,,gas,,2020-02-01,2020-02-29,43.915,TWh,,,low_confidence
ember:monthly:generation,RU,mix,,gas,,2020-03-01,2020-03-31,41.923,TWh,,,low_confidence
ember:monthly:generation,RU,mix,,gas,,2020-04-01,2020-04-30,35.41,TWh,,,low_confidence
ember:monthly:generation,RU,mix,,gas,,2020-05-01,2020-05-31,28.708,TWh,,,low_confidence
ember:monthly:generation,RU,mix,,gas,,2020-06-01,2020-06-30,27.426,TWh,,,low_confidence
ember:monthly:generation,RU,mix,,gas,,2020-07-01,2020-07-31,31.736,TWh,,,low_confidence
ember:monthly:generation,RU,mix,,gas,,2020-08-01,2020-08-31,31.986,TWh,,,low_confidence
ember:monthly:generation,RU,mix,,gas,,2020-09-01,2020-09-30,31.406,TWh,,,low_confidence
ember:monthly:generation,RU,mix,,gas,,2020-10-01,2020-10-31,34.99,TWh,,,low_confidence
ember:monthly:generation,RU,mix,,gas,,2020-11-01,2020-11-30,40.319,TWh,,,low_confidence
ember:monthly:generation,RU,mix,,gas,,2020-12-01,2020-12-31,47.545,TWh,,,low_confidence
ember:monthly:generation,RU,mix,,gas,,2021-01-01,2021-01-31,50.114,TWh,,,low_confidence
ember:monthly:generation,RU,mix,,gas,,2021-02-01,2021-02-28,46.269,TWh,,,low_confidence
ember:monthly:generation,RU,mix,,gas,,2021-03-01,2021-03-31,45.637,TWh,,,low_confidence
ember:monthly:generation,RU,mix,,gas,,2021-04-01,2021-04-30,38.407,TWh,,,low_confidence
ember:monthly:generation,RU,mix,,gas,,2021-05-01,2021-05-31,31.926,TWh,,,low_confidence
ember:monthly:generation,RU,mix,,gas,,2021-06-01,2021-06-30,30.635,TWh,,,low_confidence
ember:monthly:generation,RU,mix,,gas,,2021-07-01,2021-07-31,33.779,TWh,,,low_confidence
ember:monthly:generation,RU,mix,,gas,,2021-08-01,2021-08-31,35.945,TWh,,,low_confidence
ember:monthly:generation,RU,mix,,gas,,2021-09-01,2021-09-30,35.736,TWh,,,low_confidence
ember:monthly:generation,RU,mix,,gas,,2021-10-01,2021-10-31,41.226,TWh,,,low_confidence
ember:monthly:generation,RU,mix,,gas,,2021-11-01,2021-11-30,44.524,TWh,,,low_confidence
ember:monthly:generation,RU,mix,,gas,,2021-12-01,2021-12-31,51.539,TWh,,,low_confidence
ember:monthly:generation,RU,mix,,gas,,2022-01-01,2022-01-31,49.984,TWh,,,low_confidence
ember:monthly:generation,RU,mix,,gas,,2022-02-01,2022-02-28,44.391,TWh,,,low_confidence
ember:monthly:generation,RU,mix,,gas,,2022-03-01,2022-03-31,46.059,TWh,,,low_confidence
ember:monthly:generation,RU,mix,,gas,,2022-04-01,2022-04-30,37.691,TWh,,,low_confidence
ember:monthly:generation,RU,mix,,gas,,2022-05-01,2022-05-31,32.604,TWh,,,low_confidence
ember:monthly:generation,RU,mix,,gas,,2022-06-01,2022-06-30,30.268,TWh,,,low_confidence
ember:monthly:generation,RU,mix,,gas,,2022-07-01,2022-07-31,33.235,TWh,,,low_confidence
ember:monthly:generation,RU,mix,,gas,,2022-08-01,2022-08-31,35.859,TWh,,,low_confidence
ember:monthly:generation,RU,mix,,gas,,2022-09-01,2022-09-30,35.299,TWh,,,low_confidence
ember:monthly:generation,RU,mix,,gas,,2022-10-01,2022-10-31,40.7,TWh,,,low_confidence
ember:monthly:generation,RU,mix,,gas,,2022-11-01,2022-11-30,44.85,TWh,,,low_confidence
ember:monthly:generation,RU,mix,,gas,,2022-12-01,2022-12-31,52.522,TWh,,,low_confidence
ember:monthly:generation,RU,mix,,gas,,2023-01-01,2023-01-31,51.981,TWh,,,low_confidence
ember:monthly:generation,RU,mix,,gas,,2023-02-01,2023-02-28,47.224,TWh,,,low_confidence
ember:monthly:generation,RU,mix,,gas,,2023-03-01,2023-03-31,47.56,TWh,,,low_confidence
ember:monthly:generation,RU,mix,,gas,,2023-04-01,2023-04-30,38.635,TWh,,,low_confidence
ember:monthly:generation,RU,mix,,gas,,2023-05-01,2023-05-31,35.635,TWh,,,low_confidence
ember:monthly:generation,RU,mix,,gas,,2023-06-01,2023-06-30,31.431,TWh,,,low_confidence
ember:monthly:generation,RU,mix,,gas,,2023-07-01,2023-07-31,33.656,TWh,,,low_confidence
ember:monthly:generation,RU,mix,,gas,,2023-08-01,2023-08-31,35.82,TWh,,,low_confidence
ember:monthly:generation,RU,mix,,gas,,2023-09-01,2023-09-30,34.106,TWh,,,low_confidence
ember:monthly:generation,RU,mix,,gas,,2023-10-01,2023-10-31,41.467,TWh,,,low_confidence
ember:monthly:generation,RU,mix,,gas,,2023-11-01,2023-11-30,45.431,TWh,,,low_confidence
ember:monthly:generation,RU,mix,,gas,,2023-12-01,2023-12-31,52.72,TWh,,,low_confidence
ember:monthly:generation,RU,mix,,gas,,2024-01-01,2024-01-31,55.457,TWh,,,low_confidence
ember:monthly:generation,RU,mix,,gas,,2024-02-01,2024-02-29,52.129,TWh,,,low_confidence
ember:monthly:generation,RU,mix,,gas,,2024-03-01,2024-03-31,49.689,TWh,,,low_confidence
ember:monthly:generation,RU,mix,,gas,,2024-04-01,2024-04-30,39.763,TWh,,,low_confidence
ember:monthly:generation,RU,mix,,gas,,2024-05-01,2024-05-31,35.925,TWh,,,low_confidence
ember:monthly:generation,RU,mix,,gas,,2024-06-01,2024-06-30,34.85,TWh,,,low_confidence
ember:monthly:generation,RU,mix,,gas,,2024-07-01,2024-07-31,38.243,TWh,,,low_confidence
ember:monthly:generation,RU,mix,,gas,,2024-08-01,2024-08-31,37.305,TWh,,,low_confidence
ember:monthly:generation,RU,mix,,gas,,2024-09-01,2024-09-30,36.746,TWh,,,low_confidence
ember:monthly:generation,RU,mix,,gas,,2024-10-01,2024-10-31,44.622,TWh,,,low_confidence
ember:monthly:generation,RU,mix,,gas,,2024-11-01,2024-11-30,49.102,TWh,,,low_confidence
ember:monthly:generation,RU,mix,,gas,,2024-12-01,2024-12-31,53.747,TWh,,,low_confidence
ember:monthly:generation,RU,mix,,gas,,2025-01-01,2025-01-31,53.914,TWh,,,low_confidence
ember:monthly:generation,RU,mix,,gas,,2025-02-01,2025-02-28,51.169,TWh,,,low_confidence
ember:monthly:generation,RU,mix,,gas,,2025-03-01,2025-03-31,50.339,TWh,,,low_confidence
ember:monthly:generation,RU,mix,,gas,,2025-04-01,2025-04-30,42.257,TWh,,,low_confidence
ember:monthly:generation,RU,mix,,gas,,2025-05-01,2025-05-31,36.684,TWh,,,low_confidence
ember:monthly:generation,RU,mix,,gas,,2025-06-01,2025-06-30,32.977,TWh,,,low_confidence
ember:monthly:generation,RU,mix,,gas,,2025-07-01,2025-07-31,35.955,TWh,,,low_confidence
ember:monthly:generation,RU,mix,,gas,,2025-08-01,2025-08-31,36.639,TWh,,,low_confidence
ember:monthly:generation,RU,mix,,gas,,2025-09-01,2025-09-30,36.103,TWh,,,low_confidence
ember:monthly:generation,RU,mix,,gas,,2025-10-01,2025-10-31,42.86,TWh,,,low_confidence
ember:monthly:generation,RU,mix,,gas,,2025-11-01,2025-11-30,46.441,TWh,,,low_confidence
ember:monthly:generation,RU,mix,,gas,,2025-12-01,2025-12-31,53.543,TWh,,,low_confidence
ember:monthly:generation,RU,mix,,gas,,2026-01-01,2026-01-31,55.656,TWh,,,low_confidence
ember:monthly:generation,RU,mix,,gas,,2026-02-01,2026-02-28,50.994,TWh,,,low_confidence
ember:monthly:generation,RU,mix,,gas,,2026-03-01,2026-03-31,49.883,TWh,,,low_confidence
ember:monthly:generation,RU,mix,,gas,,2026-04-01,2026-04-30,41.951,TWh,,,low_confidence
ember:monthly:generation,RU,mix,,gas,,2026-05-01,2026-05-31,34.97,TWh,,,low_confidence
ember:monthly:generation,RU,mix,,gas,,2026-06-01,2026-06-30,30.546,TWh,,,low_confidence
ember:monthly:generation,RU,mix,,gas,,2026-07-01,2026-07-31,31.206,TWh,,,low_confidence
ember:monthly:generation,RU,mix,,hydro,,2019-01-01,2019-01-31,13.597,TWh,,,low_confidence
ember:monthly:generation,RU,mix,,hydro,,2019-02-01,2019-02-28,12.73,TWh,,,low_confidence
ember:monthly:generation,RU,mix,,hydro,,2019-03-01,2019-03-31,14.183,TWh,,,low_confidence
ember:monthly:generation,RU,mix,,hydro,,2019-04-01,2019-04-30,14.1,TWh,,,low_confidence
ember:monthly:generation,RU,mix,,hydro,,2019-05-01,2019-05-31,15.993,TWh,,,low_confidence
ember:monthly:generation,RU,mix,,hydro,,2019-06-01,2019-06-30,15.088,TWh,,,low_confidence
ember:monthly:generation,RU,mix,,hydro,,2019-07-01,2019-07-31,16.918,TWh,,,low_confidence
ember:monthly:generation,RU,mix,,hydro,,2019-08-01,2019-08-31,18.416,TWh,,,low_confidence
ember:monthly:generation,RU,mix,,hydro,,2019-09-01,2019-09-30,17.493,TWh,,,low_confidence
ember:monthly:generation,RU,mix,,hydro,,2019-10-01,2019-10-31,17.085,TWh,,,low_confidence
ember:monthly:generation,RU,mix,,hydro,,2019-11-01,2019-11-30,18.214,TWh,,,low_confidence
ember:monthly:generation,RU,mix,,hydro,,2019-12-01,2019-12-31,16.477,TWh,,,low_confidence
ember:monthly:generation,RU,mix,,hydro,,2020-01-01,2020-01-31,16.003,TWh,,,low_confidence
ember:monthly:generation,RU,mix,,hydro,,2020-02-01,2020-02-29,16.016,TWh,,,low_confidence
ember:monthly:generation,RU,mix,,hydro,,2020-03-01,2020-03-31,17.586,TWh,,,low_confidence
ember:monthly:generation,RU,mix,,hydro,,2020-04-01,2020-04-30,17.137,TWh,,,low_confidence
ember:monthly:generation,RU,mix,,hydro,,2020-05-01,2020-05-31,19.187,TWh,,,low_confidence
ember:monthly:generation,RU,mix,,hydro,,2020-06-01,2020-06-30,18.572,TWh,,,low_confidence
ember:monthly:generation,RU,mix,,hydro,,2020-07-01,2020-07-31,17.093,TWh,,,low_confidence
ember:monthly:generation,RU,mix,,hydro,,2020-08-01,2020-08-31,16.768,TWh,,,low_confidence
ember:monthly:generation,RU,mix,,hydro,,2020-09-01,2020-09-30,17.364,TWh,,,low_confidence
ember:monthly:generation,RU,mix,,hydro,,2020-10-01,2020-10-31,17.701,TWh,,,low_confidence
ember:monthly:generation,RU,mix,,hydro,,2020-11-01,2020-11-30,16.847,TWh,,,low_confidence
ember:monthly:generation,RU,mix,,hydro,,2020-12-01,2020-12-31,17.132,TWh,,,low_confidence
ember:monthly:generation,RU,mix,,hydro,,2021-01-01,2021-01-31,16.002,TWh,,,low_confidence
ember:monthly:generation,RU,mix,,hydro,,2021-02-01,2021-02-28,14.889,TWh,,,low_confidence
ember:monthly:generation,RU,mix,,hydro,,2021-03-01,2021-03-31,16.407,TWh,,,low_confidence
ember:monthly:generation,RU,mix,,hydro,,2021-04-01,2021-04-30,16.599,TWh,,,low_confidence
ember:monthly:generation,RU,mix,,hydro,,2021-05-01,2021-05-31,21.017,TWh,,,low_confidence
ember:monthly:generation,RU,mix,,hydro,,2021-06-01,2021-06-30,19.411,TWh,,,low_confidence
ember:monthly:generation,RU,mix,,hydro,,2021-07-01,2021-07-31,18.852,TWh,,,low_confidence
ember:monthly:generation,RU,mix,,hydro,,2021-08-01,2021-08-31,18.584,TWh,,,low_confidence
ember:monthly:generation,RU,mix,,hydro,,2021-09-01,2021-09-30,17.513,TWh,,,low_confidence
ember:monthly:generation,RU,mix,,hydro,,2021-10-01,2021-10-31,17.047,TWh,,,low_confidence
ember:monthly:generation,RU,mix,,hydro,,2021-11-01,2021-11-30,16.494,TWh,,,low_confidence
ember:monthly:generation,RU,mix,,hydro,,2021-12-01,2021-12-31,16.694,TWh,,,low_confidence
ember:monthly:generation,RU,mix,,hydro,,2022-01-01,2022-01-31,16.417,TWh,,,low_confidence
ember:monthly:generation,RU,mix,,hydro,,2022-02-01,2022-02-28,14.164,TWh,,,low_confidence
ember:monthly:generation,RU,mix,,hydro,,2022-03-01,2022-03-31,15.865,TWh,,,low_confidence
ember:monthly:generation,RU,mix,,hydro,,2022-04-01,2022-04-30,16.439,TWh,,,low_confidence
ember:monthly:generation,RU,mix,,hydro,,2022-05-01,2022-05-31,19.381,TWh,,,low_confidence
ember:monthly:generation,RU,mix,,hydro,,2022-06-01,2022-06-30,19.037,TWh,,,low_confidence
ember:monthly:generation,RU,mix,,hydro,,2022-07-01,2022-07-31,16.977,TWh,,,low_confidence
ember:monthly:generation,RU,mix,,hydro,,2022-08-01,2022-08-31,15.88,TWh,,,low_confidence
ember:monthly:generation,RU,mix,,hydro,,2022-09-01,2022-09-30,14.513,TWh,,,low_confidence
ember:monthly:generation,RU,mix,,hydro,,2022-10-01,2022-10-31,15.049,TWh,,,low_confidence
ember:monthly:generation,RU,mix,,hydro,,2022-11-01,2022-11-30,14.115,TWh,,,low_confidence
ember:monthly:generation,RU,mix,,hydro,,2022-12-01,2022-12-31,14.576,TWh,,,low_confidence
ember:monthly:generation,RU,mix,,hydro,,2023-01-01,2023-01-31,14.853,TWh,,,low_confidence
ember:monthly:generation,RU,mix,,hydro,,2023-02-01,2023-02-28,13.805,TWh,,,low_confidence
ember:monthly:generation,RU,mix,,hydro,,2023-03-01,2023-03-31,14.228,TWh,,,low_confidence
ember:monthly:generation,RU,mix,,hydro,,2023-04-01,2023-04-30,16.443,TWh,,,low_confidence
ember:monthly:generation,RU,mix,,hydro,,2023-05-01,2023-05-31,17.664,TWh,,,low_confidence
ember:monthly:generation,RU,mix,,hydro,,2023-06-01,2023-06-30,16.859,TWh,,,low_confidence
ember:monthly:generation,RU,mix,,hydro,,2023-07-01,2023-07-31,17.471,TWh,,,low_confidence
ember:monthly:generation,RU,mix,,hydro,,2023-08-01,2023-08-31,17.14,TWh,,,low_confidence
ember:monthly:generation,RU,mix,,hydro,,2023-09-01,2023-09-30,16.958,TWh,,,low_confidence
ember:monthly:generation,RU,mix,,hydro,,2023-10-01,2023-10-31,17.059,TWh,,,low_confidence
ember:monthly:generation,RU,mix,,hydro,,2023-11-01,2023-11-30,16.272,TWh,,,low_confidence
ember:monthly:generation,RU,mix,,hydro,,2023-12-01,2023-12-31,16.601,TWh,,,low_confidence
ember:monthly:generation,RU,mix,,hydro,,2024-01-01,2024-01-31,16.352,TWh,,,low_confidence
ember:monthly:generation,RU,mix,,hydro,,2024-02-01,2024-02-29,15.327,TWh,,,low_confidence
ember:monthly:generation,RU,mix,,hydro,,2024-03-01,2024-03-31,16.882,TWh,,,low_confidence
ember:monthly:generation,RU,mix,,hydro,,2024-04-01,2024-04-30,17.876,TWh,,,low_confidence
ember:monthly:generation,RU,mix,,hydro,,2024-05-01,2024-05-31,21.134,TWh,,,low_confidence
ember:monthly:generation,RU,mix,,hydro,,2024-06-01,2024-06-30,19.769,TWh,,,low_confidence
ember:monthly:generation,RU,mix,,hydro,,2024-07-01,2024-07-31,17.664,TWh,,,low_confidence
ember:monthly:generation,RU,mix,,hydro,,2024-08-01,2024-08-31,17.149,TWh,,,low_confidence
ember:monthly:generation,RU,mix,,hydro,,2024-09-01,2024-09-30,16.061,TWh,,,low_confidence
ember:monthly:generation,RU,mix,,hydro,,2024-10-01,2024-10-31,16.141,TWh,,,low_confidence
ember:monthly:generation,RU,mix,,hydro,,2024-11-01,2024-11-30,15.41,TWh,,,low_confidence
ember:monthly:generation,RU,mix,,hydro,,2024-12-01,2024-12-31,15.124,TWh,,,low_confidence
ember:monthly:generation,RU,mix,,hydro,,2025-01-01,2025-01-31,14.843,TWh,,,low_confidence
ember:monthly:generation,RU,mix,,hydro,,2025-02-01,2025-02-28,13.635,TWh,,,low_confidence
ember:monthly:generation,RU,mix,,hydro,,2025-03-01,2025-03-31,14.501,TWh,,,low_confidence
ember:monthly:generation,RU,mix,,hydro,,2025-04-01,2025-04-30,15.085,TWh,,,low_confidence
ember:monthly:generation,RU,mix,,hydro,,2025-05-01,2025-05-31,18.812,TWh,,,low_confidence
ember:monthly:generation,RU,mix,,hydro,,2025-06-01,2025-06-30,17.526,TWh,,,low_confidence
ember:monthly:generation,RU,mix,,hydro,,2025-07-01,2025-07-31,17.499,TWh,,,low_confidence
ember:monthly:generation,RU,mix,,hydro,,2025-08-01,2025-08-31,16.199,TWh,,,low_confidence
ember:monthly:generation,RU,mix,,hydro,,2025-09-01,2025-09-30,16.593,TWh,,,low_confidence
ember:monthly:generation,RU,mix,,hydro,,2025-10-01,2025-10-31,17.265,TWh,,,low_confidence
ember:monthly:generation,RU,mix,,hydro,,2025-11-01,2025-11-30,16.055,TWh,,,low_confidence
ember:monthly:generation,RU,mix,,hydro,,2025-12-01,2025-12-31,16.018,TWh,,,low_confidence
ember:monthly:generation,RU,mix,,hydro,,2026-01-01,2026-01-31,15.837,TWh,,,low_confidence
ember:monthly:generation,RU,mix,,hydro,,2026-02-01,2026-02-28,13.937,TWh,,,low_confidence
ember:monthly:generation,RU,mix,,hydro,,2026-03-01,2026-03-31,15.507,TWh,,,low_confidence
ember:monthly:generation,RU,mix,,hydro,,2026-04-01,2026-04-30,16.794,TWh,,,low_confidence
ember:monthly:generation,RU,mix,,hydro,,2026-05-01,2026-05-31,18.682,TWh,,,low_confidence
ember:monthly:generation,RU,mix,,hydro,,2026-06-01,2026-06-30,19.401,TWh,,,low_confidence
ember:monthly:generation,RU,mix,,hydro,,2026-07-01,2026-07-31,20.999,TWh,,,low_confidence
ember:monthly:generation,RU,mix,,net_imports,,2019-01-01,2019-01-31,-1.335,TWh,,,low_confidence
ember:monthly:generation,RU,mix,,net_imports,,2019-02-01,2019-02-28,-1.229,TWh,,,low_confidence
ember:monthly:generation,RU,mix,,net_imports,,2019-03-01,2019-03-31,-1.436,TWh,,,low_confidence
ember:monthly:generation,RU,mix,,net_imports,,2019-04-01,2019-04-30,-1.061,TWh,,,low_confidence
ember:monthly:generation,RU,mix,,net_imports,,2019-05-01,2019-05-31,-1.188,TWh,,,low_confidence
ember:monthly:generation,RU,mix,,net_imports,,2019-06-01,2019-06-30,-0.877,TWh,,,low_confidence
ember:monthly:generation,RU,mix,,net_imports,,2019-07-01,2019-07-31,-0.612,TWh,,,low_confidence
ember:monthly:generation,RU,mix,,net_imports,,2019-08-01,2019-08-31,-1.199,TWh,,,low_confidence
ember:monthly:generation,RU,mix,,net_imports,,2019-09-01,2019-09-30,-0.961,TWh,,,low_confidence
ember:monthly:generation,RU,mix,,net_imports,,2019-10-01,2019-10-31,-1.197,TWh,,,low_confidence
ember:monthly:generation,RU,mix,,net_imports,,2019-11-01,2019-11-30,-1.486,TWh,,,low_confidence
ember:monthly:generation,RU,mix,,net_imports,,2019-12-01,2019-12-31,-1.086,TWh,,,low_confidence
ember:monthly:generation,RU,mix,,net_imports,,2020-01-01,2020-01-31,-1.072,TWh,,,low_confidence
ember:monthly:generation,RU,mix,,net_imports,,2020-02-01,2020-02-29,-0.495,TWh,,,low_confidence
ember:monthly:generation,RU,mix,,net_imports,,2020-03-01,2020-03-31,-0.336,TWh,,,low_confidence
ember:monthly:generation,RU,mix,,net_imports,,2020-04-01,2020-04-30,-0.222,TWh,,,low_confidence
ember:monthly:generation,RU,mix,,net_imports,,2020-05-01,2020-05-31,-0.25,TWh,,,low_confidence
ember:monthly:generation,RU,mix,,net_imports,,2020-06-01,2020-06-30,-0.371,TWh,,,low_confidence
ember:monthly:generation,RU,mix,,net_imports,,2020-07-01,2020-07-31,-0.193,TWh,,,low_confidence
ember:monthly:generation,RU,mix,,net_imports,,2020-08-01,2020-08-31,-0.616,TWh,,,low_confidence
ember:monthly:generation,RU,mix,,net_imports,,2020-09-01,2020-09-30,-0.73,TWh,,,low_confidence
ember:monthly:generation,RU,mix,,net_imports,,2020-10-01,2020-10-31,-0.55,TWh,,,low_confidence
ember:monthly:generation,RU,mix,,net_imports,,2020-11-01,2020-11-30,-0.236,TWh,,,low_confidence
ember:monthly:generation,RU,mix,,net_imports,,2020-12-01,2020-12-31,-0.529,TWh,,,low_confidence
ember:monthly:generation,RU,mix,,net_imports,,2021-01-01,2021-01-31,-1.388,TWh,,,low_confidence
ember:monthly:generation,RU,mix,,net_imports,,2021-02-01,2021-02-28,-1.322,TWh,,,low_confidence
ember:monthly:generation,RU,mix,,net_imports,,2021-03-01,2021-03-31,-1.129,TWh,,,low_confidence
ember:monthly:generation,RU,mix,,net_imports,,2021-04-01,2021-04-30,-0.754,TWh,,,low_confidence
ember:monthly:generation,RU,mix,,net_imports,,2021-05-01,2021-05-31,-1.269,TWh,,,low_confidence
ember:monthly:generation,RU,mix,,net_imports,,2021-06-01,2021-06-30,-0.993,TWh,,,low_confidence
ember:monthly:generation,RU,mix,,net_imports,,2021-07-01,2021-07-31,-0.474,TWh,,,low_confidence
ember:monthly:generation,RU,mix,,net_imports,,2021-08-01,2021-08-31,-1.123,TWh,,,low_confidence
ember:monthly:generation,RU,mix,,net_imports,,2021-09-01,2021-09-30,-1.193,TWh,,,low_confidence
ember:monthly:generation,RU,mix,,net_imports,,2021-10-01,2021-10-31,-0.958,TWh,,,low_confidence
ember:monthly:generation,RU,mix,,net_imports,,2021-11-01,2021-11-30,-0.971,TWh,,,low_confidence
ember:monthly:generation,RU,mix,,net_imports,,2021-12-01,2021-12-31,-1.532,TWh,,,low_confidence
ember:monthly:generation,RU,mix,,net_imports,,2022-01-01,2022-01-31,-1.379,TWh,,,low_confidence
ember:monthly:generation,RU,mix,,net_imports,,2022-02-01,2022-02-28,-1.333,TWh,,,low_confidence
ember:monthly:generation,RU,mix,,net_imports,,2022-03-01,2022-03-31,-1.349,TWh,,,low_confidence
ember:monthly:generation,RU,mix,,net_imports,,2022-04-01,2022-04-30,-0.937,TWh,,,low_confidence
ember:monthly:generation,RU,mix,,net_imports,,2022-05-01,2022-05-31,-0.209,TWh,,,low_confidence
ember:monthly:generation,RU,mix,,net_imports,,2022-06-01,2022-06-30,-0.025,TWh,,,low_confidence
ember:monthly:generation,RU,mix,,net_imports,,2022-07-01,2022-07-31,0.002,TWh,,,low_confidence
ember:monthly:generation,RU,mix,,net_imports,,2022-08-01,2022-08-31,-0.027,TWh,,,low_confidence
ember:monthly:generation,RU,mix,,net_imports,,2022-09-01,2022-09-30,0.007,TWh,,,low_confidence
ember:monthly:generation,RU,mix,,net_imports,,2022-10-01,2022-10-31,-0.153,TWh,,,low_confidence
ember:monthly:generation,RU,mix,,net_imports,,2022-11-01,2022-11-30,0.054,TWh,,,low_confidence
ember:monthly:generation,RU,mix,,net_imports,,2022-12-01,2022-12-31,-0.098,TWh,,,low_confidence
ember:monthly:generation,RU,mix,,net_imports,,2023-01-01,2023-01-31,-0.13,TWh,,,low_confidence
ember:monthly:generation,RU,mix,,net_imports,,2023-02-01,2023-02-28,-0.052,TWh,,,low_confidence
ember:monthly:generation,RU,mix,,net_imports,,2023-03-01,2023-03-31,-0.078,TWh,,,low_confidence
ember:monthly:generation,RU,mix,,net_imports,,2023-04-01,2023-04-30,-0.061,TWh,,,low_confidence
ember:monthly:generation,RU,mix,,net_imports,,2023-05-01,2023-05-31,0.068,TWh,,,low_confidence
ember:monthly:generation,RU,mix,,net_imports,,2023-06-01,2023-06-30,0.118,TWh,,,low_confidence
ember:monthly:generation,RU,mix,,net_imports,,2023-07-01,2023-07-31,0.029,TWh,,,low_confidence
ember:monthly:generation,RU,mix,,net_imports,,2023-08-01,2023-08-31,-0.05,TWh,,,low_confidence
ember:monthly:generation,RU,mix,,net_imports,,2023-09-01,2023-09-30,0.086,TWh,,,low_confidence
ember:monthly:generation,RU,mix,,net_imports,,2023-10-01,2023-10-31,0.051,TWh,,,low_confidence
ember:monthly:generation,RU,mix,,net_imports,,2023-11-01,2023-11-30,-0.045,TWh,,,low_confidence
ember:monthly:generation,RU,mix,,net_imports,,2023-12-01,2023-12-31,-0.057,TWh,,,low_confidence
ember:monthly:generation,RU,mix,,net_imports,,2024-01-01,2024-01-31,-0.086,TWh,,,low_confidence
ember:monthly:generation,RU,mix,,net_imports,,2024-02-01,2024-02-29,-0.173,TWh,,,low_confidence
ember:monthly:generation,RU,mix,,net_imports,,2024-03-01,2024-03-31,-0.026,TWh,,,low_confidence
ember:monthly:generation,RU,mix,,net_imports,,2024-04-01,2024-04-30,-0.028,TWh,,,low_confidence
ember:monthly:generation,RU,mix,,net_imports,,2024-05-01,2024-05-31,-0.034,TWh,,,low_confidence
ember:monthly:generation,RU,mix,,net_imports,,2024-06-01,2024-06-30,-0.088,TWh,,,low_confidence
ember:monthly:generation,RU,mix,,net_imports,,2024-07-01,2024-07-31,-0.121,TWh,,,low_confidence
ember:monthly:generation,RU,mix,,net_imports,,2024-08-01,2024-08-31,-0.115,TWh,,,low_confidence
ember:monthly:generation,RU,mix,,net_imports,,2024-09-01,2024-09-30,-0.009,TWh,,,low_confidence
ember:monthly:generation,RU,mix,,net_imports,,2024-10-01,2024-10-31,-0.053,TWh,,,low_confidence
ember:monthly:generation,RU,mix,,net_imports,,2024-11-01,2024-11-30,-0.108,TWh,,,low_confidence
ember:monthly:generation,RU,mix,,net_imports,,2024-12-01,2024-12-31,-0.219,TWh,,,low_confidence
ember:monthly:generation,RU,mix,,net_imports,,2025-01-01,2025-01-31,-0.239,TWh,,,low_confidence
ember:monthly:generation,RU,mix,,net_imports,,2025-02-01,2025-02-28,-0.221,TWh,,,low_confidence
ember:monthly:generation,RU,mix,,net_imports,,2025-03-01,2025-03-31,-0.197,TWh,,,low_confidence
ember:monthly:generation,RU,mix,,net_imports,,2025-04-01,2025-04-30,-0.053,TWh,,,low_confidence
ember:monthly:generation,RU,mix,,net_imports,,2025-05-01,2025-05-31,-0.011,TWh,,,low_confidence
ember:monthly:generation,RU,mix,,net_imports,,2025-06-01,2025-06-30,-0.001,TWh,,,low_confidence
ember:monthly:generation,RU,mix,,net_imports,,2025-07-01,2025-07-31,-0.044,TWh,,,low_confidence
ember:monthly:generation,RU,mix,,net_imports,,2025-08-01,2025-08-31,-0.085,TWh,,,low_confidence
ember:monthly:generation,RU,mix,,net_imports,,2025-09-01,2025-09-30,-0.025,TWh,,,low_confidence
ember:monthly:generation,RU,mix,,net_imports,,2025-10-01,2025-10-31,-0.146,TWh,,,low_confidence
ember:monthly:generation,RU,mix,,net_imports,,2025-11-01,2025-11-30,-0.149,TWh,,,low_confidence
ember:monthly:generation,RU,mix,,net_imports,,2025-12-01,2025-12-31,-0.183,TWh,,,low_confidence
ember:monthly:generation,RU,mix,,net_imports,,2026-01-01,2026-01-31,-0.405,TWh,,,low_confidence
ember:monthly:generation,RU,mix,,net_imports,,2026-02-01,2026-02-28,-0.209,TWh,,,low_confidence
ember:monthly:generation,RU,mix,,net_imports,,2026-03-01,2026-03-31,-0.171,TWh,,,low_confidence
ember:monthly:generation,RU,mix,,net_imports,,2026-04-01,2026-04-30,-0.035,TWh,,,low_confidence
ember:monthly:generation,RU,mix,,net_imports,,2026-05-01,2026-05-31,-0.012,TWh,,,low_confidence
ember:monthly:generation,RU,mix,,net_imports,,2026-06-01,2026-06-30,-0.009,TWh,,,low_confidence
ember:monthly:generation,RU,mix,,net_imports,,2026-07-01,2026-07-31,-0.008,TWh,,,low_confidence
ember:monthly:generation,RU,mix,,nuclear,,2019-01-01,2019-01-31,19.25,TWh,,,low_confidence
ember:monthly:generation,RU,mix,,nuclear,,2019-02-01,2019-02-28,17.884,TWh,,,low_confidence
ember:monthly:generation,RU,mix,,nuclear,,2019-03-01,2019-03-31,18.081,TWh,,,low_confidence
ember:monthly:generation,RU,mix,,nuclear,,2019-04-01,2019-04-30,15.268,TWh,,,low_confidence
ember:monthly:generation,RU,mix,,nuclear,,2019-05-01,2019-05-31,15.73,TWh,,,low_confidence
ember:monthly:generation,RU,mix,,nuclear,,2019-06-01,2019-06-30,16.252,TWh,,,low_confidence
ember:monthly:generation,RU,mix,,nuclear,,2019-07-01,2019-07-31,17.421,TWh,,,low_confidence
ember:monthly:generation,RU,mix,,nuclear,,2019-08-01,2019-08-31,16.757,TWh,,,low_confidence
ember:monthly:generation,RU,mix,,nuclear,,2019-09-01,2019-09-30,17.144,TWh,,,low_confidence
ember:monthly:generation,RU,mix,,nuclear,,2019-10-01,2019-10-31,18.373,TWh,,,low_confidence
ember:monthly:generation,RU,mix,,nuclear,,2019-11-01,2019-11-30,18.402,TWh,,,low_confidence
ember:monthly:generation,RU,mix,,nuclear,,2019-12-01,2019-12-31,18.026,TWh,,,low_confidence
ember:monthly:generation,RU,mix,,nuclear,,2020-01-01,2020-01-31,18.921,TWh,,,low_confidence
ember:monthly:generation,RU,mix,,nuclear,,2020-02-01,2020-02-29,16.468,TWh,,,low_confidence
ember:monthly:generation,RU,mix,,nuclear,,2020-03-01,2020-03-31,17.643,TWh,,,low_confidence
ember:monthly:generation,RU,mix,,nuclear,,2020-04-01,2020-04-30,16.496,TWh,,,low_confidence
ember:monthly:generation,RU,mix,,nuclear,,2020-05-01,2020-05-31,17.168,TWh,,,low_confidence
ember:monthly:generation,RU,mix,,nuclear,,2020-06-01,2020-06-30,16.405,TWh,,,low_confidence
ember:monthly:generation,RU,mix,,nuclear,,2020-07-01,2020-07-31,15.906,TWh,,,low_confidence
ember:monthly:generation,RU,mix,,nuclear,,2020-08-01,2020-08-31,16.606,TWh,,,low_confidence
ember:monthly:generation,RU,mix,,nuclear,,2020-09-01,2020-09-30,18.165,TWh,,,low_confidence
ember:monthly:generation,RU,mix,,nuclear,,2020-10-01,2020-10-31,21.25,TWh,,,low_confidence
ember:monthly:generation,RU,mix,,nuclear,,2020-11-01,2020-11-30,19.709,TWh,,,low_confidence
ember:monthly:generation,RU,mix,,nuclear,,2020-12-01,2020-12-31,20.759,TWh,,,low_confidence
ember:monthly:generation,RU,mix,,nuclear,,2021-01-01,2021-01-31,19.325,TWh,,,low_confidence
ember:monthly:generation,RU,mix,,nuclear,,2021-02-01,2021-02-28,17.567,TWh,,,low_confidence
ember:monthly:generation,RU,mix,,nuclear,,2021-03-01,2021-03-31,20.269,TWh,,,low_confidence
ember:monthly:generation,RU,mix,,nuclear,,2021-04-01,2021-04-30,18.058,TWh,,,low_confidence
ember:monthly:generation,RU,mix,,nuclear,,2021-05-01,2021-05-31,17.457,TWh,,,low_confidence
ember:monthly:generation,RU,mix,,nuclear,,2021-06-01,2021-06-30,17.628,TWh,,,low_confidence
ember:monthly:generation,RU,mix,,nuclear,,2021-07-01,2021-07-31,17.057,TWh,,,low_confidence
ember:monthly:generation,RU,mix,,nuclear,,2021-08-01,2021-08-31,15.434,TWh,,,low_confidence
ember:monthly:generation,RU,mix,,nuclear,,2021-09-01,2021-09-30,18.159,TWh,,,low_confidence
ember:monthly:generation,RU,mix,,nuclear,,2021-10-01,2021-10-31,20.025,TWh,,,low_confidence
ember:monthly:generation,RU,mix,,nuclear,,2021-11-01,2021-11-30,20.176,TWh,,,low_confidence
ember:monthly:generation,RU,mix,,nuclear,,2021-12-01,2021-12-31,21.018,TWh,,,low_confidence
ember:monthly:generation,RU,mix,,nuclear,,2022-01-01,2022-01-31,19.971,TWh,,,low_confidence
ember:monthly:generation,RU,mix,,nuclear,,2022-02-01,2022-02-28,18.003,TWh,,,low_confidence
ember:monthly:generation,RU,mix,,nuclear,,2022-03-01,2022-03-31,20.474,TWh,,,low_confidence
ember:monthly:generation,RU,mix,,nuclear,,2022-04-01,2022-04-30,19.066,TWh,,,low_confidence
ember:monthly:generation,RU,mix,,nuclear,,2022-05-01,2022-05-31,18.512,TWh,,,low_confidence
ember:monthly:generation,RU,mix,,nuclear,,2022-06-01,2022-06-30,15.969,TWh,,,low_confidence
ember:monthly:generation,RU,mix,,nuclear,,2022-07-01,2022-07-31,16.885,TWh,,,low_confidence
ember:monthly:generation,RU,mix,,nuclear,,2022-08-01,2022-08-31,16.787,TWh,,,low_confidence
ember:monthly:generation,RU,mix,,nuclear,,2022-09-01,2022-09-30,18.418,TWh,,,low_confidence
ember:monthly:generation,RU,mix,,nuclear,,2022-10-01,2022-10-31,19.362,TWh,,,low_confidence
ember:monthly:generation,RU,mix,,nuclear,,2022-11-01,2022-11-30,20.587,TWh,,,low_confidence
ember:monthly:generation,RU,mix,,nuclear,,2022-12-01,2022-12-31,19.134,TWh,,,low_confidence
ember:monthly:generation,RU,mix,,nuclear,,2023-01-01,2023-01-31,19.124,TWh,,,low_confidence
ember:monthly:generation,RU,mix,,nuclear,,2023-02-01,2023-02-28,16.597,TWh,,,low_confidence
ember:monthly:generation,RU,mix,,nuclear,,2023-03-01,2023-03-31,17.85,TWh,,,low_confidence
ember:monthly:generation,RU,mix,,nuclear,,2023-04-01,2023-04-30,17.948,TWh,,,low_confidence
ember:monthly:generation,RU,mix,,nuclear,,2023-05-01,2023-05-31,16.753,TWh,,,low_confidence
ember:monthly:generation,RU,mix,,nuclear,,2023-06-01,2023-06-30,17.837,TWh,,,low_confidence
ember:monthly:generation,RU,mix,,nuclear,,2023-07-01,2023-07-31,17.791,TWh,,,low_confidence
ember:monthly:generation,RU,mix,,nuclear,,2023-08-01,2023-08-31,17.524,TWh,,,low_confidence
ember:monthly:generation,RU,mix,,nuclear,,2023-09-01,2023-09-30,17.477,TWh,,,low_confidence
ember:monthly:generation,RU,mix,,nuclear,,2023-10-01,2023-10-31,18.773,TWh,,,low_confidence
ember:monthly:generation,RU,mix,,nuclear,,2023-11-01,2023-11-30,18.913,TWh,,,low_confidence
ember:monthly:generation,RU,mix,,nuclear,,2023-12-01,2023-12-31,20.345,TWh,,,low_confidence
ember:monthly:generation,RU,mix,,nuclear,,2024-01-01,2024-01-31,19.82,TWh,,,low_confidence
ember:monthly:generation,RU,mix,,nuclear,,2024-02-01,2024-02-29,16.486,TWh,,,low_confidence
ember:monthly:generation,RU,mix,,nuclear,,2024-03-01,2024-03-31,18.193,TWh,,,low_confidence
ember:monthly:generation,RU,mix,,nuclear,,2024-04-01,2024-04-30,17.353,TWh,,,low_confidence
ember:monthly:generation,RU,mix,,nuclear,,2024-05-01,2024-05-31,16.804,TWh,,,low_confidence
ember:monthly:generation,RU,mix,,nuclear,,2024-06-01,2024-06-30,15.432,TWh,,,low_confidence
ember:monthly:generation,RU,mix,,nuclear,,2024-07-01,2024-07-31,16.941,TWh,,,low_confidence
ember:monthly:generation,RU,mix,,nuclear,,2024-08-01,2024-08-31,17.311,TWh,,,low_confidence
ember:monthly:generation,RU,mix,,nuclear,,2024-09-01,2024-09-30,17.287,TWh,,,low_confidence
ember:monthly:generation,RU,mix,,nuclear,,2024-10-01,2024-10-31,18.68,TWh,,,low_confidence
ember:monthly:generation,RU,mix,,nuclear,,2024-11-01,2024-11-30,19.18,TWh,,,low_confidence
ember:monthly:generation,RU,mix,,nuclear,,2024-12-01,2024-12-31,21.78,TWh,,,low_confidence
ember:monthly:generation,RU,mix,,nuclear,,2025-01-01,2025-01-31,18.805,TWh,,,low_confidence
ember:monthly:generation,RU,mix,,nuclear,,2025-02-01,2025-02-28,15.736,TWh,,,low_confidence
ember:monthly:generation,RU,mix,,nuclear,,2025-03-01,2025-03-31,17.482,TWh,,,low_confidence
ember:monthly:generation,RU,mix,,nuclear,,2025-04-01,2025-04-30,17.19,TWh,,,low_confidence
ember:monthly:generation,RU,mix,,nuclear,,2025-05-01,2025-05-31,16.993,TWh,,,low_confidence
ember:monthly:generation,RU,mix,,nuclear,,2025-06-01,2025-06-30,17.568,TWh,,,low_confidence
ember:monthly:generation,RU,mix,,nuclear,,2025-07-01,2025-07-31,19.256,TWh,,,low_confidence
ember:monthly:generation,RU,mix,,nuclear,,2025-08-01,2025-08-31,18.315,TWh,,,low_confidence
ember:monthly:generation,RU,mix,,nuclear,,2025-09-01,2025-09-30,18.086,TWh,,,low_confidence
ember:monthly:generation,RU,mix,,nuclear,,2025-10-01,2025-10-31,20.013,TWh,,,low_confidence
ember:monthly:generation,RU,mix,,nuclear,,2025-11-01,2025-11-30,18.943,TWh,,,low_confidence
ember:monthly:generation,RU,mix,,nuclear,,2025-12-01,2025-12-31,19.785,TWh,,,low_confidence
ember:monthly:generation,RU,mix,,nuclear,,2026-01-01,2026-01-31,20.573,TWh,,,low_confidence
ember:monthly:generation,RU,mix,,nuclear,,2026-02-01,2026-02-28,17.507,TWh,,,low_confidence
ember:monthly:generation,RU,mix,,nuclear,,2026-03-01,2026-03-31,16.28,TWh,,,low_confidence
ember:monthly:generation,RU,mix,,nuclear,,2026-04-01,2026-04-30,15.744,TWh,,,low_confidence
ember:monthly:generation,RU,mix,,nuclear,,2026-05-01,2026-05-31,17.929,TWh,,,low_confidence
ember:monthly:generation,RU,mix,,nuclear,,2026-06-01,2026-06-30,18.304,TWh,,,low_confidence
ember:monthly:generation,RU,mix,,nuclear,,2026-07-01,2026-07-31,19.415,TWh,,,low_confidence
ember:monthly:generation,RU,mix,,other_fossil,,2019-01-01,2019-01-31,1.305,TWh,,,low_confidence
ember:monthly:generation,RU,mix,,other_fossil,,2019-02-01,2019-02-28,1.152,TWh,,,low_confidence
ember:monthly:generation,RU,mix,,other_fossil,,2019-03-01,2019-03-31,1.185,TWh,,,low_confidence
ember:monthly:generation,RU,mix,,other_fossil,,2019-04-01,2019-04-30,1.052,TWh,,,low_confidence
ember:monthly:generation,RU,mix,,other_fossil,,2019-05-01,2019-05-31,0.923,TWh,,,low_confidence
ember:monthly:generation,RU,mix,,other_fossil,,2019-06-01,2019-06-30,0.867,TWh,,,low_confidence
ember:monthly:generation,RU,mix,,other_fossil,,2019-07-01,2019-07-31,0.838,TWh,,,low_confidence
ember:monthly:generation,RU,mix,,other_fossil,,2019-08-01,2019-08-31,0.854,TWh,,,low_confidence
ember:monthly:generation,RU,mix,,other_fossil,,2019-09-01,2019-09-30,0.879,TWh,,,low_confidence
ember:monthly:generation,RU,mix,,other_fossil,,2019-10-01,2019-10-31,1.029,TWh,,,low_confidence
ember:monthly:generation,RU,mix,,other_fossil,,2019-11-01,2019-11-30,1.112,TWh,,,low_confidence
ember:monthly:generation,RU,mix,,other_fossil,,2019-12-01,2019-12-31,1.251,TWh,,,low_confidence
ember:monthly:generation,RU,mix,,other_fossil,,2020-01-01,2020-01-31,1.246,TWh,,,low_confidence
ember:monthly:generation,RU,mix,,other_fossil,,2020-02-01,2020-02-29,1.17,TWh,,,low_confidence
ember:monthly:generation,RU,mix,,other_fossil,,2020-03-01,2020-03-31,1.117,TWh,,,low_confidence
ember:monthly:generation,RU,mix,,other_fossil,,2020-04-01,2020-04-30,0.944,TWh,,,low_confidence
ember:monthly:generation,RU,mix,,other_fossil,,2020-05-01,2020-05-31,0.765,TWh,,,low_confidence
ember:monthly:generation,RU,mix,,other_fossil,,2020-06-01,2020-06-30,0.731,TWh,,,low_confidence
ember:monthly:generation,RU,mix,,other_fossil,,2020-07-01,2020-07-31,0.846,TWh,,,low_confidence
ember:monthly:generation,RU,mix,,other_fossil,,2020-08-01,2020-08-31,0.853,TWh,,,low_confidence
ember:monthly:generation,RU,mix,,other_fossil,,2020-09-01,2020-09-30,0.837,TWh,,,low_confidence
ember:monthly:generation,RU,mix,,other_fossil,,2020-10-01,2020-10-31,0.933,TWh,,,low_confidence
ember:monthly:generation,RU,mix,,other_fossil,,2020-11-01,2020-11-30,1.075,TWh,,,low_confidence
ember:monthly:generation,RU,mix,,other_fossil,,2020-12-01,2020-12-31,1.267,TWh,,,low_confidence
ember:monthly:generation,RU,mix,,other_fossil,,2021-01-01,2021-01-31,1.356,TWh,,,low_confidence
ember:monthly:generation,RU,mix,,other_fossil,,2021-02-01,2021-02-28,1.252,TWh,,,low_confidence
ember:monthly:generation,RU,mix,,other_fossil,,2021-03-01,2021-03-31,1.235,TWh,,,low_confidence
ember:monthly:generation,RU,mix,,other_fossil,,2021-04-01,2021-04-30,1.039,TWh,,,low_confidence
ember:monthly:generation,RU,mix,,other_fossil,,2021-05-01,2021-05-31,0.864,TWh,,,low_confidence
ember:monthly:generation,RU,mix,,other_fossil,,2021-06-01,2021-06-30,0.829,TWh,,,low_confidence
ember:monthly:generation,RU,mix,,other_fossil,,2021-07-01,2021-07-31,0.914,TWh,,,low_confidence
ember:monthly:generation,RU,mix,,other_fossil,,2021-08-01,2021-08-31,0.972,TWh,,,low_confidence
ember:monthly:generation,RU,mix,,other_fossil,,2021-09-01,2021-09-30,0.967,TWh,,,low_confidence
ember:monthly:generation,RU,mix,,other_fossil,,2021-10-01,2021-10-31,1.115,TWh,,,low_confidence
ember:monthly:generation,RU,mix,,other_fossil,,2021-11-01,2021-11-30,1.205,TWh,,,low_confidence
ember:monthly:generation,RU,mix,,other_fossil,,2021-12-01,2021-12-31,1.394,TWh,,,low_confidence
ember:monthly:generation,RU,mix,,other_fossil,,2022-01-01,2022-01-31,1.427,TWh,,,low_confidence
ember:monthly:generation,RU,mix,,other_fossil,,2022-02-01,2022-02-28,1.267,TWh,,,low_confidence
ember:monthly:generation,RU,mix,,other_fossil,,2022-03-01,2022-03-31,1.315,TWh,,,low_confidence
ember:monthly:generation,RU,mix,,other_fossil,,2022-04-01,2022-04-30,1.076,TWh,,,low_confidence
ember:monthly:generation,RU,mix,,other_fossil,,2022-05-01,2022-05-31,0.931,TWh,,,low_confidence
ember:monthly:generation,RU,mix,,other_fossil,,2022-06-01,2022-06-30,0.864,TWh,,,low_confidence
ember:monthly:generation,RU,mix,,other_fossil,,2022-07-01,2022-07-31,0.949,TWh,,,low_confidence
ember:monthly:generation,RU,mix,,other_fossil,,2022-08-01,2022-08-31,1.024,TWh,,,low_confidence
ember:monthly:generation,RU,mix,,other_fossil,,2022-09-01,2022-09-30,1.008,TWh,,,low_confidence
ember:monthly:generation,RU,mix,,other_fossil,,2022-10-01,2022-10-31,1.162,TWh,,,low_confidence
ember:monthly:generation,RU,mix,,other_fossil,,2022-11-01,2022-11-30,1.28,TWh,,,low_confidence
ember:monthly:generation,RU,mix,,other_fossil,,2022-12-01,2022-12-31,1.499,TWh,,,low_confidence
ember:monthly:generation,RU,mix,,other_fossil,,2023-01-01,2023-01-31,1.475,TWh,,,low_confidence
ember:monthly:generation,RU,mix,,other_fossil,,2023-02-01,2023-02-28,1.34,TWh,,,low_confidence
ember:monthly:generation,RU,mix,,other_fossil,,2023-03-01,2023-03-31,1.349,TWh,,,low_confidence
ember:monthly:generation,RU,mix,,other_fossil,,2023-04-01,2023-04-30,1.096,TWh,,,low_confidence
ember:monthly:generation,RU,mix,,other_fossil,,2023-05-01,2023-05-31,1.011,TWh,,,low_confidence
ember:monthly:generation,RU,mix,,other_fossil,,2023-06-01,2023-06-30,0.891,TWh,,,low_confidence
ember:monthly:generation,RU,mix,,other_fossil,,2023-07-01,2023-07-31,0.955,TWh,,,low_confidence
ember:monthly:generation,RU,mix,,other_fossil,,2023-08-01,2023-08-31,1.016,TWh,,,low_confidence
ember:monthly:generation,RU,mix,,other_fossil,,2023-09-01,2023-09-30,0.967,TWh,,,low_confidence
ember:monthly:generation,RU,mix,,other_fossil,,2023-10-01,2023-10-31,1.176,TWh,,,low_confidence
ember:monthly:generation,RU,mix,,other_fossil,,2023-11-01,2023-11-30,1.289,TWh,,,low_confidence
ember:monthly:generation,RU,mix,,other_fossil,,2023-12-01,2023-12-31,1.496,TWh,,,low_confidence
ember:monthly:generation,RU,mix,,other_fossil,,2024-01-01,2024-01-31,1.419,TWh,,,low_confidence
ember:monthly:generation,RU,mix,,other_fossil,,2024-02-01,2024-02-29,1.333,TWh,,,low_confidence
ember:monthly:generation,RU,mix,,other_fossil,,2024-03-01,2024-03-31,1.271,TWh,,,low_confidence
ember:monthly:generation,RU,mix,,other_fossil,,2024-04-01,2024-04-30,1.016,TWh,,,low_confidence
ember:monthly:generation,RU,mix,,other_fossil,,2024-05-01,2024-05-31,0.917,TWh,,,low_confidence
ember:monthly:generation,RU,mix,,other_fossil,,2024-06-01,2024-06-30,0.889,TWh,,,low_confidence
ember:monthly:generation,RU,mix,,other_fossil,,2024-07-01,2024-07-31,0.977,TWh,,,low_confidence
ember:monthly:generation,RU,mix,,other_fossil,,2024-08-01,2024-08-31,0.952,TWh,,,low_confidence
ember:monthly:generation,RU,mix,,other_fossil,,2024-09-01,2024-09-30,0.938,TWh,,,low_confidence
ember:monthly:generation,RU,mix,,other_fossil,,2024-10-01,2024-10-31,1.14,TWh,,,low_confidence
ember:monthly:generation,RU,mix,,other_fossil,,2024-11-01,2024-11-30,1.255,TWh,,,low_confidence
ember:monthly:generation,RU,mix,,other_fossil,,2024-12-01,2024-12-31,1.375,TWh,,,low_confidence
ember:monthly:generation,RU,mix,,other_fossil,,2025-01-01,2025-01-31,1.185,TWh,,,low_confidence
ember:monthly:generation,RU,mix,,other_fossil,,2025-02-01,2025-02-28,1.124,TWh,,,low_confidence
ember:monthly:generation,RU,mix,,other_fossil,,2025-03-01,2025-03-31,1.105,TWh,,,low_confidence
ember:monthly:generation,RU,mix,,other_fossil,,2025-04-01,2025-04-30,0.926,TWh,,,low_confidence
ember:monthly:generation,RU,mix,,other_fossil,,2025-05-01,2025-05-31,0.802,TWh,,,low_confidence
ember:monthly:generation,RU,mix,,other_fossil,,2025-06-01,2025-06-30,0.719,TWh,,,low_confidence
ember:monthly:generation,RU,mix,,other_fossil,,2025-07-01,2025-07-31,0.786,TWh,,,low_confidence
ember:monthly:generation,RU,mix,,other_fossil,,2025-08-01,2025-08-31,0.801,TWh,,,low_confidence
ember:monthly:generation,RU,mix,,other_fossil,,2025-09-01,2025-09-30,0.789,TWh,,,low_confidence
ember:monthly:generation,RU,mix,,other_fossil,,2025-10-01,2025-10-31,0.939,TWh,,,low_confidence
ember:monthly:generation,RU,mix,,other_fossil,,2025-11-01,2025-11-30,1.019,TWh,,,low_confidence
ember:monthly:generation,RU,mix,,other_fossil,,2025-12-01,2025-12-31,1.176,TWh,,,low_confidence
ember:monthly:generation,RU,mix,,other_fossil,,2026-01-01,2026-01-31,1.223,TWh,,,low_confidence
ember:monthly:generation,RU,mix,,other_fossil,,2026-02-01,2026-02-28,1.12,TWh,,,low_confidence
ember:monthly:generation,RU,mix,,other_fossil,,2026-03-01,2026-03-31,1.095,TWh,,,low_confidence
ember:monthly:generation,RU,mix,,other_fossil,,2026-04-01,2026-04-30,0.919,TWh,,,low_confidence
ember:monthly:generation,RU,mix,,other_fossil,,2026-05-01,2026-05-31,0.764,TWh,,,low_confidence
ember:monthly:generation,RU,mix,,other_fossil,,2026-06-01,2026-06-30,0.665,TWh,,,low_confidence
ember:monthly:generation,RU,mix,,other_fossil,,2026-07-01,2026-07-31,0.68,TWh,,,low_confidence
ember:monthly:generation,RU,mix,,solar,,2019-01-01,2019-01-31,0.022,TWh,,,low_confidence
ember:monthly:generation,RU,mix,,solar,,2019-02-01,2019-02-28,0.053,TWh,,,low_confidence
ember:monthly:generation,RU,mix,,solar,,2019-03-01,2019-03-31,0.107,TWh,,,low_confidence
ember:monthly:generation,RU,mix,,solar,,2019-04-01,2019-04-30,0.136,TWh,,,low_confidence
ember:monthly:generation,RU,mix,,solar,,2019-05-01,2019-05-31,0.157,TWh,,,low_confidence
ember:monthly:generation,RU,mix,,solar,,2019-06-01,2019-06-30,0.163,TWh,,,low_confidence
ember:monthly:generation,RU,mix,,solar,,2019-07-01,2019-07-31,0.159,TWh,,,low_confidence
ember:monthly:generation,RU,mix,,solar,,2019-08-01,2019-08-31,0.152,TWh,,,low_confidence
ember:monthly:generation,RU,mix,,solar,,2019-09-01,2019-09-30,0.124,TWh,,,low_confidence
ember:monthly:generation,RU,mix,,solar,,2019-10-01,2019-10-31,0.103,TWh,,,low_confidence
ember:monthly:generation,RU,mix,,solar,,2019-11-01,2019-11-30,0.064,TWh,,,low_confidence
ember:monthly:generation,RU,mix,,solar,,2019-12-01,2019-12-31,0.04,TWh,,,low_confidence
ember:monthly:generation,RU,mix,,solar,,2020-01-01,2020-01-31,0.043,TWh,,,low_confidence
ember:monthly:generation,RU,mix,,solar,,2020-02-01,2020-02-29,0.092,TWh,,,low_confidence
ember:monthly:generation,RU,mix,,solar,,2020-03-01,2020-03-31,0.182,TWh,,,low_confidence
ember:monthly:generation,RU,mix,,solar,,2020-04-01,2020-04-30,0.223,TWh,,,low_confidence
ember:monthly:generation,RU,mix,,solar,,2020-05-01,2020-05-31,0.222,TWh,,,low_confidence
ember:monthly:generation,RU,mix,,solar,,2020-06-01,2020-06-30,0.228,TWh,,,low_confidence
ember:monthly:generation,RU,mix,,solar,,2020-07-01,2020-07-31,0.237,TWh,,,low_confidence
ember:monthly:generation,RU,mix,,solar,,2020-08-01,2020-08-31,0.229,TWh,,,low_confidence
ember:monthly:generation,RU,mix,,solar,,2020-09-01,2020-09-30,0.21,TWh,,,low_confidence
ember:monthly:generation,RU,mix,,solar,,2020-10-01,2020-10-31,0.162,TWh,,,low_confidence
ember:monthly:generation,RU,mix,,solar,,2020-11-01,2020-11-30,0.082,TWh,,,low_confidence
ember:monthly:generation,RU,mix,,solar,,2020-12-01,2020-12-31,0.059,TWh,,,low_confidence
ember:monthly:generation,RU,mix,,solar,,2021-01-01,2021-01-31,0.056,TWh,,,low_confidence
ember:monthly:generation,RU,mix,,solar,,2021-02-01,2021-02-28,0.102,TWh,,,low_confidence
ember:monthly:generation,RU,mix,,solar,,2021-03-01,2021-03-31,0.208,TWh,,,low_confidence
ember:monthly:generation,RU,mix,,solar,,2021-04-01,2021-04-30,0.232,TWh,,,low_confidence
ember:monthly:generation,RU,mix,,solar,,2021-05-01,2021-05-31,0.295,TWh,,,low_confidence
ember:monthly:generation,RU,mix,,solar,,2021-06-01,2021-06-30,0.269,TWh,,,low_confidence
ember:monthly:generation,RU,mix,,solar,,2021-07-01,2021-07-31,0.287,TWh,,,low_confidence
ember:monthly:generation,RU,mix,,solar,,2021-08-01,2021-08-31,0.274,TWh,,,low_confidence
ember:monthly:generation,RU,mix,,solar,,2021-09-01,2021-09-30,0.202,TWh,,,low_confidence
ember:monthly:generation,RU,mix,,solar,,2021-10-01,2021-10-31,0.176,TWh,,,low_confidence
ember:monthly:generation,RU,mix,,solar,,2021-11-01,2021-11-30,0.094,TWh,,,low_confidence
ember:monthly:generation,RU,mix,,solar,,2021-12-01,2021-12-31,0.049,TWh,,,low_confidence
ember:monthly:generation,RU,mix,,solar,,2022-01-01,2022-01-31,0.06,TWh,,,low_confidence
ember:monthly:generation,RU,mix,,solar,,2022-02-01,2022-02-28,0.12,TWh,,,low_confidence
ember:monthly:generation,RU,mix,,solar,,2022-03-01,2022-03-31,0.232,TWh,,,low_confidence
ember:monthly:generation,RU,mix,,solar,,2022-04-01,2022-04-30,0.26,TWh,,,low_confidence
ember:monthly:generation,RU,mix,,solar,,2022-05-01,2022-05-31,0.307,TWh,,,low_confidence
ember:monthly:generation,RU,mix,,solar,,2022-06-01,2022-06-30,0.329,TWh,,,low_confidence
ember:monthly:generation,RU,mix,,solar,,2022-07-01,2022-07-31,0.32,TWh,,,low_confidence
ember:monthly:generation,RU,mix,,solar,,2022-08-01,2022-08-31,0.335,TWh,,,low_confidence
ember:monthly:generation,RU,mix,,solar,,2022-09-01,2022-09-30,0.229,TWh,,,low_confidence
ember:monthly:generation,RU,mix,,solar,,2022-10-01,2022-10-31,0.159,TWh,,,low_confidence
ember:monthly:generation,RU,mix,,solar,,2022-11-01,2022-11-30,0.104,TWh,,,low_confidence
ember:monthly:generation,RU,mix,,solar,,2022-12-01,2022-12-31,0.045,TWh,,,low_confidence
ember:monthly:generation,RU,mix,,solar,,2023-01-01,2023-01-31,0.034,TWh,,,low_confidence
ember:monthly:generation,RU,mix,,solar,,2023-02-01,2023-02-28,0.071,TWh,,,low_confidence
ember:monthly:generation,RU,mix,,solar,,2023-03-01,2023-03-31,0.126,TWh,,,low_confidence
ember:monthly:generation,RU,mix,,solar,,2023-04-01,2023-04-30,0.214,TWh,,,low_confidence
ember:monthly:generation,RU,mix,,solar,,2023-05-01,2023-05-31,0.247,TWh,,,low_confidence
ember:monthly:generation,RU,mix,,solar,,2023-06-01,2023-06-30,0.251,TWh,,,low_confidence
ember:monthly:generation,RU,mix,,solar,,2023-07-01,2023-07-31,0.276,TWh,,,low_confidence
ember:monthly:generation,RU,mix,,solar,,2023-08-01,2023-08-31,0.268,TWh,,,low_confidence
ember:monthly:generation,RU,mix,,solar,,2023-09-01,2023-09-30,0.23,TWh,,,low_confidence
ember:monthly:generation,RU,mix,,solar,,2023-10-01,2023-10-31,0.184,TWh,,,low_confidence
ember:monthly:generation,RU,mix,,solar,,2023-11-01,2023-11-30,0.1,TWh,,,low_confidence
ember:monthly:generation,RU,mix,,solar,,2023-12-01,2023-12-31,0.034,TWh,,,low_confidence
ember:monthly:generation,RU,mix,,solar,,2024-01-01,2024-01-31,0.029,TWh,,,low_confidence
ember:monthly:generation,RU,mix,,solar,,2024-02-01,2024-02-29,0.07,TWh,,,low_confidence
ember:monthly:generation,RU,mix,,solar,,2024-03-01,2024-03-31,0.16,TWh,,,low_confidence
ember:monthly:generation,RU,mix,,solar,,2024-04-01,2024-04-30,0.235,TWh,,,low_confidence
ember:monthly:generation,RU,mix,,solar,,2024-05-01,2024-05-31,0.272,TWh,,,low_confidence
ember:monthly:generation,RU,mix,,solar,,2024-06-01,2024-06-30,0.308,TWh,,,low_confidence
ember:monthly:generation,RU,mix,,solar,,2024-07-01,2024-07-31,0.309,TWh,,,low_confidence
ember:monthly:generation,RU,mix,,solar,,2024-08-01,2024-08-31,0.307,TWh,,,low_confidence
ember:monthly:generation,RU,mix,,solar,,2024-09-01,2024-09-30,0.275,TWh,,,low_confidence
ember:monthly:generation,RU,mix,,solar,,2024-10-01,2024-10-31,0.218,TWh,,,low_confidence
ember:monthly:generation,RU,mix,,solar,,2024-11-01,2024-11-30,0.099,TWh,,,low_confidence
ember:monthly:generation,RU,mix,,solar,,2024-12-01,2024-12-31,0.041,TWh,,,low_confidence
ember:monthly:generation,RU,mix,,solar,,2025-01-01,2025-01-31,0.021,TWh,,,low_confidence
ember:monthly:generation,RU,mix,,solar,,2025-02-01,2025-02-28,0.07,TWh,,,low_confidence
ember:monthly:generation,RU,mix,,solar,,2025-03-01,2025-03-31,0.161,TWh,,,low_confidence
ember:monthly:generation,RU,mix,,solar,,2025-04-01,2025-04-30,0.232,TWh,,,low_confidence
ember:monthly:generation,RU,mix,,solar,,2025-05-01,2025-05-31,0.279,TWh,,,low_confidence
ember:monthly:generation,RU,mix,,solar,,2025-06-01,2025-06-30,0.29,TWh,,,low_confidence
ember:monthly:generation,RU,mix,,solar,,2025-07-01,2025-07-31,0.308,TWh,,,low_confidence
ember:monthly:generation,RU,mix,,solar,,2025-08-01,2025-08-31,0.294,TWh,,,low_confidence
ember:monthly:generation,RU,mix,,solar,,2025-09-01,2025-09-30,0.252,TWh,,,low_confidence
ember:monthly:generation,RU,mix,,solar,,2025-10-01,2025-10-31,0.184,TWh,,,low_confidence
ember:monthly:generation,RU,mix,,solar,,2025-11-01,2025-11-30,0.118,TWh,,,low_confidence
ember:monthly:generation,RU,mix,,solar,,2025-12-01,2025-12-31,0.047,TWh,,,low_confidence
ember:monthly:generation,RU,mix,,solar,,2026-01-01,2026-01-31,0.027,TWh,,,low_confidence
ember:monthly:generation,RU,mix,,solar,,2026-02-01,2026-02-28,0.079,TWh,,,low_confidence
ember:monthly:generation,RU,mix,,solar,,2026-03-01,2026-03-31,0.175,TWh,,,low_confidence
ember:monthly:generation,RU,mix,,solar,,2026-04-01,2026-04-30,0.251,TWh,,,low_confidence
ember:monthly:generation,RU,mix,,solar,,2026-05-01,2026-05-31,0.286,TWh,,,low_confidence
ember:monthly:generation,RU,mix,,solar,,2026-06-01,2026-06-30,0.322,TWh,,,low_confidence
ember:monthly:generation,RU,mix,,solar,,2026-07-01,2026-07-31,0.323,TWh,,,low_confidence
ember:monthly:generation,RU,mix,,total,,2019-01-01,2019-01-31,104.164,TWh,,,low_confidence
ember:monthly:generation,RU,mix,,total,,2019-02-01,2019-02-28,93.59,TWh,,,low_confidence
ember:monthly:generation,RU,mix,,total,,2019-03-01,2019-03-31,97.093,TWh,,,low_confidence
ember:monthly:generation,RU,mix,,total,,2019-04-01,2019-04-30,86.989,TWh,,,low_confidence
ember:monthly:generation,RU,mix,,total,,2019-05-01,2019-05-31,82.272,TWh,,,low_confidence
ember:monthly:generation,RU,mix,,total,,2019-06-01,2019-06-30,78.865,TWh,,,low_confidence
ember:monthly:generation,RU,mix,,total,,2019-07-01,2019-07-31,80.275,TWh,,,low_confidence
ember:monthly:generation,RU,mix,,total,,2019-08-01,2019-08-31,81.955,TWh,,,low_confidence
ember:monthly:generation,RU,mix,,total,,2019-09-01,2019-09-30,82.802,TWh,,,low_confidence
ember:monthly:generation,RU,mix,,total,,2019-10-01,2019-10-31,91.768,TWh,,,low_confidence
ember:monthly:generation,RU,mix,,total,,2019-11-01,2019-11-30,97.425,TWh,,,low_confidence
ember:monthly:generation,RU,mix,,total,,2019-12-01,2019-12-31,102.867,TWh,,,low_confidence
ember:monthly:generation,RU,mix,,total,,2020-01-01,2020-01-31,100.643,TWh,,,low_confidence
ember:monthly:generation,RU,mix,,total,,2020-02-01,2020-02-29,94.297,TWh,,,low_confidence
ember:monthly:generation,RU,mix,,total,,2020-03-01,2020-03-31,94.379,TWh,,,low_confidence
ember:monthly:generation,RU,mix,,total,,2020-04-01,2020-04-30,83.686,TWh,,,low_confidence
ember:monthly:generation,RU,mix,,total,,2020-05-01,2020-05-31,77.0,TWh,,,low_confidence
ember:monthly:generation,RU,mix,,total,,2020-06-01,2020-06-30,73.792,TWh,,,low_confidence
ember:monthly:generation,RU,mix,,total,,2020-07-01,2020-07-31,77.874,TWh,,,low_confidence
ember:monthly:generation,RU,mix,,total,,2020-08-01,2020-08-31,78.58,TWh,,,low_confidence
ember:monthly:generation,RU,mix,,total,,2020-09-01,2020-09-30,79.966,TWh,,,low_confidence
ember:monthly:generation,RU,mix,,total,,2020-10-01,2020-10-31,88.398,TWh,,,low_confidence
ember:monthly:generation,RU,mix,,total,,2020-11-01,2020-11-30,93.391,TWh,,,low_confidence
ember:monthly:generation,RU,mix,,total,,2020-12-01,2020-12-31,104.915,TWh,,,low_confidence
ember:monthly:generation,RU,mix,,total,,2021-01-01,2021-01-31,105.468,TWh,,,low_confidence
ember:monthly:generation,RU,mix,,total,,2021-02-01,2021-02-28,97.286,TWh,,,low_confidence
ember:monthly:generation,RU,mix,,total,,2021-03-01,2021-03-31,100.81,TWh,,,low_confidence
ember:monthly:generation,RU,mix,,total,,2021-04-01,2021-04-30,88.624,TWh,,,low_confidence
ember:monthly:generation,RU,mix,,total,,2021-05-01,2021-05-31,83.502,TWh,,,low_confidence
ember:monthly:generation,RU,mix,,total,,2021-06-01,2021-06-30,80.179,TWh,,,low_confidence
ember:monthly:generation,RU,mix,,total,,2021-07-01,2021-07-31,83.408,TWh,,,low_confidence
ember:monthly:generation,RU,mix,,total,,2021-08-01,2021-08-31,84.575,TWh,,,low_confidence
ember:monthly:generation,RU,mix,,total,,2021-09-01,2021-09-30,85.904,TWh,,,low_confidence
ember:monthly:generation,RU,mix,,total,,2021-10-01,2021-10-31,95.176,TWh,,,low_confidence
ember:monthly:generation,RU,mix,,total,,2021-11-01,2021-11-30,99.271,TWh,,,low_confidence
ember:monthly:generation,RU,mix,,total,,2021-12-01,2021-12-31,110.044,TWh,,,low_confidence
ember:monthly:generation,RU,mix,,total,,2022-01-01,2022-01-31,109.382,TWh,,,low_confidence
ember:monthly:generation,RU,mix,,total,,2022-02-01,2022-02-28,96.981,TWh,,,low_confidence
ember:monthly:generation,RU,mix,,total,,2022-03-01,2022-03-31,103.758,TWh,,,low_confidence
ember:monthly:generation,RU,mix,,total,,2022-04-01,2022-04-30,90.815,TWh,,,low_confidence
ember:monthly:generation,RU,mix,,total,,2022-05-01,2022-05-31,85.834,TWh,,,low_confidence
ember:monthly:generation,RU,mix,,total,,2022-06-01,2022-06-30,79.377,TWh,,,low_confidence
ember:monthly:generation,RU,mix,,total,,2022-07-01,2022-07-31,82.544,TWh,,,low_confidence
ember:monthly:generation,RU,mix,,total,,2022-08-01,2022-08-31,85.387,TWh,,,low_confidence
ember:monthly:generation,RU,mix,,total,,2022-09-01,2022-09-30,84.593,TWh,,,low_confidence
ember:monthly:generation,RU,mix,,total,,2022-10-01,2022-10-31,93.877,TWh,,,low_confidence
ember:monthly:generation,RU,mix,,total,,2022-11-01,2022-11-30,100.129,TWh,,,low_confidence
ember:monthly:generation,RU,mix,,total,,2022-12-01,2022-12-31,110.285,TWh,,,low_confidence
ember:monthly:generation,RU,mix,,total,,2023-01-01,2023-01-31,109.529,TWh,,,low_confidence
ember:monthly:generation,RU,mix,,total,,2023-02-01,2023-02-28,99.016,TWh,,,low_confidence
ember:monthly:generation,RU,mix,,total,,2023-03-01,2023-03-31,101.261,TWh,,,low_confidence
ember:monthly:generation,RU,mix,,total,,2023-04-01,2023-04-30,90.804,TWh,,,low_confidence
ember:monthly:generation,RU,mix,,total,,2023-05-01,2023-05-31,86.413,TWh,,,low_confidence
ember:monthly:generation,RU,mix,,total,,2023-06-01,2023-06-30,80.533,TWh,,,low_confidence
ember:monthly:generation,RU,mix,,total,,2023-07-01,2023-07-31,84.379,TWh,,,low_confidence
ember:monthly:generation,RU,mix,,total,,2023-08-01,2023-08-31,86.925,TWh,,,low_confidence
ember:monthly:generation,RU,mix,,total,,2023-09-01,2023-09-30,84.177,TWh,,,low_confidence
ember:monthly:generation,RU,mix,,total,,2023-10-01,2023-10-31,96.26,TWh,,,low_confidence
ember:monthly:generation,RU,mix,,total,,2023-11-01,2023-11-30,101.277,TWh,,,low_confidence
ember:monthly:generation,RU,mix,,total,,2023-12-01,2023-12-31,113.576,TWh,,,low_confidence
ember:monthly:generation,RU,mix,,total,,2024-01-01,2024-01-31,114.273,TWh,,,low_confidence
ember:monthly:generation,RU,mix,,total,,2024-02-01,2024-02-29,105.322,TWh,,,low_confidence
ember:monthly:generation,RU,mix,,total,,2024-03-01,2024-03-31,105.157,TWh,,,low_confidence
ember:monthly:generation,RU,mix,,total,,2024-04-01,2024-04-30,91.539,TWh,,,low_confidence
ember:monthly:generation,RU,mix,,total,,2024-05-01,2024-05-31,88.842,TWh,,,low_confidence
ember:monthly:generation,RU,mix,,total,,2024-06-01,2024-06-30,84.576,TWh,,,low_confidence
ember:monthly:generation,RU,mix,,total,,2024-07-01,2024-07-31,88.704,TWh,,,low_confidence
ember:monthly:generation,RU,mix,,total,,2024-08-01,2024-08-31,87.277,TWh,,,low_confidence
ember:monthly:generation,RU,mix,,total,,2024-09-01,2024-09-30,85.509,TWh,,,low_confidence
ember:monthly:generation,RU,mix,,total,,2024-10-01,2024-10-31,97.863,TWh,,,low_confidence
ember:monthly:generation,RU,mix,,total,,2024-11-01,2024-11-30,103.81,TWh,,,low_confidence
ember:monthly:generation,RU,mix,,total,,2024-12-01,2024-12-31,112.588,TWh,,,low_confidence
ember:monthly:generation,RU,mix,,total,,2025-01-01,2025-01-31,110.144,TWh,,,low_confidence
ember:monthly:generation,RU,mix,,total,,2025-02-01,2025-02-28,101.898,TWh,,,low_confidence
ember:monthly:generation,RU,mix,,total,,2025-03-01,2025-03-31,103.528,TWh,,,low_confidence
ember:monthly:generation,RU,mix,,total,,2025-04-01,2025-04-30,92.371,TWh,,,low_confidence
ember:monthly:generation,RU,mix,,total,,2025-05-01,2025-05-31,88.141,TWh,,,low_confidence
ember:monthly:generation,RU,mix,,total,,2025-06-01,2025-06-30,82.212,TWh,,,low_confidence
ember:monthly:generation,RU,mix,,total,,2025-07-01,2025-07-31,88.036,TWh,,,low_confidence
ember:monthly:generation,RU,mix,,total,,2025-08-01,2025-08-31,86.757,TWh,,,low_confidence
ember:monthly:generation,RU,mix,,total,,2025-09-01,2025-09-30,86.168,TWh,,,low_confidence
ember:monthly:generation,RU,mix,,total,,2025-10-01,2025-10-31,98.258,TWh,,,low_confidence
ember:monthly:generation,RU,mix,,total,,2025-11-01,2025-11-30,100.875,TWh,,,low_confidence
ember:monthly:generation,RU,mix,,total,,2025-12-01,2025-12-31,111.754,TWh,,,low_confidence
ember:monthly:generation,RU,mix,,total,,2026-01-01,2026-01-31,115.325,TWh,,,low_confidence
ember:monthly:generation,RU,mix,,total,,2026-02-01,2026-02-28,103.837,TWh,,,low_confidence
ember:monthly:generation,RU,mix,,total,,2026-03-01,2026-03-31,102.722,TWh,,,low_confidence
ember:monthly:generation,RU,mix,,total,,2026-04-01,2026-04-30,92.354,TWh,,,low_confidence
ember:monthly:generation,RU,mix,,total,,2026-05-01,2026-05-31,86.461,TWh,,,low_confidence
ember:monthly:generation,RU,mix,,total,,2026-06-01,2026-06-30,81.276,TWh,,,low_confidence
ember:monthly:generation,RU,mix,,total,,2026-07-01,2026-07-31,84.947,TWh,,,low_confidence
ember:monthly:generation,RU,mix,,wind,,2019-01-01,2019-01-31,0.032,TWh,,,low_confidence
ember:monthly:generation,RU,mix,,wind,,2019-02-01,2019-02-28,0.029,TWh,,,low_confidence
ember:monthly:generation,RU,mix,,wind,,2019-03-01,2019-03-31,0.035,TWh,,,low_confidence
ember:monthly:generation,RU,mix,,wind,,2019-04-01,2019-04-30,0.025,TWh,,,low_confidence
ember:monthly:generation,RU,mix,,wind,,2019-05-01,2019-05-31,0.02,TWh,,,low_confidence
ember:monthly:generation,RU,mix,,wind,,2019-06-01,2019-06-30,0.019,TWh,,,low_confidence
ember:monthly:generation,RU,mix,,wind,,2019-07-01,2019-07-31,0.019,TWh,,,low_confidence
ember:monthly:generation,RU,mix,,wind,,2019-08-01,2019-08-31,0.027,TWh,,,low_confidence
ember:monthly:generation,RU,mix,,wind,,2019-09-01,2019-09-30,0.022,TWh,,,low_confidence
ember:monthly:generation,RU,mix,,wind,,2019-10-01,2019-10-31,0.031,TWh,,,low_confidence
ember:monthly:generation,RU,mix,,wind,,2019-11-01,2019-11-30,0.027,TWh,,,low_confidence
ember:monthly:generation,RU,mix,,wind,,2019-12-01,2019-12-31,0.033,TWh,,,low_confidence
ember:monthly:generation,RU,mix,,wind,,2020-01-01,2020-01-31,0.043,TWh,,,low_confidence
ember:monthly:generation,RU,mix,,wind,,2020-02-01,2020-02-29,0.067,TWh,,,low_confidence
ember:monthly:generation,RU,mix,,wind,,2020-03-01,2020-03-31,0.111,TWh,,,low_confidence
ember:monthly:generation,RU,mix,,wind,,2020-04-01,2020-04-30,0.116,TWh,,,low_confidence
ember:monthly:generation,RU,mix,,wind,,2020-05-01,2020-05-31,0.118,TWh,,,low_confidence
ember:monthly:generation,RU,mix,,wind,,2020-06-01,2020-06-30,0.082,TWh,,,low_confidence
ember:monthly:generation,RU,mix,,wind,,2020-07-01,2020-07-31,0.083,TWh,,,low_confidence
ember:monthly:generation,RU,mix,,wind,,2020-08-01,2020-08-31,0.07,TWh,,,low_confidence
ember:monthly:generation,RU,mix,,wind,,2020-09-01,2020-09-30,0.135,TWh,,,low_confidence
ember:monthly:generation,RU,mix,,wind,,2020-10-01,2020-10-31,0.159,TWh,,,low_confidence
ember:monthly:generation,RU,mix,,wind,,2020-11-01,2020-11-30,0.148,TWh,,,low_confidence
ember:monthly:generation,RU,mix,,wind,,2020-12-01,2020-12-31,0.214,TWh,,,low_confidence
ember:monthly:generation,RU,mix,,wind,,2021-01-01,2021-01-31,0.269,TWh,,,low_confidence
ember:monthly:generation,RU,mix,,wind,,2021-02-01,2021-02-28,0.269,TWh,,,low_confidence
ember:monthly:generation,RU,mix,,wind,,2021-03-01,2021-03-31,0.346,TWh,,,low_confidence
ember:monthly:generation,RU,mix,,wind,,2021-04-01,2021-04-30,0.228,TWh,,,low_confidence
ember:monthly:generation,RU,mix,,wind,,2021-05-01,2021-05-31,0.255,TWh,,,low_confidence
ember:monthly:generation,RU,mix,,wind,,2021-06-01,2021-06-30,0.192,TWh,,,low_confidence
ember:monthly:generation,RU,mix,,wind,,2021-07-01,2021-07-31,0.151,TWh,,,low_confidence
ember:monthly:generation,RU,mix,,wind,,2021-08-01,2021-08-31,0.206,TWh,,,low_confidence
ember:monthly:generation,RU,mix,,wind,,2021-09-01,2021-09-30,0.243,TWh,,,low_confidence
ember:monthly:generation,RU,mix,,wind,,2021-10-01,2021-10-31,0.493,TWh,,,low_confidence
ember:monthly:generation,RU,mix,,wind,,2021-11-01,2021-11-30,0.478,TWh,,,low_confidence
ember:monthly:generation,RU,mix,,wind,,2021-12-01,2021-12-31,0.481,TWh,,,low_confidence
ember:monthly:generation,RU,mix,,wind,,2022-01-01,2022-01-31,0.599,TWh,,,low_confidence
ember:monthly:generation,RU,mix,,wind,,2022-02-01,2022-02-28,0.451,TWh,,,low_confidence
ember:monthly:generation,RU,mix,,wind,,2022-03-01,2022-03-31,0.532,TWh,,,low_confidence
ember:monthly:generation,RU,mix,,wind,,2022-04-01,2022-04-30,0.506,TWh,,,low_confidence
ember:monthly:generation,RU,mix,,wind,,2022-05-01,2022-05-31,0.452,TWh,,,low_confidence
ember:monthly:generation,RU,mix,,wind,,2022-06-01,2022-06-30,0.239,TWh,,,low_confidence
ember:monthly:generation,RU,mix,,wind,,2022-07-01,2022-07-31,0.265,TWh,,,low_confidence
ember:monthly:generation,RU,mix,,wind,,2022-08-01,2022-08-31,0.492,TWh,,,low_confidence
ember:monthly:generation,RU,mix,,wind,,2022-09-01,2022-09-30,0.35,TWh,,,low_confidence
ember:monthly:generation,RU,mix,,wind,,2022-10-01,2022-10-31,0.41,TWh,,,low_confidence
ember:monthly:generation,RU,mix,,wind,,2022-11-01,2022-11-30,0.417,TWh,,,low_confidence
ember:monthly:generation,RU,mix,,wind,,2022-12-01,2022-12-31,0.523,TWh,,,low_confidence
ember:monthly:generation,RU,mix,,wind,,2023-01-01,2023-01-31,0.561,TWh,,,low_confidence
ember:monthly:generation,RU,mix,,wind,,2023-02-01,2023-02-28,0.447,TWh,,,low_confidence
ember:monthly:generation,RU,mix,,wind,,2023-03-01,2023-03-31,0.477,TWh,,,low_confidence
ember:monthly:generation,RU,mix,,wind,,2023-04-01,2023-04-30,0.491,TWh,,,low_confidence
ember:monthly:generation,RU,mix,,wind,,2023-05-01,2023-05-31,0.366,TWh,,,low_confidence
ember:monthly:generation,RU,mix,,wind,,2023-06-01,2023-06-30,0.267,TWh,,,low_confidence
ember:monthly:generation,RU,mix,,wind,,2023-07-01,2023-07-31,0.314,TWh,,,low_confidence
ember:monthly:generation,RU,mix,,wind,,2023-08-01,2023-08-31,0.342,TWh,,,low_confidence
ember:monthly:generation,RU,mix,,wind,,2023-09-01,2023-09-30,0.336,TWh,,,low_confidence
ember:monthly:generation,RU,mix,,wind,,2023-10-01,2023-10-31,0.45,TWh,,,low_confidence
ember:monthly:generation,RU,mix,,wind,,2023-11-01,2023-11-30,0.482,TWh,,,low_confidence
ember:monthly:generation,RU,mix,,wind,,2023-12-01,2023-12-31,0.573,TWh,,,low_confidence
ember:monthly:generation,RU,mix,,wind,,2024-01-01,2024-01-31,0.467,TWh,,,low_confidence
ember:monthly:generation,RU,mix,,wind,,2024-02-01,2024-02-29,0.495,TWh,,,low_confidence
ember:monthly:generation,RU,mix,,wind,,2024-03-01,2024-03-31,0.397,TWh,,,low_confidence
ember:monthly:generation,RU,mix,,wind,,2024-04-01,2024-04-30,0.458,TWh,,,low_confidence
ember:monthly:generation,RU,mix,,wind,,2024-05-01,2024-05-31,0.391,TWh,,,low_confidence
ember:monthly:generation,RU,mix,,wind,,2024-06-01,2024-06-30,0.333,TWh,,,low_confidence
ember:monthly:generation,RU,mix,,wind,,2024-07-01,2024-07-31,0.303,TWh,,,low_confidence
ember:monthly:generation,RU,mix,,wind,,2024-08-01,2024-08-31,0.336,TWh,,,low_confidence
ember:monthly:generation,RU,mix,,wind,,2024-09-01,2024-09-30,0.496,TWh,,,low_confidence
ember:monthly:generation,RU,mix,,wind,,2024-10-01,2024-10-31,0.398,TWh,,,low_confidence
ember:monthly:generation,RU,mix,,wind,,2024-11-01,2024-11-30,0.418,TWh,,,low_confidence
ember:monthly:generation,RU,mix,,wind,,2024-12-01,2024-12-31,0.433,TWh,,,low_confidence
ember:monthly:generation,RU,mix,,wind,,2025-01-01,2025-01-31,0.456,TWh,,,low_confidence
ember:monthly:generation,RU,mix,,wind,,2025-02-01,2025-02-28,0.314,TWh,,,low_confidence
ember:monthly:generation,RU,mix,,wind,,2025-03-01,2025-03-31,0.413,TWh,,,low_confidence
ember:monthly:generation,RU,mix,,wind,,2025-04-01,2025-04-30,0.299,TWh,,,low_confidence
ember:monthly:generation,RU,mix,,wind,,2025-05-01,2025-05-31,0.358,TWh,,,low_confidence
ember:monthly:generation,RU,mix,,wind,,2025-06-01,2025-06-30,0.359,TWh,,,low_confidence
ember:monthly:generation,RU,mix,,wind,,2025-07-01,2025-07-31,0.3,TWh,,,low_confidence
ember:monthly:generation,RU,mix,,wind,,2025-08-01,2025-08-31,0.312,TWh,,,low_confidence
ember:monthly:generation,RU,mix,,wind,,2025-09-01,2025-09-30,0.357,TWh,,,low_confidence
ember:monthly:generation,RU,mix,,wind,,2025-10-01,2025-10-31,0.379,TWh,,,low_confidence
ember:monthly:generation,RU,mix,,wind,,2025-11-01,2025-11-30,0.288,TWh,,,low_confidence
ember:monthly:generation,RU,mix,,wind,,2025-12-01,2025-12-31,0.411,TWh,,,low_confidence
ember:monthly:generation,RU,mix,,wind,,2026-01-01,2026-01-31,0.412,TWh,,,low_confidence
ember:monthly:generation,RU,mix,,wind,,2026-02-01,2026-02-28,0.417,TWh,,,low_confidence
ember:monthly:generation,RU,mix,,wind,,2026-03-01,2026-03-31,0.431,TWh,,,low_confidence
ember:monthly:generation,RU,mix,,wind,,2026-04-01,2026-04-30,0.432,TWh,,,low_confidence
ember:monthly:generation,RU,mix,,wind,,2026-05-01,2026-05-31,0.283,TWh,,,low_confidence
ember:monthly:generation,RU,mix,,wind,,2026-06-01,2026-06-30,0.213,TWh,,,low_confidence
ember:monthly:generation,RU,mix,,wind,,2026-07-01,2026-07-31,0.241,TWh,,,low_confidence
ember:monthly:generation,US,mix,,bioenergy,,2015-01-01,2015-01-31,5.442,TWh,,,primary
ember:monthly:generation,US,mix,,bioenergy,,2015-02-01,2015-02-28,4.896,TWh,,,primary
ember:monthly:generation,US,mix,,bioenergy,,2015-03-01,2015-03-31,5.169,TWh,,,primary
ember:monthly:generation,US,mix,,bioenergy,,2015-04-01,2015-04-30,4.976,TWh,,,primary
ember:monthly:generation,US,mix,,bioenergy,,2015-05-01,2015-05-31,5.137,TWh,,,primary
ember:monthly:generation,US,mix,,bioenergy,,2015-06-01,2015-06-30,5.28,TWh,,,primary
ember:monthly:generation,US,mix,,bioenergy,,2015-07-01,2015-07-31,5.795,TWh,,,primary
ember:monthly:generation,US,mix,,bioenergy,,2015-08-01,2015-08-31,5.71,TWh,,,primary
ember:monthly:generation,US,mix,,bioenergy,,2015-09-01,2015-09-30,5.256,TWh,,,primary
ember:monthly:generation,US,mix,,bioenergy,,2015-10-01,2015-10-31,5.095,TWh,,,primary
ember:monthly:generation,US,mix,,bioenergy,,2015-11-01,2015-11-30,5.32,TWh,,,primary
ember:monthly:generation,US,mix,,bioenergy,,2015-12-01,2015-12-31,5.557,TWh,,,primary
ember:monthly:generation,US,mix,,bioenergy,,2016-01-01,2016-01-31,5.395,TWh,,,primary
ember:monthly:generation,US,mix,,bioenergy,,2016-02-01,2016-02-29,5.115,TWh,,,primary
ember:monthly:generation,US,mix,,bioenergy,,2016-03-01,2016-03-31,5.212,TWh,,,primary
ember:monthly:generation,US,mix,,bioenergy,,2016-04-01,2016-04-30,4.778,TWh,,,primary
ember:monthly:generation,US,mix,,bioenergy,,2016-05-01,2016-05-31,5.096,TWh,,,primary
ember:monthly:generation,US,mix,,bioenergy,,2016-06-01,2016-06-30,5.208,TWh,,,primary
ember:monthly:generation,US,mix,,bioenergy,,2016-07-01,2016-07-31,5.498,TWh,,,primary
ember:monthly:generation,US,mix,,bioenergy,,2016-08-01,2016-08-31,5.583,TWh,,,primary
ember:monthly:generation,US,mix,,bioenergy,,2016-09-01,2016-09-30,5.164,TWh,,,primary
ember:monthly:generation,US,mix,,bioenergy,,2016-10-01,2016-10-31,4.869,TWh,,,primary
ember:monthly:generation,US,mix,,bioenergy,,2016-11-01,2016-11-30,5.282,TWh,,,primary
ember:monthly:generation,US,mix,,bioenergy,,2016-12-01,2016-12-31,5.56,TWh,,,primary
ember:monthly:generation,US,mix,,bioenergy,,2017-01-01,2017-01-31,5.4,TWh,,,primary
ember:monthly:generation,US,mix,,bioenergy,,2017-02-01,2017-02-28,4.883,TWh,,,primary
ember:monthly:generation,US,mix,,bioenergy,,2017-03-01,2017-03-31,5.303,TWh,,,primary
ember:monthly:generation,US,mix,,bioenergy,,2017-04-01,2017-04-30,4.888,TWh,,,primary
ember:monthly:generation,US,mix,,bioenergy,,2017-05-01,2017-05-31,5.038,TWh,,,primary
ember:monthly:generation,US,mix,,bioenergy,,2017-06-01,2017-06-30,5.234,TWh,,,primary
ember:monthly:generation,US,mix,,bioenergy,,2017-07-01,2017-07-31,5.527,TWh,,,primary
ember:monthly:generation,US,mix,,bioenergy,,2017-08-01,2017-08-31,5.575,TWh,,,primary
ember:monthly:generation,US,mix,,bioenergy,,2017-09-01,2017-09-30,4.994,TWh,,,primary
ember:monthly:generation,US,mix,,bioenergy,,2017-10-01,2017-10-31,5.031,TWh,,,primary
ember:monthly:generation,US,mix,,bioenergy,,2017-11-01,2017-11-30,5.231,TWh,,,primary
ember:monthly:generation,US,mix,,bioenergy,,2017-12-01,2017-12-31,5.63,TWh,,,primary
ember:monthly:generation,US,mix,,bioenergy,,2018-01-01,2018-01-31,5.503,TWh,,,primary
ember:monthly:generation,US,mix,,bioenergy,,2018-02-01,2018-02-28,4.951,TWh,,,primary
ember:monthly:generation,US,mix,,bioenergy,,2018-03-01,2018-03-31,5.369,TWh,,,primary
ember:monthly:generation,US,mix,,bioenergy,,2018-04-01,2018-04-30,4.828,TWh,,,primary
ember:monthly:generation,US,mix,,bioenergy,,2018-05-01,2018-05-31,5.083,TWh,,,primary
ember:monthly:generation,US,mix,,bioenergy,,2018-06-01,2018-06-30,5.191,TWh,,,primary
ember:monthly:generation,US,mix,,bioenergy,,2018-07-01,2018-07-31,5.499,TWh,,,primary
ember:monthly:generation,US,mix,,bioenergy,,2018-08-01,2018-08-31,5.387,TWh,,,primary
ember:monthly:generation,US,mix,,bioenergy,,2018-09-01,2018-09-30,4.87,TWh,,,primary
ember:monthly:generation,US,mix,,bioenergy,,2018-10-01,2018-10-31,4.959,TWh,,,primary
ember:monthly:generation,US,mix,,bioenergy,,2018-11-01,2018-11-30,4.988,TWh,,,primary
ember:monthly:generation,US,mix,,bioenergy,,2018-12-01,2018-12-31,5.203,TWh,,,primary
ember:monthly:generation,US,mix,,bioenergy,,2019-01-01,2019-01-31,5.138,TWh,,,primary
ember:monthly:generation,US,mix,,bioenergy,,2019-02-01,2019-02-28,4.54,TWh,,,primary
ember:monthly:generation,US,mix,,bioenergy,,2019-03-01,2019-03-31,4.841,TWh,,,primary
ember:monthly:generation,US,mix,,bioenergy,,2019-04-01,2019-04-30,4.317,TWh,,,primary
ember:monthly:generation,US,mix,,bioenergy,,2019-05-01,2019-05-31,4.614,TWh,,,primary
ember:monthly:generation,US,mix,,bioenergy,,2019-06-01,2019-06-30,4.74,TWh,,,primary
ember:monthly:generation,US,mix,,bioenergy,,2019-07-01,2019-07-31,5.115,TWh,,,primary
ember:monthly:generation,US,mix,,bioenergy,,2019-08-01,2019-08-31,5.174,TWh,,,primary
ember:monthly:generation,US,mix,,bioenergy,,2019-09-01,2019-09-30,4.74,TWh,,,primary
ember:monthly:generation,US,mix,,bioenergy,,2019-10-01,2019-10-31,4.636,TWh,,,primary
ember:monthly:generation,US,mix,,bioenergy,,2019-11-01,2019-11-30,4.662,TWh,,,primary
ember:monthly:generation,US,mix,,bioenergy,,2019-12-01,2019-12-31,4.988,TWh,,,primary
ember:monthly:generation,US,mix,,bioenergy,,2020-01-01,2020-01-31,4.979,TWh,,,primary
ember:monthly:generation,US,mix,,bioenergy,,2020-02-01,2020-02-29,4.631,TWh,,,primary
ember:monthly:generation,US,mix,,bioenergy,,2020-03-01,2020-03-31,4.816,TWh,,,primary
ember:monthly:generation,US,mix,,bioenergy,,2020-04-01,2020-04-30,4.402,TWh,,,primary
ember:monthly:generation,US,mix,,bioenergy,,2020-05-01,2020-05-31,4.507,TWh,,,primary
ember:monthly:generation,US,mix,,bioenergy,,2020-06-01,2020-06-30,4.279,TWh,,,primary
ember:monthly:generation,US,mix,,bioenergy,,2020-07-01,2020-07-31,4.562,TWh,,,primary
ember:monthly:generation,US,mix,,bioenergy,,2020-08-01,2020-08-31,4.72,TWh,,,primary
ember:monthly:generation,US,mix,,bioenergy,,2020-09-01,2020-09-30,4.377,TWh,,,primary
ember:monthly:generation,US,mix,,bioenergy,,2020-10-01,2020-10-31,4.328,TWh,,,primary
ember:monthly:generation,US,mix,,bioenergy,,2020-11-01,2020-11-30,4.404,TWh,,,primary
ember:monthly:generation,US,mix,,bioenergy,,2020-12-01,2020-12-31,4.698,TWh,,,primary
ember:monthly:generation,US,mix,,bioenergy,,2021-01-01,2021-01-31,4.824,TWh,,,primary
ember:monthly:generation,US,mix,,bioenergy,,2021-02-01,2021-02-28,4.258,TWh,,,primary
ember:monthly:generation,US,mix,,bioenergy,,2021-03-01,2021-03-31,4.682,TWh,,,primary
ember:monthly:generation,US,mix,,bioenergy,,2021-04-01,2021-04-30,4.25,TWh,,,primary
ember:monthly:generation,US,mix,,bioenergy,,2021-05-01,2021-05-31,4.481,TWh,,,primary
ember:monthly:generation,US,mix,,bioenergy,,2021-06-01,2021-06-30,4.557,TWh,,,primary
ember:monthly:generation,US,mix,,bioenergy,,2021-07-01,2021-07-31,4.745,TWh,,,primary
ember:monthly:generation,US,mix,,bioenergy,,2021-08-01,2021-08-31,4.784,TWh,,,primary
ember:monthly:generation,US,mix,,bioenergy,,2021-09-01,2021-09-30,4.442,TWh,,,primary
ember:monthly:generation,US,mix,,bioenergy,,2021-10-01,2021-10-31,4.275,TWh,,,primary
ember:monthly:generation,US,mix,,bioenergy,,2021-11-01,2021-11-30,4.283,TWh,,,primary
ember:monthly:generation,US,mix,,bioenergy,,2021-12-01,2021-12-31,4.67,TWh,,,primary
ember:monthly:generation,US,mix,,bioenergy,,2022-01-01,2022-01-31,4.538,TWh,,,primary
ember:monthly:generation,US,mix,,bioenergy,,2022-02-01,2022-02-28,4.203,TWh,,,primary
ember:monthly:generation,US,mix,,bioenergy,,2022-03-01,2022-03-31,4.36,TWh,,,primary
ember:monthly:generation,US,mix,,bioenergy,,2022-04-01,2022-04-30,4.078,TWh,,,primary
ember:monthly:generation,US,mix,,bioenergy,,2022-05-01,2022-05-31,4.278,TWh,,,primary
ember:monthly:generation,US,mix,,bioenergy,,2022-06-01,2022-06-30,4.417,TWh,,,primary
ember:monthly:generation,US,mix,,bioenergy,,2022-07-01,2022-07-31,4.682,TWh,,,primary
ember:monthly:generation,US,mix,,bioenergy,,2022-08-01,2022-08-31,4.585,TWh,,,primary
ember:monthly:generation,US,mix,,bioenergy,,2022-09-01,2022-09-30,4.179,TWh,,,primary
ember:monthly:generation,US,mix,,bioenergy,,2022-10-01,2022-10-31,3.993,TWh,,,primary
ember:monthly:generation,US,mix,,bioenergy,,2022-11-01,2022-11-30,4.183,TWh,,,primary
ember:monthly:generation,US,mix,,bioenergy,,2022-12-01,2022-12-31,4.353,TWh,,,primary
ember:monthly:generation,US,mix,,bioenergy,,2023-01-01,2023-01-31,4.265,TWh,,,primary
ember:monthly:generation,US,mix,,bioenergy,,2023-02-01,2023-02-28,3.741,TWh,,,primary
ember:monthly:generation,US,mix,,bioenergy,,2023-03-01,2023-03-31,3.982,TWh,,,primary
ember:monthly:generation,US,mix,,bioenergy,,2023-04-01,2023-04-30,3.524,TWh,,,primary
ember:monthly:generation,US,mix,,bioenergy,,2023-05-01,2023-05-31,3.997,TWh,,,primary
ember:monthly:generation,US,mix,,bioenergy,,2023-06-01,2023-06-30,3.887,TWh,,,primary
ember:monthly:generation,US,mix,,bioenergy,,2023-07-01,2023-07-31,4.093,TWh,,,primary
ember:monthly:generation,US,mix,,bioenergy,,2023-08-01,2023-08-31,4.221,TWh,,,primary
ember:monthly:generation,US,mix,,bioenergy,,2023-09-01,2023-09-30,3.802,TWh,,,primary
ember:monthly:generation,US,mix,,bioenergy,,2023-10-01,2023-10-31,3.62,TWh,,,primary
ember:monthly:generation,US,mix,,bioenergy,,2023-11-01,2023-11-30,3.889,TWh,,,primary
ember:monthly:generation,US,mix,,bioenergy,,2023-12-01,2023-12-31,4.177,TWh,,,primary
ember:monthly:generation,US,mix,,bioenergy,,2024-01-01,2024-01-31,4.144,TWh,,,primary
ember:monthly:generation,US,mix,,bioenergy,,2024-02-01,2024-02-29,3.824,TWh,,,primary
ember:monthly:generation,US,mix,,bioenergy,,2024-03-01,2024-03-31,3.893,TWh,,,primary
ember:monthly:generation,US,mix,,bioenergy,,2024-04-01,2024-04-30,3.572,TWh,,,primary
ember:monthly:generation,US,mix,,bioenergy,,2024-05-01,2024-05-31,3.858,TWh,,,primary
ember:monthly:generation,US,mix,,bioenergy,,2024-06-01,2024-06-30,3.892,TWh,,,primary
ember:monthly:generation,US,mix,,bioenergy,,2024-07-01,2024-07-31,4.071,TWh,,,primary
ember:monthly:generation,US,mix,,bioenergy,,2024-08-01,2024-08-31,4.136,TWh,,,primary
ember:monthly:generation,US,mix,,bioenergy,,2024-09-01,2024-09-30,3.785,TWh,,,primary
ember:monthly:generation,US,mix,,bioenergy,,2024-10-01,2024-10-31,3.482,TWh,,,primary
ember:monthly:generation,US,mix,,bioenergy,,2024-11-01,2024-11-30,3.763,TWh,,,primary
ember:monthly:generation,US,mix,,bioenergy,,2024-12-01,2024-12-31,4.002,TWh,,,primary
ember:monthly:generation,US,mix,,bioenergy,,2025-01-01,2025-01-31,4.013,TWh,,,primary
ember:monthly:generation,US,mix,,bioenergy,,2025-02-01,2025-02-28,3.692,TWh,,,primary
ember:monthly:generation,US,mix,,bioenergy,,2025-03-01,2025-03-31,3.938,TWh,,,primary
ember:monthly:generation,US,mix,,bioenergy,,2025-04-01,2025-04-30,3.466,TWh,,,primary
ember:monthly:generation,US,mix,,bioenergy,,2025-05-01,2025-05-31,3.785,TWh,,,primary
ember:monthly:generation,US,mix,,bioenergy,,2025-06-01,2025-06-30,3.905,TWh,,,primary
ember:monthly:generation,US,mix,,bioenergy,,2025-07-01,2025-07-31,4.129,TWh,,,primary
ember:monthly:generation,US,mix,,bioenergy,,2025-08-01,2025-08-31,4.037,TWh,,,primary
ember:monthly:generation,US,mix,,bioenergy,,2025-09-01,2025-09-30,3.849,TWh,,,primary
ember:monthly:generation,US,mix,,bioenergy,,2025-10-01,2025-10-31,3.628,TWh,,,primary
ember:monthly:generation,US,mix,,bioenergy,,2025-11-01,2025-11-30,3.769,TWh,,,primary
ember:monthly:generation,US,mix,,bioenergy,,2025-12-01,2025-12-31,3.976,TWh,,,primary
ember:monthly:generation,US,mix,,bioenergy,,2026-01-01,2026-01-31,3.993,TWh,,,primary
ember:monthly:generation,US,mix,,bioenergy,,2026-02-01,2026-02-28,3.637,TWh,,,primary
ember:monthly:generation,US,mix,,bioenergy,,2026-03-01,2026-03-31,3.709,TWh,,,primary
ember:monthly:generation,US,mix,,bioenergy,,2026-04-01,2026-04-30,3.181,TWh,,,primary
ember:monthly:generation,US,mix,,bioenergy,,2026-05-01,2026-05-31,3.722,TWh,,,primary
ember:monthly:generation,US,mix,,bioenergy,,2026-06-01,2026-06-30,3.76,TWh,,,primary
ember:monthly:generation,US,mix,,bioenergy,,2026-07-01,2026-07-31,3.93,TWh,,,primary
ember:monthly:generation,US,mix,,bioenergy,,2026-08-01,2026-08-31,3.949,TWh,,,primary
ember:monthly:generation,US,mix,,coal,,2015-01-01,2015-01-31,132.451,TWh,,,primary
ember:monthly:generation,US,mix,,coal,,2015-02-01,2015-02-28,126.977,TWh,,,primary
ember:monthly:generation,US,mix,,coal,,2015-03-01,2015-03-31,108.488,TWh,,,primary
ember:monthly:generation,US,mix,,coal,,2015-04-01,2015-04-30,88.989,TWh,,,primary
ember:monthly:generation,US,mix,,coal,,2015-05-01,2015-05-31,104.585,TWh,,,primary
ember:monthly:generation,US,mix,,coal,,2015-06-01,2015-06-30,125.673,TWh,,,primary
ember:monthly:generation,US,mix,,coal,,2015-07-01,2015-07-31,139.1,TWh,,,primary
ember:monthly:generation,US,mix,,coal,,2015-08-01,2015-08-31,134.67,TWh,,,primary
ember:monthly:generation,US,mix,,coal,,2015-09-01,2015-09-30,117.986,TWh,,,primary
ember:monthly:generation,US,mix,,coal,,2015-10-01,2015-10-31,96.759,TWh,,,primary
ember:monthly:generation,US,mix,,coal,,2015-11-01,2015-11-30,87.227,TWh,,,primary
ember:monthly:generation,US,mix,,coal,,2015-12-01,2015-12-31,89.495,TWh,,,primary
ember:monthly:generation,US,mix,,coal,,2016-01-01,2016-01-31,113.459,TWh,,,primary
ember:monthly:generation,US,mix,,coal,,2016-02-01,2016-02-29,92.705,TWh,,,primary
ember:monthly:generation,US,mix,,coal,,2016-03-01,2016-03-31,72.173,TWh,,,primary
ember:monthly:generation,US,mix,,coal,,2016-04-01,2016-04-30,72.113,TWh,,,primary
ember:monthly:generation,US,mix,,coal,,2016-05-01,2016-05-31,81.695,TWh,,,primary
ember:monthly:generation,US,mix,,coal,,2016-06-01,2016-06-30,116.034,TWh,,,primary
ember:monthly:generation,US,mix,,coal,,2016-07-01,2016-07-31,136.316,TWh,,,primary
ember:monthly:generation,US,mix,,coal,,2016-08-01,2016-08-31,135.635,TWh,,,primary
ember:monthly:generation,US,mix,,coal,,2016-09-01,2016-09-30,114.138,TWh,,,primary
ember:monthly:generation,US,mix,,coal,,2016-10-01,2016-10-31,99.194,TWh,,,primary
ember:monthly:generation,US,mix,,coal,,2016-11-01,2016-11-30,86.94,TWh,,,primary
ember:monthly:generation,US,mix,,coal,,2016-12-01,2016-12-31,118.747,TWh,,,primary
ember:monthly:generation,US,mix,,coal,,2017-01-01,2017-01-31,115.333,TWh,,,primary
ember:monthly:generation,US,mix,,coal,,2017-02-01,2017-02-28,86.822,TWh,,,primary
ember:monthly:generation,US,mix,,coal,,2017-03-01,2017-03-31,89.365,TWh,,,primary
ember:monthly:generation,US,mix,,coal,,2017-04-01,2017-04-30,81.335,TWh,,,primary
ember:monthly:generation,US,mix,,coal,,2017-05-01,2017-05-31,92.777,TWh,,,primary
ember:monthly:generation,US,mix,,coal,,2017-06-01,2017-06-30,107.508,TWh,,,primary
ember:monthly:generation,US,mix,,coal,,2017-07-01,2017-07-31,127.698,TWh,,,primary
ember:monthly:generation,US,mix,,coal,,2017-08-01,2017-08-31,119.488,TWh,,,primary
ember:monthly:generation,US,mix,,coal,,2017-09-01,2017-09-30,98.202,TWh,,,primary
ember:monthly:generation,US,mix,,coal,,2017-10-01,2017-10-31,89.776,TWh,,,primary
ember:monthly:generation,US,mix,,coal,,2017-11-01,2017-11-30,90.986,TWh,,,primary
ember:monthly:generation,US,mix,,coal,,2017-12-01,2017-12-31,106.545,TWh,,,primary
ember:monthly:generation,US,mix,,coal,,2018-01-01,2018-01-31,119.284,TWh,,,primary
ember:monthly:generation,US,mix,,coal,,2018-02-01,2018-02-28,82.05,TWh,,,primary
ember:monthly:generation,US,mix,,coal,,2018-03-01,2018-03-31,80.626,TWh,,,primary
ember:monthly:generation,US,mix,,coal,,2018-04-01,2018-04-30,73.346,TWh,,,primary
ember:monthly:generation,US,mix,,coal,,2018-05-01,2018-05-31,85.227,TWh,,,primary
ember:monthly:generation,US,mix,,coal,,2018-06-01,2018-06-30,101.503,TWh,,,primary
ember:monthly:generation,US,mix,,coal,,2018-07-01,2018-07-31,115.376,TWh,,,primary
ember:monthly:generation,US,mix,,coal,,2018-08-01,2018-08-31,115.129,TWh,,,primary
ember:monthly:generation,US,mix,,coal,,2018-09-01,2018-09-30,96.544,TWh,,,primary
ember:monthly:generation,US,mix,,coal,,2018-10-01,2018-10-31,87.264,TWh,,,primary
ember:monthly:generation,US,mix,,coal,,2018-11-01,2018-11-30,92.819,TWh,,,primary
ember:monthly:generation,US,mix,,coal,,2018-12-01,2018-12-31,100.319,TWh,,,primary
ember:monthly:generation,US,mix,,coal,,2019-01-01,2019-01-31,100.905,TWh,,,primary
ember:monthly:generation,US,mix,,coal,,2019-02-01,2019-02-28,79.929,TWh,,,primary
ember:monthly:generation,US,mix,,coal,,2019-03-01,2019-03-31,78.352,TWh,,,primary
ember:monthly:generation,US,mix,,coal,,2019-04-01,2019-04-30,59.922,TWh,,,primary
ember:monthly:generation,US,mix,,coal,,2019-05-01,2019-05-31,71.885,TWh,,,primary
ember:monthly:generation,US,mix,,coal,,2019-06-01,2019-06-30,78.54,TWh,,,primary
ember:monthly:generation,US,mix,,coal,,2019-07-01,2019-07-31,100.771,TWh,,,primary
ember:monthly:generation,US,mix,,coal,,2019-08-01,2019-08-31,94.04,TWh,,,primary
ember:monthly:generation,US,mix,,coal,,2019-09-01,2019-09-30,85.707,TWh,,,primary
ember:monthly:generation,US,mix,,coal,,2019-10-01,2019-10-31,66.777,TWh,,,primary
ember:monthly:generation,US,mix,,coal,,2019-11-01,2019-11-30,75.549,TWh,,,primary
ember:monthly:generation,US,mix,,coal,,2019-12-01,2019-12-31,72.581,TWh,,,primary
ember:monthly:generation,US,mix,,coal,,2020-01-01,2020-01-31,65.14,TWh,,,primary
ember:monthly:generation,US,mix,,coal,,2020-02-01,2020-02-29,56.201,TWh,,,primary
ember:monthly:generation,US,mix,,coal,,2020-03-01,2020-03-31,50.731,TWh,,,primary
ember:monthly:generation,US,mix,,coal,,2020-04-01,2020-04-30,40.675,TWh,,,primary
ember:monthly:generation,US,mix,,coal,,2020-05-01,2020-05-31,46.527,TWh,,,primary
ember:monthly:generation,US,mix,,coal,,2020-06-01,2020-06-30,65.283,TWh,,,primary
ember:monthly:generation,US,mix,,coal,,2020-07-01,2020-07-31,89.709,TWh,,,primary
ember:monthly:generation,US,mix,,coal,,2020-08-01,2020-08-31,91.145,TWh,,,primary
ember:monthly:generation,US,mix,,coal,,2020-09-01,2020-09-30,68.407,TWh,,,primary
ember:monthly:generation,US,mix,,coal,,2020-10-01,2020-10-31,59.805,TWh,,,primary
ember:monthly:generation,US,mix,,coal,,2020-11-01,2020-11-30,61.182,TWh,,,primary
ember:monthly:generation,US,mix,,coal,,2020-12-01,2020-12-31,78.588,TWh,,,primary
ember:monthly:generation,US,mix,,coal,,2021-01-01,2021-01-31,81.24,TWh,,,primary
ember:monthly:generation,US,mix,,coal,,2021-02-01,2021-02-28,87.47,TWh,,,primary
ember:monthly:generation,US,mix,,coal,,2021-03-01,2021-03-31,61.904,TWh,,,primary
ember:monthly:generation,US,mix,,coal,,2021-04-01,2021-04-30,53.956,TWh,,,primary
ember:monthly:generation,US,mix,,coal,,2021-05-01,2021-05-31,63.873,TWh,,,primary
ember:monthly:generation,US,mix,,coal,,2021-06-01,2021-06-30,87.265,TWh,,,primary
ember:monthly:generation,US,mix,,coal,,2021-07-01,2021-07-31,101.537,TWh,,,primary
ember:monthly:generation,US,mix,,coal,,2021-08-01,2021-08-31,101.855,TWh,,,primary
ember:monthly:generation,US,mix,,coal,,2021-09-01,2021-09-30,78.877,TWh,,,primary
ember:monthly:generation,US,mix,,coal,,2021-10-01,2021-10-31,62.572,TWh,,,primary
ember:monthly:generation,US,mix,,coal,,2021-11-01,2021-11-30,57.426,TWh,,,primary
ember:monthly:generation,US,mix,,coal,,2021-12-01,2021-12-31,60.025,TWh,,,primary
ember:monthly:generation,US,mix,,coal,,2022-01-01,2022-01-31,87.588,TWh,,,primary
ember:monthly:generation,US,mix,,coal,,2022-02-01,2022-02-28,70.966,TWh,,,primary
ember:monthly:generation,US,mix,,coal,,2022-03-01,2022-03-31,61.019,TWh,,,primary
ember:monthly:generation,US,mix,,coal,,2022-04-01,2022-04-30,55.329,TWh,,,primary
ember:monthly:generation,US,mix,,coal,,2022-05-01,2022-05-31,62.532,TWh,,,primary
ember:monthly:generation,US,mix,,coal,,2022-06-01,2022-06-30,73.463,TWh,,,primary
ember:monthly:generation,US,mix,,coal,,2022-07-01,2022-07-31,86.415,TWh,,,primary
ember:monthly:generation,US,mix,,coal,,2022-08-01,2022-08-31,85.215,TWh,,,primary
ember:monthly:generation,US,mix,,coal,,2022-09-01,2022-09-30,64.998,TWh,,,primary
ember:monthly:generation,US,mix,,coal,,2022-10-01,2022-10-31,54.228,TWh,,,primary
ember:monthly:generation,US,mix,,coal,,2022-11-01,2022-11-30,56.377,TWh,,,primary
ember:monthly:generation,US,mix,,coal,,2022-12-01,2022-12-31,73.381,TWh,,,primary
ember:monthly:generation,US,mix,,coal,,2023-01-01,2023-01-31,61.357,TWh,,,primary
ember:monthly:generation,US,mix,,coal,,2023-02-01,2023-02-28,46.374,TWh,,,primary
ember:monthly:generation,US,mix,,coal,,2023-03-01,2023-03-31,50.096,TWh,,,primary
ember:monthly:generation,US,mix,,coal,,2023-04-01,2023-04-30,40.233,TWh,,,primary
ember:monthly:generation,US,mix,,coal,,2023-05-01,2023-05-31,43.804,TWh,,,primary
ember:monthly:generation,US,mix,,coal,,2023-06-01,2023-06-30,57.772,TWh,,,primary
ember:monthly:generation,US,mix,,coal,,2023-07-01,2023-07-31,78.903,TWh,,,primary
ember:monthly:generation,US,mix,,coal,,2023-08-01,2023-08-31,78.112,TWh,,,primary
ember:monthly:generation,US,mix,,coal,,2023-09-01,2023-09-30,59.959,TWh,,,primary
ember:monthly:generation,US,mix,,coal,,2023-10-01,2023-10-31,50.933,TWh,,,primary
ember:monthly:generation,US,mix,,coal,,2023-11-01,2023-11-30,51.209,TWh,,,primary
ember:monthly:generation,US,mix,,coal,,2023-12-01,2023-12-31,56.365,TWh,,,primary
ember:monthly:generation,US,mix,,coal,,2024-01-01,2024-01-31,75.618,TWh,,,primary
ember:monthly:generation,US,mix,,coal,,2024-02-01,2024-02-29,44.137,TWh,,,primary
ember:monthly:generation,US,mix,,coal,,2024-03-01,2024-03-31,38.505,TWh,,,primary
ember:monthly:generation,US,mix,,coal,,2024-04-01,2024-04-30,37.246,TWh,,,primary
ember:monthly:generation,US,mix,,coal,,2024-05-01,2024-05-31,45.812,TWh,,,primary
ember:monthly:generation,US,mix,,coal,,2024-06-01,2024-06-30,61.339,TWh,,,primary
ember:monthly:generation,US,mix,,coal,,2024-07-01,2024-07-31,71.565,TWh,,,primary
ember:monthly:generation,US,mix,,coal,,2024-08-01,2024-08-31,68.76,TWh,,,primary
ember:monthly:generation,US,mix,,coal,,2024-09-01,2024-09-30,54.559,TWh,,,primary
ember:monthly:generation,US,mix,,coal,,2024-10-01,2024-10-31,46.89,TWh,,,primary
ember:monthly:generation,US,mix,,coal,,2024-11-01,2024-11-30,44.924,TWh,,,primary
ember:monthly:generation,US,mix,,coal,,2024-12-01,2024-12-31,62.8,TWh,,,primary
ember:monthly:generation,US,mix,,coal,,2025-01-01,2025-01-31,83.153,TWh,,,primary
ember:monthly:generation,US,mix,,coal,,2025-02-01,2025-02-28,62.306,TWh,,,primary
ember:monthly:generation,US,mix,,coal,,2025-03-01,2025-03-31,49.215,TWh,,,primary
ember:monthly:generation,US,mix,,coal,,2025-04-01,2025-04-30,45.526,TWh,,,primary
ember:monthly:generation,US,mix,,coal,,2025-05-01,2025-05-31,48.778,TWh,,,primary
ember:monthly:generation,US,mix,,coal,,2025-06-01,2025-06-30,64.502,TWh,,,primary
ember:monthly:generation,US,mix,,coal,,2025-07-01,2025-07-31,80.26,TWh,,,primary
ember:monthly:generation,US,mix,,coal,,2025-08-01,2025-08-31,69.728,TWh,,,primary
ember:monthly:generation,US,mix,,coal,,2025-09-01,2025-09-30,58.302,TWh,,,primary
ember:monthly:generation,US,mix,,coal,,2025-10-01,2025-10-31,54.019,TWh,,,primary
ember:monthly:generation,US,mix,,coal,,2025-11-01,2025-11-30,54.49,TWh,,,primary
ember:monthly:generation,US,mix,,coal,,2025-12-01,2025-12-31,66.871,TWh,,,primary
ember:monthly:generation,US,mix,,coal,,2026-01-01,2026-01-31,72.503,TWh,,,primary
ember:monthly:generation,US,mix,,coal,,2026-02-01,2026-02-28,55.859,TWh,,,primary
ember:monthly:generation,US,mix,,coal,,2026-03-01,2026-03-31,44.132,TWh,,,primary
ember:monthly:generation,US,mix,,coal,,2026-04-01,2026-04-30,39.777,TWh,,,primary
ember:monthly:generation,US,mix,,coal,,2026-05-01,2026-05-31,45.119,TWh,,,primary
ember:monthly:generation,US,mix,,coal,,2026-06-01,2026-06-30,56.29,TWh,,,primary
ember:monthly:generation,US,mix,,coal,,2026-07-01,2026-07-31,75.682,TWh,,,primary
ember:monthly:generation,US,mix,,coal,,2026-08-01,2026-08-31,71.392,TWh,,,primary
ember:monthly:generation,US,mix,,demand,,2015-01-01,2015-01-31,365.629,TWh,,,primary
ember:monthly:generation,US,mix,,demand,,2015-02-01,2015-02-28,338.635,TWh,,,primary
ember:monthly:generation,US,mix,,demand,,2015-03-01,2015-03-31,330.546,TWh,,,primary
ember:monthly:generation,US,mix,,demand,,2015-04-01,2015-04-30,300.768,TWh,,,primary
ember:monthly:generation,US,mix,,demand,,2015-05-01,2015-05-31,328.798,TWh,,,primary
ember:monthly:generation,US,mix,,demand,,2015-06-01,2015-06-30,369.318,TWh,,,primary
ember:monthly:generation,US,mix,,demand,,2015-07-01,2015-07-31,407.337,TWh,,,primary
ember:monthly:generation,US,mix,,demand,,2015-08-01,2015-08-31,399.337,TWh,,,primary
ember:monthly:generation,US,mix,,demand,,2015-09-01,2015-09-30,356.587,TWh,,,primary
ember:monthly:generation,US,mix,,demand,,2015-10-01,2015-10-31,317.329,TWh,,,primary
ember:monthly:generation,US,mix,,demand,,2015-11-01,2015-11-30,306.391,TWh,,,primary
ember:monthly:generation,US,mix,,demand,,2015-12-01,2015-12-31,329.985,TWh,,,primary
ember:monthly:generation,US,mix,,demand,,2016-01-01,2016-01-31,359.138,TWh,,,primary
ember:monthly:generation,US,mix,,demand,,2016-02-01,2016-02-29,319.081,TWh,,,primary
ember:monthly:generation,US,mix,,demand,,2016-03-01,2016-03-31,310.401,TWh,,,primary
ember:monthly:generation,US,mix,,demand,,2016-04-01,2016-04-30,298.125,TWh,,,primary
ember:monthly:generation,US,mix,,demand,,2016-05-01,2016-05-31,323.155,TWh,,,primary
ember:monthly:generation,US,mix,,demand,,2016-06-01,2016-06-30,375.084,TWh,,,primary
ember:monthly:generation,US,mix,,demand,,2016-07-01,2016-07-31,420.194,TWh,,,primary
ember:monthly:generation,US,mix,,demand,,2016-08-01,2016-08-31,417.606,TWh,,,primary
ember:monthly:generation,US,mix,,demand,,2016-09-01,2016-09-30,357.218,TWh,,,primary
ember:monthly:generation,US,mix,,demand,,2016-10-01,2016-10-31,319.441,TWh,,,primary
ember:monthly:generation,US,mix,,demand,,2016-11-01,2016-11-30,303.814,TWh,,,primary
ember:monthly:generation,US,mix,,demand,,2016-12-01,2016-12-31,350.801,TWh,,,primary
ember:monthly:generation,US,mix,,demand,,2017-01-01,2017-01-31,351.444,TWh,,,primary
ember:monthly:generation,US,mix,,demand,,2017-02-01,2017-02-28,296.944,TWh,,,primary
ember:monthly:generation,US,mix,,demand,,2017-03-01,2017-03-31,325.918,TWh,,,primary
ember:monthly:generation,US,mix,,demand,,2017-04-01,2017-04-30,301.829,TWh,,,primary
ember:monthly:generation,US,mix,,demand,,2017-05-01,2017-05-31,329.533,TWh,,,primary
ember:monthly:generation,US,mix,,demand,,2017-06-01,2017-06-30,365.534,TWh,,,primary
ember:monthly:generation,US,mix,,demand,,2017-07-01,2017-07-31,411.555,TWh,,,primary
ember:monthly:generation,US,mix,,demand,,2017-08-01,2017-08-31,392.427,TWh,,,primary
ember:monthly:generation,US,mix,,demand,,2017-09-01,2017-09-30,342.181,TWh,,,primary
ember:monthly:generation,US,mix,,demand,,2017-10-01,2017-10-31,323.559,TWh,,,primary
ember:monthly:generation,US,mix,,demand,,2017-11-01,2017-11-30,312.228,TWh,,,primary
ember:monthly:generation,US,mix,,demand,,2017-12-01,2017-12-31,355.473,TWh,,,primary
ember:monthly:generation,US,mix,,demand,,2018-01-01,2018-01-31,378.235,TWh,,,primary
ember:monthly:generation,US,mix,,demand,,2018-02-01,2018-02-28,311.678,TWh,,,primary
ember:monthly:generation,US,mix,,demand,,2018-03-01,2018-03-31,327.995,TWh,,,primary
ember:monthly:generation,US,mix,,demand,,2018-04-01,2018-04-30,305.976,TWh,,,primary
ember:monthly:generation,US,mix,,demand,,2018-05-01,2018-05-31,345.769,TWh,,,primary
ember:monthly:generation,US,mix,,demand,,2018-06-01,2018-06-30,378.592,TWh,,,primary
ember:monthly:generation,US,mix,,demand,,2018-07-01,2018-07-31,418.162,TWh,,,primary
ember:monthly:generation,US,mix,,demand,,2018-08-01,2018-08-31,415.375,TWh,,,primary
ember:monthly:generation,US,mix,,demand,,2018-09-01,2018-09-30,361.515,TWh,,,primary
ember:monthly:generation,US,mix,,demand,,2018-10-01,2018-10-31,329.828,TWh,,,primary
ember:monthly:generation,US,mix,,demand,,2018-11-01,2018-11-30,326.367,TWh,,,primary
ember:monthly:generation,US,mix,,demand,,2018-12-01,2018-12-31,346.526,TWh,,,primary
ember:monthly:generation,US,mix,,demand,,2019-01-01,2019-01-31,364.167,TWh,,,primary
ember:monthly:generation,US,mix,,demand,,2019-02-01,2019-02-28,319.718,TWh,,,primary
ember:monthly:generation,US,mix,,demand,,2019-03-01,2019-03-31,331.625,TWh,,,primary
ember:monthly:generation,US,mix,,demand,,2019-04-01,2019-04-30,302.101,TWh,,,primary
ember:monthly:generation,US,mix,,demand,,2019-05-01,2019-05-31,336.454,TWh,,,primary
ember:monthly:generation,US,mix,,demand,,2019-06-01,2019-06-30,359.85,TWh,,,primary
ember:monthly:generation,US,mix,,demand,,2019-07-01,2019-07-31,416.886,TWh,,,primary
ember:monthly:generation,US,mix,,demand,,2019-08-01,2019-08-31,408.641,TWh,,,primary
ember:monthly:generation,US,mix,,demand,,2019-09-01,2019-09-30,366.839,TWh,,,primary
ember:monthly:generation,US,mix,,demand,,2019-10-01,2019-10-31,325.386,TWh,,,primary
ember:monthly:generation,US,mix,,demand,,2019-11-01,2019-11-30,321.536,TWh,,,primary
ember:monthly:generation,US,mix,,demand,,2019-12-01,2019-12-31,344.235,TWh,,,primary
ember:monthly:generation,US,mix,,demand,,2020-01-01,2020-01-31,346.924,TWh,,,primary
ember:monthly:generation,US,mix,,demand,,2020-02-01,2020-02-29,324.658,TWh,,,primary
ember:monthly:generation,US,mix,,demand,,2020-03-01,2020-03-31,316.286,TWh,,,primary
ember:monthly:generation,US,mix,,demand,,2020-04-01,2020-04-30,286.211,TWh,,,primary
ember:monthly:generation,US,mix,,demand,,2020-05-01,2020-05-31,312.146,TWh,,,primary
ember:monthly:generation,US,mix,,demand,,2020-06-01,2020-06-30,359.29,TWh,,,primary
ember:monthly:generation,US,mix,,demand,,2020-07-01,2020-07-31,418.73,TWh,,,primary
ember:monthly:generation,US,mix,,demand,,2020-08-01,2020-08-31,407.745,TWh,,,primary
ember:monthly:generation,US,mix,,demand,,2020-09-01,2020-09-30,340.455,TWh,,,primary
ember:monthly:generation,US,mix,,demand,,2020-10-01,2020-10-31,320.558,TWh,,,primary
ember:monthly:generation,US,mix,,demand,,2020-11-01,2020-11-30,306.907,TWh,,,primary
ember:monthly:generation,US,mix,,demand,,2020-12-01,2020-12-31,350.583,TWh,,,primary
ember:monthly:generation,US,mix,,demand,,2021-01-01,2021-01-31,355.608,TWh,,,primary
ember:monthly:generation,US,mix,,demand,,2021-02-01,2021-02-28,329.289,TWh,,,primary
ember:monthly:generation,US,mix,,demand,,2021-03-01,2021-03-31,318.946,TWh,,,primary
ember:monthly:generation,US,mix,,demand,,2021-04-01,2021-04-30,301.0,TWh,,,primary
ember:monthly:generation,US,mix,,demand,,2021-05-01,2021-05-31,328.596,TWh,,,primary
ember:monthly:generation,US,mix,,demand,,2021-06-01,2021-06-30,383.131,TWh,,,primary
ember:monthly:generation,US,mix,,demand,,2021-07-01,2021-07-31,414.729,TWh,,,primary
ember:monthly:generation,US,mix,,demand,,2021-08-01,2021-08-31,420.589,TWh,,,primary
ember:monthly:generation,US,mix,,demand,,2021-09-01,2021-09-30,354.402,TWh,,,primary
ember:monthly:generation,US,mix,,demand,,2021-10-01,2021-10-31,326.407,TWh,,,primary
ember:monthly:generation,US,mix,,demand,,2021-11-01,2021-11-30,318.138,TWh,,,primary
ember:monthly:generation,US,mix,,demand,,2021-12-01,2021-12-31,342.096,TWh,,,primary
ember:monthly:generation,US,mix,,demand,,2022-01-01,2022-01-31,379.769,TWh,,,primary
ember:monthly:generation,US,mix,,demand,,2022-02-01,2022-02-28,329.4,TWh,,,primary
ember:monthly:generation,US,mix,,demand,,2022-03-01,2022-03-31,331.336,TWh,,,primary
ember:monthly:generation,US,mix,,demand,,2022-04-01,2022-04-30,311.794,TWh,,,primary
ember:monthly:generation,US,mix,,demand,,2022-05-01,2022-05-31,350.747,TWh,,,primary
ember:monthly:generation,US,mix,,demand,,2022-06-01,2022-06-30,389.229,TWh,,,primary
ember:monthly:generation,US,mix,,demand,,2022-07-01,2022-07-31,434.562,TWh,,,primary
ember:monthly:generation,US,mix,,demand,,2022-08-01,2022-08-31,423.839,TWh,,,primary
ember:monthly:generation,US,mix,,demand,,2022-09-01,2022-09-30,360.547,TWh,,,primary
ember:monthly:generation,US,mix,,demand,,2022-10-01,2022-10-31,321.431,TWh,,,primary
ember:monthly:generation,US,mix,,demand,,2022-11-01,2022-11-30,328.041,TWh,,,primary
ember:monthly:generation,US,mix,,demand,,2022-12-01,2022-12-31,367.414,TWh,,,primary
ember:monthly:generation,US,mix,,demand,,2023-01-01,2023-01-31,354.97,TWh,,,primary
ember:monthly:generation,US,mix,,demand,,2023-02-01,2023-02-28,317.032,TWh,,,primary
ember:monthly:generation,US,mix,,demand,,2023-03-01,2023-03-31,340.119,TWh,,,primary
ember:monthly:generation,US,mix,,demand,,2023-04-01,2023-04-30,310.414,TWh,,,primary
ember:monthly:generation,US,mix,,demand,,2023-05-01,2023-05-31,337.487,TWh,,,primary
ember:monthly:generation,US,mix,,demand,,2023-06-01,2023-06-30,368.099,TWh,,,primary
ember:monthly:generation,US,mix,,demand,,2023-07-01,2023-07-31,433.919,TWh,,,primary
ember:monthly:generation,US,mix,,demand,,2023-08-01,2023-08-31,431.315,TWh,,,primary
ember:monthly:generation,US,mix,,demand,,2023-09-01,2023-09-30,366.747,TWh,,,primary
ember:monthly:generation,US,mix,,demand,,2023-10-01,2023-10-31,332.896,TWh,,,primary
ember:monthly:generation,US,mix,,demand,,2023-11-01,2023-11-30,326.367,TWh,,,primary
ember:monthly:generation,US,mix,,demand,,2023-12-01,2023-12-31,353.46,TWh,,,primary
ember:monthly:generation,US,mix,,demand,,2024-01-01,2024-01-31,387.411,TWh,,,primary
ember:monthly:generation,US,mix,,demand,,2024-02-01,2024-02-29,327.675,TWh,,,primary
ember:monthly:generation,US,mix,,demand,,2024-03-01,2024-03-31,331.676,TWh,,,primary
ember:monthly:generation,US,mix,,demand,,2024-04-01,2024-04-30,318.028,TWh,,,primary
ember:monthly:generation,US,mix,,demand,,2024-05-01,2024-05-31,356.941,TWh,,,primary
ember:monthly:generation,US,mix,,demand,,2024-06-01,2024-06-30,401.386,TWh,,,primary
ember:monthly:generation,US,mix,,demand,,2024-07-01,2024-07-31,440.296,TWh,,,primary
ember:monthly:generation,US,mix,,demand,,2024-08-01,2024-08-31,433.439,TWh,,,primary
ember:monthly:generation,US,mix,,demand,,2024-09-01,2024-09-30,368.944,TWh,,,primary
ember:monthly:generation,US,mix,,demand,,2024-10-01,2024-10-31,342.563,TWh,,,primary
ember:monthly:generation,US,mix,,demand,,2024-11-01,2024-11-30,328.246,TWh,,,primary
ember:monthly:generation,US,mix,,demand,,2024-12-01,2024-12-31,368.25,TWh,,,primary
ember:monthly:generation,US,mix,,demand,,2025-01-01,2025-01-31,410.23,TWh,,,primary
ember:monthly:generation,US,mix,,demand,,2025-02-01,2025-02-28,346.118,TWh,,,primary
ember:monthly:generation,US,mix,,demand,,2025-03-01,2025-03-31,342.171,TWh,,,primary
ember:monthly:generation,US,mix,,demand,,2025-04-01,2025-04-30,330.761,TWh,,,primary
ember:monthly:generation,US,mix,,demand,,2025-05-01,2025-05-31,355.495,TWh,,,primary
ember:monthly:generation,US,mix,,demand,,2025-06-01,2025-06-30,404.253,TWh,,,primary
ember:monthly:generation,US,mix,,demand,,2025-07-01,2025-07-31,456.648,TWh,,,primary
ember:monthly:generation,US,mix,,demand,,2025-08-01,2025-08-31,430.317,TWh,,,primary
ember:monthly:generation,US,mix,,demand,,2025-09-01,2025-09-30,377.379,TWh,,,primary
ember:monthly:generation,US,mix,,demand,,2025-10-01,2025-10-31,351.991,TWh,,,primary
ember:monthly:generation,US,mix,,demand,,2025-11-01,2025-11-30,339.779,TWh,,,primary
ember:monthly:generation,US,mix,,demand,,2025-12-01,2025-12-31,387.007,TWh,,,primary
ember:monthly:generation,US,mix,,demand,,2026-01-01,2026-01-31,404.658,TWh,,,primary
ember:monthly:generation,US,mix,,demand,,2026-02-01,2026-02-28,349.454,TWh,,,primary
ember:monthly:generation,US,mix,,demand,,2026-03-01,2026-03-31,357.61,TWh,,,primary
ember:monthly:generation,US,mix,,demand,,2026-04-01,2026-04-30,339.811,TWh,,,primary
ember:monthly:generation,US,mix,,demand,,2026-05-01,2026-05-31,364.965,TWh,,,primary
ember:monthly:generation,US,mix,,demand,,2026-06-01,2026-06-30,410.522,TWh,,,primary
ember:monthly:generation,US,mix,,demand,,2026-07-01,2026-07-31,468.828,TWh,,,primary
ember:monthly:generation,US,mix,,demand,,2026-08-01,2026-08-31,466.212,TWh,,,primary
ember:monthly:generation,US,mix,,gas,,2015-01-01,2015-01-31,101.687,TWh,,,primary
ember:monthly:generation,US,mix,,gas,,2015-02-01,2015-02-28,91.315,TWh,,,primary
ember:monthly:generation,US,mix,,gas,,2015-03-01,2015-03-31,99.423,TWh,,,primary
ember:monthly:generation,US,mix,,gas,,2015-04-01,2015-04-30,92.806,TWh,,,primary
ember:monthly:generation,US,mix,,gas,,2015-05-01,2015-05-31,101.516,TWh,,,primary
ember:monthly:generation,US,mix,,gas,,2015-06-01,2015-06-30,121.478,TWh,,,primary
ember:monthly:generation,US,mix,,gas,,2015-07-01,2015-07-31,141.119,TWh,,,primary
ember:monthly:generation,US,mix,,gas,,2015-08-01,2015-08-31,139.084,TWh,,,primary
ember:monthly:generation,US,mix,,gas,,2015-09-01,2015-09-30,123.036,TWh,,,primary
ember:monthly:generation,US,mix,,gas,,2015-10-01,2015-10-31,110.005,TWh,,,primary
ember:monthly:generation,US,mix,,gas,,2015-11-01,2015-11-30,102.236,TWh,,,primary
ember:monthly:generation,US,mix,,gas,,2015-12-01,2015-12-31,109.777,TWh,,,primary
ember:monthly:generation,US,mix,,gas,,2016-01-01,2016-01-31,110.044,TWh,,,primary
ember:monthly:generation,US,mix,,gas,,2016-02-01,2016-02-29,98.552,TWh,,,primary
ember:monthly:generation,US,mix,,gas,,2016-03-01,2016-03-31,103.89,TWh,,,primary
ember:monthly:generation,US,mix,,gas,,2016-04-01,2016-04-30,98.876,TWh,,,primary
ember:monthly:generation,US,mix,,gas,,2016-05-01,2016-05-31,110.43,TWh,,,primary
ember:monthly:generation,US,mix,,gas,,2016-06-01,2016-06-30,131.395,TWh,,,primary
ember:monthly:generation,US,mix,,gas,,2016-07-01,2016-07-31,151.554,TWh,,,primary
ember:monthly:generation,US,mix,,gas,,2016-08-01,2016-08-31,154.76,TWh,,,primary
ember:monthly:generation,US,mix,,gas,,2016-09-01,2016-09-30,125.603,TWh,,,primary
ember:monthly:generation,US,mix,,gas,,2016-10-01,2016-10-31,102.898,TWh,,,primary
ember:monthly:generation,US,mix,,gas,,2016-11-01,2016-11-30,93.942,TWh,,,primary
ember:monthly:generation,US,mix,,gas,,2016-12-01,2016-12-31,96.364,TWh,,,primary
ember:monthly:generation,US,mix,,gas,,2017-01-01,2017-01-31,95.572,TWh,,,primary
ember:monthly:generation,US,mix,,gas,,2017-02-01,2017-02-28,82.768,TWh,,,primary
ember:monthly:generation,US,mix,,gas,,2017-03-01,2017-03-31,95.074,TWh,,,primary
ember:monthly:generation,US,mix,,gas,,2017-04-01,2017-04-30,88.455,TWh,,,primary
ember:monthly:generation,US,mix,,gas,,2017-05-01,2017-05-31,98.019,TWh,,,primary
ember:monthly:generation,US,mix,,gas,,2017-06-01,2017-06-30,117.236,TWh,,,primary
ember:monthly:generation,US,mix,,gas,,2017-07-01,2017-07-31,146.929,TWh,,,primary
ember:monthly:generation,US,mix,,gas,,2017-08-01,2017-08-31,141.201,TWh,,,primary
ember:monthly:generation,US,mix,,gas,,2017-09-01,2017-09-30,118.036,TWh,,,primary
ember:monthly:generation,US,mix,,gas,,2017-10-01,2017-10-31,106.826,TWh,,,primary
ember:monthly:generation,US,mix,,gas,,2017-11-01,2017-11-30,94.928,TWh,,,primary
ember:monthly:generation,US,mix,,gas,,2017-12-01,2017-12-31,111.398,TWh,,,primary
ember:monthly:generation,US,mix,,gas,,2018-01-01,2018-01-31,110.293,TWh,,,primary
ember:monthly:generation,US,mix,,gas,,2018-02-01,2018-02-28,98.512,TWh,,,primary
ember:monthly:generation,US,mix,,gas,,2018-03-01,2018-03-31,106.524,TWh,,,primary
ember:monthly:generation,US,mix,,gas,,2018-04-01,2018-04-30,98.371,TWh,,,primary
ember:monthly:generation,US,mix,,gas,,2018-05-01,2018-05-31,115.284,TWh,,,primary
ember:monthly:generation,US,mix,,gas,,2018-06-01,2018-06-30,130.826,TWh,,,primary
ember:monthly:generation,US,mix,,gas,,2018-07-01,2018-07-31,164.749,TWh,,,primary
ember:monthly:generation,US,mix,,gas,,2018-08-01,2018-08-31,161.676,TWh,,,primary
ember:monthly:generation,US,mix,,gas,,2018-09-01,2018-09-30,141.786,TWh,,,primary
ember:monthly:generation,US,mix,,gas,,2018-10-01,2018-10-31,123.142,TWh,,,primary
ember:monthly:generation,US,mix,,gas,,2018-11-01,2018-11-30,108.168,TWh,,,primary
ember:monthly:generation,US,mix,,gas,,2018-12-01,2018-12-31,109.802,TWh,,,primary
ember:monthly:generation,US,mix,,gas,,2019-01-01,2019-01-31,121.589,TWh,,,primary
ember:monthly:generation,US,mix,,gas,,2019-02-01,2019-02-28,112.142,TWh,,,primary
ember:monthly:generation,US,mix,,gas,,2019-03-01,2019-03-31,115.813,TWh,,,primary
ember:monthly:generation,US,mix,,gas,,2019-04-01,2019-04-30,104.059,TWh,,,primary
ember:monthly:generation,US,mix,,gas,,2019-05-01,2019-05-31,117.059,TWh,,,primary
ember:monthly:generation,US,mix,,gas,,2019-06-01,2019-06-30,137.836,TWh,,,primary
ember:monthly:generation,US,mix,,gas,,2019-07-01,2019-07-31,171.955,TWh,,,primary
ember:monthly:generation,US,mix,,gas,,2019-08-01,2019-08-31,174.968,TWh,,,primary
ember:monthly:generation,US,mix,,gas,,2019-09-01,2019-09-30,149.697,TWh,,,primary
ember:monthly:generation,US,mix,,gas,,2019-10-01,2019-10-31,130.948,TWh,,,primary
ember:monthly:generation,US,mix,,gas,,2019-11-01,2019-11-30,117.91,TWh,,,primary
ember:monthly:generation,US,mix,,gas,,2019-12-01,2019-12-31,131.839,TWh,,,primary
ember:monthly:generation,US,mix,,gas,,2020-01-01,2020-01-31,135.916,TWh,,,primary
ember:monthly:generation,US,mix,,gas,,2020-02-01,2020-02-29,127.871,TWh,,,primary
ember:monthly:generation,US,mix,,gas,,2020-03-01,2020-03-31,125.905,TWh,,,primary
ember:monthly:generation,US,mix,,gas,,2020-04-01,2020-04-30,110.301,TWh,,,primary
ember:monthly:generation,US,mix,,gas,,2020-05-01,2020-05-31,116.943,TWh,,,primary
ember:monthly:generation,US,mix,,gas,,2020-06-01,2020-06-30,142.833,TWh,,,primary
ember:monthly:generation,US,mix,,gas,,2020-07-01,2020-07-31,181.26,TWh,,,primary
ember:monthly:generation,US,mix,,gas,,2020-08-01,2020-08-31,173.39,TWh,,,primary
ember:monthly:generation,US,mix,,gas,,2020-09-01,2020-09-30,141.164,TWh,,,primary
ember:monthly:generation,US,mix,,gas,,2020-10-01,2020-10-31,131.242,TWh,,,primary
ember:monthly:generation,US,mix,,gas,,2020-11-01,2020-11-30,109.658,TWh,,,primary
ember:monthly:generation,US,mix,,gas,,2020-12-01,2020-12-31,127.685,TWh,,,primary
ember:monthly:generation,US,mix,,gas,,2021-01-01,2021-01-31,126.53,TWh,,,primary
ember:monthly:generation,US,mix,,gas,,2021-02-01,2021-02-28,111.183,TWh,,,primary
ember:monthly:generation,US,mix,,gas,,2021-03-01,2021-03-31,107.019,TWh,,,primary
ember:monthly:generation,US,mix,,gas,,2021-04-01,2021-04-30,107.416,TWh,,,primary
ember:monthly:generation,US,mix,,gas,,2021-05-01,2021-05-31,114.676,TWh,,,primary
ember:monthly:generation,US,mix,,gas,,2021-06-01,2021-06-30,149.376,TWh,,,primary
ember:monthly:generation,US,mix,,gas,,2021-07-01,2021-07-31,170.189,TWh,,,primary
ember:monthly:generation,US,mix,,gas,,2021-08-01,2021-08-31,172.716,TWh,,,primary
ember:monthly:generation,US,mix,,gas,,2021-09-01,2021-09-30,138.214,TWh,,,primary
ember:monthly:generation,US,mix,,gas,,2021-10-01,2021-10-31,131.852,TWh,,,primary
ember:monthly:generation,US,mix,,gas,,2021-11-01,2021-11-30,122.433,TWh,,,primary
ember:monthly:generation,US,mix,,gas,,2021-12-01,2021-12-31,127.586,TWh,,,primary
ember:monthly:generation,US,mix,,gas,,2022-01-01,2022-01-31,134.948,TWh,,,primary
ember:monthly:generation,US,mix,,gas,,2022-02-01,2022-02-28,114.945,TWh,,,primary
ember:monthly:generation,US,mix,,gas,,2022-03-01,2022-03-31,112.477,TWh,,,primary
ember:monthly:generation,US,mix,,gas,,2022-04-01,2022-04-30,105.506,TWh,,,primary
ember:monthly:generation,US,mix,,gas,,2022-05-01,2022-05-31,127.091,TWh,,,primary
ember:monthly:generation,US,mix,,gas,,2022-06-01,2022-06-30,155.517,TWh,,,primary
ember:monthly:generation,US,mix,,gas,,2022-07-01,2022-07-31,189.042,TWh,,,primary
ember:monthly:generation,US,mix,,gas,,2022-08-01,2022-08-31,188.86,TWh,,,primary
ember:monthly:generation,US,mix,,gas,,2022-09-01,2022-09-30,156.948,TWh,,,primary
ember:monthly:generation,US,mix,,gas,,2022-10-01,2022-10-31,133.492,TWh,,,primary
ember:monthly:generation,US,mix,,gas,,2022-11-01,2022-11-30,127.523,TWh,,,primary
ember:monthly:generation,US,mix,,gas,,2022-12-01,2022-12-31,140.716,TWh,,,primary
ember:monthly:generation,US,mix,,gas,,2023-01-01,2023-01-31,138.503,TWh,,,primary
ember:monthly:generation,US,mix,,gas,,2023-02-01,2023-02-28,125.036,TWh,,,primary
ember:monthly:generation,US,mix,,gas,,2023-03-01,2023-03-31,133.699,TWh,,,primary
ember:monthly:generation,US,mix,,gas,,2023-04-01,2023-04-30,120.012,TWh,,,primary
ember:monthly:generation,US,mix,,gas,,2023-05-01,2023-05-31,137.394,TWh,,,primary
ember:monthly:generation,US,mix,,gas,,2023-06-01,2023-06-30,161.981,TWh,,,primary
ember:monthly:generation,US,mix,,gas,,2023-07-01,2023-07-31,199.522,TWh,,,primary
ember:monthly:generation,US,mix,,gas,,2023-08-01,2023-08-31,199.221,TWh,,,primary
ember:monthly:generation,US,mix,,gas,,2023-09-01,2023-09-30,166.311,TWh,,,primary
ember:monthly:generation,US,mix,,gas,,2023-10-01,2023-10-31,140.825,TWh,,,primary
ember:monthly:generation,US,mix,,gas,,2023-11-01,2023-11-30,135.531,TWh,,,primary
ember:monthly:generation,US,mix,,gas,,2023-12-01,2023-12-31,148.029,TWh,,,primary
ember:monthly:generation,US,mix,,gas,,2024-01-01,2024-01-31,161.667,TWh,,,primary
ember:monthly:generation,US,mix,,gas,,2024-02-01,2024-02-29,131.845,TWh,,,primary
ember:monthly:generation,US,mix,,gas,,2024-03-01,2024-03-31,131.137,TWh,,,primary
ember:monthly:generation,US,mix,,gas,,2024-04-01,2024-04-30,121.532,TWh,,,primary
ember:monthly:generation,US,mix,,gas,,2024-05-01,2024-05-31,143.993,TWh,,,primary
ember:monthly:generation,US,mix,,gas,,2024-06-01,2024-06-30,169.156,TWh,,,primary
ember:monthly:generation,US,mix,,gas,,2024-07-01,2024-07-31,205.959,TWh,,,primary
ember:monthly:generation,US,mix,,gas,,2024-08-01,2024-08-31,202.915,TWh,,,primary
ember:monthly:generation,US,mix,,gas,,2024-09-01,2024-09-30,169.671,TWh,,,primary
ember:monthly:generation,US,mix,,gas,,2024-10-01,2024-10-31,146.711,TWh,,,primary
ember:monthly:generation,US,mix,,gas,,2024-11-01,2024-11-30,137.687,TWh,,,primary
ember:monthly:generation,US,mix,,gas,,2024-12-01,2024-12-31,147.63,TWh,,,primary
ember:monthly:generation,US,mix,,gas,,2025-01-01,2025-01-31,157.001,TWh,,,primary
ember:monthly:generation,US,mix,,gas,,2025-02-01,2025-02-28,131.374,TWh,,,primary
ember:monthly:generation,US,mix,,gas,,2025-03-01,2025-03-31,118.118,TWh,,,primary
ember:monthly:generation,US,mix,,gas,,2025-04-01,2025-04-30,114.642,TWh,,,primary
ember:monthly:generation,US,mix,,gas,,2025-05-01,2025-05-31,135.072,TWh,,,primary
ember:monthly:generation,US,mix,,gas,,2025-06-01,2025-06-30,164.793,TWh,,,primary
ember:monthly:generation,US,mix,,gas,,2025-07-01,2025-07-31,201.991,TWh,,,primary
ember:monthly:generation,US,mix,,gas,,2025-08-01,2025-08-31,192.894,TWh,,,primary
ember:monthly:generation,US,mix,,gas,,2025-09-01,2025-09-30,167.876,TWh,,,primary
ember:monthly:generation,US,mix,,gas,,2025-10-01,2025-10-31,143.985,TWh,,,primary
ember:monthly:generation,US,mix,,gas,,2025-11-01,2025-11-30,131.565,TWh,,,primary
ember:monthly:generation,US,mix,,gas,,2025-12-01,2025-12-31,148.027,TWh,,,primary
ember:monthly:generation,US,mix,,gas,,2026-01-01,2026-01-31,151.63,TWh,,,primary
ember:monthly:generation,US,mix,,gas,,2026-02-01,2026-02-28,132.089,TWh,,,primary
ember:monthly:generation,US,mix,,gas,,2026-03-01,2026-03-31,127.375,TWh,,,primary
ember:monthly:generation,US,mix,,gas,,2026-04-01,2026-04-30,124.449,TWh,,,primary
ember:monthly:generation,US,mix,,gas,,2026-05-01,2026-05-31,137.271,TWh,,,primary
ember:monthly:generation,US,mix,,gas,,2026-06-01,2026-06-30,163.237,TWh,,,primary
ember:monthly:generation,US,mix,,gas,,2026-07-01,2026-07-31,206.447,TWh,,,primary
ember:monthly:generation,US,mix,,gas,,2026-08-01,2026-08-31,211.402,TWh,,,primary
ember:monthly:generation,US,mix,,hydro,,2015-01-01,2015-01-31,23.587,TWh,,,primary
ember:monthly:generation,US,mix,,hydro,,2015-02-01,2015-02-28,21.83,TWh,,,primary
ember:monthly:generation,US,mix,,hydro,,2015-03-01,2015-03-31,23.872,TWh,,,primary
ember:monthly:generation,US,mix,,hydro,,2015-04-01,2015-04-30,22.257,TWh,,,primary
ember:monthly:generation,US,mix,,hydro,,2015-05-01,2015-05-31,19.755,TWh,,,primary
ember:monthly:generation,US,mix,,hydro,,2015-06-01,2015-06-30,20.016,TWh,,,primary
ember:monthly:generation,US,mix,,hydro,,2015-07-01,2015-07-31,20.501,TWh,,,primary
ember:monthly:generation,US,mix,,hydro,,2015-08-01,2015-08-31,18.496,TWh,,,primary
ember:monthly:generation,US,mix,,hydro,,2015-09-01,2015-09-30,15.55,TWh,,,primary
ember:monthly:generation,US,mix,,hydro,,2015-10-01,2015-10-31,16.187,TWh,,,primary
ember:monthly:generation,US,mix,,hydro,,2015-11-01,2015-11-30,19.053,TWh,,,primary
ember:monthly:generation,US,mix,,hydro,,2015-12-01,2015-12-31,22.885,TWh,,,primary
ember:monthly:generation,US,mix,,hydro,,2016-01-01,2016-01-31,25.303,TWh,,,primary
ember:monthly:generation,US,mix,,hydro,,2016-02-01,2016-02-29,23.74,TWh,,,primary
ember:monthly:generation,US,mix,,hydro,,2016-03-01,2016-03-31,27.006,TWh,,,primary
ember:monthly:generation,US,mix,,hydro,,2016-04-01,2016-04-30,25.426,TWh,,,primary
ember:monthly:generation,US,mix,,hydro,,2016-05-01,2016-05-31,25.166,TWh,,,primary
ember:monthly:generation,US,mix,,hydro,,2016-06-01,2016-06-30,22.74,TWh,,,primary
ember:monthly:generation,US,mix,,hydro,,2016-07-01,2016-07-31,20.671,TWh,,,primary
ember:monthly:generation,US,mix,,hydro,,2016-08-01,2016-08-31,18.667,TWh,,,primary
ember:monthly:generation,US,mix,,hydro,,2016-09-01,2016-09-30,15.652,TWh,,,primary
ember:monthly:generation,US,mix,,hydro,,2016-10-01,2016-10-31,16.778,TWh,,,primary
ember:monthly:generation,US,mix,,hydro,,2016-11-01,2016-11-30,18.201,TWh,,,primary
ember:monthly:generation,US,mix,,hydro,,2016-12-01,2016-12-31,21.775,TWh,,,primary
ember:monthly:generation,US,mix,,hydro,,2017-01-01,2017-01-31,26.193,TWh,,,primary
ember:monthly:generation,US,mix,,hydro,,2017-02-01,2017-02-28,23.374,TWh,,,primary
ember:monthly:generation,US,mix,,hydro,,2017-03-01,2017-03-31,29.092,TWh,,,primary
ember:monthly:generation,US,mix,,hydro,,2017-04-01,2017-04-30,28.971,TWh,,,primary
ember:monthly:generation,US,mix,,hydro,,2017-05-01,2017-05-31,32.184,TWh,,,primary
ember:monthly:generation,US,mix,,hydro,,2017-06-01,2017-06-30,30.008,TWh,,,primary
ember:monthly:generation,US,mix,,hydro,,2017-07-01,2017-07-31,25.839,TWh,,,primary
ember:monthly:generation,US,mix,,hydro,,2017-08-01,2017-08-31,21.396,TWh,,,primary
ember:monthly:generation,US,mix,,hydro,,2017-09-01,2017-09-30,18.546,TWh,,,primary
ember:monthly:generation,US,mix,,hydro,,2017-10-01,2017-10-31,17.235,TWh,,,primary
ember:monthly:generation,US,mix,,hydro,,2017-11-01,2017-11-30,19.41,TWh,,,primary
ember:monthly:generation,US,mix,,hydro,,2017-12-01,2017-12-31,21.592,TWh,,,primary
ember:monthly:generation,US,mix,,hydro,,2018-01-01,2018-01-31,24.517,TWh,,,primary
ember:monthly:generation,US,mix,,hydro,,2018-02-01,2018-02-28,24.587,TWh,,,primary
ember:monthly:generation,US,mix,,hydro,,2018-03-01,2018-03-31,25.371,TWh,,,primary
ember:monthly:generation,US,mix,,hydro,,2018-04-01,2018-04-30,27.738,TWh,,,primary
ember:monthly:generation,US,mix,,hydro,,2018-05-01,2018-05-31,30.054,TWh,,,primary
ember:monthly:generation,US,mix,,hydro,,2018-06-01,2018-06-30,27.164,TWh,,,primary
ember:monthly:generation,US,mix,,hydro,,2018-07-01,2018-07-31,24.455,TWh,,,primary
ember:monthly:generation,US,mix,,hydro,,2018-08-01,2018-08-31,21.27,TWh,,,primary
ember:monthly:generation,US,mix,,hydro,,2018-09-01,2018-09-30,18.563,TWh,,,primary
ember:monthly:generation,US,mix,,hydro,,2018-10-01,2018-10-31,19.056,TWh,,,primary
ember:monthly:generation,US,mix,,hydro,,2018-11-01,2018-11-30,21.57,TWh,,,primary
ember:monthly:generation,US,mix,,hydro,,2018-12-01,2018-12-31,22.275,TWh,,,primary
ember:monthly:generation,US,mix,,hydro,,2019-01-01,2019-01-31,24.475,TWh,,,primary
ember:monthly:generation,US,mix,,hydro,,2019-02-01,2019-02-28,22.492,TWh,,,primary
ember:monthly:generation,US,mix,,hydro,,2019-03-01,2019-03-31,25.925,TWh,,,primary
ember:monthly:generation,US,mix,,hydro,,2019-04-01,2019-04-30,27.717,TWh,,,primary
ember:monthly:generation,US,mix,,hydro,,2019-05-01,2019-05-31,31.614,TWh,,,primary
ember:monthly:generation,US,mix,,hydro,,2019-06-01,2019-06-30,27.692,TWh,,,primary
ember:monthly:generation,US,mix,,hydro,,2019-07-01,2019-07-31,24.253,TWh,,,primary
ember:monthly:generation,US,mix,,hydro,,2019-08-01,2019-08-31,22.0,TWh,,,primary
ember:monthly:generation,US,mix,,hydro,,2019-09-01,2019-09-30,17.855,TWh,,,primary
ember:monthly:generation,US,mix,,hydro,,2019-10-01,2019-10-31,17.933,TWh,,,primary
ember:monthly:generation,US,mix,,hydro,,2019-11-01,2019-11-30,19.709,TWh,,,primary
ember:monthly:generation,US,mix,,hydro,,2019-12-01,2019-12-31,20.949,TWh,,,primary
ember:monthly:generation,US,mix,,hydro,,2020-01-01,2020-01-31,24.121,TWh,,,primary
ember:monthly:generation,US,mix,,hydro,,2020-02-01,2020-02-29,25.621,TWh,,,primary
ember:monthly:generation,US,mix,,hydro,,2020-03-01,2020-03-31,23.47,TWh,,,primary
ember:monthly:generation,US,mix,,hydro,,2020-04-01,2020-04-30,22.869,TWh,,,primary
ember:monthly:generation,US,mix,,hydro,,2020-05-01,2020-05-31,29.609,TWh,,,primary
ember:monthly:generation,US,mix,,hydro,,2020-06-01,2020-06-30,27.5,TWh,,,primary
ember:monthly:generation,US,mix,,hydro,,2020-07-01,2020-07-31,26.056,TWh,,,primary
ember:monthly:generation,US,mix,,hydro,,2020-08-01,2020-08-31,22.5,TWh,,,primary
ember:monthly:generation,US,mix,,hydro,,2020-09-01,2020-09-30,18.154,TWh,,,primary
ember:monthly:generation,US,mix,,hydro,,2020-10-01,2020-10-31,18.387,TWh,,,primary
ember:monthly:generation,US,mix,,hydro,,2020-11-01,2020-11-30,20.523,TWh,,,primary
ember:monthly:generation,US,mix,,hydro,,2020-12-01,2020-12-31,21.14,TWh,,,primary
ember:monthly:generation,US,mix,,hydro,,2021-01-01,2021-01-31,24.136,TWh,,,primary
ember:monthly:generation,US,mix,,hydro,,2021-02-01,2021-02-28,19.711,TWh,,,primary
ember:monthly:generation,US,mix,,hydro,,2021-03-01,2021-03-31,20.985,TWh,,,primary
ember:monthly:generation,US,mix,,hydro,,2021-04-01,2021-04-30,19.192,TWh,,,primary
ember:monthly:generation,US,mix,,hydro,,2021-05-01,2021-05-31,22.893,TWh,,,primary
ember:monthly:generation,US,mix,,hydro,,2021-06-01,2021-06-30,23.079,TWh,,,primary
ember:monthly:generation,US,mix,,hydro,,2021-07-01,2021-07-31,21.413,TWh,,,primary
ember:monthly:generation,US,mix,,hydro,,2021-08-01,2021-08-31,19.658,TWh,,,primary
ember:monthly:generation,US,mix,,hydro,,2021-09-01,2021-09-30,16.588,TWh,,,primary
ember:monthly:generation,US,mix,,hydro,,2021-10-01,2021-10-31,16.706,TWh,,,primary
ember:monthly:generation,US,mix,,hydro,,2021-11-01,2021-11-30,18.996,TWh,,,primary
ember:monthly:generation,US,mix,,hydro,,2021-12-01,2021-12-31,23.117,TWh,,,primary
ember:monthly:generation,US,mix,,hydro,,2022-01-01,2022-01-31,23.704,TWh,,,primary
ember:monthly:generation,US,mix,,hydro,,2022-02-01,2022-02-28,20.908,TWh,,,primary
ember:monthly:generation,US,mix,,hydro,,2022-03-01,2022-03-31,24.119,TWh,,,primary
ember:monthly:generation,US,mix,,hydro,,2022-04-01,2022-04-30,19.801,TWh,,,primary
ember:monthly:generation,US,mix,,hydro,,2022-05-01,2022-05-31,22.892,TWh,,,primary
ember:monthly:generation,US,mix,,hydro,,2022-06-01,2022-06-30,25.399,TWh,,,primary
ember:monthly:generation,US,mix,,hydro,,2022-07-01,2022-07-31,23.799,TWh,,,primary
ember:monthly:generation,US,mix,,hydro,,2022-08-01,2022-08-31,20.493,TWh,,,primary
ember:monthly:generation,US,mix,,hydro,,2022-09-01,2022-09-30,16.428,TWh,,,primary
ember:monthly:generation,US,mix,,hydro,,2022-10-01,2022-10-31,13.933,TWh,,,primary
ember:monthly:generation,US,mix,,hydro,,2022-11-01,2022-11-30,17.403,TWh,,,primary
ember:monthly:generation,US,mix,,hydro,,2022-12-01,2022-12-31,19.881,TWh,,,primary
ember:monthly:generation,US,mix,,hydro,,2023-01-01,2023-01-31,22.134,TWh,,,primary
ember:monthly:generation,US,mix,,hydro,,2023-02-01,2023-02-28,19.505,TWh,,,primary
ember:monthly:generation,US,mix,,hydro,,2023-03-01,2023-03-31,20.812,TWh,,,primary
ember:monthly:generation,US,mix,,hydro,,2023-04-01,2023-04-30,19.53,TWh,,,primary
ember:monthly:generation,US,mix,,hydro,,2023-05-01,2023-05-31,27.192,TWh,,,primary
ember:monthly:generation,US,mix,,hydro,,2023-06-01,2023-06-30,21.021,TWh,,,primary
ember:monthly:generation,US,mix,,hydro,,2023-07-01,2023-07-31,21.321,TWh,,,primary
ember:monthly:generation,US,mix,,hydro,,2023-08-01,2023-08-31,20.64,TWh,,,primary
ember:monthly:generation,US,mix,,hydro,,2023-09-01,2023-09-30,16.363,TWh,,,primary
ember:monthly:generation,US,mix,,hydro,,2023-10-01,2023-10-31,15.301,TWh,,,primary
ember:monthly:generation,US,mix,,hydro,,2023-11-01,2023-11-30,16.679,TWh,,,primary
ember:monthly:generation,US,mix,,hydro,,2023-12-01,2023-12-31,18.514,TWh,,,primary
ember:monthly:generation,US,mix,,hydro,,2024-01-01,2024-01-31,21.14,TWh,,,primary
ember:monthly:generation,US,mix,,hydro,,2024-02-01,2024-02-29,20.392,TWh,,,primary
ember:monthly:generation,US,mix,,hydro,,2024-03-01,2024-03-31,23.014,TWh,,,primary
ember:monthly:generation,US,mix,,hydro,,2024-04-01,2024-04-30,20.578,TWh,,,primary
ember:monthly:generation,US,mix,,hydro,,2024-05-01,2024-05-31,24.193,TWh,,,primary
ember:monthly:generation,US,mix,,hydro,,2024-06-01,2024-06-30,21.818,TWh,,,primary
ember:monthly:generation,US,mix,,hydro,,2024-07-01,2024-07-31,20.745,TWh,,,primary
ember:monthly:generation,US,mix,,hydro,,2024-08-01,2024-08-31,19.692,TWh,,,primary
ember:monthly:generation,US,mix,,hydro,,2024-09-01,2024-09-30,15.274,TWh,,,primary
ember:monthly:generation,US,mix,,hydro,,2024-10-01,2024-10-31,14.914,TWh,,,primary
ember:monthly:generation,US,mix,,hydro,,2024-11-01,2024-11-30,16.234,TWh,,,primary
ember:monthly:generation,US,mix,,hydro,,2024-12-01,2024-12-31,19.052,TWh,,,primary
ember:monthly:generation,US,mix,,hydro,,2025-01-01,2025-01-31,20.965,TWh,,,primary
ember:monthly:generation,US,mix,,hydro,,2025-02-01,2025-02-28,19.133,TWh,,,primary
ember:monthly:generation,US,mix,,hydro,,2025-03-01,2025-03-31,22.052,TWh,,,primary
ember:monthly:generation,US,mix,,hydro,,2025-04-01,2025-04-30,22.58,TWh,,,primary
ember:monthly:generation,US,mix,,hydro,,2025-05-01,2025-05-31,24.085,TWh,,,primary
ember:monthly:generation,US,mix,,hydro,,2025-06-01,2025-06-30,21.74,TWh,,,primary
ember:monthly:generation,US,mix,,hydro,,2025-07-01,2025-07-31,19.496,TWh,,,primary
ember:monthly:generation,US,mix,,hydro,,2025-08-01,2025-08-31,19.53,TWh,,,primary
ember:monthly:generation,US,mix,,hydro,,2025-09-01,2025-09-30,14.828,TWh,,,primary
ember:monthly:generation,US,mix,,hydro,,2025-10-01,2025-10-31,16.031,TWh,,,primary
ember:monthly:generation,US,mix,,hydro,,2025-11-01,2025-11-30,17.805,TWh,,,primary
ember:monthly:generation,US,mix,,hydro,,2025-12-01,2025-12-31,23.458,TWh,,,primary
ember:monthly:generation,US,mix,,hydro,,2026-01-01,2026-01-31,27.394,TWh,,,primary
ember:monthly:generation,US,mix,,hydro,,2026-02-01,2026-02-28,21.923,TWh,,,primary
ember:monthly:generation,US,mix,,hydro,,2026-03-01,2026-03-31,26.33,TWh,,,primary
ember:monthly:generation,US,mix,,hydro,,2026-04-01,2026-04-30,22.031,TWh,,,primary
ember:monthly:generation,US,mix,,hydro,,2026-05-01,2026-05-31,22.329,TWh,,,primary
ember:monthly:generation,US,mix,,hydro,,2026-06-01,2026-06-30,23.258,TWh,,,primary
ember:monthly:generation,US,mix,,hydro,,2026-07-01,2026-07-31,21.528,TWh,,,primary
ember:monthly:generation,US,mix,,hydro,,2026-08-01,2026-08-31,19.482,TWh,,,primary
ember:monthly:generation,US,mix,,net_imports,,2015-01-01,2015-01-31,5.221,TWh,,,primary
ember:monthly:generation,US,mix,,net_imports,,2015-02-01,2015-02-28,4.219,TWh,,,primary
ember:monthly:generation,US,mix,,net_imports,,2015-03-01,2015-03-31,5.688,TWh,,,primary
ember:monthly:generation,US,mix,,net_imports,,2015-04-01,2015-04-30,5.943,TWh,,,primary
ember:monthly:generation,US,mix,,net_imports,,2015-05-01,2015-05-31,6.007,TWh,,,primary
ember:monthly:generation,US,mix,,net_imports,,2015-06-01,2015-06-30,6.077,TWh,,,primary
ember:monthly:generation,US,mix,,net_imports,,2015-07-01,2015-07-31,6.249,TWh,,,primary
ember:monthly:generation,US,mix,,net_imports,,2015-08-01,2015-08-31,6.511,TWh,,,primary
ember:monthly:generation,US,mix,,net_imports,,2015-09-01,2015-09-30,5.902,TWh,,,primary
ember:monthly:generation,US,mix,,net_imports,,2015-10-01,2015-10-31,4.564,TWh,,,primary
ember:monthly:generation,US,mix,,net_imports,,2015-11-01,2015-11-30,5.188,TWh,,,primary
ember:monthly:generation,US,mix,,net_imports,,2015-12-01,2015-12-31,5.101,TWh,,,primary
ember:monthly:generation,US,mix,,net_imports,,2016-01-01,2016-01-31,6.134,TWh,,,primary
ember:monthly:generation,US,mix,,net_imports,,2016-02-01,2016-02-29,4.881,TWh,,,primary
ember:monthly:generation,US,mix,,net_imports,,2016-03-01,2016-03-31,5.138,TWh,,,primary
ember:monthly:generation,US,mix,,net_imports,,2016-04-01,2016-04-30,4.252,TWh,,,primary
ember:monthly:generation,US,mix,,net_imports,,2016-05-01,2016-05-31,5.191,TWh,,,primary
ember:monthly:generation,US,mix,,net_imports,,2016-06-01,2016-06-30,6.138,TWh,,,primary
ember:monthly:generation,US,mix,,net_imports,,2016-07-01,2016-07-31,7.099,TWh,,,primary
ember:monthly:generation,US,mix,,net_imports,,2016-08-01,2016-08-31,6.762,TWh,,,primary
ember:monthly:generation,US,mix,,net_imports,,2016-09-01,2016-09-30,4.711,TWh,,,primary
ember:monthly:generation,US,mix,,net_imports,,2016-10-01,2016-10-31,5.319,TWh,,,primary
ember:monthly:generation,US,mix,,net_imports,,2016-11-01,2016-11-30,6.004,TWh,,,primary
ember:monthly:generation,US,mix,,net_imports,,2016-12-01,2016-12-31,4.873,TWh,,,primary
ember:monthly:generation,US,mix,,net_imports,,2017-01-01,2017-01-31,6.535,TWh,,,primary
ember:monthly:generation,US,mix,,net_imports,,2017-02-01,2017-02-28,4.982,TWh,,,primary
ember:monthly:generation,US,mix,,net_imports,,2017-03-01,2017-03-31,5.025,TWh,,,primary
ember:monthly:generation,US,mix,,net_imports,,2017-04-01,2017-04-30,4.456,TWh,,,primary
ember:monthly:generation,US,mix,,net_imports,,2017-05-01,2017-05-31,4.252,TWh,,,primary
ember:monthly:generation,US,mix,,net_imports,,2017-06-01,2017-06-30,5.182,TWh,,,primary
ember:monthly:generation,US,mix,,net_imports,,2017-07-01,2017-07-31,5.205,TWh,,,primary
ember:monthly:generation,US,mix,,net_imports,,2017-08-01,2017-08-31,5.736,TWh,,,primary
ember:monthly:generation,US,mix,,net_imports,,2017-09-01,2017-09-30,4.536,TWh,,,primary
ember:monthly:generation,US,mix,,net_imports,,2017-10-01,2017-10-31,3.242,TWh,,,primary
ember:monthly:generation,US,mix,,net_imports,,2017-11-01,2017-11-30,3.107,TWh,,,primary
ember:monthly:generation,US,mix,,net_imports,,2017-12-01,2017-12-31,4.055,TWh,,,primary
ember:monthly:generation,US,mix,,net_imports,,2018-01-01,2018-01-31,4.085,TWh,,,primary
ember:monthly:generation,US,mix,,net_imports,,2018-02-01,2018-02-28,3.52,TWh,,,primary
ember:monthly:generation,US,mix,,net_imports,,2018-03-01,2018-03-31,4.403,TWh,,,primary
ember:monthly:generation,US,mix,,net_imports,,2018-04-01,2018-04-30,2.907,TWh,,,primary
ember:monthly:generation,US,mix,,net_imports,,2018-05-01,2018-05-31,4.098,TWh,,,primary
ember:monthly:generation,US,mix,,net_imports,,2018-06-01,2018-06-30,4.279,TWh,,,primary
ember:monthly:generation,US,mix,,net_imports,,2018-07-01,2018-07-31,4.435,TWh,,,primary
ember:monthly:generation,US,mix,,net_imports,,2018-08-01,2018-08-31,5.002,TWh,,,primary
ember:monthly:generation,US,mix,,net_imports,,2018-09-01,2018-09-30,3.19,TWh,,,primary
ember:monthly:generation,US,mix,,net_imports,,2018-10-01,2018-10-31,2.835,TWh,,,primary
ember:monthly:generation,US,mix,,net_imports,,2018-11-01,2018-11-30,2.528,TWh,,,primary
ember:monthly:generation,US,mix,,net_imports,,2018-12-01,2018-12-31,3.174,TWh,,,primary
ember:monthly:generation,US,mix,,net_imports,,2019-01-01,2019-01-31,3.341,TWh,,,primary
ember:monthly:generation,US,mix,,net_imports,,2019-02-01,2019-02-28,3.134,TWh,,,primary
ember:monthly:generation,US,mix,,net_imports,,2019-03-01,2019-03-31,2.401,TWh,,,primary
ember:monthly:generation,US,mix,,net_imports,,2019-04-01,2019-04-30,2.386,TWh,,,primary
ember:monthly:generation,US,mix,,net_imports,,2019-05-01,2019-05-31,3.041,TWh,,,primary
ember:monthly:generation,US,mix,,net_imports,,2019-06-01,2019-06-30,3.63,TWh,,,primary
ember:monthly:generation,US,mix,,net_imports,,2019-07-01,2019-07-31,3.685,TWh,,,primary
ember:monthly:generation,US,mix,,net_imports,,2019-08-01,2019-08-31,4.08,TWh,,,primary
ember:monthly:generation,US,mix,,net_imports,,2019-09-01,2019-09-30,3.517,TWh,,,primary
ember:monthly:generation,US,mix,,net_imports,,2019-10-01,2019-10-31,2.196,TWh,,,primary
ember:monthly:generation,US,mix,,net_imports,,2019-11-01,2019-11-30,3.595,TWh,,,primary
ember:monthly:generation,US,mix,,net_imports,,2019-12-01,2019-12-31,4.037,TWh,,,primary
ember:monthly:generation,US,mix,,net_imports,,2020-01-01,2020-01-31,3.182,TWh,,,primary
ember:monthly:generation,US,mix,,net_imports,,2020-02-01,2020-02-29,2.832,TWh,,,primary
ember:monthly:generation,US,mix,,net_imports,,2020-03-01,2020-03-31,3.778,TWh,,,primary
ember:monthly:generation,US,mix,,net_imports,,2020-04-01,2020-04-30,3.244,TWh,,,primary
ember:monthly:generation,US,mix,,net_imports,,2020-05-01,2020-05-31,3.705,TWh,,,primary
ember:monthly:generation,US,mix,,net_imports,,2020-06-01,2020-06-30,3.903,TWh,,,primary
ember:monthly:generation,US,mix,,net_imports,,2020-07-01,2020-07-31,5.427,TWh,,,primary
ember:monthly:generation,US,mix,,net_imports,,2020-08-01,2020-08-31,5.883,TWh,,,primary
ember:monthly:generation,US,mix,,net_imports,,2020-09-01,2020-09-30,3.74,TWh,,,primary
ember:monthly:generation,US,mix,,net_imports,,2020-10-01,2020-10-31,3.885,TWh,,,primary
ember:monthly:generation,US,mix,,net_imports,,2020-11-01,2020-11-30,3.413,TWh,,,primary
ember:monthly:generation,US,mix,,net_imports,,2020-12-01,2020-12-31,4.322,TWh,,,primary
ember:monthly:generation,US,mix,,net_imports,,2021-01-01,2021-01-31,4.145,TWh,,,primary
ember:monthly:generation,US,mix,,net_imports,,2021-02-01,2021-02-28,2.927,TWh,,,primary
ember:monthly:generation,US,mix,,net_imports,,2021-03-01,2021-03-31,3.826,TWh,,,primary
ember:monthly:generation,US,mix,,net_imports,,2021-04-01,2021-04-30,3.324,TWh,,,primary
ember:monthly:generation,US,mix,,net_imports,,2021-05-01,2021-05-31,3.695,TWh,,,primary
ember:monthly:generation,US,mix,,net_imports,,2021-06-01,2021-06-30,4.442,TWh,,,primary
ember:monthly:generation,US,mix,,net_imports,,2021-07-01,2021-07-31,4.414,TWh,,,primary
ember:monthly:generation,US,mix,,net_imports,,2021-08-01,2021-08-31,3.372,TWh,,,primary
ember:monthly:generation,US,mix,,net_imports,,2021-09-01,2021-09-30,2.741,TWh,,,primary
ember:monthly:generation,US,mix,,net_imports,,2021-10-01,2021-10-31,2.851,TWh,,,primary
ember:monthly:generation,US,mix,,net_imports,,2021-11-01,2021-11-30,1.162,TWh,,,primary
ember:monthly:generation,US,mix,,net_imports,,2021-12-01,2021-12-31,2.413,TWh,,,primary
ember:monthly:generation,US,mix,,net_imports,,2022-01-01,2022-01-31,2.998,TWh,,,primary
ember:monthly:generation,US,mix,,net_imports,,2022-02-01,2022-02-28,1.821,TWh,,,primary
ember:monthly:generation,US,mix,,net_imports,,2022-03-01,2022-03-31,1.996,TWh,,,primary
ember:monthly:generation,US,mix,,net_imports,,2022-04-01,2022-04-30,2.496,TWh,,,primary
ember:monthly:generation,US,mix,,net_imports,,2022-05-01,2022-05-31,2.767,TWh,,,primary
ember:monthly:generation,US,mix,,net_imports,,2022-06-01,2022-06-30,4.384,TWh,,,primary
ember:monthly:generation,US,mix,,net_imports,,2022-07-01,2022-07-31,5.464,TWh,,,primary
ember:monthly:generation,US,mix,,net_imports,,2022-08-01,2022-08-31,5.913,TWh,,,primary
ember:monthly:generation,US,mix,,net_imports,,2022-09-01,2022-09-30,3.837,TWh,,,primary
ember:monthly:generation,US,mix,,net_imports,,2022-10-01,2022-10-31,2.888,TWh,,,primary
ember:monthly:generation,US,mix,,net_imports,,2022-11-01,2022-11-30,2.627,TWh,,,primary
ember:monthly:generation,US,mix,,net_imports,,2022-12-01,2022-12-31,4.021,TWh,,,primary
ember:monthly:generation,US,mix,,net_imports,,2023-01-01,2023-01-31,3.285,TWh,,,primary
ember:monthly:generation,US,mix,,net_imports,,2023-02-01,2023-02-28,1.944,TWh,,,primary
ember:monthly:generation,US,mix,,net_imports,,2023-03-01,2023-03-31,2.562,TWh,,,primary
ember:monthly:generation,US,mix,,net_imports,,2023-04-01,2023-04-30,1.913,TWh,,,primary
ember:monthly:generation,US,mix,,net_imports,,2023-05-01,2023-05-31,2.624,TWh,,,primary
ember:monthly:generation,US,mix,,net_imports,,2023-06-01,2023-06-30,1.69,TWh,,,primary
ember:monthly:generation,US,mix,,net_imports,,2023-07-01,2023-07-31,1.231,TWh,,,primary
ember:monthly:generation,US,mix,,net_imports,,2023-08-01,2023-08-31,1.384,TWh,,,primary
ember:monthly:generation,US,mix,,net_imports,,2023-09-01,2023-09-30,0.086,TWh,,,primary
ember:monthly:generation,US,mix,,net_imports,,2023-10-01,2023-10-31,0.205,TWh,,,primary
ember:monthly:generation,US,mix,,net_imports,,2023-11-01,2023-11-30,0.64,TWh,,,primary
ember:monthly:generation,US,mix,,net_imports,,2023-12-01,2023-12-31,1.339,TWh,,,primary
ember:monthly:generation,US,mix,,net_imports,,2024-01-01,2024-01-31,1.737,TWh,,,primary
ember:monthly:generation,US,mix,,net_imports,,2024-02-01,2024-02-29,0.16,TWh,,,primary
ember:monthly:generation,US,mix,,net_imports,,2024-03-01,2024-03-31,-0.349,TWh,,,primary
ember:monthly:generation,US,mix,,net_imports,,2024-04-01,2024-04-30,-0.463,TWh,,,primary
ember:monthly:generation,US,mix,,net_imports,,2024-05-01,2024-05-31,0.045,TWh,,,primary
ember:monthly:generation,US,mix,,net_imports,,2024-06-01,2024-06-30,1.422,TWh,,,primary
ember:monthly:generation,US,mix,,net_imports,,2024-07-01,2024-07-31,2.487,TWh,,,primary
ember:monthly:generation,US,mix,,net_imports,,2024-08-01,2024-08-31,2.156,TWh,,,primary
ember:monthly:generation,US,mix,,net_imports,,2024-09-01,2024-09-30,2.102,TWh,,,primary
ember:monthly:generation,US,mix,,net_imports,,2024-10-01,2024-10-31,1.891,TWh,,,primary
ember:monthly:generation,US,mix,,net_imports,,2024-11-01,2024-11-30,0.543,TWh,,,primary
ember:monthly:generation,US,mix,,net_imports,,2024-12-01,2024-12-31,2.086,TWh,,,primary
ember:monthly:generation,US,mix,,net_imports,,2025-01-01,2025-01-31,2.841,TWh,,,primary
ember:monthly:generation,US,mix,,net_imports,,2025-02-01,2025-02-28,1.887,TWh,,,primary
ember:monthly:generation,US,mix,,net_imports,,2025-03-01,2025-03-31,0.811,TWh,,,primary
ember:monthly:generation,US,mix,,net_imports,,2025-04-01,2025-04-30,1.669,TWh,,,primary
ember:monthly:generation,US,mix,,net_imports,,2025-05-01,2025-05-31,2.334,TWh,,,primary
ember:monthly:generation,US,mix,,net_imports,,2025-06-01,2025-06-30,1.807,TWh,,,primary
ember:monthly:generation,US,mix,,net_imports,,2025-07-01,2025-07-31,0.879,TWh,,,primary
ember:monthly:generation,US,mix,,net_imports,,2025-08-01,2025-08-31,1.101,TWh,,,primary
ember:monthly:generation,US,mix,,net_imports,,2025-09-01,2025-09-30,1.297,TWh,,,primary
ember:monthly:generation,US,mix,,net_imports,,2025-10-01,2025-10-31,-0.584,TWh,,,primary
ember:monthly:generation,US,mix,,net_imports,,2025-11-01,2025-11-30,-1.038,TWh,,,primary
ember:monthly:generation,US,mix,,net_imports,,2025-12-01,2025-12-31,-0.645,TWh,,,primary
ember:monthly:generation,US,mix,,net_imports,,2026-01-01,2026-01-31,-0.69,TWh,,,primary
ember:monthly:generation,US,mix,,net_imports,,2026-02-01,2026-02-28,0.399,TWh,,,primary
ember:monthly:generation,US,mix,,net_imports,,2026-03-01,2026-03-31,0.002,TWh,,,primary
ember:monthly:generation,US,mix,,net_imports,,2026-04-01,2026-04-30,-0.504,TWh,,,primary
ember:monthly:generation,US,mix,,net_imports,,2026-05-01,2026-05-31,-0.188,TWh,,,primary
ember:monthly:generation,US,mix,,net_imports,,2026-06-01,2026-06-30,0.372,TWh,,,primary
ember:monthly:generation,US,mix,,net_imports,,2026-07-01,2026-07-31,0.893,TWh,,,primary
ember:monthly:generation,US,mix,,net_imports,,2026-08-01,2026-08-31,1.058,TWh,,,primary
ember:monthly:generation,US,mix,,nuclear,,2015-01-01,2015-01-31,74.27,TWh,,,primary
ember:monthly:generation,US,mix,,nuclear,,2015-02-01,2015-02-28,63.461,TWh,,,primary
ember:monthly:generation,US,mix,,nuclear,,2015-03-01,2015-03-31,64.547,TWh,,,primary
ember:monthly:generation,US,mix,,nuclear,,2015-04-01,2015-04-30,59.784,TWh,,,primary
ember:monthly:generation,US,mix,,nuclear,,2015-05-01,2015-05-31,65.827,TWh,,,primary
ember:monthly:generation,US,mix,,nuclear,,2015-06-01,2015-06-30,68.516,TWh,,,primary
ember:monthly:generation,US,mix,,nuclear,,2015-07-01,2015-07-31,71.412,TWh,,,primary
ember:monthly:generation,US,mix,,nuclear,,2015-08-01,2015-08-31,72.415,TWh,,,primary
ember:monthly:generation,US,mix,,nuclear,,2015-09-01,2015-09-30,66.476,TWh,,,primary
ember:monthly:generation,US,mix,,nuclear,,2015-10-01,2015-10-31,60.571,TWh,,,primary
ember:monthly:generation,US,mix,,nuclear,,2015-11-01,2015-11-30,60.264,TWh,,,primary
ember:monthly:generation,US,mix,,nuclear,,2015-12-01,2015-12-31,69.634,TWh,,,primary
ember:monthly:generation,US,mix,,nuclear,,2016-01-01,2016-01-31,72.525,TWh,,,primary
ember:monthly:generation,US,mix,,nuclear,,2016-02-01,2016-02-29,65.638,TWh,,,primary
ember:monthly:generation,US,mix,,nuclear,,2016-03-01,2016-03-31,66.149,TWh,,,primary
ember:monthly:generation,US,mix,,nuclear,,2016-04-01,2016-04-30,62.732,TWh,,,primary
ember:monthly:generation,US,mix,,nuclear,,2016-05-01,2016-05-31,66.576,TWh,,,primary
ember:monthly:generation,US,mix,,nuclear,,2016-06-01,2016-06-30,67.175,TWh,,,primary
ember:monthly:generation,US,mix,,nuclear,,2016-07-01,2016-07-31,70.349,TWh,,,primary
ember:monthly:generation,US,mix,,nuclear,,2016-08-01,2016-08-31,71.526,TWh,,,primary
ember:monthly:generation,US,mix,,nuclear,,2016-09-01,2016-09-30,65.448,TWh,,,primary
ember:monthly:generation,US,mix,,nuclear,,2016-10-01,2016-10-31,60.733,TWh,,,primary
ember:monthly:generation,US,mix,,nuclear,,2016-11-01,2016-11-30,65.179,TWh,,,primary
ember:monthly:generation,US,mix,,nuclear,,2016-12-01,2016-12-31,71.662,TWh,,,primary
ember:monthly:generation,US,mix,,nuclear,,2017-01-01,2017-01-31,73.121,TWh,,,primary
ember:monthly:generation,US,mix,,nuclear,,2017-02-01,2017-02-28,63.56,TWh,,,primary
ember:monthly:generation,US,mix,,nuclear,,2017-03-01,2017-03-31,65.093,TWh,,,primary
ember:monthly:generation,US,mix,,nuclear,,2017-04-01,2017-04-30,56.743,TWh,,,primary
ember:monthly:generation,US,mix,,nuclear,,2017-05-01,2017-05-31,61.313,TWh,,,primary
ember:monthly:generation,US,mix,,nuclear,,2017-06-01,2017-06-30,67.011,TWh,,,primary
ember:monthly:generation,US,mix,,nuclear,,2017-07-01,2017-07-31,71.314,TWh,,,primary
ember:monthly:generation,US,mix,,nuclear,,2017-08-01,2017-08-31,72.384,TWh,,,primary
ember:monthly:generation,US,mix,,nuclear,,2017-09-01,2017-09-30,68.098,TWh,,,primary
ember:monthly:generation,US,mix,,nuclear,,2017-10-01,2017-10-31,65.995,TWh,,,primary
ember:monthly:generation,US,mix,,nuclear,,2017-11-01,2017-11-30,66.618,TWh,,,primary
ember:monthly:generation,US,mix,,nuclear,,2017-12-01,2017-12-31,73.7,TWh,,,primary
ember:monthly:generation,US,mix,,nuclear,,2018-01-01,2018-01-31,74.649,TWh,,,primary
ember:monthly:generation,US,mix,,nuclear,,2018-02-01,2018-02-28,64.79,TWh,,,primary
ember:monthly:generation,US,mix,,nuclear,,2018-03-01,2018-03-31,67.033,TWh,,,primary
ember:monthly:generation,US,mix,,nuclear,,2018-04-01,2018-04-30,59.133,TWh,,,primary
ember:monthly:generation,US,mix,,nuclear,,2018-05-01,2018-05-31,67.32,TWh,,,primary
ember:monthly:generation,US,mix,,nuclear,,2018-06-01,2018-06-30,69.688,TWh,,,primary
ember:monthly:generation,US,mix,,nuclear,,2018-07-01,2018-07-31,72.456,TWh,,,primary
ember:monthly:generation,US,mix,,nuclear,,2018-08-01,2018-08-31,72.282,TWh,,,primary
ember:monthly:generation,US,mix,,nuclear,,2018-09-01,2018-09-30,64.725,TWh,,,primary
ember:monthly:generation,US,mix,,nuclear,,2018-10-01,2018-10-31,59.397,TWh,,,primary
ember:monthly:generation,US,mix,,nuclear,,2018-11-01,2018-11-30,63.954,TWh,,,primary
ember:monthly:generation,US,mix,,nuclear,,2018-12-01,2018-12-31,71.657,TWh,,,primary
ember:monthly:generation,US,mix,,nuclear,,2019-01-01,2019-01-31,73.701,TWh,,,primary
ember:monthly:generation,US,mix,,nuclear,,2019-02-01,2019-02-28,64.715,TWh,,,primary
ember:monthly:generation,US,mix,,nuclear,,2019-03-01,2019-03-31,65.08,TWh,,,primary
ember:monthly:generation,US,mix,,nuclear,,2019-04-01,2019-04-30,60.581,TWh,,,primary
ember:monthly:generation,US,mix,,nuclear,,2019-05-01,2019-05-31,67.124,TWh,,,primary
ember:monthly:generation,US,mix,,nuclear,,2019-06-01,2019-06-30,68.805,TWh,,,primary
ember:monthly:generation,US,mix,,nuclear,,2019-07-01,2019-07-31,72.199,TWh,,,primary
ember:monthly:generation,US,mix,,nuclear,,2019-08-01,2019-08-31,71.911,TWh,,,primary
ember:monthly:generation,US,mix,,nuclear,,2019-09-01,2019-09-30,66.064,TWh,,,primary
ember:monthly:generation,US,mix,,nuclear,,2019-10-01,2019-10-31,62.033,TWh,,,primary
ember:monthly:generation,US,mix,,nuclear,,2019-11-01,2019-11-30,64.125,TWh,,,primary
ember:monthly:generation,US,mix,,nuclear,,2019-12-01,2019-12-31,73.074,TWh,,,primary
ember:monthly:generation,US,mix,,nuclear,,2020-01-01,2020-01-31,74.17,TWh,,,primary
ember:monthly:generation,US,mix,,nuclear,,2020-02-01,2020-02-29,65.911,TWh,,,primary
ember:monthly:generation,US,mix,,nuclear,,2020-03-01,2020-03-31,63.997,TWh,,,primary
ember:monthly:generation,US,mix,,nuclear,,2020-04-01,2020-04-30,59.17,TWh,,,primary
ember:monthly:generation,US,mix,,nuclear,,2020-05-01,2020-05-31,64.338,TWh,,,primary
ember:monthly:generation,US,mix,,nuclear,,2020-06-01,2020-06-30,67.205,TWh,,,primary
ember:monthly:generation,US,mix,,nuclear,,2020-07-01,2020-07-31,69.385,TWh,,,primary
ember:monthly:generation,US,mix,,nuclear,,2020-08-01,2020-08-31,68.982,TWh,,,primary
ember:monthly:generation,US,mix,,nuclear,,2020-09-01,2020-09-30,65.727,TWh,,,primary
ember:monthly:generation,US,mix,,nuclear,,2020-10-01,2020-10-31,59.362,TWh,,,primary
ember:monthly:generation,US,mix,,nuclear,,2020-11-01,2020-11-30,61.76,TWh,,,primary
ember:monthly:generation,US,mix,,nuclear,,2020-12-01,2020-12-31,69.871,TWh,,,primary
ember:monthly:generation,US,mix,,nuclear,,2021-01-01,2021-01-31,71.732,TWh,,,primary
ember:monthly:generation,US,mix,,nuclear,,2021-02-01,2021-02-28,62.954,TWh,,,primary
ember:monthly:generation,US,mix,,nuclear,,2021-03-01,2021-03-31,63.708,TWh,,,primary
ember:monthly:generation,US,mix,,nuclear,,2021-04-01,2021-04-30,57.092,TWh,,,primary
ember:monthly:generation,US,mix,,nuclear,,2021-05-01,2021-05-31,63.394,TWh,,,primary
ember:monthly:generation,US,mix,,nuclear,,2021-06-01,2021-06-30,66.07,TWh,,,primary
ember:monthly:generation,US,mix,,nuclear,,2021-07-01,2021-07-31,68.832,TWh,,,primary
ember:monthly:generation,US,mix,,nuclear,,2021-08-01,2021-08-31,69.471,TWh,,,primary
ember:monthly:generation,US,mix,,nuclear,,2021-09-01,2021-09-30,64.52,TWh,,,primary
ember:monthly:generation,US,mix,,nuclear,,2021-10-01,2021-10-31,58.401,TWh,,,primary
ember:monthly:generation,US,mix,,nuclear,,2021-11-01,2021-11-30,62.749,TWh,,,primary
ember:monthly:generation,US,mix,,nuclear,,2021-12-01,2021-12-31,70.72,TWh,,,primary
ember:monthly:generation,US,mix,,nuclear,,2022-01-01,2022-01-31,70.577,TWh,,,primary
ember:monthly:generation,US,mix,,nuclear,,2022-02-01,2022-02-28,61.852,TWh,,,primary
ember:monthly:generation,US,mix,,nuclear,,2022-03-01,2022-03-31,63.154,TWh,,,primary
ember:monthly:generation,US,mix,,nuclear,,2022-04-01,2022-04-30,55.29,TWh,,,primary
ember:monthly:generation,US,mix,,nuclear,,2022-05-01,2022-05-31,63.382,TWh,,,primary
ember:monthly:generation,US,mix,,nuclear,,2022-06-01,2022-06-30,65.715,TWh,,,primary
ember:monthly:generation,US,mix,,nuclear,,2022-07-01,2022-07-31,68.857,TWh,,,primary
ember:monthly:generation,US,mix,,nuclear,,2022-08-01,2022-08-31,68.897,TWh,,,primary
ember:monthly:generation,US,mix,,nuclear,,2022-09-01,2022-09-30,63.733,TWh,,,primary
ember:monthly:generation,US,mix,,nuclear,,2022-10-01,2022-10-31,58.945,TWh,,,primary
ember:monthly:generation,US,mix,,nuclear,,2022-11-01,2022-11-30,62.041,TWh,,,primary
ember:monthly:generation,US,mix,,nuclear,,2022-12-01,2022-12-31,69.094,TWh,,,primary
ember:monthly:generation,US,mix,,nuclear,,2023-01-01,2023-01-31,70.87,TWh,,,primary
ember:monthly:generation,US,mix,,nuclear,,2023-02-01,2023-02-28,60.807,TWh,,,primary
ember:monthly:generation,US,mix,,nuclear,,2023-03-01,2023-03-31,62.82,TWh,,,primary
ember:monthly:generation,US,mix,,nuclear,,2023-04-01,2023-04-30,56.662,TWh,,,primary
ember:monthly:generation,US,mix,,nuclear,,2023-05-01,2023-05-31,61.155,TWh,,,primary
ember:monthly:generation,US,mix,,nuclear,,2023-06-01,2023-06-30,64.819,TWh,,,primary
ember:monthly:generation,US,mix,,nuclear,,2023-07-01,2023-07-31,69.888,TWh,,,primary
ember:monthly:generation,US,mix,,nuclear,,2023-08-01,2023-08-31,69.744,TWh,,,primary
ember:monthly:generation,US,mix,,nuclear,,2023-09-01,2023-09-30,65.56,TWh,,,primary
ember:monthly:generation,US,mix,,nuclear,,2023-10-01,2023-10-31,61.436,TWh,,,primary
ember:monthly:generation,US,mix,,nuclear,,2023-11-01,2023-11-30,62.258,TWh,,,primary
ember:monthly:generation,US,mix,,nuclear,,2023-12-01,2023-12-31,68.854,TWh,,,primary
ember:monthly:generation,US,mix,,nuclear,,2024-01-01,2024-01-31,69.08,TWh,,,primary
ember:monthly:generation,US,mix,,nuclear,,2024-02-01,2024-02-29,64.584,TWh,,,primary
ember:monthly:generation,US,mix,,nuclear,,2024-03-01,2024-03-31,63.346,TWh,,,primary
ember:monthly:generation,US,mix,,nuclear,,2024-04-01,2024-04-30,57.542,TWh,,,primary
ember:monthly:generation,US,mix,,nuclear,,2024-05-01,2024-05-31,64.973,TWh,,,primary
ember:monthly:generation,US,mix,,nuclear,,2024-06-01,2024-06-30,68.192,TWh,,,primary
ember:monthly:generation,US,mix,,nuclear,,2024-07-01,2024-07-31,69.851,TWh,,,primary
ember:monthly:generation,US,mix,,nuclear,,2024-08-01,2024-08-31,69.76,TWh,,,primary
ember:monthly:generation,US,mix,,nuclear,,2024-09-01,2024-09-30,62.66,TWh,,,primary
ember:monthly:generation,US,mix,,nuclear,,2024-10-01,2024-10-31,58.773,TWh,,,primary
ember:monthly:generation,US,mix,,nuclear,,2024-11-01,2024-11-30,61.904,TWh,,,primary
ember:monthly:generation,US,mix,,nuclear,,2024-12-01,2024-12-31,71.2,TWh,,,primary
ember:monthly:generation,US,mix,,nuclear,,2025-01-01,2025-01-31,71.739,TWh,,,primary
ember:monthly:generation,US,mix,,nuclear,,2025-02-01,2025-02-28,61.829,TWh,,,primary
ember:monthly:generation,US,mix,,nuclear,,2025-03-01,2025-03-31,62.457,TWh,,,primary
ember:monthly:generation,US,mix,,nuclear,,2025-04-01,2025-04-30,57.893,TWh,,,primary
ember:monthly:generation,US,mix,,nuclear,,2025-05-01,2025-05-31,62.145,TWh,,,primary
ember:monthly:generation,US,mix,,nuclear,,2025-06-01,2025-06-30,66.222,TWh,,,primary
ember:monthly:generation,US,mix,,nuclear,,2025-07-01,2025-07-31,70.781,TWh,,,primary
ember:monthly:generation,US,mix,,nuclear,,2025-08-01,2025-08-31,70.705,TWh,,,primary
ember:monthly:generation,US,mix,,nuclear,,2025-09-01,2025-09-30,65.458,TWh,,,primary
ember:monthly:generation,US,mix,,nuclear,,2025-10-01,2025-10-31,59.222,TWh,,,primary
ember:monthly:generation,US,mix,,nuclear,,2025-11-01,2025-11-30,63.809,TWh,,,primary
ember:monthly:generation,US,mix,,nuclear,,2025-12-01,2025-12-31,72.521,TWh,,,primary
ember:monthly:generation,US,mix,,nuclear,,2026-01-01,2026-01-31,73.251,TWh,,,primary
ember:monthly:generation,US,mix,,nuclear,,2026-02-01,2026-02-28,62.384,TWh,,,primary
ember:monthly:generation,US,mix,,nuclear,,2026-03-01,2026-03-31,62.096,TWh,,,primary
ember:monthly:generation,US,mix,,nuclear,,2026-04-01,2026-04-30,57.373,TWh,,,primary
ember:monthly:generation,US,mix,,nuclear,,2026-05-01,2026-05-31,65.001,TWh,,,primary
ember:monthly:generation,US,mix,,nuclear,,2026-06-01,2026-06-30,68.786,TWh,,,primary
ember:monthly:generation,US,mix,,nuclear,,2026-07-01,2026-07-31,71.411,TWh,,,primary
ember:monthly:generation,US,mix,,nuclear,,2026-08-01,2026-08-31,70.674,TWh,,,primary
ember:monthly:generation,US,mix,,other_fossil,,2015-01-01,2015-01-31,4.287,TWh,,,primary
ember:monthly:generation,US,mix,,other_fossil,,2015-02-01,2015-02-28,7.226,TWh,,,primary
ember:monthly:generation,US,mix,,other_fossil,,2015-03-01,2015-03-31,3.197,TWh,,,primary
ember:monthly:generation,US,mix,,other_fossil,,2015-04-01,2015-04-30,2.988,TWh,,,primary
ember:monthly:generation,US,mix,,other_fossil,,2015-05-01,2015-05-31,3.294,TWh,,,primary
ember:monthly:generation,US,mix,,other_fossil,,2015-06-01,2015-06-30,3.339,TWh,,,primary
ember:monthly:generation,US,mix,,other_fossil,,2015-07-01,2015-07-31,3.723,TWh,,,primary
ember:monthly:generation,US,mix,,other_fossil,,2015-08-01,2015-08-31,3.582,TWh,,,primary
ember:monthly:generation,US,mix,,other_fossil,,2015-09-01,2015-09-30,3.392,TWh,,,primary
ember:monthly:generation,US,mix,,other_fossil,,2015-10-01,2015-10-31,3.049,TWh,,,primary
ember:monthly:generation,US,mix,,other_fossil,,2015-11-01,2015-11-30,3.087,TWh,,,primary
ember:monthly:generation,US,mix,,other_fossil,,2015-12-01,2015-12-31,3.279,TWh,,,primary
ember:monthly:generation,US,mix,,other_fossil,,2016-01-01,2016-01-31,3.738,TWh,,,primary
ember:monthly:generation,US,mix,,other_fossil,,2016-02-01,2016-02-29,3.397,TWh,,,primary
ember:monthly:generation,US,mix,,other_fossil,,2016-03-01,2016-03-31,3.156,TWh,,,primary
ember:monthly:generation,US,mix,,other_fossil,,2016-04-01,2016-04-30,3.069,TWh,,,primary
ember:monthly:generation,US,mix,,other_fossil,,2016-05-01,2016-05-31,3.227,TWh,,,primary
ember:monthly:generation,US,mix,,other_fossil,,2016-06-01,2016-06-30,3.19,TWh,,,primary
ember:monthly:generation,US,mix,,other_fossil,,2016-07-01,2016-07-31,3.569,TWh,,,primary
ember:monthly:generation,US,mix,,other_fossil,,2016-08-01,2016-08-31,3.564,TWh,,,primary
ember:monthly:generation,US,mix,,other_fossil,,2016-09-01,2016-09-30,3.129,TWh,,,primary
ember:monthly:generation,US,mix,,other_fossil,,2016-10-01,2016-10-31,2.953,TWh,,,primary
ember:monthly:generation,US,mix,,other_fossil,,2016-11-01,2016-11-30,3.176,TWh,,,primary
ember:monthly:generation,US,mix,,other_fossil,,2016-12-01,2016-12-31,3.337,TWh,,,primary
ember:monthly:generation,US,mix,,other_fossil,,2017-01-01,2017-01-31,3.234,TWh,,,primary
ember:monthly:generation,US,mix,,other_fossil,,2017-02-01,2017-02-28,2.832,TWh,,,primary
ember:monthly:generation,US,mix,,other_fossil,,2017-03-01,2017-03-31,3.071,TWh,,,primary
ember:monthly:generation,US,mix,,other_fossil,,2017-04-01,2017-04-30,2.905,TWh,,,primary
ember:monthly:generation,US,mix,,other_fossil,,2017-05-01,2017-05-31,3.107,TWh,,,primary
ember:monthly:generation,US,mix,,other_fossil,,2017-06-01,2017-06-30,3.076,TWh,,,primary
ember:monthly:generation,US,mix,,other_fossil,,2017-07-01,2017-07-31,3.167,TWh,,,primary
ember:monthly:generation,US,mix,,other_fossil,,2017-08-01,2017-08-31,3.311,TWh,,,primary
ember:monthly:generation,US,mix,,other_fossil,,2017-09-01,2017-09-30,3.018,TWh,,,primary
ember:monthly:generation,US,mix,,other_fossil,,2017-10-01,2017-10-31,2.995,TWh,,,primary
ember:monthly:generation,US,mix,,other_fossil,,2017-11-01,2017-11-30,2.987,TWh,,,primary
ember:monthly:generation,US,mix,,other_fossil,,2017-12-01,2017-12-31,4.19,TWh,,,primary
ember:monthly:generation,US,mix,,other_fossil,,2018-01-01,2018-01-31,7.761,TWh,,,primary
ember:monthly:generation,US,mix,,other_fossil,,2018-02-01,2018-02-28,2.89,TWh,,,primary
ember:monthly:generation,US,mix,,other_fossil,,2018-03-01,2018-03-31,3.096,TWh,,,primary
ember:monthly:generation,US,mix,,other_fossil,,2018-04-01,2018-04-30,2.999,TWh,,,primary
ember:monthly:generation,US,mix,,other_fossil,,2018-05-01,2018-05-31,3.277,TWh,,,primary
ember:monthly:generation,US,mix,,other_fossil,,2018-06-01,2018-06-30,3.262,TWh,,,primary
ember:monthly:generation,US,mix,,other_fossil,,2018-07-01,2018-07-31,3.271,TWh,,,primary
ember:monthly:generation,US,mix,,other_fossil,,2018-08-01,2018-08-31,3.494,TWh,,,primary
ember:monthly:generation,US,mix,,other_fossil,,2018-09-01,2018-09-30,3.164,TWh,,,primary
ember:monthly:generation,US,mix,,other_fossil,,2018-10-01,2018-10-31,3.115,TWh,,,primary
ember:monthly:generation,US,mix,,other_fossil,,2018-11-01,2018-11-30,3.125,TWh,,,primary
ember:monthly:generation,US,mix,,other_fossil,,2018-12-01,2018-12-31,3.226,TWh,,,primary
ember:monthly:generation,US,mix,,other_fossil,,2019-01-01,2019-01-31,3.631,TWh,,,primary
ember:monthly:generation,US,mix,,other_fossil,,2019-02-01,2019-02-28,2.765,TWh,,,primary
ember:monthly:generation,US,mix,,other_fossil,,2019-03-01,2019-03-31,2.979,TWh,,,primary
ember:monthly:generation,US,mix,,other_fossil,,2019-04-01,2019-04-30,2.745,TWh,,,primary
ember:monthly:generation,US,mix,,other_fossil,,2019-05-01,2019-05-31,3.107,TWh,,,primary
ember:monthly:generation,US,mix,,other_fossil,,2019-06-01,2019-06-30,3.067,TWh,,,primary
ember:monthly:generation,US,mix,,other_fossil,,2019-07-01,2019-07-31,3.346,TWh,,,primary
ember:monthly:generation,US,mix,,other_fossil,,2019-08-01,2019-08-31,3.405,TWh,,,primary
ember:monthly:generation,US,mix,,other_fossil,,2019-09-01,2019-09-30,3.177,TWh,,,primary
ember:monthly:generation,US,mix,,other_fossil,,2019-10-01,2019-10-31,2.966,TWh,,,primary
ember:monthly:generation,US,mix,,other_fossil,,2019-11-01,2019-11-30,3.028,TWh,,,primary
ember:monthly:generation,US,mix,,other_fossil,,2019-12-01,2019-12-31,3.228,TWh,,,primary
ember:monthly:generation,US,mix,,other_fossil,,2020-01-01,2020-01-31,3.164,TWh,,,primary
ember:monthly:generation,US,mix,,other_fossil,,2020-02-01,2020-02-29,2.872,TWh,,,primary
ember:monthly:generation,US,mix,,other_fossil,,2020-03-01,2020-03-31,2.83,TWh,,,primary
ember:monthly:generation,US,mix,,other_fossil,,2020-04-01,2020-04-30,2.501,TWh,,,primary
ember:monthly:generation,US,mix,,other_fossil,,2020-05-01,2020-05-31,2.665,TWh,,,primary
ember:monthly:generation,US,mix,,other_fossil,,2020-06-01,2020-06-30,2.702,TWh,,,primary
ember:monthly:generation,US,mix,,other_fossil,,2020-07-01,2020-07-31,2.944,TWh,,,primary
ember:monthly:generation,US,mix,,other_fossil,,2020-08-01,2020-08-31,3.088,TWh,,,primary
ember:monthly:generation,US,mix,,other_fossil,,2020-09-01,2020-09-30,2.784,TWh,,,primary
ember:monthly:generation,US,mix,,other_fossil,,2020-10-01,2020-10-31,2.861,TWh,,,primary
ember:monthly:generation,US,mix,,other_fossil,,2020-11-01,2020-11-30,2.816,TWh,,,primary
ember:monthly:generation,US,mix,,other_fossil,,2020-12-01,2020-12-31,3.108,TWh,,,primary
ember:monthly:generation,US,mix,,other_fossil,,2021-01-01,2021-01-31,3.08,TWh,,,primary
ember:monthly:generation,US,mix,,other_fossil,,2021-02-01,2021-02-28,3.329,TWh,,,primary
ember:monthly:generation,US,mix,,other_fossil,,2021-03-01,2021-03-31,2.711,TWh,,,primary
ember:monthly:generation,US,mix,,other_fossil,,2021-04-01,2021-04-30,2.642,TWh,,,primary
ember:monthly:generation,US,mix,,other_fossil,,2021-05-01,2021-05-31,2.753,TWh,,,primary
ember:monthly:generation,US,mix,,other_fossil,,2021-06-01,2021-06-30,2.911,TWh,,,primary
ember:monthly:generation,US,mix,,other_fossil,,2021-07-01,2021-07-31,2.97,TWh,,,primary
ember:monthly:generation,US,mix,,other_fossil,,2021-08-01,2021-08-31,3.259,TWh,,,primary
ember:monthly:generation,US,mix,,other_fossil,,2021-09-01,2021-09-30,2.909,TWh,,,primary
ember:monthly:generation,US,mix,,other_fossil,,2021-10-01,2021-10-31,2.939,TWh,,,primary
ember:monthly:generation,US,mix,,other_fossil,,2021-11-01,2021-11-30,2.727,TWh,,,primary
ember:monthly:generation,US,mix,,other_fossil,,2021-12-01,2021-12-31,2.97,TWh,,,primary
ember:monthly:generation,US,mix,,other_fossil,,2022-01-01,2022-01-31,5.139,TWh,,,primary
ember:monthly:generation,US,mix,,other_fossil,,2022-02-01,2022-02-28,2.9,TWh,,,primary
ember:monthly:generation,US,mix,,other_fossil,,2022-03-01,2022-03-31,2.891,TWh,,,primary
ember:monthly:generation,US,mix,,other_fossil,,2022-04-01,2022-04-30,2.611,TWh,,,primary
ember:monthly:generation,US,mix,,other_fossil,,2022-05-01,2022-05-31,2.842,TWh,,,primary
ember:monthly:generation,US,mix,,other_fossil,,2022-06-01,2022-06-30,2.842,TWh,,,primary
ember:monthly:generation,US,mix,,other_fossil,,2022-07-01,2022-07-31,3.11,TWh,,,primary
ember:monthly:generation,US,mix,,other_fossil,,2022-08-01,2022-08-31,2.933,TWh,,,primary
ember:monthly:generation,US,mix,,other_fossil,,2022-09-01,2022-09-30,2.773,TWh,,,primary
ember:monthly:generation,US,mix,,other_fossil,,2022-10-01,2022-10-31,2.764,TWh,,,primary
ember:monthly:generation,US,mix,,other_fossil,,2022-11-01,2022-11-30,2.686,TWh,,,primary
ember:monthly:generation,US,mix,,other_fossil,,2022-12-01,2022-12-31,5.15,TWh,,,primary
ember:monthly:generation,US,mix,,other_fossil,,2023-01-01,2023-01-31,2.817,TWh,,,primary
ember:monthly:generation,US,mix,,other_fossil,,2023-02-01,2023-02-28,2.903,TWh,,,primary
ember:monthly:generation,US,mix,,other_fossil,,2023-03-01,2023-03-31,2.742,TWh,,,primary
ember:monthly:generation,US,mix,,other_fossil,,2023-04-01,2023-04-30,2.479,TWh,,,primary
ember:monthly:generation,US,mix,,other_fossil,,2023-05-01,2023-05-31,2.749,TWh,,,primary
ember:monthly:generation,US,mix,,other_fossil,,2023-06-01,2023-06-30,2.69,TWh,,,primary
ember:monthly:generation,US,mix,,other_fossil,,2023-07-01,2023-07-31,2.882,TWh,,,primary
ember:monthly:generation,US,mix,,other_fossil,,2023-08-01,2023-08-31,2.911,TWh,,,primary
ember:monthly:generation,US,mix,,other_fossil,,2023-09-01,2023-09-30,2.652,TWh,,,primary
ember:monthly:generation,US,mix,,other_fossil,,2023-10-01,2023-10-31,2.75,TWh,,,primary
ember:monthly:generation,US,mix,,other_fossil,,2023-11-01,2023-11-30,2.708,TWh,,,primary
ember:monthly:generation,US,mix,,other_fossil,,2023-12-01,2023-12-31,2.851,TWh,,,primary
ember:monthly:generation,US,mix,,other_fossil,,2024-01-01,2024-01-31,3.342,TWh,,,primary
ember:monthly:generation,US,mix,,other_fossil,,2024-02-01,2024-02-29,2.391,TWh,,,primary
ember:monthly:generation,US,mix,,other_fossil,,2024-03-01,2024-03-31,2.355,TWh,,,primary
ember:monthly:generation,US,mix,,other_fossil,,2024-04-01,2024-04-30,2.423,TWh,,,primary
ember:monthly:generation,US,mix,,other_fossil,,2024-05-01,2024-05-31,2.478,TWh,,,primary
ember:monthly:generation,US,mix,,other_fossil,,2024-06-01,2024-06-30,2.525,TWh,,,primary
ember:monthly:generation,US,mix,,other_fossil,,2024-07-01,2024-07-31,2.669,TWh,,,primary
ember:monthly:generation,US,mix,,other_fossil,,2024-08-01,2024-08-31,2.585,TWh,,,primary
ember:monthly:generation,US,mix,,other_fossil,,2024-09-01,2024-09-30,2.294,TWh,,,primary
ember:monthly:generation,US,mix,,other_fossil,,2024-10-01,2024-10-31,2.299,TWh,,,primary
ember:monthly:generation,US,mix,,other_fossil,,2024-11-01,2024-11-30,2.327,TWh,,,primary
ember:monthly:generation,US,mix,,other_fossil,,2024-12-01,2024-12-31,2.782,TWh,,,primary
ember:monthly:generation,US,mix,,other_fossil,,2025-01-01,2025-01-31,4.495,TWh,,,primary
ember:monthly:generation,US,mix,,other_fossil,,2025-02-01,2025-02-28,2.876,TWh,,,primary
ember:monthly:generation,US,mix,,other_fossil,,2025-03-01,2025-03-31,2.219,TWh,,,primary
ember:monthly:generation,US,mix,,other_fossil,,2025-04-01,2025-04-30,2.089,TWh,,,primary
ember:monthly:generation,US,mix,,other_fossil,,2025-05-01,2025-05-31,1.953,TWh,,,primary
ember:monthly:generation,US,mix,,other_fossil,,2025-06-01,2025-06-30,2.618,TWh,,,primary
ember:monthly:generation,US,mix,,other_fossil,,2025-07-01,2025-07-31,2.575,TWh,,,primary
ember:monthly:generation,US,mix,,other_fossil,,2025-08-01,2025-08-31,2.382,TWh,,,primary
ember:monthly:generation,US,mix,,other_fossil,,2025-09-01,2025-09-30,2.337,TWh,,,primary
ember:monthly:generation,US,mix,,other_fossil,,2025-10-01,2025-10-31,2.525,TWh,,,primary
ember:monthly:generation,US,mix,,other_fossil,,2025-11-01,2025-11-30,2.402,TWh,,,primary
ember:monthly:generation,US,mix,,other_fossil,,2025-12-01,2025-12-31,3.251,TWh,,,primary
ember:monthly:generation,US,mix,,other_fossil,,2026-01-01,2026-01-31,6.516,TWh,,,primary
ember:monthly:generation,US,mix,,other_fossil,,2026-02-01,2026-02-28,4.297,TWh,,,primary
ember:monthly:generation,US,mix,,other_fossil,,2026-03-01,2026-03-31,2.285,TWh,,,primary
ember:monthly:generation,US,mix,,other_fossil,,2026-04-01,2026-04-30,2.083,TWh,,,primary
ember:monthly:generation,US,mix,,other_fossil,,2026-05-01,2026-05-31,1.992,TWh,,,primary
ember:monthly:generation,US,mix,,other_fossil,,2026-06-01,2026-06-30,1.871,TWh,,,primary
ember:monthly:generation,US,mix,,other_fossil,,2026-07-01,2026-07-31,2.313,TWh,,,primary
ember:monthly:generation,US,mix,,other_fossil,,2026-08-01,2026-08-31,2.109,TWh,,,primary
ember:monthly:generation,US,mix,,other_renewables,,2015-01-01,2015-01-31,1.62,TWh,,,primary
ember:monthly:generation,US,mix,,other_renewables,,2015-02-01,2015-02-28,1.49,TWh,,,primary
ember:monthly:generation,US,mix,,other_renewables,,2015-03-01,2015-03-31,1.649,TWh,,,primary
ember:monthly:generation,US,mix,,other_renewables,,2015-04-01,2015-04-30,1.515,TWh,,,primary
ember:monthly:generation,US,mix,,other_renewables,,2015-05-01,2015-05-31,1.629,TWh,,,primary
ember:monthly:generation,US,mix,,other_renewables,,2015-06-01,2015-06-30,1.552,TWh,,,primary
ember:monthly:generation,US,mix,,other_renewables,,2015-07-01,2015-07-31,1.649,TWh,,,primary
ember:monthly:generation,US,mix,,other_renewables,,2015-08-01,2015-08-31,1.633,TWh,,,primary
ember:monthly:generation,US,mix,,other_renewables,,2015-09-01,2015-09-30,1.471,TWh,,,primary
ember:monthly:generation,US,mix,,other_renewables,,2015-10-01,2015-10-31,1.612,TWh,,,primary
ember:monthly:generation,US,mix,,other_renewables,,2015-11-01,2015-11-30,1.623,TWh,,,primary
ember:monthly:generation,US,mix,,other_renewables,,2015-12-01,2015-12-31,1.675,TWh,,,primary
ember:monthly:generation,US,mix,,other_renewables,,2016-01-01,2016-01-31,1.609,TWh,,,primary
ember:monthly:generation,US,mix,,other_renewables,,2016-02-01,2016-02-29,1.528,TWh,,,primary
ember:monthly:generation,US,mix,,other_renewables,,2016-03-01,2016-03-31,1.596,TWh,,,primary
ember:monthly:generation,US,mix,,other_renewables,,2016-04-01,2016-04-30,1.496,TWh,,,primary
ember:monthly:generation,US,mix,,other_renewables,,2016-05-01,2016-05-31,1.622,TWh,,,primary
ember:monthly:generation,US,mix,,other_renewables,,2016-06-01,2016-06-30,1.498,TWh,,,primary
ember:monthly:generation,US,mix,,other_renewables,,2016-07-01,2016-07-31,1.573,TWh,,,primary
ember:monthly:generation,US,mix,,other_renewables,,2016-08-01,2016-08-31,1.609,TWh,,,primary
ember:monthly:generation,US,mix,,other_renewables,,2016-09-01,2016-09-30,1.599,TWh,,,primary
ember:monthly:generation,US,mix,,other_renewables,,2016-10-01,2016-10-31,1.618,TWh,,,primary
ember:monthly:generation,US,mix,,other_renewables,,2016-11-01,2016-11-30,1.66,TWh,,,primary
ember:monthly:generation,US,mix,,other_renewables,,2016-12-01,2016-12-31,1.747,TWh,,,primary
ember:monthly:generation,US,mix,,other_renewables,,2017-01-01,2017-01-31,1.688,TWh,,,primary
ember:monthly:generation,US,mix,,other_renewables,,2017-02-01,2017-02-28,1.496,TWh,,,primary
ember:monthly:generation,US,mix,,other_renewables,,2017-03-01,2017-03-31,1.678,TWh,,,primary
ember:monthly:generation,US,mix,,other_renewables,,2017-04-01,2017-04-30,1.596,TWh,,,primary
ember:monthly:generation,US,mix,,other_renewables,,2017-05-01,2017-05-31,1.568,TWh,,,primary
ember:monthly:generation,US,mix,,other_renewables,,2017-06-01,2017-06-30,1.536,TWh,,,primary
ember:monthly:generation,US,mix,,other_renewables,,2017-07-01,2017-07-31,1.633,TWh,,,primary
ember:monthly:generation,US,mix,,other_renewables,,2017-08-01,2017-08-31,1.608,TWh,,,primary
ember:monthly:generation,US,mix,,other_renewables,,2017-09-01,2017-09-30,1.555,TWh,,,primary
ember:monthly:generation,US,mix,,other_renewables,,2017-10-01,2017-10-31,1.451,TWh,,,primary
ember:monthly:generation,US,mix,,other_renewables,,2017-11-01,2017-11-30,1.575,TWh,,,primary
ember:monthly:generation,US,mix,,other_renewables,,2017-12-01,2017-12-31,1.657,TWh,,,primary
ember:monthly:generation,US,mix,,other_renewables,,2018-01-01,2018-01-31,1.606,TWh,,,primary
ember:monthly:generation,US,mix,,other_renewables,,2018-02-01,2018-02-28,1.525,TWh,,,primary
ember:monthly:generation,US,mix,,other_renewables,,2018-03-01,2018-03-31,1.62,TWh,,,primary
ember:monthly:generation,US,mix,,other_renewables,,2018-04-01,2018-04-30,1.427,TWh,,,primary
ember:monthly:generation,US,mix,,other_renewables,,2018-05-01,2018-05-31,1.611,TWh,,,primary
ember:monthly:generation,US,mix,,other_renewables,,2018-06-01,2018-06-30,1.502,TWh,,,primary
ember:monthly:generation,US,mix,,other_renewables,,2018-07-01,2018-07-31,1.572,TWh,,,primary
ember:monthly:generation,US,mix,,other_renewables,,2018-08-01,2018-08-31,1.575,TWh,,,primary
ember:monthly:generation,US,mix,,other_renewables,,2018-09-01,2018-09-30,1.519,TWh,,,primary
ember:monthly:generation,US,mix,,other_renewables,,2018-10-01,2018-10-31,1.504,TWh,,,primary
ember:monthly:generation,US,mix,,other_renewables,,2018-11-01,2018-11-30,1.551,TWh,,,primary
ember:monthly:generation,US,mix,,other_renewables,,2018-12-01,2018-12-31,1.679,TWh,,,primary
ember:monthly:generation,US,mix,,other_renewables,,2019-01-01,2019-01-31,1.604,TWh,,,primary
ember:monthly:generation,US,mix,,other_renewables,,2019-02-01,2019-02-28,1.484,TWh,,,primary
ember:monthly:generation,US,mix,,other_renewables,,2019-03-01,2019-03-31,1.649,TWh,,,primary
ember:monthly:generation,US,mix,,other_renewables,,2019-04-01,2019-04-30,1.462,TWh,,,primary
ember:monthly:generation,US,mix,,other_renewables,,2019-05-01,2019-05-31,1.521,TWh,,,primary
ember:monthly:generation,US,mix,,other_renewables,,2019-06-01,2019-06-30,1.519,TWh,,,primary
ember:monthly:generation,US,mix,,other_renewables,,2019-07-01,2019-07-31,1.57,TWh,,,primary
ember:monthly:generation,US,mix,,other_renewables,,2019-08-01,2019-08-31,1.597,TWh,,,primary
ember:monthly:generation,US,mix,,other_renewables,,2019-09-01,2019-09-30,1.547,TWh,,,primary
ember:monthly:generation,US,mix,,other_renewables,,2019-10-01,2019-10-31,1.347,TWh,,,primary
ember:monthly:generation,US,mix,,other_renewables,,2019-11-01,2019-11-30,1.181,TWh,,,primary
ember:monthly:generation,US,mix,,other_renewables,,2019-12-01,2019-12-31,1.396,TWh,,,primary
ember:monthly:generation,US,mix,,other_renewables,,2020-01-01,2020-01-31,1.36,TWh,,,primary
ember:monthly:generation,US,mix,,other_renewables,,2020-02-01,2020-02-29,1.424,TWh,,,primary
ember:monthly:generation,US,mix,,other_renewables,,2020-03-01,2020-03-31,1.667,TWh,,,primary
ember:monthly:generation,US,mix,,other_renewables,,2020-04-01,2020-04-30,1.561,TWh,,,primary
ember:monthly:generation,US,mix,,other_renewables,,2020-05-01,2020-05-31,1.553,TWh,,,primary
ember:monthly:generation,US,mix,,other_renewables,,2020-06-01,2020-06-30,1.448,TWh,,,primary
ember:monthly:generation,US,mix,,other_renewables,,2020-07-01,2020-07-31,1.504,TWh,,,primary
ember:monthly:generation,US,mix,,other_renewables,,2020-08-01,2020-08-31,1.494,TWh,,,primary
ember:monthly:generation,US,mix,,other_renewables,,2020-09-01,2020-09-30,1.462,TWh,,,primary
ember:monthly:generation,US,mix,,other_renewables,,2020-10-01,2020-10-31,1.47,TWh,,,primary
ember:monthly:generation,US,mix,,other_renewables,,2020-11-01,2020-11-30,1.568,TWh,,,primary
ember:monthly:generation,US,mix,,other_renewables,,2020-12-01,2020-12-31,1.579,TWh,,,primary
ember:monthly:generation,US,mix,,other_renewables,,2021-01-01,2021-01-31,1.552,TWh,,,primary
ember:monthly:generation,US,mix,,other_renewables,,2021-02-01,2021-02-28,1.471,TWh,,,primary
ember:monthly:generation,US,mix,,other_renewables,,2021-03-01,2021-03-31,1.451,TWh,,,primary
ember:monthly:generation,US,mix,,other_renewables,,2021-04-01,2021-04-30,1.468,TWh,,,primary
ember:monthly:generation,US,mix,,other_renewables,,2021-05-01,2021-05-31,1.526,TWh,,,primary
ember:monthly:generation,US,mix,,other_renewables,,2021-06-01,2021-06-30,1.456,TWh,,,primary
ember:monthly:generation,US,mix,,other_renewables,,2021-07-01,2021-07-31,1.53,TWh,,,primary
ember:monthly:generation,US,mix,,other_renewables,,2021-08-01,2021-08-31,1.512,TWh,,,primary
ember:monthly:generation,US,mix,,other_renewables,,2021-09-01,2021-09-30,1.529,TWh,,,primary
ember:monthly:generation,US,mix,,other_renewables,,2021-10-01,2021-10-31,1.507,TWh,,,primary
ember:monthly:generation,US,mix,,other_renewables,,2021-11-01,2021-11-30,1.556,TWh,,,primary
ember:monthly:generation,US,mix,,other_renewables,,2021-12-01,2021-12-31,1.685,TWh,,,primary
ember:monthly:generation,US,mix,,other_renewables,,2022-01-01,2022-01-31,1.663,TWh,,,primary
ember:monthly:generation,US,mix,,other_renewables,,2022-02-01,2022-02-28,1.416,TWh,,,primary
ember:monthly:generation,US,mix,,other_renewables,,2022-03-01,2022-03-31,1.474,TWh,,,primary
ember:monthly:generation,US,mix,,other_renewables,,2022-04-01,2022-04-30,1.443,TWh,,,primary
ember:monthly:generation,US,mix,,other_renewables,,2022-05-01,2022-05-31,1.484,TWh,,,primary
ember:monthly:generation,US,mix,,other_renewables,,2022-06-01,2022-06-30,1.442,TWh,,,primary
ember:monthly:generation,US,mix,,other_renewables,,2022-07-01,2022-07-31,1.514,TWh,,,primary
ember:monthly:generation,US,mix,,other_renewables,,2022-08-01,2022-08-31,1.528,TWh,,,primary
ember:monthly:generation,US,mix,,other_renewables,,2022-09-01,2022-09-30,1.489,TWh,,,primary
ember:monthly:generation,US,mix,,other_renewables,,2022-10-01,2022-10-31,1.48,TWh,,,primary
ember:monthly:generation,US,mix,,other_renewables,,2022-11-01,2022-11-30,1.564,TWh,,,primary
ember:monthly:generation,US,mix,,other_renewables,,2022-12-01,2022-12-31,1.663,TWh,,,primary
ember:monthly:generation,US,mix,,other_renewables,,2023-01-01,2023-01-31,1.588,TWh,,,primary
ember:monthly:generation,US,mix,,other_renewables,,2023-02-01,2023-02-28,1.476,TWh,,,primary
ember:monthly:generation,US,mix,,other_renewables,,2023-03-01,2023-03-31,1.604,TWh,,,primary
ember:monthly:generation,US,mix,,other_renewables,,2023-04-01,2023-04-30,1.513,TWh,,,primary
ember:monthly:generation,US,mix,,other_renewables,,2023-05-01,2023-05-31,1.522,TWh,,,primary
ember:monthly:generation,US,mix,,other_renewables,,2023-06-01,2023-06-30,1.453,TWh,,,primary
ember:monthly:generation,US,mix,,other_renewables,,2023-07-01,2023-07-31,1.461,TWh,,,primary
ember:monthly:generation,US,mix,,other_renewables,,2023-08-01,2023-08-31,1.441,TWh,,,primary
ember:monthly:generation,US,mix,,other_renewables,,2023-09-01,2023-09-30,1.474,TWh,,,primary
ember:monthly:generation,US,mix,,other_renewables,,2023-10-01,2023-10-31,1.611,TWh,,,primary
ember:monthly:generation,US,mix,,other_renewables,,2023-11-01,2023-11-30,1.623,TWh,,,primary
ember:monthly:generation,US,mix,,other_renewables,,2023-12-01,2023-12-31,1.686,TWh,,,primary
ember:monthly:generation,US,mix,,other_renewables,,2024-01-01,2024-01-31,1.585,TWh,,,primary
ember:monthly:generation,US,mix,,other_renewables,,2024-02-01,2024-02-29,1.479,TWh,,,primary
ember:monthly:generation,US,mix,,other_renewables,,2024-03-01,2024-03-31,1.541,TWh,,,primary
ember:monthly:generation,US,mix,,other_renewables,,2024-04-01,2024-04-30,1.437,TWh,,,primary
ember:monthly:generation,US,mix,,other_renewables,,2024-05-01,2024-05-31,1.422,TWh,,,primary
ember:monthly:generation,US,mix,,other_renewables,,2024-06-01,2024-06-30,1.37,TWh,,,primary
ember:monthly:generation,US,mix,,other_renewables,,2024-07-01,2024-07-31,1.383,TWh,,,primary
ember:monthly:generation,US,mix,,other_renewables,,2024-08-01,2024-08-31,1.403,TWh,,,primary
ember:monthly:generation,US,mix,,other_renewables,,2024-09-01,2024-09-30,1.372,TWh,,,primary
ember:monthly:generation,US,mix,,other_renewables,,2024-10-01,2024-10-31,1.448,TWh,,,primary
ember:monthly:generation,US,mix,,other_renewables,,2024-11-01,2024-11-30,1.497,TWh,,,primary
ember:monthly:generation,US,mix,,other_renewables,,2024-12-01,2024-12-31,1.585,TWh,,,primary
ember:monthly:generation,US,mix,,other_renewables,,2025-01-01,2025-01-31,1.574,TWh,,,primary
ember:monthly:generation,US,mix,,other_renewables,,2025-02-01,2025-02-28,1.422,TWh,,,primary
ember:monthly:generation,US,mix,,other_renewables,,2025-03-01,2025-03-31,1.57,TWh,,,primary
ember:monthly:generation,US,mix,,other_renewables,,2025-04-01,2025-04-30,1.482,TWh,,,primary
ember:monthly:generation,US,mix,,other_renewables,,2025-05-01,2025-05-31,1.418,TWh,,,primary
ember:monthly:generation,US,mix,,other_renewables,,2025-06-01,2025-06-30,1.432,TWh,,,primary
ember:monthly:generation,US,mix,,other_renewables,,2025-07-01,2025-07-31,1.444,TWh,,,primary
ember:monthly:generation,US,mix,,other_renewables,,2025-08-01,2025-08-31,1.505,TWh,,,primary
ember:monthly:generation,US,mix,,other_renewables,,2025-09-01,2025-09-30,1.434,TWh,,,primary
ember:monthly:generation,US,mix,,other_renewables,,2025-10-01,2025-10-31,1.437,TWh,,,primary
ember:monthly:generation,US,mix,,other_renewables,,2025-11-01,2025-11-30,1.44,TWh,,,primary
ember:monthly:generation,US,mix,,other_renewables,,2025-12-01,2025-12-31,1.538,TWh,,,primary
ember:monthly:generation,US,mix,,other_renewables,,2026-01-01,2026-01-31,1.592,TWh,,,primary
ember:monthly:generation,US,mix,,other_renewables,,2026-02-01,2026-02-28,1.42,TWh,,,primary
ember:monthly:generation,US,mix,,other_renewables,,2026-03-01,2026-03-31,1.508,TWh,,,primary
ember:monthly:generation,US,mix,,other_renewables,,2026-04-01,2026-04-30,1.373,TWh,,,primary
ember:monthly:generation,US,mix,,other_renewables,,2026-05-01,2026-05-31,1.414,TWh,,,primary
ember:monthly:generation,US,mix,,other_renewables,,2026-06-01,2026-06-30,1.413,TWh,,,primary
ember:monthly:generation,US,mix,,other_renewables,,2026-07-01,2026-07-31,1.438,TWh,,,primary
ember:monthly:generation,US,mix,,other_renewables,,2026-08-01,2026-08-31,1.461,TWh,,,primary
ember:monthly:generation,US,mix,,solar,,2015-01-01,2015-01-31,1.902,TWh,,,primary
ember:monthly:generation,US,mix,,solar,,2015-02-01,2015-02-28,2.299,TWh,,,primary
ember:monthly:generation,US,mix,,solar,,2015-03-01,2015-03-31,3.206,TWh,,,primary
ember:monthly:generation,US,mix,,solar,,2015-04-01,2015-04-30,3.643,TWh,,,primary
ember:monthly:generation,US,mix,,solar,,2015-05-01,2015-05-31,3.898,TWh,,,primary
ember:monthly:generation,US,mix,,solar,,2015-06-01,2015-06-30,3.966,TWh,,,primary
ember:monthly:generation,US,mix,,solar,,2015-07-01,2015-07-31,4.114,TWh,,,primary
ember:monthly:generation,US,mix,,solar,,2015-08-01,2015-08-31,4.156,TWh,,,primary
ember:monthly:generation,US,mix,,solar,,2015-09-01,2015-09-30,3.547,TWh,,,primary
ember:monthly:generation,US,mix,,solar,,2015-10-01,2015-10-31,3.107,TWh,,,primary
ember:monthly:generation,US,mix,,solar,,2015-11-01,2015-11-30,2.712,TWh,,,primary
ember:monthly:generation,US,mix,,solar,,2015-12-01,2015-12-31,2.484,TWh,,,primary
ember:monthly:generation,US,mix,,solar,,2016-01-01,2016-01-31,2.465,TWh,,,primary
ember:monthly:generation,US,mix,,solar,,2016-02-01,2016-02-29,3.386,TWh,,,primary
ember:monthly:generation,US,mix,,solar,,2016-03-01,2016-03-31,4.143,TWh,,,primary
ember:monthly:generation,US,mix,,solar,,2016-04-01,2016-04-30,4.583,TWh,,,primary
ember:monthly:generation,US,mix,,solar,,2016-05-01,2016-05-31,5.304,TWh,,,primary
ember:monthly:generation,US,mix,,solar,,2016-06-01,2016-06-30,5.401,TWh,,,primary
ember:monthly:generation,US,mix,,solar,,2016-07-01,2016-07-31,5.945,TWh,,,primary
ember:monthly:generation,US,mix,,solar,,2016-08-01,2016-08-31,5.911,TWh,,,primary
ember:monthly:generation,US,mix,,solar,,2016-09-01,2016-09-30,5.37,TWh,,,primary
ember:monthly:generation,US,mix,,solar,,2016-10-01,2016-10-31,4.743,TWh,,,primary
ember:monthly:generation,US,mix,,solar,,2016-11-01,2016-11-30,4.024,TWh,,,primary
ember:monthly:generation,US,mix,,solar,,2016-12-01,2016-12-31,3.591,TWh,,,primary
ember:monthly:generation,US,mix,,solar,,2017-01-01,2017-01-31,3.57,TWh,,,primary
ember:monthly:generation,US,mix,,solar,,2017-02-01,2017-02-28,4.135,TWh,,,primary
ember:monthly:generation,US,mix,,solar,,2017-03-01,2017-03-31,6.487,TWh,,,primary
ember:monthly:generation,US,mix,,solar,,2017-04-01,2017-04-30,7.102,TWh,,,primary
ember:monthly:generation,US,mix,,solar,,2017-05-01,2017-05-31,8.208,TWh,,,primary
ember:monthly:generation,US,mix,,solar,,2017-06-01,2017-06-30,8.602,TWh,,,primary
ember:monthly:generation,US,mix,,solar,,2017-07-01,2017-07-31,8.124,TWh,,,primary
ember:monthly:generation,US,mix,,solar,,2017-08-01,2017-08-31,7.848,TWh,,,primary
ember:monthly:generation,US,mix,,solar,,2017-09-01,2017-09-30,7.285,TWh,,,primary
ember:monthly:generation,US,mix,,solar,,2017-10-01,2017-10-31,6.64,TWh,,,primary
ember:monthly:generation,US,mix,,solar,,2017-11-01,2017-11-30,4.77,TWh,,,primary
ember:monthly:generation,US,mix,,solar,,2017-12-01,2017-12-31,4.507,TWh,,,primary
ember:monthly:generation,US,mix,,solar,,2018-01-01,2018-01-31,4.938,TWh,,,primary
ember:monthly:generation,US,mix,,solar,,2018-02-01,2018-02-28,5.663,TWh,,,primary
ember:monthly:generation,US,mix,,solar,,2018-03-01,2018-03-31,7.49,TWh,,,primary
ember:monthly:generation,US,mix,,solar,,2018-04-01,2018-04-30,8.796,TWh,,,primary
ember:monthly:generation,US,mix,,solar,,2018-05-01,2018-05-31,9.86,TWh,,,primary
ember:monthly:generation,US,mix,,solar,,2018-06-01,2018-06-30,10.474,TWh,,,primary
ember:monthly:generation,US,mix,,solar,,2018-07-01,2018-07-31,9.901,TWh,,,primary
ember:monthly:generation,US,mix,,solar,,2018-08-01,2018-08-31,9.712,TWh,,,primary
ember:monthly:generation,US,mix,,solar,,2018-09-01,2018-09-30,8.635,TWh,,,primary
ember:monthly:generation,US,mix,,solar,,2018-10-01,2018-10-31,7.361,TWh,,,primary
ember:monthly:generation,US,mix,,solar,,2018-11-01,2018-11-30,5.648,TWh,,,primary
ember:monthly:generation,US,mix,,solar,,2018-12-01,2018-12-31,4.885,TWh,,,primary
ember:monthly:generation,US,mix,,solar,,2019-01-01,2019-01-31,5.483,TWh,,,primary
ember:monthly:generation,US,mix,,solar,,2019-02-01,2019-02-28,5.895,TWh,,,primary
ember:monthly:generation,US,mix,,solar,,2019-03-01,2019-03-31,8.813,TWh,,,primary
ember:monthly:generation,US,mix,,solar,,2019-04-01,2019-04-30,9.997,TWh,,,primary
ember:monthly:generation,US,mix,,solar,,2019-05-01,2019-05-31,10.711,TWh,,,primary
ember:monthly:generation,US,mix,,solar,,2019-06-01,2019-06-30,11.575,TWh,,,primary
ember:monthly:generation,US,mix,,solar,,2019-07-01,2019-07-31,11.893,TWh,,,primary
ember:monthly:generation,US,mix,,solar,,2019-08-01,2019-08-31,11.488,TWh,,,primary
ember:monthly:generation,US,mix,,solar,,2019-09-01,2019-09-30,10.022,TWh,,,primary
ember:monthly:generation,US,mix,,solar,,2019-10-01,2019-10-31,8.926,TWh,,,primary
ember:monthly:generation,US,mix,,solar,,2019-11-01,2019-11-30,6.592,TWh,,,primary
ember:monthly:generation,US,mix,,solar,,2019-12-01,2019-12-31,5.5,TWh,,,primary
ember:monthly:generation,US,mix,,solar,,2020-01-01,2020-01-31,6.771,TWh,,,primary
ember:monthly:generation,US,mix,,solar,,2020-02-01,2020-02-29,8.184,TWh,,,primary
ember:monthly:generation,US,mix,,solar,,2020-03-01,2020-03-31,9.774,TWh,,,primary
ember:monthly:generation,US,mix,,solar,,2020-04-01,2020-04-30,11.736,TWh,,,primary
ember:monthly:generation,US,mix,,solar,,2020-05-01,2020-05-31,13.921,TWh,,,primary
ember:monthly:generation,US,mix,,solar,,2020-06-01,2020-06-30,13.923,TWh,,,primary
ember:monthly:generation,US,mix,,solar,,2020-07-01,2020-07-31,15.015,TWh,,,primary
ember:monthly:generation,US,mix,,solar,,2020-08-01,2020-08-31,13.514,TWh,,,primary
ember:monthly:generation,US,mix,,solar,,2020-09-01,2020-09-30,11.454,TWh,,,primary
ember:monthly:generation,US,mix,,solar,,2020-10-01,2020-10-31,10.395,TWh,,,primary
ember:monthly:generation,US,mix,,solar,,2020-11-01,2020-11-30,8.453,TWh,,,primary
ember:monthly:generation,US,mix,,solar,,2020-12-01,2020-12-31,7.58,TWh,,,primary
ember:monthly:generation,US,mix,,solar,,2021-01-01,2021-01-31,8.309,TWh,,,primary
ember:monthly:generation,US,mix,,solar,,2021-02-01,2021-02-28,9.27,TWh,,,primary
ember:monthly:generation,US,mix,,solar,,2021-03-01,2021-03-31,13.454,TWh,,,primary
ember:monthly:generation,US,mix,,solar,,2021-04-01,2021-04-30,15.502,TWh,,,primary
ember:monthly:generation,US,mix,,solar,,2021-05-01,2021-05-31,17.52,TWh,,,primary
ember:monthly:generation,US,mix,,solar,,2021-06-01,2021-06-30,17.304,TWh,,,primary
ember:monthly:generation,US,mix,,solar,,2021-07-01,2021-07-31,17.384,TWh,,,primary
ember:monthly:generation,US,mix,,solar,,2021-08-01,2021-08-31,16.891,TWh,,,primary
ember:monthly:generation,US,mix,,solar,,2021-09-01,2021-09-30,15.584,TWh,,,primary
ember:monthly:generation,US,mix,,solar,,2021-10-01,2021-10-31,13.089,TWh,,,primary
ember:monthly:generation,US,mix,,solar,,2021-11-01,2021-11-30,11.054,TWh,,,primary
ember:monthly:generation,US,mix,,solar,,2021-12-01,2021-12-31,9.061,TWh,,,primary
ember:monthly:generation,US,mix,,solar,,2022-01-01,2022-01-31,11.198,TWh,,,primary
ember:monthly:generation,US,mix,,solar,,2022-02-01,2022-02-28,12.744,TWh,,,primary
ember:monthly:generation,US,mix,,solar,,2022-03-01,2022-03-31,16.815,TWh,,,primary
ember:monthly:generation,US,mix,,solar,,2022-04-01,2022-04-30,19.073,TWh,,,primary
ember:monthly:generation,US,mix,,solar,,2022-05-01,2022-05-31,21.356,TWh,,,primary
ember:monthly:generation,US,mix,,solar,,2022-06-01,2022-06-30,22.281,TWh,,,primary
ember:monthly:generation,US,mix,,solar,,2022-07-01,2022-07-31,22.203,TWh,,,primary
ember:monthly:generation,US,mix,,solar,,2022-08-01,2022-08-31,20.697,TWh,,,primary
ember:monthly:generation,US,mix,,solar,,2022-09-01,2022-09-30,18.83,TWh,,,primary
ember:monthly:generation,US,mix,,solar,,2022-10-01,2022-10-31,16.964,TWh,,,primary
ember:monthly:generation,US,mix,,solar,,2022-11-01,2022-11-30,12.438,TWh,,,primary
ember:monthly:generation,US,mix,,solar,,2022-12-01,2022-12-31,10.475,TWh,,,primary
ember:monthly:generation,US,mix,,solar,,2023-01-01,2023-01-31,11.795,TWh,,,primary
ember:monthly:generation,US,mix,,solar,,2023-02-01,2023-02-28,13.822,TWh,,,primary
ember:monthly:generation,US,mix,,solar,,2023-03-01,2023-03-31,18.218,TWh,,,primary
ember:monthly:generation,US,mix,,solar,,2023-04-01,2023-04-30,21.803,TWh,,,primary
ember:monthly:generation,US,mix,,solar,,2023-05-01,2023-05-31,24.824,TWh,,,primary
ember:monthly:generation,US,mix,,solar,,2023-06-01,2023-06-30,25.239,TWh,,,primary
ember:monthly:generation,US,mix,,solar,,2023-07-01,2023-07-31,26.614,TWh,,,primary
ember:monthly:generation,US,mix,,solar,,2023-08-01,2023-08-31,25.248,TWh,,,primary
ember:monthly:generation,US,mix,,solar,,2023-09-01,2023-09-30,22.187,TWh,,,primary
ember:monthly:generation,US,mix,,solar,,2023-10-01,2023-10-31,20.196,TWh,,,primary
ember:monthly:generation,US,mix,,solar,,2023-11-01,2023-11-30,15.384,TWh,,,primary
ember:monthly:generation,US,mix,,solar,,2023-12-01,2023-12-31,13.606,TWh,,,primary
ember:monthly:generation,US,mix,,solar,,2024-01-01,2024-01-31,14.309,TWh,,,primary
ember:monthly:generation,US,mix,,solar,,2024-02-01,2024-02-29,17.882,TWh,,,primary
ember:monthly:generation,US,mix,,solar,,2024-03-01,2024-03-31,23.132,TWh,,,primary
ember:monthly:generation,US,mix,,solar,,2024-04-01,2024-04-30,27.073,TWh,,,primary
ember:monthly:generation,US,mix,,solar,,2024-05-01,2024-05-31,30.91,TWh,,,primary
ember:monthly:generation,US,mix,,solar,,2024-06-01,2024-06-30,33.012,TWh,,,primary
ember:monthly:generation,US,mix,,solar,,2024-07-01,2024-07-31,33.262,TWh,,,primary
ember:monthly:generation,US,mix,,solar,,2024-08-01,2024-08-31,32.741,TWh,,,primary
ember:monthly:generation,US,mix,,solar,,2024-09-01,2024-09-30,28.049,TWh,,,primary
ember:monthly:generation,US,mix,,solar,,2024-10-01,2024-10-31,26.564,TWh,,,primary
ember:monthly:generation,US,mix,,solar,,2024-11-01,2024-11-30,19.234,TWh,,,primary
ember:monthly:generation,US,mix,,solar,,2024-12-01,2024-12-31,17.585,TWh,,,primary
ember:monthly:generation,US,mix,,solar,,2025-01-01,2025-01-31,20.851,TWh,,,primary
ember:monthly:generation,US,mix,,solar,,2025-02-01,2025-02-28,22.253,TWh,,,primary
ember:monthly:generation,US,mix,,solar,,2025-03-01,2025-03-31,31.199,TWh,,,primary
ember:monthly:generation,US,mix,,solar,,2025-04-01,2025-04-30,35.538,TWh,,,primary
ember:monthly:generation,US,mix,,solar,,2025-05-01,2025-05-31,39.051,TWh,,,primary
ember:monthly:generation,US,mix,,solar,,2025-06-01,2025-06-30,41.458,TWh,,,primary
ember:monthly:generation,US,mix,,solar,,2025-07-01,2025-07-31,43.281,TWh,,,primary
ember:monthly:generation,US,mix,,solar,,2025-08-01,2025-08-31,41.128,TWh,,,primary
ember:monthly:generation,US,mix,,solar,,2025-09-01,2025-09-30,36.325,TWh,,,primary
ember:monthly:generation,US,mix,,solar,,2025-10-01,2025-10-31,32.195,TWh,,,primary
ember:monthly:generation,US,mix,,solar,,2025-11-01,2025-11-30,24.58,TWh,,,primary
ember:monthly:generation,US,mix,,solar,,2025-12-01,2025-12-31,20.962,TWh,,,primary
ember:monthly:generation,US,mix,,solar,,2026-01-01,2026-01-31,24.036,TWh,,,primary
ember:monthly:generation,US,mix,,solar,,2026-02-01,2026-02-28,27.739,TWh,,,primary
ember:monthly:generation,US,mix,,solar,,2026-03-01,2026-03-31,37.953,TWh,,,primary
ember:monthly:generation,US,mix,,solar,,2026-04-01,2026-04-30,40.912,TWh,,,primary
ember:monthly:generation,US,mix,,solar,,2026-05-01,2026-05-31,47.147,TWh,,,primary
ember:monthly:generation,US,mix,,solar,,2026-06-01,2026-06-30,49.648,TWh,,,primary
ember:monthly:generation,US,mix,,solar,,2026-07-01,2026-07-31,52.839,TWh,,,primary
ember:monthly:generation,US,mix,,solar,,2026-08-01,2026-08-31,50.78,TWh,,,primary
ember:monthly:generation,US,mix,,total,,2015-01-01,2015-01-31,360.408,TWh,,,primary
ember:monthly:generation,US,mix,,total,,2015-02-01,2015-02-28,334.416,TWh,,,primary
ember:monthly:generation,US,mix,,total,,2015-03-01,2015-03-31,324.858,TWh,,,primary
ember:monthly:generation,US,mix,,total,,2015-04-01,2015-04-30,294.825,TWh,,,primary
ember:monthly:generation,US,mix,,total,,2015-05-01,2015-05-31,322.791,TWh,,,primary
ember:monthly:generation,US,mix,,total,,2015-06-01,2015-06-30,363.241,TWh,,,primary
ember:monthly:generation,US,mix,,total,,2015-07-01,2015-07-31,401.088,TWh,,,primary
ember:monthly:generation,US,mix,,total,,2015-08-01,2015-08-31,392.826,TWh,,,primary
ember:monthly:generation,US,mix,,total,,2015-09-01,2015-09-30,350.685,TWh,,,primary
ember:monthly:generation,US,mix,,total,,2015-10-01,2015-10-31,312.765,TWh,,,primary
ember:monthly:generation,US,mix,,total,,2015-11-01,2015-11-30,301.203,TWh,,,primary
ember:monthly:generation,US,mix,,total,,2015-12-01,2015-12-31,324.884,TWh,,,primary
ember:monthly:generation,US,mix,,total,,2016-01-01,2016-01-31,353.004,TWh,,,primary
ember:monthly:generation,US,mix,,total,,2016-02-01,2016-02-29,314.2,TWh,,,primary
ember:monthly:generation,US,mix,,total,,2016-03-01,2016-03-31,305.263,TWh,,,primary
ember:monthly:generation,US,mix,,total,,2016-04-01,2016-04-30,293.873,TWh,,,primary
ember:monthly:generation,US,mix,,total,,2016-05-01,2016-05-31,317.964,TWh,,,primary
ember:monthly:generation,US,mix,,total,,2016-06-01,2016-06-30,368.946,TWh,,,primary
ember:monthly:generation,US,mix,,total,,2016-07-01,2016-07-31,413.095,TWh,,,primary
ember:monthly:generation,US,mix,,total,,2016-08-01,2016-08-31,410.844,TWh,,,primary
ember:monthly:generation,US,mix,,total,,2016-09-01,2016-09-30,352.507,TWh,,,primary
ember:monthly:generation,US,mix,,total,,2016-10-01,2016-10-31,314.122,TWh,,,primary
ember:monthly:generation,US,mix,,total,,2016-11-01,2016-11-30,297.81,TWh,,,primary
ember:monthly:generation,US,mix,,total,,2016-12-01,2016-12-31,345.928,TWh,,,primary
ember:monthly:generation,US,mix,,total,,2017-01-01,2017-01-31,344.909,TWh,,,primary
ember:monthly:generation,US,mix,,total,,2017-02-01,2017-02-28,291.962,TWh,,,primary
ember:monthly:generation,US,mix,,total,,2017-03-01,2017-03-31,320.893,TWh,,,primary
ember:monthly:generation,US,mix,,total,,2017-04-01,2017-04-30,297.373,TWh,,,primary
ember:monthly:generation,US,mix,,total,,2017-05-01,2017-05-31,325.281,TWh,,,primary
ember:monthly:generation,US,mix,,total,,2017-06-01,2017-06-30,360.352,TWh,,,primary
ember:monthly:generation,US,mix,,total,,2017-07-01,2017-07-31,406.35,TWh,,,primary
ember:monthly:generation,US,mix,,total,,2017-08-01,2017-08-31,386.691,TWh,,,primary
ember:monthly:generation,US,mix,,total,,2017-09-01,2017-09-30,337.645,TWh,,,primary
ember:monthly:generation,US,mix,,total,,2017-10-01,2017-10-31,320.317,TWh,,,primary
ember:monthly:generation,US,mix,,total,,2017-11-01,2017-11-30,309.121,TWh,,,primary
ember:monthly:generation,US,mix,,total,,2017-12-01,2017-12-31,351.418,TWh,,,primary
ember:monthly:generation,US,mix,,total,,2018-01-01,2018-01-31,374.15,TWh,,,primary
ember:monthly:generation,US,mix,,total,,2018-02-01,2018-02-28,308.158,TWh,,,primary
ember:monthly:generation,US,mix,,total,,2018-03-01,2018-03-31,323.592,TWh,,,primary
ember:monthly:generation,US,mix,,total,,2018-04-01,2018-04-30,303.069,TWh,,,primary
ember:monthly:generation,US,mix,,total,,2018-05-01,2018-05-31,341.671,TWh,,,primary
ember:monthly:generation,US,mix,,total,,2018-06-01,2018-06-30,374.313,TWh,,,primary
ember:monthly:generation,US,mix,,total,,2018-07-01,2018-07-31,413.727,TWh,,,primary
ember:monthly:generation,US,mix,,total,,2018-08-01,2018-08-31,410.373,TWh,,,primary
ember:monthly:generation,US,mix,,total,,2018-09-01,2018-09-30,358.325,TWh,,,primary
ember:monthly:generation,US,mix,,total,,2018-10-01,2018-10-31,326.993,TWh,,,primary
ember:monthly:generation,US,mix,,total,,2018-11-01,2018-11-30,323.839,TWh,,,primary
ember:monthly:generation,US,mix,,total,,2018-12-01,2018-12-31,343.352,TWh,,,primary
ember:monthly:generation,US,mix,,total,,2019-01-01,2019-01-31,360.826,TWh,,,primary
ember:monthly:generation,US,mix,,total,,2019-02-01,2019-02-28,316.584,TWh,,,primary
ember:monthly:generation,US,mix,,total,,2019-03-01,2019-03-31,329.224,TWh,,,primary
ember:monthly:generation,US,mix,,total,,2019-04-01,2019-04-30,299.715,TWh,,,primary
ember:monthly:generation,US,mix,,total,,2019-05-01,2019-05-31,333.413,TWh,,,primary
ember:monthly:generation,US,mix,,total,,2019-06-01,2019-06-30,356.22,TWh,,,primary
ember:monthly:generation,US,mix,,total,,2019-07-01,2019-07-31,413.201,TWh,,,primary
ember:monthly:generation,US,mix,,total,,2019-08-01,2019-08-31,404.561,TWh,,,primary
ember:monthly:generation,US,mix,,total,,2019-09-01,2019-09-30,363.322,TWh,,,primary
ember:monthly:generation,US,mix,,total,,2019-10-01,2019-10-31,323.19,TWh,,,primary
ember:monthly:generation,US,mix,,total,,2019-11-01,2019-11-30,317.941,TWh,,,primary
ember:monthly:generation,US,mix,,total,,2019-12-01,2019-12-31,340.198,TWh,,,primary
ember:monthly:generation,US,mix,,total,,2020-01-01,2020-01-31,343.742,TWh,,,primary
ember:monthly:generation,US,mix,,total,,2020-02-01,2020-02-29,321.826,TWh,,,primary
ember:monthly:generation,US,mix,,total,,2020-03-01,2020-03-31,312.508,TWh,,,primary
ember:monthly:generation,US,mix,,total,,2020-04-01,2020-04-30,282.967,TWh,,,primary
ember:monthly:generation,US,mix,,total,,2020-05-01,2020-05-31,308.441,TWh,,,primary
ember:monthly:generation,US,mix,,total,,2020-06-01,2020-06-30,355.387,TWh,,,primary
ember:monthly:generation,US,mix,,total,,2020-07-01,2020-07-31,413.303,TWh,,,primary
ember:monthly:generation,US,mix,,total,,2020-08-01,2020-08-31,401.862,TWh,,,primary
ember:monthly:generation,US,mix,,total,,2020-09-01,2020-09-30,336.715,TWh,,,primary
ember:monthly:generation,US,mix,,total,,2020-10-01,2020-10-31,316.673,TWh,,,primary
ember:monthly:generation,US,mix,,total,,2020-11-01,2020-11-30,303.494,TWh,,,primary
ember:monthly:generation,US,mix,,total,,2020-12-01,2020-12-31,346.261,TWh,,,primary
ember:monthly:generation,US,mix,,total,,2021-01-01,2021-01-31,351.463,TWh,,,primary
ember:monthly:generation,US,mix,,total,,2021-02-01,2021-02-28,326.362,TWh,,,primary
ember:monthly:generation,US,mix,,total,,2021-03-01,2021-03-31,315.12,TWh,,,primary
ember:monthly:generation,US,mix,,total,,2021-04-01,2021-04-30,297.676,TWh,,,primary
ember:monthly:generation,US,mix,,total,,2021-05-01,2021-05-31,324.901,TWh,,,primary
ember:monthly:generation,US,mix,,total,,2021-06-01,2021-06-30,378.689,TWh,,,primary
ember:monthly:generation,US,mix,,total,,2021-07-01,2021-07-31,410.315,TWh,,,primary
ember:monthly:generation,US,mix,,total,,2021-08-01,2021-08-31,417.217,TWh,,,primary
ember:monthly:generation,US,mix,,total,,2021-09-01,2021-09-30,351.661,TWh,,,primary
ember:monthly:generation,US,mix,,total,,2021-10-01,2021-10-31,323.556,TWh,,,primary
ember:monthly:generation,US,mix,,total,,2021-11-01,2021-11-30,316.976,TWh,,,primary
ember:monthly:generation,US,mix,,total,,2021-12-01,2021-12-31,339.683,TWh,,,primary
ember:monthly:generation,US,mix,,total,,2022-01-01,2022-01-31,376.771,TWh,,,primary
ember:monthly:generation,US,mix,,total,,2022-02-01,2022-02-28,327.579,TWh,,,primary
ember:monthly:generation,US,mix,,total,,2022-03-01,2022-03-31,329.34,TWh,,,primary
ember:monthly:generation,US,mix,,total,,2022-04-01,2022-04-30,309.298,TWh,,,primary
ember:monthly:generation,US,mix,,total,,2022-05-01,2022-05-31,347.98,TWh,,,primary
ember:monthly:generation,US,mix,,total,,2022-06-01,2022-06-30,384.845,TWh,,,primary
ember:monthly:generation,US,mix,,total,,2022-07-01,2022-07-31,429.098,TWh,,,primary
ember:monthly:generation,US,mix,,total,,2022-08-01,2022-08-31,417.926,TWh,,,primary
ember:monthly:generation,US,mix,,total,,2022-09-01,2022-09-30,356.71,TWh,,,primary
ember:monthly:generation,US,mix,,total,,2022-10-01,2022-10-31,318.543,TWh,,,primary
ember:monthly:generation,US,mix,,total,,2022-11-01,2022-11-30,325.414,TWh,,,primary
ember:monthly:generation,US,mix,,total,,2022-12-01,2022-12-31,363.393,TWh,,,primary
ember:monthly:generation,US,mix,,total,,2023-01-01,2023-01-31,351.685,TWh,,,primary
ember:monthly:generation,US,mix,,total,,2023-02-01,2023-02-28,315.088,TWh,,,primary
ember:monthly:generation,US,mix,,total,,2023-03-01,2023-03-31,337.557,TWh,,,primary
ember:monthly:generation,US,mix,,total,,2023-04-01,2023-04-30,308.501,TWh,,,primary
ember:monthly:generation,US,mix,,total,,2023-05-01,2023-05-31,334.863,TWh,,,primary
ember:monthly:generation,US,mix,,total,,2023-06-01,2023-06-30,366.409,TWh,,,primary
ember:monthly:generation,US,mix,,total,,2023-07-01,2023-07-31,432.688,TWh,,,primary
ember:monthly:generation,US,mix,,total,,2023-08-01,2023-08-31,429.931,TWh,,,primary
ember:monthly:generation,US,mix,,total,,2023-09-01,2023-09-30,366.661,TWh,,,primary
ember:monthly:generation,US,mix,,total,,2023-10-01,2023-10-31,332.691,TWh,,,primary
ember:monthly:generation,US,mix,,total,,2023-11-01,2023-11-30,325.727,TWh,,,primary
ember:monthly:generation,US,mix,,total,,2023-12-01,2023-12-31,352.121,TWh,,,primary
ember:monthly:generation,US,mix,,total,,2024-01-01,2024-01-31,385.674,TWh,,,primary
ember:monthly:generation,US,mix,,total,,2024-02-01,2024-02-29,327.515,TWh,,,primary
ember:monthly:generation,US,mix,,total,,2024-03-01,2024-03-31,332.025,TWh,,,primary
ember:monthly:generation,US,mix,,total,,2024-04-01,2024-04-30,318.491,TWh,,,primary
ember:monthly:generation,US,mix,,total,,2024-05-01,2024-05-31,356.896,TWh,,,primary
ember:monthly:generation,US,mix,,total,,2024-06-01,2024-06-30,399.964,TWh,,,primary
ember:monthly:generation,US,mix,,total,,2024-07-01,2024-07-31,437.809,TWh,,,primary
ember:monthly:generation,US,mix,,total,,2024-08-01,2024-08-31,431.283,TWh,,,primary
ember:monthly:generation,US,mix,,total,,2024-09-01,2024-09-30,366.842,TWh,,,primary
ember:monthly:generation,US,mix,,total,,2024-10-01,2024-10-31,340.672,TWh,,,primary
ember:monthly:generation,US,mix,,total,,2024-11-01,2024-11-30,327.703,TWh,,,primary
ember:monthly:generation,US,mix,,total,,2024-12-01,2024-12-31,366.164,TWh,,,primary
ember:monthly:generation,US,mix,,total,,2025-01-01,2025-01-31,407.389,TWh,,,primary
ember:monthly:generation,US,mix,,total,,2025-02-01,2025-02-28,344.231,TWh,,,primary
ember:monthly:generation,US,mix,,total,,2025-03-01,2025-03-31,341.36,TWh,,,primary
ember:monthly:generation,US,mix,,total,,2025-04-01,2025-04-30,329.092,TWh,,,primary
ember:monthly:generation,US,mix,,total,,2025-05-01,2025-05-31,353.161,TWh,,,primary
ember:monthly:generation,US,mix,,total,,2025-06-01,2025-06-30,402.446,TWh,,,primary
ember:monthly:generation,US,mix,,total,,2025-07-01,2025-07-31,455.769,TWh,,,primary
ember:monthly:generation,US,mix,,total,,2025-08-01,2025-08-31,429.216,TWh,,,primary
ember:monthly:generation,US,mix,,total,,2025-09-01,2025-09-30,376.082,TWh,,,primary
ember:monthly:generation,US,mix,,total,,2025-10-01,2025-10-31,352.575,TWh,,,primary
ember:monthly:generation,US,mix,,total,,2025-11-01,2025-11-30,340.817,TWh,,,primary
ember:monthly:generation,US,mix,,total,,2025-12-01,2025-12-31,387.652,TWh,,,primary
ember:monthly:generation,US,mix,,total,,2026-01-01,2026-01-31,405.348,TWh,,,primary
ember:monthly:generation,US,mix,,total,,2026-02-01,2026-02-28,349.055,TWh,,,primary
ember:monthly:generation,US,mix,,total,,2026-03-01,2026-03-31,357.608,TWh,,,primary
ember:monthly:generation,US,mix,,total,,2026-04-01,2026-04-30,340.315,TWh,,,primary
ember:monthly:generation,US,mix,,total,,2026-05-01,2026-05-31,365.153,TWh,,,primary
ember:monthly:generation,US,mix,,total,,2026-06-01,2026-06-30,410.15,TWh,,,primary
ember:monthly:generation,US,mix,,total,,2026-07-01,2026-07-31,467.936,TWh,,,primary
ember:monthly:generation,US,mix,,total,,2026-08-01,2026-08-31,465.153,TWh,,,primary
ember:monthly:generation,US,mix,,wind,,2015-01-01,2015-01-31,15.162,TWh,,,primary
ember:monthly:generation,US,mix,,wind,,2015-02-01,2015-02-28,14.922,TWh,,,primary
ember:monthly:generation,US,mix,,wind,,2015-03-01,2015-03-31,15.308,TWh,,,primary
ember:monthly:generation,US,mix,,wind,,2015-04-01,2015-04-30,17.867,TWh,,,primary
ember:monthly:generation,US,mix,,wind,,2015-05-01,2015-05-31,17.151,TWh,,,primary
ember:monthly:generation,US,mix,,wind,,2015-06-01,2015-06-30,13.421,TWh,,,primary
ember:monthly:generation,US,mix,,wind,,2015-07-01,2015-07-31,13.675,TWh,,,primary
ember:monthly:generation,US,mix,,wind,,2015-08-01,2015-08-31,13.08,TWh,,,primary
ember:monthly:generation,US,mix,,wind,,2015-09-01,2015-09-30,13.972,TWh,,,primary
ember:monthly:generation,US,mix,,wind,,2015-10-01,2015-10-31,16.38,TWh,,,primary
ember:monthly:generation,US,mix,,wind,,2015-11-01,2015-11-30,19.682,TWh,,,primary
ember:monthly:generation,US,mix,,wind,,2015-12-01,2015-12-31,20.098,TWh,,,primary
ember:monthly:generation,US,mix,,wind,,2016-01-01,2016-01-31,18.466,TWh,,,primary
ember:monthly:generation,US,mix,,wind,,2016-02-01,2016-02-29,20.138,TWh,,,primary
ember:monthly:generation,US,mix,,wind,,2016-03-01,2016-03-31,21.939,TWh,,,primary
ember:monthly:generation,US,mix,,wind,,2016-04-01,2016-04-30,20.799,TWh,,,primary
ember:monthly:generation,US,mix,,wind,,2016-05-01,2016-05-31,18.848,TWh,,,primary
ember:monthly:generation,US,mix,,wind,,2016-06-01,2016-06-30,16.303,TWh,,,primary
ember:monthly:generation,US,mix,,wind,,2016-07-01,2016-07-31,17.618,TWh,,,primary
ember:monthly:generation,US,mix,,wind,,2016-08-01,2016-08-31,13.589,TWh,,,primary
ember:monthly:generation,US,mix,,wind,,2016-09-01,2016-09-30,16.404,TWh,,,primary
ember:monthly:generation,US,mix,,wind,,2016-10-01,2016-10-31,20.335,TWh,,,primary
ember:monthly:generation,US,mix,,wind,,2016-11-01,2016-11-30,19.406,TWh,,,primary
ember:monthly:generation,US,mix,,wind,,2016-12-01,2016-12-31,23.146,TWh,,,primary
ember:monthly:generation,US,mix,,wind,,2017-01-01,2017-01-31,20.799,TWh,,,primary
ember:monthly:generation,US,mix,,wind,,2017-02-01,2017-02-28,22.091,TWh,,,primary
ember:monthly:generation,US,mix,,wind,,2017-03-01,2017-03-31,25.731,TWh,,,primary
ember:monthly:generation,US,mix,,wind,,2017-04-01,2017-04-30,25.378,TWh,,,primary
ember:monthly:generation,US,mix,,wind,,2017-05-01,2017-05-31,23.068,TWh,,,primary
ember:monthly:generation,US,mix,,wind,,2017-06-01,2017-06-30,20.142,TWh,,,primary
ember:monthly:generation,US,mix,,wind,,2017-07-01,2017-07-31,16.12,TWh,,,primary
ember:monthly:generation,US,mix,,wind,,2017-08-01,2017-08-31,13.879,TWh,,,primary
ember:monthly:generation,US,mix,,wind,,2017-09-01,2017-09-30,17.912,TWh,,,primary
ember:monthly:generation,US,mix,,wind,,2017-10-01,2017-10-31,24.369,TWh,,,primary
ember:monthly:generation,US,mix,,wind,,2017-11-01,2017-11-30,22.615,TWh,,,primary
ember:monthly:generation,US,mix,,wind,,2017-12-01,2017-12-31,22.201,TWh,,,primary
ember:monthly:generation,US,mix,,wind,,2018-01-01,2018-01-31,25.599,TWh,,,primary
ember:monthly:generation,US,mix,,wind,,2018-02-01,2018-02-28,23.189,TWh,,,primary
ember:monthly:generation,US,mix,,wind,,2018-03-01,2018-03-31,26.464,TWh,,,primary
ember:monthly:generation,US,mix,,wind,,2018-04-01,2018-04-30,26.431,TWh,,,primary
ember:monthly:generation,US,mix,,wind,,2018-05-01,2018-05-31,23.953,TWh,,,primary
ember:monthly:generation,US,mix,,wind,,2018-06-01,2018-06-30,24.703,TWh,,,primary
ember:monthly:generation,US,mix,,wind,,2018-07-01,2018-07-31,16.447,TWh,,,primary
ember:monthly:generation,US,mix,,wind,,2018-08-01,2018-08-31,19.846,TWh,,,primary
ember:monthly:generation,US,mix,,wind,,2018-09-01,2018-09-30,18.52,TWh,,,primary
ember:monthly:generation,US,mix,,wind,,2018-10-01,2018-10-31,21.194,TWh,,,primary
ember:monthly:generation,US,mix,,wind,,2018-11-01,2018-11-30,22.016,TWh,,,primary
ember:monthly:generation,US,mix,,wind,,2018-12-01,2018-12-31,24.306,TWh,,,primary
ember:monthly:generation,US,mix,,wind,,2019-01-01,2019-01-31,24.301,TWh,,,primary
ember:monthly:generation,US,mix,,wind,,2019-02-01,2019-02-28,22.623,TWh,,,primary
ember:monthly:generation,US,mix,,wind,,2019-03-01,2019-03-31,25.773,TWh,,,primary
ember:monthly:generation,US,mix,,wind,,2019-04-01,2019-04-30,28.915,TWh,,,primary
ember:monthly:generation,US,mix,,wind,,2019-05-01,2019-05-31,25.779,TWh,,,primary
ember:monthly:generation,US,mix,,wind,,2019-06-01,2019-06-30,22.446,TWh,,,primary
ember:monthly:generation,US,mix,,wind,,2019-07-01,2019-07-31,22.101,TWh,,,primary
ember:monthly:generation,US,mix,,wind,,2019-08-01,2019-08-31,19.978,TWh,,,primary
ember:monthly:generation,US,mix,,wind,,2019-09-01,2019-09-30,24.513,TWh,,,primary
ember:monthly:generation,US,mix,,wind,,2019-10-01,2019-10-31,27.625,TWh,,,primary
ember:monthly:generation,US,mix,,wind,,2019-11-01,2019-11-30,25.184,TWh,,,primary
ember:monthly:generation,US,mix,,wind,,2019-12-01,2019-12-31,26.644,TWh,,,primary
ember:monthly:generation,US,mix,,wind,,2020-01-01,2020-01-31,28.121,TWh,,,primary
ember:monthly:generation,US,mix,,wind,,2020-02-01,2020-02-29,29.11,TWh,,,primary
ember:monthly:generation,US,mix,,wind,,2020-03-01,2020-03-31,29.32,TWh,,,primary
ember:monthly:generation,US,mix,,wind,,2020-04-01,2020-04-30,29.752,TWh,,,primary
ember:monthly:generation,US,mix,,wind,,2020-05-01,2020-05-31,28.378,TWh,,,primary
ember:monthly:generation,US,mix,,wind,,2020-06-01,2020-06-30,30.212,TWh,,,primary
ember:monthly:generation,US,mix,,wind,,2020-07-01,2020-07-31,22.866,TWh,,,primary
ember:monthly:generation,US,mix,,wind,,2020-08-01,2020-08-31,23.029,TWh,,,primary
ember:monthly:generation,US,mix,,wind,,2020-09-01,2020-09-30,23.186,TWh,,,primary
ember:monthly:generation,US,mix,,wind,,2020-10-01,2020-10-31,28.823,TWh,,,primary
ember:monthly:generation,US,mix,,wind,,2020-11-01,2020-11-30,33.129,TWh,,,primary
ember:monthly:generation,US,mix,,wind,,2020-12-01,2020-12-31,32.011,TWh,,,primary
ember:monthly:generation,US,mix,,wind,,2021-01-01,2021-01-31,30.06,TWh,,,primary
ember:monthly:generation,US,mix,,wind,,2021-02-01,2021-02-28,26.716,TWh,,,primary
ember:monthly:generation,US,mix,,wind,,2021-03-01,2021-03-31,39.205,TWh,,,primary
ember:monthly:generation,US,mix,,wind,,2021-04-01,2021-04-30,36.158,TWh,,,primary
ember:monthly:generation,US,mix,,wind,,2021-05-01,2021-05-31,33.787,TWh,,,primary
ember:monthly:generation,US,mix,,wind,,2021-06-01,2021-06-30,26.672,TWh,,,primary
ember:monthly:generation,US,mix,,wind,,2021-07-01,2021-07-31,21.716,TWh,,,primary
ember:monthly:generation,US,mix,,wind,,2021-08-01,2021-08-31,27.071,TWh,,,primary
ember:monthly:generation,US,mix,,wind,,2021-09-01,2021-09-30,28.998,TWh,,,primary
ember:monthly:generation,US,mix,,wind,,2021-10-01,2021-10-31,32.215,TWh,,,primary
ember:monthly:generation,US,mix,,wind,,2021-11-01,2021-11-30,35.751,TWh,,,primary
ember:monthly:generation,US,mix,,wind,,2021-12-01,2021-12-31,39.849,TWh,,,primary
ember:monthly:generation,US,mix,,wind,,2022-01-01,2022-01-31,37.416,TWh,,,primary
ember:monthly:generation,US,mix,,wind,,2022-02-01,2022-02-28,37.645,TWh,,,primary
ember:monthly:generation,US,mix,,wind,,2022-03-01,2022-03-31,43.031,TWh,,,primary
ember:monthly:generation,US,mix,,wind,,2022-04-01,2022-04-30,46.167,TWh,,,primary
ember:monthly:generation,US,mix,,wind,,2022-05-01,2022-05-31,42.124,TWh,,,primary
ember:monthly:generation,US,mix,,wind,,2022-06-01,2022-06-30,33.768,TWh,,,primary
ember:monthly:generation,US,mix,,wind,,2022-07-01,2022-07-31,29.475,TWh,,,primary
ember:monthly:generation,US,mix,,wind,,2022-08-01,2022-08-31,24.718,TWh,,,primary
ember:monthly:generation,US,mix,,wind,,2022-09-01,2022-09-30,27.331,TWh,,,primary
ember:monthly:generation,US,mix,,wind,,2022-10-01,2022-10-31,32.745,TWh,,,primary
ember:monthly:generation,US,mix,,wind,,2022-11-01,2022-11-30,41.199,TWh,,,primary
ember:monthly:generation,US,mix,,wind,,2022-12-01,2022-12-31,38.68,TWh,,,primary
ember:monthly:generation,US,mix,,wind,,2023-01-01,2023-01-31,38.358,TWh,,,primary
ember:monthly:generation,US,mix,,wind,,2023-02-01,2023-02-28,41.424,TWh,,,primary
ember:monthly:generation,US,mix,,wind,,2023-03-01,2023-03-31,43.584,TWh,,,primary
ember:monthly:generation,US,mix,,wind,,2023-04-01,2023-04-30,42.746,TWh,,,primary
ember:monthly:generation,US,mix,,wind,,2023-05-01,2023-05-31,32.227,TWh,,,primary
ember:monthly:generation,US,mix,,wind,,2023-06-01,2023-06-30,27.547,TWh,,,primary
ember:monthly:generation,US,mix,,wind,,2023-07-01,2023-07-31,28.005,TWh,,,primary
ember:monthly:generation,US,mix,,wind,,2023-08-01,2023-08-31,28.394,TWh,,,primary
ember:monthly:generation,US,mix,,wind,,2023-09-01,2023-09-30,28.353,TWh,,,primary
ember:monthly:generation,US,mix,,wind,,2023-10-01,2023-10-31,36.02,TWh,,,primary
ember:monthly:generation,US,mix,,wind,,2023-11-01,2023-11-30,36.445,TWh,,,primary
ember:monthly:generation,US,mix,,wind,,2023-12-01,2023-12-31,38.038,TWh,,,primary
ember:monthly:generation,US,mix,,wind,,2024-01-01,2024-01-31,34.791,TWh,,,primary
ember:monthly:generation,US,mix,,wind,,2024-02-01,2024-02-29,40.982,TWh,,,primary
ember:monthly:generation,US,mix,,wind,,2024-03-01,2024-03-31,45.102,TWh,,,primary
ember:monthly:generation,US,mix,,wind,,2024-04-01,2024-04-30,47.088,TWh,,,primary
ember:monthly:generation,US,mix,,wind,,2024-05-01,2024-05-31,39.256,TWh,,,primary
ember:monthly:generation,US,mix,,wind,,2024-06-01,2024-06-30,38.661,TWh,,,primary
ember:monthly:generation,US,mix,,wind,,2024-07-01,2024-07-31,28.304,TWh,,,primary
ember:monthly:generation,US,mix,,wind,,2024-08-01,2024-08-31,29.29,TWh,,,primary
ember:monthly:generation,US,mix,,wind,,2024-09-01,2024-09-30,29.178,TWh,,,primary
ember:monthly:generation,US,mix,,wind,,2024-10-01,2024-10-31,39.592,TWh,,,primary
ember:monthly:generation,US,mix,,wind,,2024-11-01,2024-11-30,40.133,TWh,,,primary
ember:monthly:generation,US,mix,,wind,,2024-12-01,2024-12-31,39.527,TWh,,,primary
ember:monthly:generation,US,mix,,wind,,2025-01-01,2025-01-31,43.6,TWh,,,primary
ember:monthly:generation,US,mix,,wind,,2025-02-01,2025-02-28,39.346,TWh,,,primary
ember:monthly:generation,US,mix,,wind,,2025-03-01,2025-03-31,50.591,TWh,,,primary
ember:monthly:generation,US,mix,,wind,,2025-04-01,2025-04-30,45.876,TWh,,,primary
ember:monthly:generation,US,mix,,wind,,2025-05-01,2025-05-31,36.873,TWh,,,primary
ember:monthly:generation,US,mix,,wind,,2025-06-01,2025-06-30,35.776,TWh,,,primary
ember:monthly:generation,US,mix,,wind,,2025-07-01,2025-07-31,31.81,TWh,,,primary
ember:monthly:generation,US,mix,,wind,,2025-08-01,2025-08-31,27.307,TWh,,,primary
ember:monthly:generation,US,mix,,wind,,2025-09-01,2025-09-30,25.673,TWh,,,primary
ember:monthly:generation,US,mix,,wind,,2025-10-01,2025-10-31,39.534,TWh,,,primary
ember:monthly:generation,US,mix,,wind,,2025-11-01,2025-11-30,40.957,TWh,,,primary
ember:monthly:generation,US,mix,,wind,,2025-12-01,2025-12-31,47.048,TWh,,,primary
ember:monthly:generation,US,mix,,wind,,2026-01-01,2026-01-31,44.434,TWh,,,primary
ember:monthly:generation,US,mix,,wind,,2026-02-01,2026-02-28,39.707,TWh,,,primary
ember:monthly:generation,US,mix,,wind,,2026-03-01,2026-03-31,52.219,TWh,,,primary
ember:monthly:generation,US,mix,,wind,,2026-04-01,2026-04-30,49.136,TWh,,,primary
ember:monthly:generation,US,mix,,wind,,2026-05-01,2026-05-31,41.157,TWh,,,primary
ember:monthly:generation,US,mix,,wind,,2026-06-01,2026-06-30,41.888,TWh,,,primary
ember:monthly:generation,US,mix,,wind,,2026-07-01,2026-07-31,32.347,TWh,,,primary
ember:monthly:generation,US,mix,,wind,,2026-08-01,2026-08-31,33.906,TWh,,,primary
ember:monthly:generation,ZA,mix,,coal,,2018-01-01,2018-01-31,19.16,TWh,,,primary
ember:monthly:generation,ZA,mix,,coal,,2018-02-01,2018-02-28,17.49,TWh,,,primary
ember:monthly:generation,ZA,mix,,coal,,2018-03-01,2018-03-31,19.89,TWh,,,primary
ember:monthly:generation,ZA,mix,,coal,,2018-04-01,2018-04-30,18.58,TWh,,,primary
ember:monthly:generation,ZA,mix,,coal,,2018-05-01,2018-05-31,20.68,TWh,,,primary
ember:monthly:generation,ZA,mix,,coal,,2018-06-01,2018-06-30,20.12,TWh,,,primary
ember:monthly:generation,ZA,mix,,coal,,2018-07-01,2018-07-31,20.49,TWh,,,primary
ember:monthly:generation,ZA,mix,,coal,,2018-08-01,2018-08-31,19.83,TWh,,,primary
ember:monthly:generation,ZA,mix,,coal,,2018-09-01,2018-09-30,18.95,TWh,,,primary
ember:monthly:generation,ZA,mix,,coal,,2018-10-01,2018-10-31,20.1,TWh,,,primary
ember:monthly:generation,ZA,mix,,coal,,2018-11-01,2018-11-30,19.22,TWh,,,primary
ember:monthly:generation,ZA,mix,,coal,,2018-12-01,2018-12-31,18.49,TWh,,,primary
ember:monthly:generation,ZA,mix,,coal,,2019-01-01,2019-01-31,18.21,TWh,,,primary
ember:monthly:generation,ZA,mix,,coal,,2019-02-01,2019-02-28,16.59,TWh,,,primary
ember:monthly:generation,ZA,mix,,coal,,2019-03-01,2019-03-31,18.22,TWh,,,primary
ember:monthly:generation,ZA,mix,,coal,,2019-04-01,2019-04-30,18.34,TWh,,,primary
ember:monthly:generation,ZA,mix,,coal,,2019-05-01,2019-05-31,20.07,TWh,,,primary
ember:monthly:generation,ZA,mix,,coal,,2019-06-01,2019-06-30,19.61,TWh,,,primary
ember:monthly:generation,ZA,mix,,coal,,2019-07-01,2019-07-31,20.09,TWh,,,primary
ember:monthly:generation,ZA,mix,,coal,,2019-08-01,2019-08-31,19.2,TWh,,,primary
ember:monthly:generation,ZA,mix,,coal,,2019-09-01,2019-09-30,18.58,TWh,,,primary
ember:monthly:generation,ZA,mix,,coal,,2019-10-01,2019-10-31,19.56,TWh,,,primary
ember:monthly:generation,ZA,mix,,coal,,2019-11-01,2019-11-30,18.65,TWh,,,primary
ember:monthly:generation,ZA,mix,,coal,,2019-12-01,2019-12-31,17.51,TWh,,,primary
ember:monthly:generation,ZA,mix,,coal,,2020-01-01,2020-01-31,17.75,TWh,,,primary
ember:monthly:generation,ZA,mix,,coal,,2020-02-01,2020-02-29,16.97,TWh,,,primary
ember:monthly:generation,ZA,mix,,coal,,2020-03-01,2020-03-31,17.63,TWh,,,primary
ember:monthly:generation,ZA,mix,,coal,,2020-04-01,2020-04-30,14.36,TWh,,,primary
ember:monthly:generation,ZA,mix,,coal,,2020-05-01,2020-05-31,17.57,TWh,,,primary
ember:monthly:generation,ZA,mix,,coal,,2020-06-01,2020-06-30,19.0,TWh,,,primary
ember:monthly:generation,ZA,mix,,coal,,2020-07-01,2020-07-31,19.37,TWh,,,primary
ember:monthly:generation,ZA,mix,,coal,,2020-08-01,2020-08-31,18.8,TWh,,,primary
ember:monthly:generation,ZA,mix,,coal,,2020-09-01,2020-09-30,18.25,TWh,,,primary
ember:monthly:generation,ZA,mix,,coal,,2020-10-01,2020-10-31,18.88,TWh,,,primary
ember:monthly:generation,ZA,mix,,coal,,2020-11-01,2020-11-30,17.46,TWh,,,primary
ember:monthly:generation,ZA,mix,,coal,,2020-12-01,2020-12-31,16.83,TWh,,,primary
ember:monthly:generation,ZA,mix,,coal,,2021-01-01,2021-01-31,17.19,TWh,,,primary
ember:monthly:generation,ZA,mix,,coal,,2021-02-01,2021-02-28,16.06,TWh,,,primary
ember:monthly:generation,ZA,mix,,coal,,2021-03-01,2021-03-31,18.02,TWh,,,primary
ember:monthly:generation,ZA,mix,,coal,,2021-04-01,2021-04-30,18.2,TWh,,,primary
ember:monthly:generation,ZA,mix,,coal,,2021-05-01,2021-05-31,19.3,TWh,,,primary
ember:monthly:generation,ZA,mix,,coal,,2021-06-01,2021-06-30,18.97,TWh,,,primary
ember:monthly:generation,ZA,mix,,coal,,2021-07-01,2021-07-31,19.42,TWh,,,primary
ember:monthly:generation,ZA,mix,,coal,,2021-08-01,2021-08-31,18.68,TWh,,,primary
ember:monthly:generation,ZA,mix,,coal,,2021-09-01,2021-09-30,17.35,TWh,,,primary
ember:monthly:generation,ZA,mix,,coal,,2021-10-01,2021-10-31,16.96,TWh,,,primary
ember:monthly:generation,ZA,mix,,coal,,2021-11-01,2021-11-30,16.2,TWh,,,primary
ember:monthly:generation,ZA,mix,,coal,,2021-12-01,2021-12-31,15.69,TWh,,,primary
ember:monthly:generation,ZA,mix,,coal,,2022-01-01,2022-01-31,16.52,TWh,,,primary
ember:monthly:generation,ZA,mix,,coal,,2022-02-01,2022-02-28,16.02,TWh,,,primary
ember:monthly:generation,ZA,mix,,coal,,2022-03-01,2022-03-31,17.61,TWh,,,primary
ember:monthly:generation,ZA,mix,,coal,,2022-04-01,2022-04-30,16.44,TWh,,,primary
ember:monthly:generation,ZA,mix,,coal,,2022-05-01,2022-05-31,17.93,TWh,,,primary
ember:monthly:generation,ZA,mix,,coal,,2022-06-01,2022-06-30,17.85,TWh,,,primary
ember:monthly:generation,ZA,mix,,coal,,2022-07-01,2022-07-31,17.94,TWh,,,primary
ember:monthly:generation,ZA,mix,,coal,,2022-08-01,2022-08-31,17.82,TWh,,,primary
ember:monthly:generation,ZA,mix,,coal,,2022-09-01,2022-09-30,15.44,TWh,,,primary
ember:monthly:generation,ZA,mix,,coal,,2022-10-01,2022-10-31,15.89,TWh,,,primary
ember:monthly:generation,ZA,mix,,coal,,2022-11-01,2022-11-30,15.32,TWh,,,primary
ember:monthly:generation,ZA,mix,,coal,,2022-12-01,2022-12-31,13.84,TWh,,,primary
ember:monthly:generation,ZA,mix,,coal,,2023-01-01,2023-01-31,14.38,TWh,,,primary
ember:monthly:generation,ZA,mix,,coal,,2023-02-01,2023-02-28,13.49,TWh,,,primary
ember:monthly:generation,ZA,mix,,coal,,2023-03-01,2023-03-31,15.71,TWh,,,primary
ember:monthly:generation,ZA,mix,,coal,,2023-04-01,2023-04-30,14.61,TWh,,,primary
ember:monthly:generation,ZA,mix,,coal,,2023-05-01,2023-05-31,15.69,TWh,,,primary
ember:monthly:generation,ZA,mix,,coal,,2023-06-01,2023-06-30,16.54,TWh,,,primary
ember:monthly:generation,ZA,mix,,coal,,2023-07-01,2023-07-31,16.63,TWh,,,primary
ember:monthly:generation,ZA,mix,,coal,,2023-08-01,2023-08-31,16.22,TWh,,,primary
ember:monthly:generation,ZA,mix,,coal,,2023-09-01,2023-09-30,14.92,TWh,,,primary
ember:monthly:generation,ZA,mix,,coal,,2023-10-01,2023-10-31,16.13,TWh,,,primary
ember:monthly:generation,ZA,mix,,coal,,2023-11-01,2023-11-30,14.51,TWh,,,primary
ember:monthly:generation,ZA,mix,,coal,,2023-12-01,2023-12-31,14.61,TWh,,,primary
ember:monthly:generation,ZA,mix,,coal,,2024-01-01,2024-01-31,14.24,TWh,,,primary
ember:monthly:generation,ZA,mix,,coal,,2024-02-01,2024-02-29,13.72,TWh,,,primary
ember:monthly:generation,ZA,mix,,coal,,2024-03-01,2024-03-31,15.6,TWh,,,primary
ember:monthly:generation,ZA,mix,,coal,,2024-04-01,2024-04-30,15.68,TWh,,,primary
ember:monthly:generation,ZA,mix,,coal,,2024-05-01,2024-05-31,17.1,TWh,,,primary
ember:monthly:generation,ZA,mix,,coal,,2024-06-01,2024-06-30,18.01,TWh,,,primary
ember:monthly:generation,ZA,mix,,coal,,2024-07-01,2024-07-31,18.59,TWh,,,primary
ember:monthly:generation,ZA,mix,,coal,,2024-08-01,2024-08-31,17.58,TWh,,,primary
ember:monthly:generation,ZA,mix,,coal,,2024-09-01,2024-09-30,16.63,TWh,,,primary
ember:monthly:generation,ZA,mix,,coal,,2024-10-01,2024-10-31,16.62,TWh,,,primary
ember:monthly:generation,ZA,mix,,coal,,2024-11-01,2024-11-30,16.11,TWh,,,primary
ember:monthly:generation,ZA,mix,,coal,,2024-12-01,2024-12-31,14.98,TWh,,,primary
ember:monthly:generation,ZA,mix,,coal,,2025-01-01,2025-01-31,14.58,TWh,,,primary
ember:monthly:generation,ZA,mix,,coal,,2025-02-01,2025-02-28,13.77,TWh,,,primary
ember:monthly:generation,ZA,mix,,coal,,2025-03-01,2025-03-31,15.95,TWh,,,primary
ember:monthly:generation,ZA,mix,,coal,,2025-04-01,2025-04-30,15.38,TWh,,,primary
ember:monthly:generation,ZA,mix,,coal,,2025-05-01,2025-05-31,16.88,TWh,,,primary
ember:monthly:generation,ZA,mix,,coal,,2025-06-01,2025-06-30,17.12,TWh,,,primary
ember:monthly:generation,ZA,mix,,coal,,2025-07-01,2025-07-31,17.69,TWh,,,primary
ember:monthly:generation,ZA,mix,,coal,,2025-08-01,2025-08-31,16.98,TWh,,,primary
ember:monthly:generation,ZA,mix,,coal,,2025-09-01,2025-09-30,15.56,TWh,,,primary
ember:monthly:generation,ZA,mix,,coal,,2025-10-01,2025-10-31,15.42,TWh,,,primary
ember:monthly:generation,ZA,mix,,coal,,2025-11-01,2025-11-30,13.91,TWh,,,primary
ember:monthly:generation,ZA,mix,,coal,,2025-12-01,2025-12-31,12.31,TWh,,,primary
ember:monthly:generation,ZA,mix,,coal,,2026-01-01,2026-01-31,12.97,TWh,,,primary
ember:monthly:generation,ZA,mix,,coal,,2026-02-01,2026-02-28,12.6,TWh,,,primary
ember:monthly:generation,ZA,mix,,coal,,2026-03-01,2026-03-31,13.74,TWh,,,primary
ember:monthly:generation,ZA,mix,,coal,,2026-04-01,2026-04-30,13.64,TWh,,,primary
ember:monthly:generation,ZA,mix,,coal,,2026-05-01,2026-05-31,15.88,TWh,,,primary
ember:monthly:generation,ZA,mix,,coal,,2026-06-01,2026-06-30,16.13,TWh,,,primary
ember:monthly:generation,ZA,mix,,coal,,2026-07-01,2026-07-31,16.72,TWh,,,primary
ember:monthly:generation,ZA,mix,,demand,,2018-01-01,2018-01-31,20.75,TWh,,,primary
ember:monthly:generation,ZA,mix,,demand,,2018-02-01,2018-02-28,19.18,TWh,,,primary
ember:monthly:generation,ZA,mix,,demand,,2018-03-01,2018-03-31,21.15,TWh,,,primary
ember:monthly:generation,ZA,mix,,demand,,2018-04-01,2018-04-30,20.09,TWh,,,primary
ember:monthly:generation,ZA,mix,,demand,,2018-05-01,2018-05-31,21.97,TWh,,,primary
ember:monthly:generation,ZA,mix,,demand,,2018-06-01,2018-06-30,21.57,TWh,,,primary
ember:monthly:generation,ZA,mix,,demand,,2018-07-01,2018-07-31,22.32,TWh,,,primary
ember:monthly:generation,ZA,mix,,demand,,2018-08-01,2018-08-31,21.8,TWh,,,primary
ember:monthly:generation,ZA,mix,,demand,,2018-09-01,2018-09-30,20.5,TWh,,,primary
ember:monthly:generation,ZA,mix,,demand,,2018-10-01,2018-10-31,21.52,TWh,,,primary
ember:monthly:generation,ZA,mix,,demand,,2018-11-01,2018-11-30,20.75,TWh,,,primary
ember:monthly:generation,ZA,mix,,demand,,2018-12-01,2018-12-31,20.13,TWh,,,primary
ember:monthly:generation,ZA,mix,,demand,,2019-01-01,2019-01-31,20.75,TWh,,,primary
ember:monthly:generation,ZA,mix,,demand,,2019-02-01,2019-02-28,18.93,TWh,,,primary
ember:monthly:generation,ZA,mix,,demand,,2019-03-01,2019-03-31,20.51,TWh,,,primary
ember:monthly:generation,ZA,mix,,demand,,2019-04-01,2019-04-30,20.31,TWh,,,primary
ember:monthly:generation,ZA,mix,,demand,,2019-05-01,2019-05-31,21.67,TWh,,,primary
ember:monthly:generation,ZA,mix,,demand,,2019-06-01,2019-06-30,21.39,TWh,,,primary
ember:monthly:generation,ZA,mix,,demand,,2019-07-01,2019-07-31,22.09,TWh,,,primary
ember:monthly:generation,ZA,mix,,demand,,2019-08-01,2019-08-31,20.9,TWh,,,primary
ember:monthly:generation,ZA,mix,,demand,,2019-09-01,2019-09-30,20.35,TWh,,,primary
ember:monthly:generation,ZA,mix,,demand,,2019-10-01,2019-10-31,21.11,TWh,,,primary
ember:monthly:generation,ZA,mix,,demand,,2019-11-01,2019-11-30,20.2,TWh,,,primary
ember:monthly:generation,ZA,mix,,demand,,2019-12-01,2019-12-31,19.27,TWh,,,primary
ember:monthly:generation,ZA,mix,,demand,,2020-01-01,2020-01-31,20.08,TWh,,,primary
ember:monthly:generation,ZA,mix,,demand,,2020-02-01,2020-02-29,19.03,TWh,,,primary
ember:monthly:generation,ZA,mix,,demand,,2020-03-01,2020-03-31,19.65,TWh,,,primary
ember:monthly:generation,ZA,mix,,demand,,2020-04-01,2020-04-30,15.89,TWh,,,primary
ember:monthly:generation,ZA,mix,,demand,,2020-05-01,2020-05-31,18.95,TWh,,,primary
ember:monthly:generation,ZA,mix,,demand,,2020-06-01,2020-06-30,20.42,TWh,,,primary
ember:monthly:generation,ZA,mix,,demand,,2020-07-01,2020-07-31,21.33,TWh,,,primary
ember:monthly:generation,ZA,mix,,demand,,2020-08-01,2020-08-31,20.77,TWh,,,primary
ember:monthly:generation,ZA,mix,,demand,,2020-09-01,2020-09-30,19.85,TWh,,,primary
ember:monthly:generation,ZA,mix,,demand,,2020-10-01,2020-10-31,20.58,TWh,,,primary
ember:monthly:generation,ZA,mix,,demand,,2020-11-01,2020-11-30,19.68,TWh,,,primary
ember:monthly:generation,ZA,mix,,demand,,2020-12-01,2020-12-31,19.52,TWh,,,primary
ember:monthly:generation,ZA,mix,,demand,,2021-01-01,2021-01-31,19.57,TWh,,,primary
ember:monthly:generation,ZA,mix,,demand,,2021-02-01,2021-02-28,18.33,TWh,,,primary
ember:monthly:generation,ZA,mix,,demand,,2021-03-01,2021-03-31,20.15,TWh,,,primary
ember:monthly:generation,ZA,mix,,demand,,2021-04-01,2021-04-30,19.73,TWh,,,primary
ember:monthly:generation,ZA,mix,,demand,,2021-05-01,2021-05-31,21.12,TWh,,,primary
ember:monthly:generation,ZA,mix,,demand,,2021-06-01,2021-06-30,20.84,TWh,,,primary
ember:monthly:generation,ZA,mix,,demand,,2021-07-01,2021-07-31,21.94,TWh,,,primary
ember:monthly:generation,ZA,mix,,demand,,2021-08-01,2021-08-31,21.22,TWh,,,primary
ember:monthly:generation,ZA,mix,,demand,,2021-09-01,2021-09-30,19.88,TWh,,,primary
ember:monthly:generation,ZA,mix,,demand,,2021-10-01,2021-10-31,19.82,TWh,,,primary
ember:monthly:generation,ZA,mix,,demand,,2021-11-01,2021-11-30,19.25,TWh,,,primary
ember:monthly:generation,ZA,mix,,demand,,2021-12-01,2021-12-31,19.0,TWh,,,primary
ember:monthly:generation,ZA,mix,,demand,,2022-01-01,2022-01-31,19.5,TWh,,,primary
ember:monthly:generation,ZA,mix,,demand,,2022-02-01,2022-02-28,18.27,TWh,,,primary
ember:monthly:generation,ZA,mix,,demand,,2022-03-01,2022-03-31,20.02,TWh,,,primary
ember:monthly:generation,ZA,mix,,demand,,2022-04-01,2022-04-30,19.32,TWh,,,primary
ember:monthly:generation,ZA,mix,,demand,,2022-05-01,2022-05-31,20.54,TWh,,,primary
ember:monthly:generation,ZA,mix,,demand,,2022-06-01,2022-06-30,20.47,TWh,,,primary
ember:monthly:generation,ZA,mix,,demand,,2022-07-01,2022-07-31,20.38,TWh,,,primary
ember:monthly:generation,ZA,mix,,demand,,2022-08-01,2022-08-31,20.83,TWh,,,primary
ember:monthly:generation,ZA,mix,,demand,,2022-09-01,2022-09-30,18.36,TWh,,,primary
ember:monthly:generation,ZA,mix,,demand,,2022-10-01,2022-10-31,19.34,TWh,,,primary
ember:monthly:generation,ZA,mix,,demand,,2022-11-01,2022-11-30,18.8,TWh,,,primary
ember:monthly:generation,ZA,mix,,demand,,2022-12-01,2022-12-31,17.55,TWh,,,primary
ember:monthly:generation,ZA,mix,,demand,,2023-01-01,2023-01-31,18.04,TWh,,,primary
ember:monthly:generation,ZA,mix,,demand,,2023-02-01,2023-02-28,16.63,TWh,,,primary
ember:monthly:generation,ZA,mix,,demand,,2023-03-01,2023-03-31,19.04,TWh,,,primary
ember:monthly:generation,ZA,mix,,demand,,2023-04-01,2023-04-30,17.64,TWh,,,primary
ember:monthly:generation,ZA,mix,,demand,,2023-05-01,2023-05-31,18.9,TWh,,,primary
ember:monthly:generation,ZA,mix,,demand,,2023-06-01,2023-06-30,19.82,TWh,,,primary
ember:monthly:generation,ZA,mix,,demand,,2023-07-01,2023-07-31,19.94,TWh,,,primary
ember:monthly:generation,ZA,mix,,demand,,2023-08-01,2023-08-31,19.63,TWh,,,primary
ember:monthly:generation,ZA,mix,,demand,,2023-09-01,2023-09-30,18.17,TWh,,,primary
ember:monthly:generation,ZA,mix,,demand,,2023-10-01,2023-10-31,19.55,TWh,,,primary
ember:monthly:generation,ZA,mix,,demand,,2023-11-01,2023-11-30,18.32,TWh,,,primary
ember:monthly:generation,ZA,mix,,demand,,2023-12-01,2023-12-31,18.32,TWh,,,primary
ember:monthly:generation,ZA,mix,,demand,,2024-01-01,2024-01-31,18.31,TWh,,,primary
ember:monthly:generation,ZA,mix,,demand,,2024-02-01,2024-02-29,17.46,TWh,,,primary
ember:monthly:generation,ZA,mix,,demand,,2024-03-01,2024-03-31,19.02,TWh,,,primary
ember:monthly:generation,ZA,mix,,demand,,2024-04-01,2024-04-30,18.8,TWh,,,primary
ember:monthly:generation,ZA,mix,,demand,,2024-05-01,2024-05-31,19.94,TWh,,,primary
ember:monthly:generation,ZA,mix,,demand,,2024-06-01,2024-06-30,20.61,TWh,,,primary
ember:monthly:generation,ZA,mix,,demand,,2024-07-01,2024-07-31,21.3,TWh,,,primary
ember:monthly:generation,ZA,mix,,demand,,2024-08-01,2024-08-31,20.52,TWh,,,primary
ember:monthly:generation,ZA,mix,,demand,,2024-09-01,2024-09-30,19.27,TWh,,,primary
ember:monthly:generation,ZA,mix,,demand,,2024-10-01,2024-10-31,19.66,TWh,,,primary
ember:monthly:generation,ZA,mix,,demand,,2024-11-01,2024-11-30,18.87,TWh,,,primary
ember:monthly:generation,ZA,mix,,demand,,2024-12-01,2024-12-31,18.27,TWh,,,primary
ember:monthly:generation,ZA,mix,,demand,,2025-01-01,2025-01-31,18.52,TWh,,,primary
ember:monthly:generation,ZA,mix,,demand,,2025-02-01,2025-02-28,16.92,TWh,,,primary
ember:monthly:generation,ZA,mix,,demand,,2025-03-01,2025-03-31,18.81,TWh,,,primary
ember:monthly:generation,ZA,mix,,demand,,2025-04-01,2025-04-30,18.31,TWh,,,primary
ember:monthly:generation,ZA,mix,,demand,,2025-05-01,2025-05-31,19.84,TWh,,,primary
ember:monthly:generation,ZA,mix,,demand,,2025-06-01,2025-06-30,19.85,TWh,,,primary
ember:monthly:generation,ZA,mix,,demand,,2025-07-01,2025-07-31,20.28,TWh,,,primary
ember:monthly:generation,ZA,mix,,demand,,2025-08-01,2025-08-31,19.46,TWh,,,primary
ember:monthly:generation,ZA,mix,,demand,,2025-09-01,2025-09-30,17.86,TWh,,,primary
ember:monthly:generation,ZA,mix,,demand,,2025-10-01,2025-10-31,18.29,TWh,,,primary
ember:monthly:generation,ZA,mix,,demand,,2025-11-01,2025-11-30,17.5,TWh,,,primary
ember:monthly:generation,ZA,mix,,demand,,2025-12-01,2025-12-31,17.05,TWh,,,primary
ember:monthly:generation,ZA,mix,,demand,,2026-01-01,2026-01-31,17.38,TWh,,,primary
ember:monthly:generation,ZA,mix,,demand,,2026-02-01,2026-02-28,16.34,TWh,,,primary
ember:monthly:generation,ZA,mix,,demand,,2026-03-01,2026-03-31,18.12,TWh,,,primary
ember:monthly:generation,ZA,mix,,demand,,2026-04-01,2026-04-30,17.33,TWh,,,primary
ember:monthly:generation,ZA,mix,,demand,,2026-05-01,2026-05-31,19.01,TWh,,,primary
ember:monthly:generation,ZA,mix,,demand,,2026-06-01,2026-06-30,19.16,TWh,,,primary
ember:monthly:generation,ZA,mix,,demand,,2026-07-01,2026-07-31,19.68,TWh,,,primary
ember:monthly:generation,ZA,mix,,gas,,2018-01-01,2018-01-31,0.0,TWh,,,primary
ember:monthly:generation,ZA,mix,,gas,,2018-02-01,2018-02-28,0.0,TWh,,,primary
ember:monthly:generation,ZA,mix,,gas,,2018-03-01,2018-03-31,0.0,TWh,,,primary
ember:monthly:generation,ZA,mix,,gas,,2018-04-01,2018-04-30,0.0,TWh,,,primary
ember:monthly:generation,ZA,mix,,gas,,2018-05-01,2018-05-31,0.0,TWh,,,primary
ember:monthly:generation,ZA,mix,,gas,,2018-06-01,2018-06-30,0.0,TWh,,,primary
ember:monthly:generation,ZA,mix,,gas,,2018-07-01,2018-07-31,0.0,TWh,,,primary
ember:monthly:generation,ZA,mix,,gas,,2018-08-01,2018-08-31,0.0,TWh,,,primary
ember:monthly:generation,ZA,mix,,gas,,2018-09-01,2018-09-30,0.0,TWh,,,primary
ember:monthly:generation,ZA,mix,,gas,,2018-10-01,2018-10-31,0.0,TWh,,,primary
ember:monthly:generation,ZA,mix,,gas,,2018-11-01,2018-11-30,0.0,TWh,,,primary
ember:monthly:generation,ZA,mix,,gas,,2018-12-01,2018-12-31,0.0,TWh,,,primary
ember:monthly:generation,ZA,mix,,gas,,2019-01-01,2019-01-31,0.0,TWh,,,primary
ember:monthly:generation,ZA,mix,,gas,,2019-02-01,2019-02-28,0.0,TWh,,,primary
ember:monthly:generation,ZA,mix,,gas,,2019-03-01,2019-03-31,0.0,TWh,,,primary
ember:monthly:generation,ZA,mix,,gas,,2019-04-01,2019-04-30,0.0,TWh,,,primary
ember:monthly:generation,ZA,mix,,gas,,2019-05-01,2019-05-31,0.0,TWh,,,primary
ember:monthly:generation,ZA,mix,,gas,,2019-06-01,2019-06-30,0.0,TWh,,,primary
ember:monthly:generation,ZA,mix,,gas,,2019-07-01,2019-07-31,0.0,TWh,,,primary
ember:monthly:generation,ZA,mix,,gas,,2019-08-01,2019-08-31,0.0,TWh,,,primary
ember:monthly:generation,ZA,mix,,gas,,2019-09-01,2019-09-30,0.0,TWh,,,primary
ember:monthly:generation,ZA,mix,,gas,,2019-10-01,2019-10-31,0.0,TWh,,,primary
ember:monthly:generation,ZA,mix,,gas,,2019-11-01,2019-11-30,0.0,TWh,,,primary
ember:monthly:generation,ZA,mix,,gas,,2019-12-01,2019-12-31,0.0,TWh,,,primary
ember:monthly:generation,ZA,mix,,gas,,2020-01-01,2020-01-31,0.0,TWh,,,primary
ember:monthly:generation,ZA,mix,,gas,,2020-02-01,2020-02-29,0.0,TWh,,,primary
ember:monthly:generation,ZA,mix,,gas,,2020-03-01,2020-03-31,0.0,TWh,,,primary
ember:monthly:generation,ZA,mix,,gas,,2020-04-01,2020-04-30,0.0,TWh,,,primary
ember:monthly:generation,ZA,mix,,gas,,2020-05-01,2020-05-31,0.0,TWh,,,primary
ember:monthly:generation,ZA,mix,,gas,,2020-06-01,2020-06-30,0.0,TWh,,,primary
ember:monthly:generation,ZA,mix,,gas,,2020-07-01,2020-07-31,0.0,TWh,,,primary
ember:monthly:generation,ZA,mix,,gas,,2020-08-01,2020-08-31,0.0,TWh,,,primary
ember:monthly:generation,ZA,mix,,gas,,2020-09-01,2020-09-30,0.0,TWh,,,primary
ember:monthly:generation,ZA,mix,,gas,,2020-10-01,2020-10-31,0.0,TWh,,,primary
ember:monthly:generation,ZA,mix,,gas,,2020-11-01,2020-11-30,0.0,TWh,,,primary
ember:monthly:generation,ZA,mix,,gas,,2020-12-01,2020-12-31,0.0,TWh,,,primary
ember:monthly:generation,ZA,mix,,gas,,2021-01-01,2021-01-31,0.0,TWh,,,primary
ember:monthly:generation,ZA,mix,,gas,,2021-02-01,2021-02-28,0.0,TWh,,,primary
ember:monthly:generation,ZA,mix,,gas,,2021-03-01,2021-03-31,0.0,TWh,,,primary
ember:monthly:generation,ZA,mix,,gas,,2021-04-01,2021-04-30,0.0,TWh,,,primary
ember:monthly:generation,ZA,mix,,gas,,2021-05-01,2021-05-31,0.0,TWh,,,primary
ember:monthly:generation,ZA,mix,,gas,,2021-06-01,2021-06-30,0.0,TWh,,,primary
ember:monthly:generation,ZA,mix,,gas,,2021-07-01,2021-07-31,0.0,TWh,,,primary
ember:monthly:generation,ZA,mix,,gas,,2021-08-01,2021-08-31,0.0,TWh,,,primary
ember:monthly:generation,ZA,mix,,gas,,2021-09-01,2021-09-30,0.0,TWh,,,primary
ember:monthly:generation,ZA,mix,,gas,,2021-10-01,2021-10-31,0.0,TWh,,,primary
ember:monthly:generation,ZA,mix,,gas,,2021-11-01,2021-11-30,0.0,TWh,,,primary
ember:monthly:generation,ZA,mix,,gas,,2021-12-01,2021-12-31,0.0,TWh,,,primary
ember:monthly:generation,ZA,mix,,gas,,2022-01-01,2022-01-31,0.0,TWh,,,primary
ember:monthly:generation,ZA,mix,,gas,,2022-02-01,2022-02-28,0.0,TWh,,,primary
ember:monthly:generation,ZA,mix,,gas,,2022-03-01,2022-03-31,0.0,TWh,,,primary
ember:monthly:generation,ZA,mix,,gas,,2022-04-01,2022-04-30,0.0,TWh,,,primary
ember:monthly:generation,ZA,mix,,gas,,2022-05-01,2022-05-31,0.0,TWh,,,primary
ember:monthly:generation,ZA,mix,,gas,,2022-06-01,2022-06-30,0.0,TWh,,,primary
ember:monthly:generation,ZA,mix,,gas,,2022-07-01,2022-07-31,0.0,TWh,,,primary
ember:monthly:generation,ZA,mix,,gas,,2022-08-01,2022-08-31,0.0,TWh,,,primary
ember:monthly:generation,ZA,mix,,gas,,2022-09-01,2022-09-30,0.0,TWh,,,primary
ember:monthly:generation,ZA,mix,,gas,,2022-10-01,2022-10-31,0.0,TWh,,,primary
ember:monthly:generation,ZA,mix,,gas,,2022-11-01,2022-11-30,0.0,TWh,,,primary
ember:monthly:generation,ZA,mix,,gas,,2022-12-01,2022-12-31,0.0,TWh,,,primary
ember:monthly:generation,ZA,mix,,gas,,2023-01-01,2023-01-31,0.0,TWh,,,primary
ember:monthly:generation,ZA,mix,,gas,,2023-02-01,2023-02-28,0.0,TWh,,,primary
ember:monthly:generation,ZA,mix,,gas,,2023-03-01,2023-03-31,0.0,TWh,,,primary
ember:monthly:generation,ZA,mix,,gas,,2023-04-01,2023-04-30,0.0,TWh,,,primary
ember:monthly:generation,ZA,mix,,gas,,2023-05-01,2023-05-31,0.0,TWh,,,primary
ember:monthly:generation,ZA,mix,,gas,,2023-06-01,2023-06-30,0.0,TWh,,,primary
ember:monthly:generation,ZA,mix,,gas,,2023-07-01,2023-07-31,0.0,TWh,,,primary
ember:monthly:generation,ZA,mix,,gas,,2023-08-01,2023-08-31,0.0,TWh,,,primary
ember:monthly:generation,ZA,mix,,gas,,2023-09-01,2023-09-30,0.0,TWh,,,primary
ember:monthly:generation,ZA,mix,,gas,,2023-10-01,2023-10-31,0.0,TWh,,,primary
ember:monthly:generation,ZA,mix,,gas,,2023-11-01,2023-11-30,0.0,TWh,,,primary
ember:monthly:generation,ZA,mix,,gas,,2023-12-01,2023-12-31,0.0,TWh,,,primary
ember:monthly:generation,ZA,mix,,gas,,2024-01-01,2024-01-31,0.0,TWh,,,primary
ember:monthly:generation,ZA,mix,,gas,,2024-02-01,2024-02-29,0.0,TWh,,,primary
ember:monthly:generation,ZA,mix,,gas,,2024-03-01,2024-03-31,0.0,TWh,,,primary
ember:monthly:generation,ZA,mix,,gas,,2024-04-01,2024-04-30,0.0,TWh,,,primary
ember:monthly:generation,ZA,mix,,gas,,2024-05-01,2024-05-31,0.0,TWh,,,primary
ember:monthly:generation,ZA,mix,,gas,,2024-06-01,2024-06-30,0.0,TWh,,,primary
ember:monthly:generation,ZA,mix,,gas,,2024-07-01,2024-07-31,0.0,TWh,,,primary
ember:monthly:generation,ZA,mix,,gas,,2024-08-01,2024-08-31,0.0,TWh,,,primary
ember:monthly:generation,ZA,mix,,gas,,2024-09-01,2024-09-30,0.0,TWh,,,primary
ember:monthly:generation,ZA,mix,,gas,,2024-10-01,2024-10-31,0.0,TWh,,,primary
ember:monthly:generation,ZA,mix,,gas,,2024-11-01,2024-11-30,0.0,TWh,,,primary
ember:monthly:generation,ZA,mix,,gas,,2024-12-01,2024-12-31,0.0,TWh,,,primary
ember:monthly:generation,ZA,mix,,gas,,2025-01-01,2025-01-31,0.0,TWh,,,primary
ember:monthly:generation,ZA,mix,,gas,,2025-02-01,2025-02-28,0.0,TWh,,,primary
ember:monthly:generation,ZA,mix,,gas,,2025-03-01,2025-03-31,0.0,TWh,,,primary
ember:monthly:generation,ZA,mix,,gas,,2025-04-01,2025-04-30,0.0,TWh,,,primary
ember:monthly:generation,ZA,mix,,gas,,2025-05-01,2025-05-31,0.0,TWh,,,primary
ember:monthly:generation,ZA,mix,,gas,,2025-06-01,2025-06-30,0.0,TWh,,,primary
ember:monthly:generation,ZA,mix,,gas,,2025-07-01,2025-07-31,0.0,TWh,,,primary
ember:monthly:generation,ZA,mix,,gas,,2025-08-01,2025-08-31,0.0,TWh,,,primary
ember:monthly:generation,ZA,mix,,gas,,2025-09-01,2025-09-30,0.0,TWh,,,primary
ember:monthly:generation,ZA,mix,,gas,,2025-10-01,2025-10-31,0.0,TWh,,,primary
ember:monthly:generation,ZA,mix,,gas,,2025-11-01,2025-11-30,0.0,TWh,,,primary
ember:monthly:generation,ZA,mix,,gas,,2025-12-01,2025-12-31,0.0,TWh,,,primary
ember:monthly:generation,ZA,mix,,gas,,2026-01-01,2026-01-31,0.0,TWh,,,primary
ember:monthly:generation,ZA,mix,,gas,,2026-02-01,2026-02-28,0.0,TWh,,,primary
ember:monthly:generation,ZA,mix,,gas,,2026-03-01,2026-03-31,0.0,TWh,,,primary
ember:monthly:generation,ZA,mix,,gas,,2026-04-01,2026-04-30,0.0,TWh,,,primary
ember:monthly:generation,ZA,mix,,gas,,2026-05-01,2026-05-31,0.0,TWh,,,primary
ember:monthly:generation,ZA,mix,,gas,,2026-06-01,2026-06-30,0.0,TWh,,,primary
ember:monthly:generation,ZA,mix,,gas,,2026-07-01,2026-07-31,0.0,TWh,,,primary
ember:monthly:generation,ZA,mix,,hydro,,2018-01-01,2018-01-31,0.06,TWh,,,primary
ember:monthly:generation,ZA,mix,,hydro,,2018-02-01,2018-02-28,0.05,TWh,,,primary
ember:monthly:generation,ZA,mix,,hydro,,2018-03-01,2018-03-31,0.11,TWh,,,primary
ember:monthly:generation,ZA,mix,,hydro,,2018-04-01,2018-04-30,0.36,TWh,,,primary
ember:monthly:generation,ZA,mix,,hydro,,2018-05-01,2018-05-31,0.1,TWh,,,primary
ember:monthly:generation,ZA,mix,,hydro,,2018-06-01,2018-06-30,0.06,TWh,,,primary
ember:monthly:generation,ZA,mix,,hydro,,2018-07-01,2018-07-31,0.04,TWh,,,primary
ember:monthly:generation,ZA,mix,,hydro,,2018-08-01,2018-08-31,0.05,TWh,,,primary
ember:monthly:generation,ZA,mix,,hydro,,2018-09-01,2018-09-30,0.06,TWh,,,primary
ember:monthly:generation,ZA,mix,,hydro,,2018-10-01,2018-10-31,0.07,TWh,,,primary
ember:monthly:generation,ZA,mix,,hydro,,2018-11-01,2018-11-30,0.06,TWh,,,primary
ember:monthly:generation,ZA,mix,,hydro,,2018-12-01,2018-12-31,0.06,TWh,,,primary
ember:monthly:generation,ZA,mix,,hydro,,2019-01-01,2019-01-31,0.05,TWh,,,primary
ember:monthly:generation,ZA,mix,,hydro,,2019-02-01,2019-02-28,0.05,TWh,,,primary
ember:monthly:generation,ZA,mix,,hydro,,2019-03-01,2019-03-31,0.07,TWh,,,primary
ember:monthly:generation,ZA,mix,,hydro,,2019-04-01,2019-04-30,0.06,TWh,,,primary
ember:monthly:generation,ZA,mix,,hydro,,2019-05-01,2019-05-31,0.07,TWh,,,primary
ember:monthly:generation,ZA,mix,,hydro,,2019-06-01,2019-06-30,0.05,TWh,,,primary
ember:monthly:generation,ZA,mix,,hydro,,2019-07-01,2019-07-31,0.05,TWh,,,primary
ember:monthly:generation,ZA,mix,,hydro,,2019-08-01,2019-08-31,0.05,TWh,,,primary
ember:monthly:generation,ZA,mix,,hydro,,2019-09-01,2019-09-30,0.06,TWh,,,primary
ember:monthly:generation,ZA,mix,,hydro,,2019-10-01,2019-10-31,0.06,TWh,,,primary
ember:monthly:generation,ZA,mix,,hydro,,2019-11-01,2019-11-30,0.05,TWh,,,primary
ember:monthly:generation,ZA,mix,,hydro,,2019-12-01,2019-12-31,0.06,TWh,,,primary
ember:monthly:generation,ZA,mix,,hydro,,2020-01-01,2020-01-31,0.06,TWh,,,primary
ember:monthly:generation,ZA,mix,,hydro,,2020-02-01,2020-02-29,0.07,TWh,,,primary
ember:monthly:generation,ZA,mix,,hydro,,2020-03-01,2020-03-31,0.06,TWh,,,primary
ember:monthly:generation,ZA,mix,,hydro,,2020-04-01,2020-04-30,0.09,TWh,,,primary
ember:monthly:generation,ZA,mix,,hydro,,2020-05-01,2020-05-31,0.09,TWh,,,primary
ember:monthly:generation,ZA,mix,,hydro,,2020-06-01,2020-06-30,0.04,TWh,,,primary
ember:monthly:generation,ZA,mix,,hydro,,2020-07-01,2020-07-31,0.04,TWh,,,primary
ember:monthly:generation,ZA,mix,,hydro,,2020-08-01,2020-08-31,0.05,TWh,,,primary
ember:monthly:generation,ZA,mix,,hydro,,2020-09-01,2020-09-30,0.06,TWh,,,primary
ember:monthly:generation,ZA,mix,,hydro,,2020-10-01,2020-10-31,0.07,TWh,,,primary
ember:monthly:generation,ZA,mix,,hydro,,2020-11-01,2020-11-30,0.06,TWh,,,primary
ember:monthly:generation,ZA,mix,,hydro,,2020-12-01,2020-12-31,0.06,TWh,,,primary
ember:monthly:generation,ZA,mix,,hydro,,2021-01-01,2021-01-31,0.31,TWh,,,primary
ember:monthly:generation,ZA,mix,,hydro,,2021-02-01,2021-02-28,0.38,TWh,,,primary
ember:monthly:generation,ZA,mix,,hydro,,2021-03-01,2021-03-31,0.14,TWh,,,primary
ember:monthly:generation,ZA,mix,,hydro,,2021-04-01,2021-04-30,0.06,TWh,,,primary
ember:monthly:generation,ZA,mix,,hydro,,2021-05-01,2021-05-31,0.05,TWh,,,primary
ember:monthly:generation,ZA,mix,,hydro,,2021-06-01,2021-06-30,0.03,TWh,,,primary
ember:monthly:generation,ZA,mix,,hydro,,2021-07-01,2021-07-31,0.04,TWh,,,primary
ember:monthly:generation,ZA,mix,,hydro,,2021-08-01,2021-08-31,0.04,TWh,,,primary
ember:monthly:generation,ZA,mix,,hydro,,2021-09-01,2021-09-30,0.06,TWh,,,primary
ember:monthly:generation,ZA,mix,,hydro,,2021-10-01,2021-10-31,0.07,TWh,,,primary
ember:monthly:generation,ZA,mix,,hydro,,2021-11-01,2021-11-30,0.06,TWh,,,primary
ember:monthly:generation,ZA,mix,,hydro,,2021-12-01,2021-12-31,0.34,TWh,,,primary
ember:monthly:generation,ZA,mix,,hydro,,2022-01-01,2022-01-31,0.43,TWh,,,primary
ember:monthly:generation,ZA,mix,,hydro,,2022-02-01,2022-02-28,0.35,TWh,,,primary
ember:monthly:generation,ZA,mix,,hydro,,2022-03-01,2022-03-31,0.41,TWh,,,primary
ember:monthly:generation,ZA,mix,,hydro,,2022-04-01,2022-04-30,0.43,TWh,,,primary
ember:monthly:generation,ZA,mix,,hydro,,2022-05-01,2022-05-31,0.34,TWh,,,primary
ember:monthly:generation,ZA,mix,,hydro,,2022-06-01,2022-06-30,0.15,TWh,,,primary
ember:monthly:generation,ZA,mix,,hydro,,2022-07-01,2022-07-31,0.07,TWh,,,primary
ember:monthly:generation,ZA,mix,,hydro,,2022-08-01,2022-08-31,0.07,TWh,,,primary
ember:monthly:generation,ZA,mix,,hydro,,2022-09-01,2022-09-30,0.06,TWh,,,primary
ember:monthly:generation,ZA,mix,,hydro,,2022-10-01,2022-10-31,0.07,TWh,,,primary
ember:monthly:generation,ZA,mix,,hydro,,2022-11-01,2022-11-30,0.34,TWh,,,primary
ember:monthly:generation,ZA,mix,,hydro,,2022-12-01,2022-12-31,0.41,TWh,,,primary
ember:monthly:generation,ZA,mix,,hydro,,2023-01-01,2023-01-31,0.39,TWh,,,primary
ember:monthly:generation,ZA,mix,,hydro,,2023-02-01,2023-02-28,0.37,TWh,,,primary
ember:monthly:generation,ZA,mix,,hydro,,2023-03-01,2023-03-31,0.35,TWh,,,primary
ember:monthly:generation,ZA,mix,,hydro,,2023-04-01,2023-04-30,0.22,TWh,,,primary
ember:monthly:generation,ZA,mix,,hydro,,2023-05-01,2023-05-31,0.07,TWh,,,primary
ember:monthly:generation,ZA,mix,,hydro,,2023-06-01,2023-06-30,0.13,TWh,,,primary
ember:monthly:generation,ZA,mix,,hydro,,2023-07-01,2023-07-31,0.07,TWh,,,primary
ember:monthly:generation,ZA,mix,,hydro,,2023-08-01,2023-08-31,0.07,TWh,,,primary
ember:monthly:generation,ZA,mix,,hydro,,2023-09-01,2023-09-30,0.07,TWh,,,primary
ember:monthly:generation,ZA,mix,,hydro,,2023-10-01,2023-10-31,0.08,TWh,,,primary
ember:monthly:generation,ZA,mix,,hydro,,2023-11-01,2023-11-30,0.08,TWh,,,primary
ember:monthly:generation,ZA,mix,,hydro,,2023-12-01,2023-12-31,0.09,TWh,,,primary
ember:monthly:generation,ZA,mix,,hydro,,2024-01-01,2024-01-31,0.36,TWh,,,primary
ember:monthly:generation,ZA,mix,,hydro,,2024-02-01,2024-02-29,0.11,TWh,,,primary
ember:monthly:generation,ZA,mix,,hydro,,2024-03-01,2024-03-31,0.09,TWh,,,primary
ember:monthly:generation,ZA,mix,,hydro,,2024-04-01,2024-04-30,0.07,TWh,,,primary
ember:monthly:generation,ZA,mix,,hydro,,2024-05-01,2024-05-31,0.05,TWh,,,primary
ember:monthly:generation,ZA,mix,,hydro,,2024-06-01,2024-06-30,0.03,TWh,,,primary
ember:monthly:generation,ZA,mix,,hydro,,2024-07-01,2024-07-31,0.07,TWh,,,primary
ember:monthly:generation,ZA,mix,,hydro,,2024-08-01,2024-08-31,0.04,TWh,,,primary
ember:monthly:generation,ZA,mix,,hydro,,2024-09-01,2024-09-30,0.06,TWh,,,primary
ember:monthly:generation,ZA,mix,,hydro,,2024-10-01,2024-10-31,0.07,TWh,,,primary
ember:monthly:generation,ZA,mix,,hydro,,2024-11-01,2024-11-30,0.06,TWh,,,primary
ember:monthly:generation,ZA,mix,,hydro,,2024-12-01,2024-12-31,0.06,TWh,,,primary
ember:monthly:generation,ZA,mix,,hydro,,2025-01-01,2025-01-31,0.06,TWh,,,primary
ember:monthly:generation,ZA,mix,,hydro,,2025-02-01,2025-02-28,0.06,TWh,,,primary
ember:monthly:generation,ZA,mix,,hydro,,2025-03-01,2025-03-31,0.09,TWh,,,primary
ember:monthly:generation,ZA,mix,,hydro,,2025-04-01,2025-04-30,0.38,TWh,,,primary
ember:monthly:generation,ZA,mix,,hydro,,2025-05-01,2025-05-31,0.25,TWh,,,primary
ember:monthly:generation,ZA,mix,,hydro,,2025-06-01,2025-06-30,0.17,TWh,,,primary
ember:monthly:generation,ZA,mix,,hydro,,2025-07-01,2025-07-31,0.09,TWh,,,primary
ember:monthly:generation,ZA,mix,,hydro,,2025-08-01,2025-08-31,0.07,TWh,,,primary
ember:monthly:generation,ZA,mix,,hydro,,2025-09-01,2025-09-30,0.06,TWh,,,primary
ember:monthly:generation,ZA,mix,,hydro,,2025-10-01,2025-10-31,0.07,TWh,,,primary
ember:monthly:generation,ZA,mix,,hydro,,2025-11-01,2025-11-30,0.13,TWh,,,primary
ember:monthly:generation,ZA,mix,,hydro,,2025-12-01,2025-12-31,0.37,TWh,,,primary
ember:monthly:generation,ZA,mix,,hydro,,2026-01-01,2026-01-31,0.15,TWh,,,primary
ember:monthly:generation,ZA,mix,,hydro,,2026-02-01,2026-02-28,0.26,TWh,,,primary
ember:monthly:generation,ZA,mix,,hydro,,2026-03-01,2026-03-31,0.42,TWh,,,primary
ember:monthly:generation,ZA,mix,,hydro,,2026-04-01,2026-04-30,0.34,TWh,,,primary
ember:monthly:generation,ZA,mix,,hydro,,2026-05-01,2026-05-31,0.42,TWh,,,primary
ember:monthly:generation,ZA,mix,,hydro,,2026-06-01,2026-06-30,0.24,TWh,,,primary
ember:monthly:generation,ZA,mix,,hydro,,2026-07-01,2026-07-31,0.05,TWh,,,primary
ember:monthly:generation,ZA,mix,,net_imports,,2018-01-01,2018-01-31,-0.62,TWh,,,primary
ember:monthly:generation,ZA,mix,,net_imports,,2018-02-01,2018-02-28,-0.42,TWh,,,primary
ember:monthly:generation,ZA,mix,,net_imports,,2018-03-01,2018-03-31,-0.44,TWh,,,primary
ember:monthly:generation,ZA,mix,,net_imports,,2018-04-01,2018-04-30,-0.29,TWh,,,primary
ember:monthly:generation,ZA,mix,,net_imports,,2018-05-01,2018-05-31,-0.25,TWh,,,primary
ember:monthly:generation,ZA,mix,,net_imports,,2018-06-01,2018-06-30,-0.37,TWh,,,primary
ember:monthly:generation,ZA,mix,,net_imports,,2018-07-01,2018-07-31,-0.4,TWh,,,primary
ember:monthly:generation,ZA,mix,,net_imports,,2018-08-01,2018-08-31,-0.23,TWh,,,primary
ember:monthly:generation,ZA,mix,,net_imports,,2018-09-01,2018-09-30,-0.39,TWh,,,primary
ember:monthly:generation,ZA,mix,,net_imports,,2018-10-01,2018-10-31,-0.47,TWh,,,primary
ember:monthly:generation,ZA,mix,,net_imports,,2018-11-01,2018-11-30,-0.5,TWh,,,primary
ember:monthly:generation,ZA,mix,,net_imports,,2018-12-01,2018-12-31,-0.31,TWh,,,primary
ember:monthly:generation,ZA,mix,,net_imports,,2019-01-01,2019-01-31,-0.2,TWh,,,primary
ember:monthly:generation,ZA,mix,,net_imports,,2019-02-01,2019-02-28,-0.29,TWh,,,primary
ember:monthly:generation,ZA,mix,,net_imports,,2019-03-01,2019-03-31,-0.43,TWh,,,primary
ember:monthly:generation,ZA,mix,,net_imports,,2019-04-01,2019-04-30,-0.43,TWh,,,primary
ember:monthly:generation,ZA,mix,,net_imports,,2019-05-01,2019-05-31,-0.42,TWh,,,primary
ember:monthly:generation,ZA,mix,,net_imports,,2019-06-01,2019-06-30,-0.57,TWh,,,primary
ember:monthly:generation,ZA,mix,,net_imports,,2019-07-01,2019-07-31,-0.48,TWh,,,primary
ember:monthly:generation,ZA,mix,,net_imports,,2019-08-01,2019-08-31,-0.61,TWh,,,primary
ember:monthly:generation,ZA,mix,,net_imports,,2019-09-01,2019-09-30,-0.44,TWh,,,primary
ember:monthly:generation,ZA,mix,,net_imports,,2019-10-01,2019-10-31,-0.46,TWh,,,primary
ember:monthly:generation,ZA,mix,,net_imports,,2019-11-01,2019-11-30,-0.46,TWh,,,primary
ember:monthly:generation,ZA,mix,,net_imports,,2019-12-01,2019-12-31,-0.38,TWh,,,primary
ember:monthly:generation,ZA,mix,,net_imports,,2020-01-01,2020-01-31,-0.36,TWh,,,primary
ember:monthly:generation,ZA,mix,,net_imports,,2020-02-01,2020-02-29,-0.39,TWh,,,primary
ember:monthly:generation,ZA,mix,,net_imports,,2020-03-01,2020-03-31,-0.47,TWh,,,primary
ember:monthly:generation,ZA,mix,,net_imports,,2020-04-01,2020-04-30,-0.13,TWh,,,primary
ember:monthly:generation,ZA,mix,,net_imports,,2020-05-01,2020-05-31,-0.24,TWh,,,primary
ember:monthly:generation,ZA,mix,,net_imports,,2020-06-01,2020-06-30,-0.27,TWh,,,primary
ember:monthly:generation,ZA,mix,,net_imports,,2020-07-01,2020-07-31,-0.22,TWh,,,primary
ember:monthly:generation,ZA,mix,,net_imports,,2020-08-01,2020-08-31,-0.22,TWh,,,primary
ember:monthly:generation,ZA,mix,,net_imports,,2020-09-01,2020-09-30,-0.31,TWh,,,primary
ember:monthly:generation,ZA,mix,,net_imports,,2020-10-01,2020-10-31,-0.41,TWh,,,primary
ember:monthly:generation,ZA,mix,,net_imports,,2020-11-01,2020-11-30,-0.47,TWh,,,primary
ember:monthly:generation,ZA,mix,,net_imports,,2020-12-01,2020-12-31,-0.32,TWh,,,primary
ember:monthly:generation,ZA,mix,,net_imports,,2021-01-01,2021-01-31,-0.2,TWh,,,primary
ember:monthly:generation,ZA,mix,,net_imports,,2021-02-01,2021-02-28,-0.26,TWh,,,primary
ember:monthly:generation,ZA,mix,,net_imports,,2021-03-01,2021-03-31,-0.33,TWh,,,primary
ember:monthly:generation,ZA,mix,,net_imports,,2021-04-01,2021-04-30,-0.37,TWh,,,primary
ember:monthly:generation,ZA,mix,,net_imports,,2021-05-01,2021-05-31,-0.4,TWh,,,primary
ember:monthly:generation,ZA,mix,,net_imports,,2021-06-01,2021-06-30,-0.5,TWh,,,primary
ember:monthly:generation,ZA,mix,,net_imports,,2021-07-01,2021-07-31,-0.31,TWh,,,primary
ember:monthly:generation,ZA,mix,,net_imports,,2021-08-01,2021-08-31,-0.18,TWh,,,primary
ember:monthly:generation,ZA,mix,,net_imports,,2021-09-01,2021-09-30,-0.27,TWh,,,primary
ember:monthly:generation,ZA,mix,,net_imports,,2021-10-01,2021-10-31,-0.44,TWh,,,primary
ember:monthly:generation,ZA,mix,,net_imports,,2021-11-01,2021-11-30,-0.18,TWh,,,primary
ember:monthly:generation,ZA,mix,,net_imports,,2021-12-01,2021-12-31,-0.12,TWh,,,primary
ember:monthly:generation,ZA,mix,,net_imports,,2022-01-01,2022-01-31,-0.1,TWh,,,primary
ember:monthly:generation,ZA,mix,,net_imports,,2022-02-01,2022-02-28,-0.23,TWh,,,primary
ember:monthly:generation,ZA,mix,,net_imports,,2022-03-01,2022-03-31,-0.23,TWh,,,primary
ember:monthly:generation,ZA,mix,,net_imports,,2022-04-01,2022-04-30,-0.03,TWh,,,primary
ember:monthly:generation,ZA,mix,,net_imports,,2022-05-01,2022-05-31,-0.07,TWh,,,primary
ember:monthly:generation,ZA,mix,,net_imports,,2022-06-01,2022-06-30,-0.03,TWh,,,primary
ember:monthly:generation,ZA,mix,,net_imports,,2022-07-01,2022-07-31,-0.17,TWh,,,primary
ember:monthly:generation,ZA,mix,,net_imports,,2022-08-01,2022-08-31,-0.13,TWh,,,primary
ember:monthly:generation,ZA,mix,,net_imports,,2022-09-01,2022-09-30,-0.14,TWh,,,primary
ember:monthly:generation,ZA,mix,,net_imports,,2022-10-01,2022-10-31,-0.14,TWh,,,primary
ember:monthly:generation,ZA,mix,,net_imports,,2022-11-01,2022-11-30,-0.26,TWh,,,primary
ember:monthly:generation,ZA,mix,,net_imports,,2022-12-01,2022-12-31,0.02,TWh,,,primary
ember:monthly:generation,ZA,mix,,net_imports,,2023-01-01,2023-01-31,0.0,TWh,,,primary
ember:monthly:generation,ZA,mix,,net_imports,,2023-02-01,2023-02-28,-0.09,TWh,,,primary
ember:monthly:generation,ZA,mix,,net_imports,,2023-03-01,2023-03-31,-0.09,TWh,,,primary
ember:monthly:generation,ZA,mix,,net_imports,,2023-04-01,2023-04-30,-0.06,TWh,,,primary
ember:monthly:generation,ZA,mix,,net_imports,,2023-05-01,2023-05-31,0.08,TWh,,,primary
ember:monthly:generation,ZA,mix,,net_imports,,2023-06-01,2023-06-30,0.07,TWh,,,primary
ember:monthly:generation,ZA,mix,,net_imports,,2023-07-01,2023-07-31,0.08,TWh,,,primary
ember:monthly:generation,ZA,mix,,net_imports,,2023-08-01,2023-08-31,0.03,TWh,,,primary
ember:monthly:generation,ZA,mix,,net_imports,,2023-09-01,2023-09-30,-0.16,TWh,,,primary
ember:monthly:generation,ZA,mix,,net_imports,,2023-10-01,2023-10-31,-0.25,TWh,,,primary
ember:monthly:generation,ZA,mix,,net_imports,,2023-11-01,2023-11-30,-0.17,TWh,,,primary
ember:monthly:generation,ZA,mix,,net_imports,,2023-12-01,2023-12-31,0.01,TWh,,,primary
ember:monthly:generation,ZA,mix,,net_imports,,2024-01-01,2024-01-31,0.13,TWh,,,primary
ember:monthly:generation,ZA,mix,,net_imports,,2024-02-01,2024-02-29,0.05,TWh,,,primary
ember:monthly:generation,ZA,mix,,net_imports,,2024-03-01,2024-03-31,-0.13,TWh,,,primary
ember:monthly:generation,ZA,mix,,net_imports,,2024-04-01,2024-04-30,0.05,TWh,,,primary
ember:monthly:generation,ZA,mix,,net_imports,,2024-05-01,2024-05-31,0.02,TWh,,,primary
ember:monthly:generation,ZA,mix,,net_imports,,2024-06-01,2024-06-30,-0.23,TWh,,,primary
ember:monthly:generation,ZA,mix,,net_imports,,2024-07-01,2024-07-31,-0.28,TWh,,,primary
ember:monthly:generation,ZA,mix,,net_imports,,2024-08-01,2024-08-31,-0.38,TWh,,,primary
ember:monthly:generation,ZA,mix,,net_imports,,2024-09-01,2024-09-30,-0.68,TWh,,,primary
ember:monthly:generation,ZA,mix,,net_imports,,2024-10-01,2024-10-31,-0.73,TWh,,,primary
ember:monthly:generation,ZA,mix,,net_imports,,2024-11-01,2024-11-30,-0.9,TWh,,,primary
ember:monthly:generation,ZA,mix,,net_imports,,2024-12-01,2024-12-31,-0.7,TWh,,,primary
ember:monthly:generation,ZA,mix,,net_imports,,2025-01-01,2025-01-31,-0.7,TWh,,,primary
ember:monthly:generation,ZA,mix,,net_imports,,2025-02-01,2025-02-28,-0.54,TWh,,,primary
ember:monthly:generation,ZA,mix,,net_imports,,2025-03-01,2025-03-31,-0.57,TWh,,,primary
ember:monthly:generation,ZA,mix,,net_imports,,2025-04-01,2025-04-30,-0.46,TWh,,,primary
ember:monthly:generation,ZA,mix,,net_imports,,2025-05-01,2025-05-31,-0.55,TWh,,,primary
ember:monthly:generation,ZA,mix,,net_imports,,2025-06-01,2025-06-30,-0.72,TWh,,,primary
ember:monthly:generation,ZA,mix,,net_imports,,2025-07-01,2025-07-31,-0.8,TWh,,,primary
ember:monthly:generation,ZA,mix,,net_imports,,2025-08-01,2025-08-31,-0.8,TWh,,,primary
ember:monthly:generation,ZA,mix,,net_imports,,2025-09-01,2025-09-30,-0.95,TWh,,,primary
ember:monthly:generation,ZA,mix,,net_imports,,2025-10-01,2025-10-31,-1.03,TWh,,,primary
ember:monthly:generation,ZA,mix,,net_imports,,2025-11-01,2025-11-30,-0.82,TWh,,,primary
ember:monthly:generation,ZA,mix,,net_imports,,2025-12-01,2025-12-31,-0.46,TWh,,,primary
ember:monthly:generation,ZA,mix,,net_imports,,2026-01-01,2026-01-31,-0.66,TWh,,,primary
ember:monthly:generation,ZA,mix,,net_imports,,2026-02-01,2026-02-28,-0.51,TWh,,,primary
ember:monthly:generation,ZA,mix,,net_imports,,2026-03-01,2026-03-31,0.0,TWh,,,primary
ember:monthly:generation,ZA,mix,,net_imports,,2026-04-01,2026-04-30,0.21,TWh,,,primary
ember:monthly:generation,ZA,mix,,net_imports,,2026-05-01,2026-05-31,0.33,TWh,,,primary
ember:monthly:generation,ZA,mix,,net_imports,,2026-06-01,2026-06-30,0.22,TWh,,,primary
ember:monthly:generation,ZA,mix,,net_imports,,2026-07-01,2026-07-31,0.27,TWh,,,primary
ember:monthly:generation,ZA,mix,,nuclear,,2018-01-01,2018-01-31,1.1,TWh,,,primary
ember:monthly:generation,ZA,mix,,nuclear,,2018-02-01,2018-02-28,1.16,TWh,,,primary
ember:monthly:generation,ZA,mix,,nuclear,,2018-03-01,2018-03-31,0.69,TWh,,,primary
ember:monthly:generation,ZA,mix,,nuclear,,2018-04-01,2018-04-30,0.67,TWh,,,primary
ember:monthly:generation,ZA,mix,,nuclear,,2018-05-01,2018-05-31,0.61,TWh,,,primary
ember:monthly:generation,ZA,mix,,nuclear,,2018-06-01,2018-06-30,0.8,TWh,,,primary
ember:monthly:generation,ZA,mix,,nuclear,,2018-07-01,2018-07-31,1.3,TWh,,,primary
ember:monthly:generation,ZA,mix,,nuclear,,2018-08-01,2018-08-31,1.23,TWh,,,primary
ember:monthly:generation,ZA,mix,,nuclear,,2018-09-01,2018-09-30,0.91,TWh,,,primary
ember:monthly:generation,ZA,mix,,nuclear,,2018-10-01,2018-10-31,0.68,TWh,,,primary
ember:monthly:generation,ZA,mix,,nuclear,,2018-11-01,2018-11-30,0.66,TWh,,,primary
ember:monthly:generation,ZA,mix,,nuclear,,2018-12-01,2018-12-31,0.74,TWh,,,primary
ember:monthly:generation,ZA,mix,,nuclear,,2019-01-01,2019-01-31,1.37,TWh,,,primary
ember:monthly:generation,ZA,mix,,nuclear,,2019-02-01,2019-02-28,1.24,TWh,,,primary
ember:monthly:generation,ZA,mix,,nuclear,,2019-03-01,2019-03-31,1.37,TWh,,,primary
ember:monthly:generation,ZA,mix,,nuclear,,2019-04-01,2019-04-30,1.33,TWh,,,primary
ember:monthly:generation,ZA,mix,,nuclear,,2019-05-01,2019-05-31,1.11,TWh,,,primary
ember:monthly:generation,ZA,mix,,nuclear,,2019-06-01,2019-06-30,1.33,TWh,,,primary
ember:monthly:generation,ZA,mix,,nuclear,,2019-07-01,2019-07-31,1.34,TWh,,,primary
ember:monthly:generation,ZA,mix,,nuclear,,2019-08-01,2019-08-31,1.37,TWh,,,primary
ember:monthly:generation,ZA,mix,,nuclear,,2019-09-01,2019-09-30,1.08,TWh,,,primary
ember:monthly:generation,ZA,mix,,nuclear,,2019-10-01,2019-10-31,0.69,TWh,,,primary
ember:monthly:generation,ZA,mix,,nuclear,,2019-11-01,2019-11-30,0.67,TWh,,,primary
ember:monthly:generation,ZA,mix,,nuclear,,2019-12-01,2019-12-31,0.68,TWh,,,primary
ember:monthly:generation,ZA,mix,,nuclear,,2020-01-01,2020-01-31,1.19,TWh,,,primary
ember:monthly:generation,ZA,mix,,nuclear,,2020-02-01,2020-02-29,1.28,TWh,,,primary
ember:monthly:generation,ZA,mix,,nuclear,,2020-03-01,2020-03-31,1.18,TWh,,,primary
ember:monthly:generation,ZA,mix,,nuclear,,2020-04-01,2020-04-30,0.69,TWh,,,primary
ember:monthly:generation,ZA,mix,,nuclear,,2020-05-01,2020-05-31,0.66,TWh,,,primary
ember:monthly:generation,ZA,mix,,nuclear,,2020-06-01,2020-06-30,0.63,TWh,,,primary
ember:monthly:generation,ZA,mix,,nuclear,,2020-07-01,2020-07-31,0.94,TWh,,,primary
ember:monthly:generation,ZA,mix,,nuclear,,2020-08-01,2020-08-31,0.8,TWh,,,primary
ember:monthly:generation,ZA,mix,,nuclear,,2020-09-01,2020-09-30,0.66,TWh,,,primary
ember:monthly:generation,ZA,mix,,nuclear,,2020-10-01,2020-10-31,0.84,TWh,,,primary
ember:monthly:generation,ZA,mix,,nuclear,,2020-11-01,2020-11-30,1.32,TWh,,,primary
ember:monthly:generation,ZA,mix,,nuclear,,2020-12-01,2020-12-31,1.33,TWh,,,primary
ember:monthly:generation,ZA,mix,,nuclear,,2021-01-01,2021-01-31,0.73,TWh,,,primary
ember:monthly:generation,ZA,mix,,nuclear,,2021-02-01,2021-02-28,0.62,TWh,,,primary
ember:monthly:generation,ZA,mix,,nuclear,,2021-03-01,2021-03-31,0.69,TWh,,,primary
ember:monthly:generation,ZA,mix,,nuclear,,2021-04-01,2021-04-30,0.67,TWh,,,primary
ember:monthly:generation,ZA,mix,,nuclear,,2021-05-01,2021-05-31,0.68,TWh,,,primary
ember:monthly:generation,ZA,mix,,nuclear,,2021-06-01,2021-06-30,0.89,TWh,,,primary
ember:monthly:generation,ZA,mix,,nuclear,,2021-07-01,2021-07-31,1.37,TWh,,,primary
ember:monthly:generation,ZA,mix,,nuclear,,2021-08-01,2021-08-31,1.34,TWh,,,primary
ember:monthly:generation,ZA,mix,,nuclear,,2021-09-01,2021-09-30,1.25,TWh,,,primary
ember:monthly:generation,ZA,mix,,nuclear,,2021-10-01,2021-10-31,1.26,TWh,,,primary
ember:monthly:generation,ZA,mix,,nuclear,,2021-11-01,2021-11-30,1.31,TWh,,,primary
ember:monthly:generation,ZA,mix,,nuclear,,2021-12-01,2021-12-31,1.35,TWh,,,primary
ember:monthly:generation,ZA,mix,,nuclear,,2022-01-01,2022-01-31,0.96,TWh,,,primary
ember:monthly:generation,ZA,mix,,nuclear,,2022-02-01,2022-02-28,0.61,TWh,,,primary
ember:monthly:generation,ZA,mix,,nuclear,,2022-03-01,2022-03-31,0.68,TWh,,,primary
ember:monthly:generation,ZA,mix,,nuclear,,2022-04-01,2022-04-30,0.66,TWh,,,primary
ember:monthly:generation,ZA,mix,,nuclear,,2022-05-01,2022-05-31,0.68,TWh,,,primary
ember:monthly:generation,ZA,mix,,nuclear,,2022-06-01,2022-06-30,0.66,TWh,,,primary
ember:monthly:generation,ZA,mix,,nuclear,,2022-07-01,2022-07-31,0.66,TWh,,,primary
ember:monthly:generation,ZA,mix,,nuclear,,2022-08-01,2022-08-31,1.0,TWh,,,primary
ember:monthly:generation,ZA,mix,,nuclear,,2022-09-01,2022-09-30,0.79,TWh,,,primary
ember:monthly:generation,ZA,mix,,nuclear,,2022-10-01,2022-10-31,1.35,TWh,,,primary
ember:monthly:generation,ZA,mix,,nuclear,,2022-11-01,2022-11-30,1.21,TWh,,,primary
ember:monthly:generation,ZA,mix,,nuclear,,2022-12-01,2022-12-31,0.82,TWh,,,primary
ember:monthly:generation,ZA,mix,,nuclear,,2023-01-01,2023-01-31,0.69,TWh,,,primary
ember:monthly:generation,ZA,mix,,nuclear,,2023-02-01,2023-02-28,0.61,TWh,,,primary
ember:monthly:generation,ZA,mix,,nuclear,,2023-03-01,2023-03-31,0.69,TWh,,,primary
ember:monthly:generation,ZA,mix,,nuclear,,2023-04-01,2023-04-30,0.6,TWh,,,primary
ember:monthly:generation,ZA,mix,,nuclear,,2023-05-01,2023-05-31,0.69,TWh,,,primary
ember:monthly:generation,ZA,mix,,nuclear,,2023-06-01,2023-06-30,0.63,TWh,,,primary
ember:monthly:generation,ZA,mix,,nuclear,,2023-07-01,2023-07-31,0.66,TWh,,,primary
ember:monthly:generation,ZA,mix,,nuclear,,2023-08-01,2023-08-31,0.68,TWh,,,primary
ember:monthly:generation,ZA,mix,,nuclear,,2023-09-01,2023-09-30,0.66,TWh,,,primary
ember:monthly:generation,ZA,mix,,nuclear,,2023-10-01,2023-10-31,0.67,TWh,,,primary
ember:monthly:generation,ZA,mix,,nuclear,,2023-11-01,2023-11-30,0.73,TWh,,,primary
ember:monthly:generation,ZA,mix,,nuclear,,2023-12-01,2023-12-31,0.83,TWh,,,primary
ember:monthly:generation,ZA,mix,,nuclear,,2024-01-01,2024-01-31,0.68,TWh,,,primary
ember:monthly:generation,ZA,mix,,nuclear,,2024-02-01,2024-02-29,0.65,TWh,,,primary
ember:monthly:generation,ZA,mix,,nuclear,,2024-03-01,2024-03-31,0.7,TWh,,,primary
ember:monthly:generation,ZA,mix,,nuclear,,2024-04-01,2024-04-30,0.67,TWh,,,primary
ember:monthly:generation,ZA,mix,,nuclear,,2024-05-01,2024-05-31,0.7,TWh,,,primary
ember:monthly:generation,ZA,mix,,nuclear,,2024-06-01,2024-06-30,0.64,TWh,,,primary
ember:monthly:generation,ZA,mix,,nuclear,,2024-07-01,2024-07-31,0.68,TWh,,,primary
ember:monthly:generation,ZA,mix,,nuclear,,2024-08-01,2024-08-31,0.69,TWh,,,primary
ember:monthly:generation,ZA,mix,,nuclear,,2024-09-01,2024-09-30,0.35,TWh,,,primary
ember:monthly:generation,ZA,mix,,nuclear,,2024-10-01,2024-10-31,0.7,TWh,,,primary
ember:monthly:generation,ZA,mix,,nuclear,,2024-11-01,2024-11-30,0.67,TWh,,,primary
ember:monthly:generation,ZA,mix,,nuclear,,2024-12-01,2024-12-31,0.67,TWh,,,primary
ember:monthly:generation,ZA,mix,,nuclear,,2025-01-01,2025-01-31,1.26,TWh,,,primary
ember:monthly:generation,ZA,mix,,nuclear,,2025-02-01,2025-02-28,0.86,TWh,,,primary
ember:monthly:generation,ZA,mix,,nuclear,,2025-03-01,2025-03-31,0.52,TWh,,,primary
ember:monthly:generation,ZA,mix,,nuclear,,2025-04-01,2025-04-30,0.68,TWh,,,primary
ember:monthly:generation,ZA,mix,,nuclear,,2025-05-01,2025-05-31,0.7,TWh,,,primary
ember:monthly:generation,ZA,mix,,nuclear,,2025-06-01,2025-06-30,0.68,TWh,,,primary
ember:monthly:generation,ZA,mix,,nuclear,,2025-07-01,2025-07-31,0.7,TWh,,,primary
ember:monthly:generation,ZA,mix,,nuclear,,2025-08-01,2025-08-31,0.7,TWh,,,primary
ember:monthly:generation,ZA,mix,,nuclear,,2025-09-01,2025-09-30,0.67,TWh,,,primary
ember:monthly:generation,ZA,mix,,nuclear,,2025-10-01,2025-10-31,0.7,TWh,,,primary
ember:monthly:generation,ZA,mix,,nuclear,,2025-11-01,2025-11-30,1.33,TWh,,,primary
ember:monthly:generation,ZA,mix,,nuclear,,2025-12-01,2025-12-31,1.41,TWh,,,primary
ember:monthly:generation,ZA,mix,,nuclear,,2026-01-01,2026-01-31,1.39,TWh,,,primary
ember:monthly:generation,ZA,mix,,nuclear,,2026-02-01,2026-02-28,1.27,TWh,,,primary
ember:monthly:generation,ZA,mix,,nuclear,,2026-03-01,2026-03-31,1.39,TWh,,,primary
ember:monthly:generation,ZA,mix,,nuclear,,2026-04-01,2026-04-30,0.81,TWh,,,primary
ember:monthly:generation,ZA,mix,,nuclear,,2026-05-01,2026-05-31,0.48,TWh,,,primary
ember:monthly:generation,ZA,mix,,nuclear,,2026-06-01,2026-06-30,0.46,TWh,,,primary
ember:monthly:generation,ZA,mix,,nuclear,,2026-07-01,2026-07-31,0.48,TWh,,,primary
ember:monthly:generation,ZA,mix,,other_fossil,,2018-01-01,2018-01-31,0.0,TWh,,,primary
ember:monthly:generation,ZA,mix,,other_fossil,,2018-02-01,2018-02-28,0.02,TWh,,,primary
ember:monthly:generation,ZA,mix,,other_fossil,,2018-03-01,2018-03-31,0.07,TWh,,,primary
ember:monthly:generation,ZA,mix,,other_fossil,,2018-04-01,2018-04-30,0.02,TWh,,,primary
ember:monthly:generation,ZA,mix,,other_fossil,,2018-05-01,2018-05-31,0.04,TWh,,,primary
ember:monthly:generation,ZA,mix,,other_fossil,,2018-06-01,2018-06-30,0.12,TWh,,,primary
ember:monthly:generation,ZA,mix,,other_fossil,,2018-07-01,2018-07-31,0.03,TWh,,,primary
ember:monthly:generation,ZA,mix,,other_fossil,,2018-08-01,2018-08-31,0.07,TWh,,,primary
ember:monthly:generation,ZA,mix,,other_fossil,,2018-09-01,2018-09-30,0.07,TWh,,,primary
ember:monthly:generation,ZA,mix,,other_fossil,,2018-10-01,2018-10-31,0.1,TWh,,,primary
ember:monthly:generation,ZA,mix,,other_fossil,,2018-11-01,2018-11-30,0.25,TWh,,,primary
ember:monthly:generation,ZA,mix,,other_fossil,,2018-12-01,2018-12-31,0.11,TWh,,,primary
ember:monthly:generation,ZA,mix,,other_fossil,,2019-01-01,2019-01-31,0.15,TWh,,,primary
ember:monthly:generation,ZA,mix,,other_fossil,,2019-02-01,2019-02-28,0.45,TWh,,,primary
ember:monthly:generation,ZA,mix,,other_fossil,,2019-03-01,2019-03-31,0.34,TWh,,,primary
ember:monthly:generation,ZA,mix,,other_fossil,,2019-04-01,2019-04-30,0.17,TWh,,,primary
ember:monthly:generation,ZA,mix,,other_fossil,,2019-05-01,2019-05-31,0.05,TWh,,,primary
ember:monthly:generation,ZA,mix,,other_fossil,,2019-06-01,2019-06-30,0.09,TWh,,,primary
ember:monthly:generation,ZA,mix,,other_fossil,,2019-07-01,2019-07-31,0.1,TWh,,,primary
ember:monthly:generation,ZA,mix,,other_fossil,,2019-08-01,2019-08-31,0.01,TWh,,,primary
ember:monthly:generation,ZA,mix,,other_fossil,,2019-09-01,2019-09-30,0.08,TWh,,,primary
ember:monthly:generation,ZA,mix,,other_fossil,,2019-10-01,2019-10-31,0.21,TWh,,,primary
ember:monthly:generation,ZA,mix,,other_fossil,,2019-11-01,2019-11-30,0.22,TWh,,,primary
ember:monthly:generation,ZA,mix,,other_fossil,,2019-12-01,2019-12-31,0.28,TWh,,,primary
ember:monthly:generation,ZA,mix,,other_fossil,,2020-01-01,2020-01-31,0.33,TWh,,,primary
ember:monthly:generation,ZA,mix,,other_fossil,,2020-02-01,2020-02-29,0.18,TWh,,,primary
ember:monthly:generation,ZA,mix,,other_fossil,,2020-03-01,2020-03-31,0.33,TWh,,,primary
ember:monthly:generation,ZA,mix,,other_fossil,,2020-04-01,2020-04-30,0.03,TWh,,,primary
ember:monthly:generation,ZA,mix,,other_fossil,,2020-05-01,2020-05-31,0.05,TWh,,,primary
ember:monthly:generation,ZA,mix,,other_fossil,,2020-06-01,2020-06-30,0.11,TWh,,,primary
ember:monthly:generation,ZA,mix,,other_fossil,,2020-07-01,2020-07-31,0.24,TWh,,,primary
ember:monthly:generation,ZA,mix,,other_fossil,,2020-08-01,2020-08-31,0.23,TWh,,,primary
ember:monthly:generation,ZA,mix,,other_fossil,,2020-09-01,2020-09-30,0.12,TWh,,,primary
ember:monthly:generation,ZA,mix,,other_fossil,,2020-10-01,2020-10-31,0.03,TWh,,,primary
ember:monthly:generation,ZA,mix,,other_fossil,,2020-11-01,2020-11-30,0.0,TWh,,,primary
ember:monthly:generation,ZA,mix,,other_fossil,,2020-12-01,2020-12-31,0.27,TWh,,,primary
ember:monthly:generation,ZA,mix,,other_fossil,,2021-01-01,2021-01-31,0.26,TWh,,,primary
ember:monthly:generation,ZA,mix,,other_fossil,,2021-02-01,2021-02-28,0.37,TWh,,,primary
ember:monthly:generation,ZA,mix,,other_fossil,,2021-03-01,2021-03-31,0.45,TWh,,,primary
ember:monthly:generation,ZA,mix,,other_fossil,,2021-04-01,2021-04-30,0.22,TWh,,,primary
ember:monthly:generation,ZA,mix,,other_fossil,,2021-05-01,2021-05-31,0.34,TWh,,,primary
ember:monthly:generation,ZA,mix,,other_fossil,,2021-06-01,2021-06-30,0.32,TWh,,,primary
ember:monthly:generation,ZA,mix,,other_fossil,,2021-07-01,2021-07-31,0.16,TWh,,,primary
ember:monthly:generation,ZA,mix,,other_fossil,,2021-08-01,2021-08-31,0.12,TWh,,,primary
ember:monthly:generation,ZA,mix,,other_fossil,,2021-09-01,2021-09-30,0.08,TWh,,,primary
ember:monthly:generation,ZA,mix,,other_fossil,,2021-10-01,2021-10-31,0.43,TWh,,,primary
ember:monthly:generation,ZA,mix,,other_fossil,,2021-11-01,2021-11-30,0.31,TWh,,,primary
ember:monthly:generation,ZA,mix,,other_fossil,,2021-12-01,2021-12-31,0.17,TWh,,,primary
ember:monthly:generation,ZA,mix,,other_fossil,,2022-01-01,2022-01-31,0.16,TWh,,,primary
ember:monthly:generation,ZA,mix,,other_fossil,,2022-02-01,2022-02-28,0.22,TWh,,,primary
ember:monthly:generation,ZA,mix,,other_fossil,,2022-03-01,2022-03-31,0.21,TWh,,,primary
ember:monthly:generation,ZA,mix,,other_fossil,,2022-04-01,2022-04-30,0.33,TWh,,,primary
ember:monthly:generation,ZA,mix,,other_fossil,,2022-05-01,2022-05-31,0.33,TWh,,,primary
ember:monthly:generation,ZA,mix,,other_fossil,,2022-06-01,2022-06-30,0.43,TWh,,,primary
ember:monthly:generation,ZA,mix,,other_fossil,,2022-07-01,2022-07-31,0.26,TWh,,,primary
ember:monthly:generation,ZA,mix,,other_fossil,,2022-08-01,2022-08-31,0.25,TWh,,,primary
ember:monthly:generation,ZA,mix,,other_fossil,,2022-09-01,2022-09-30,0.49,TWh,,,primary
ember:monthly:generation,ZA,mix,,other_fossil,,2022-10-01,2022-10-31,0.38,TWh,,,primary
ember:monthly:generation,ZA,mix,,other_fossil,,2022-11-01,2022-11-30,0.2,TWh,,,primary
ember:monthly:generation,ZA,mix,,other_fossil,,2022-12-01,2022-12-31,0.35,TWh,,,primary
ember:monthly:generation,ZA,mix,,other_fossil,,2023-01-01,2023-01-31,0.39,TWh,,,primary
ember:monthly:generation,ZA,mix,,other_fossil,,2023-02-01,2023-02-28,0.38,TWh,,,primary
ember:monthly:generation,ZA,mix,,other_fossil,,2023-03-01,2023-03-31,0.3,TWh,,,primary
ember:monthly:generation,ZA,mix,,other_fossil,,2023-04-01,2023-04-30,0.47,TWh,,,primary
ember:monthly:generation,ZA,mix,,other_fossil,,2023-05-01,2023-05-31,0.72,TWh,,,primary
ember:monthly:generation,ZA,mix,,other_fossil,,2023-06-01,2023-06-30,0.4,TWh,,,primary
ember:monthly:generation,ZA,mix,,other_fossil,,2023-07-01,2023-07-31,0.53,TWh,,,primary
ember:monthly:generation,ZA,mix,,other_fossil,,2023-08-01,2023-08-31,0.37,TWh,,,primary
ember:monthly:generation,ZA,mix,,other_fossil,,2023-09-01,2023-09-30,0.37,TWh,,,primary
ember:monthly:generation,ZA,mix,,other_fossil,,2023-10-01,2023-10-31,0.36,TWh,,,primary
ember:monthly:generation,ZA,mix,,other_fossil,,2023-11-01,2023-11-30,0.73,TWh,,,primary
ember:monthly:generation,ZA,mix,,other_fossil,,2023-12-01,2023-12-31,0.23,TWh,,,primary
ember:monthly:generation,ZA,mix,,other_fossil,,2024-01-01,2024-01-31,0.37,TWh,,,primary
ember:monthly:generation,ZA,mix,,other_fossil,,2024-02-01,2024-02-29,0.47,TWh,,,primary
ember:monthly:generation,ZA,mix,,other_fossil,,2024-03-01,2024-03-31,0.48,TWh,,,primary
ember:monthly:generation,ZA,mix,,other_fossil,,2024-04-01,2024-04-30,0.22,TWh,,,primary
ember:monthly:generation,ZA,mix,,other_fossil,,2024-05-01,2024-05-31,0.13,TWh,,,primary
ember:monthly:generation,ZA,mix,,other_fossil,,2024-06-01,2024-06-30,0.3,TWh,,,primary
ember:monthly:generation,ZA,mix,,other_fossil,,2024-07-01,2024-07-31,0.1,TWh,,,primary
ember:monthly:generation,ZA,mix,,other_fossil,,2024-08-01,2024-08-31,0.11,TWh,,,primary
ember:monthly:generation,ZA,mix,,other_fossil,,2024-09-01,2024-09-30,0.42,TWh,,,primary
ember:monthly:generation,ZA,mix,,other_fossil,,2024-10-01,2024-10-31,0.14,TWh,,,primary
ember:monthly:generation,ZA,mix,,other_fossil,,2024-11-01,2024-11-30,0.18,TWh,,,primary
ember:monthly:generation,ZA,mix,,other_fossil,,2024-12-01,2024-12-31,0.42,TWh,,,primary
ember:monthly:generation,ZA,mix,,other_fossil,,2025-01-01,2025-01-31,0.48,TWh,,,primary
ember:monthly:generation,ZA,mix,,other_fossil,,2025-02-01,2025-02-28,0.49,TWh,,,primary
ember:monthly:generation,ZA,mix,,other_fossil,,2025-03-01,2025-03-31,0.69,TWh,,,primary
ember:monthly:generation,ZA,mix,,other_fossil,,2025-04-01,2025-04-30,0.46,TWh,,,primary
ember:monthly:generation,ZA,mix,,other_fossil,,2025-05-01,2025-05-31,0.28,TWh,,,primary
ember:monthly:generation,ZA,mix,,other_fossil,,2025-06-01,2025-06-30,0.28,TWh,,,primary
ember:monthly:generation,ZA,mix,,other_fossil,,2025-07-01,2025-07-31,0.2,TWh,,,primary
ember:monthly:generation,ZA,mix,,other_fossil,,2025-08-01,2025-08-31,0.12,TWh,,,primary
ember:monthly:generation,ZA,mix,,other_fossil,,2025-09-01,2025-09-30,0.07,TWh,,,primary
ember:monthly:generation,ZA,mix,,other_fossil,,2025-10-01,2025-10-31,0.09,TWh,,,primary
ember:monthly:generation,ZA,mix,,other_fossil,,2025-11-01,2025-11-30,0.09,TWh,,,primary
ember:monthly:generation,ZA,mix,,other_fossil,,2025-12-01,2025-12-31,0.1,TWh,,,primary
ember:monthly:generation,ZA,mix,,other_fossil,,2026-01-01,2026-01-31,0.09,TWh,,,primary
ember:monthly:generation,ZA,mix,,other_fossil,,2026-02-01,2026-02-28,0.09,TWh,,,primary
ember:monthly:generation,ZA,mix,,other_fossil,,2026-03-01,2026-03-31,0.1,TWh,,,primary
ember:monthly:generation,ZA,mix,,other_fossil,,2026-04-01,2026-04-30,0.12,TWh,,,primary
ember:monthly:generation,ZA,mix,,other_fossil,,2026-05-01,2026-05-31,0.1,TWh,,,primary
ember:monthly:generation,ZA,mix,,other_fossil,,2026-06-01,2026-06-30,0.1,TWh,,,primary
ember:monthly:generation,ZA,mix,,other_fossil,,2026-07-01,2026-07-31,0.09,TWh,,,primary
ember:monthly:generation,ZA,mix,,other_renewables,,2018-01-01,2018-01-31,0.01,TWh,,,primary
ember:monthly:generation,ZA,mix,,other_renewables,,2018-02-01,2018-02-28,0.01,TWh,,,primary
ember:monthly:generation,ZA,mix,,other_renewables,,2018-03-01,2018-03-31,0.01,TWh,,,primary
ember:monthly:generation,ZA,mix,,other_renewables,,2018-04-01,2018-04-30,0.01,TWh,,,primary
ember:monthly:generation,ZA,mix,,other_renewables,,2018-05-01,2018-05-31,0.01,TWh,,,primary
ember:monthly:generation,ZA,mix,,other_renewables,,2018-06-01,2018-06-30,0.01,TWh,,,primary
ember:monthly:generation,ZA,mix,,other_renewables,,2018-07-01,2018-07-31,0.01,TWh,,,primary
ember:monthly:generation,ZA,mix,,other_renewables,,2018-08-01,2018-08-31,0.01,TWh,,,primary
ember:monthly:generation,ZA,mix,,other_renewables,,2018-09-01,2018-09-30,0.01,TWh,,,primary
ember:monthly:generation,ZA,mix,,other_renewables,,2018-10-01,2018-10-31,0.01,TWh,,,primary
ember:monthly:generation,ZA,mix,,other_renewables,,2018-11-01,2018-11-30,0.01,TWh,,,primary
ember:monthly:generation,ZA,mix,,other_renewables,,2018-12-01,2018-12-31,0.01,TWh,,,primary
ember:monthly:generation,ZA,mix,,other_renewables,,2019-01-01,2019-01-31,0.01,TWh,,,primary
ember:monthly:generation,ZA,mix,,other_renewables,,2019-02-01,2019-02-28,0.01,TWh,,,primary
ember:monthly:generation,ZA,mix,,other_renewables,,2019-03-01,2019-03-31,0.01,TWh,,,primary
ember:monthly:generation,ZA,mix,,other_renewables,,2019-04-01,2019-04-30,0.01,TWh,,,primary
ember:monthly:generation,ZA,mix,,other_renewables,,2019-05-01,2019-05-31,0.01,TWh,,,primary
ember:monthly:generation,ZA,mix,,other_renewables,,2019-06-01,2019-06-30,0.01,TWh,,,primary
ember:monthly:generation,ZA,mix,,other_renewables,,2019-07-01,2019-07-31,0.01,TWh,,,primary
ember:monthly:generation,ZA,mix,,other_renewables,,2019-08-01,2019-08-31,0.01,TWh,,,primary
ember:monthly:generation,ZA,mix,,other_renewables,,2019-09-01,2019-09-30,0.01,TWh,,,primary
ember:monthly:generation,ZA,mix,,other_renewables,,2019-10-01,2019-10-31,0.0,TWh,,,primary
ember:monthly:generation,ZA,mix,,other_renewables,,2019-11-01,2019-11-30,0.0,TWh,,,primary
ember:monthly:generation,ZA,mix,,other_renewables,,2019-12-01,2019-12-31,0.01,TWh,,,primary
ember:monthly:generation,ZA,mix,,other_renewables,,2020-01-01,2020-01-31,0.01,TWh,,,primary
ember:monthly:generation,ZA,mix,,other_renewables,,2020-02-01,2020-02-29,0.01,TWh,,,primary
ember:monthly:generation,ZA,mix,,other_renewables,,2020-03-01,2020-03-31,0.01,TWh,,,primary
ember:monthly:generation,ZA,mix,,other_renewables,,2020-04-01,2020-04-30,0.01,TWh,,,primary
ember:monthly:generation,ZA,mix,,other_renewables,,2020-05-01,2020-05-31,0.01,TWh,,,primary
ember:monthly:generation,ZA,mix,,other_renewables,,2020-06-01,2020-06-30,0.01,TWh,,,primary
ember:monthly:generation,ZA,mix,,other_renewables,,2020-07-01,2020-07-31,0.01,TWh,,,primary
ember:monthly:generation,ZA,mix,,other_renewables,,2020-08-01,2020-08-31,0.01,TWh,,,primary
ember:monthly:generation,ZA,mix,,other_renewables,,2020-09-01,2020-09-30,0.01,TWh,,,primary
ember:monthly:generation,ZA,mix,,other_renewables,,2020-10-01,2020-10-31,0.01,TWh,,,primary
ember:monthly:generation,ZA,mix,,other_renewables,,2020-11-01,2020-11-30,0.01,TWh,,,primary
ember:monthly:generation,ZA,mix,,other_renewables,,2020-12-01,2020-12-31,0.01,TWh,,,primary
ember:monthly:generation,ZA,mix,,other_renewables,,2021-01-01,2021-01-31,0.01,TWh,,,primary
ember:monthly:generation,ZA,mix,,other_renewables,,2021-02-01,2021-02-28,0.01,TWh,,,primary
ember:monthly:generation,ZA,mix,,other_renewables,,2021-03-01,2021-03-31,0.01,TWh,,,primary
ember:monthly:generation,ZA,mix,,other_renewables,,2021-04-01,2021-04-30,0.01,TWh,,,primary
ember:monthly:generation,ZA,mix,,other_renewables,,2021-05-01,2021-05-31,0.01,TWh,,,primary
ember:monthly:generation,ZA,mix,,other_renewables,,2021-06-01,2021-06-30,0.01,TWh,,,primary
ember:monthly:generation,ZA,mix,,other_renewables,,2021-07-01,2021-07-31,0.01,TWh,,,primary
ember:monthly:generation,ZA,mix,,other_renewables,,2021-08-01,2021-08-31,0.01,TWh,,,primary
ember:monthly:generation,ZA,mix,,other_renewables,,2021-09-01,2021-09-30,0.01,TWh,,,primary
ember:monthly:generation,ZA,mix,,other_renewables,,2021-10-01,2021-10-31,0.01,TWh,,,primary
ember:monthly:generation,ZA,mix,,other_renewables,,2021-11-01,2021-11-30,0.01,TWh,,,primary
ember:monthly:generation,ZA,mix,,other_renewables,,2021-12-01,2021-12-31,0.01,TWh,,,primary
ember:monthly:generation,ZA,mix,,other_renewables,,2022-01-01,2022-01-31,0.01,TWh,,,primary
ember:monthly:generation,ZA,mix,,other_renewables,,2022-02-01,2022-02-28,0.01,TWh,,,primary
ember:monthly:generation,ZA,mix,,other_renewables,,2022-03-01,2022-03-31,0.02,TWh,,,primary
ember:monthly:generation,ZA,mix,,other_renewables,,2022-04-01,2022-04-30,0.02,TWh,,,primary
ember:monthly:generation,ZA,mix,,other_renewables,,2022-05-01,2022-05-31,0.02,TWh,,,primary
ember:monthly:generation,ZA,mix,,other_renewables,,2022-06-01,2022-06-30,0.02,TWh,,,primary
ember:monthly:generation,ZA,mix,,other_renewables,,2022-07-01,2022-07-31,0.01,TWh,,,primary
ember:monthly:generation,ZA,mix,,other_renewables,,2022-08-01,2022-08-31,0.02,TWh,,,primary
ember:monthly:generation,ZA,mix,,other_renewables,,2022-09-01,2022-09-30,0.03,TWh,,,primary
ember:monthly:generation,ZA,mix,,other_renewables,,2022-10-01,2022-10-31,0.02,TWh,,,primary
ember:monthly:generation,ZA,mix,,other_renewables,,2022-11-01,2022-11-30,0.02,TWh,,,primary
ember:monthly:generation,ZA,mix,,other_renewables,,2022-12-01,2022-12-31,0.02,TWh,,,primary
ember:monthly:generation,ZA,mix,,other_renewables,,2023-01-01,2023-01-31,0.02,TWh,,,primary
ember:monthly:generation,ZA,mix,,other_renewables,,2023-02-01,2023-02-28,0.02,TWh,,,primary
ember:monthly:generation,ZA,mix,,other_renewables,,2023-03-01,2023-03-31,0.02,TWh,,,primary
ember:monthly:generation,ZA,mix,,other_renewables,,2023-04-01,2023-04-30,0.02,TWh,,,primary
ember:monthly:generation,ZA,mix,,other_renewables,,2023-05-01,2023-05-31,0.02,TWh,,,primary
ember:monthly:generation,ZA,mix,,other_renewables,,2023-06-01,2023-06-30,0.03,TWh,,,primary
ember:monthly:generation,ZA,mix,,other_renewables,,2023-07-01,2023-07-31,0.03,TWh,,,primary
ember:monthly:generation,ZA,mix,,other_renewables,,2023-08-01,2023-08-31,0.02,TWh,,,primary
ember:monthly:generation,ZA,mix,,other_renewables,,2023-09-01,2023-09-30,0.01,TWh,,,primary
ember:monthly:generation,ZA,mix,,other_renewables,,2023-10-01,2023-10-31,0.02,TWh,,,primary
ember:monthly:generation,ZA,mix,,other_renewables,,2023-11-01,2023-11-30,0.01,TWh,,,primary
ember:monthly:generation,ZA,mix,,other_renewables,,2023-12-01,2023-12-31,0.01,TWh,,,primary
ember:monthly:generation,ZA,mix,,other_renewables,,2024-01-01,2024-01-31,0.01,TWh,,,primary
ember:monthly:generation,ZA,mix,,other_renewables,,2024-02-01,2024-02-29,0.01,TWh,,,primary
ember:monthly:generation,ZA,mix,,other_renewables,,2024-03-01,2024-03-31,0.01,TWh,,,primary
ember:monthly:generation,ZA,mix,,other_renewables,,2024-04-01,2024-04-30,0.02,TWh,,,primary
ember:monthly:generation,ZA,mix,,other_renewables,,2024-05-01,2024-05-31,0.02,TWh,,,primary
ember:monthly:generation,ZA,mix,,other_renewables,,2024-06-01,2024-06-30,0.02,TWh,,,primary
ember:monthly:generation,ZA,mix,,other_renewables,,2024-07-01,2024-07-31,0.02,TWh,,,primary
ember:monthly:generation,ZA,mix,,other_renewables,,2024-08-01,2024-08-31,0.03,TWh,,,primary
ember:monthly:generation,ZA,mix,,other_renewables,,2024-09-01,2024-09-30,0.03,TWh,,,primary
ember:monthly:generation,ZA,mix,,other_renewables,,2024-10-01,2024-10-31,0.02,TWh,,,primary
ember:monthly:generation,ZA,mix,,other_renewables,,2024-11-01,2024-11-30,0.02,TWh,,,primary
ember:monthly:generation,ZA,mix,,other_renewables,,2024-12-01,2024-12-31,0.02,TWh,,,primary
ember:monthly:generation,ZA,mix,,other_renewables,,2025-01-01,2025-01-31,0.02,TWh,,,primary
ember:monthly:generation,ZA,mix,,other_renewables,,2025-02-01,2025-02-28,0.02,TWh,,,primary
ember:monthly:generation,ZA,mix,,other_renewables,,2025-03-01,2025-03-31,0.02,TWh,,,primary
ember:monthly:generation,ZA,mix,,other_renewables,,2025-04-01,2025-04-30,0.0,TWh,,,primary
ember:monthly:generation,ZA,mix,,other_renewables,,2025-05-01,2025-05-31,0.01,TWh,,,primary
ember:monthly:generation,ZA,mix,,other_renewables,,2025-06-01,2025-06-30,0.03,TWh,,,primary
ember:monthly:generation,ZA,mix,,other_renewables,,2025-07-01,2025-07-31,0.03,TWh,,,primary
ember:monthly:generation,ZA,mix,,other_renewables,,2025-08-01,2025-08-31,0.03,TWh,,,primary
ember:monthly:generation,ZA,mix,,other_renewables,,2025-09-01,2025-09-30,0.03,TWh,,,primary
ember:monthly:generation,ZA,mix,,other_renewables,,2025-10-01,2025-10-31,0.03,TWh,,,primary
ember:monthly:generation,ZA,mix,,other_renewables,,2025-11-01,2025-11-30,0.03,TWh,,,primary
ember:monthly:generation,ZA,mix,,other_renewables,,2025-12-01,2025-12-31,0.02,TWh,,,primary
ember:monthly:generation,ZA,mix,,other_renewables,,2026-01-01,2026-01-31,0.03,TWh,,,primary
ember:monthly:generation,ZA,mix,,other_renewables,,2026-02-01,2026-02-28,0.03,TWh,,,primary
ember:monthly:generation,ZA,mix,,other_renewables,,2026-03-01,2026-03-31,0.03,TWh,,,primary
ember:monthly:generation,ZA,mix,,other_renewables,,2026-04-01,2026-04-30,0.03,TWh,,,primary
ember:monthly:generation,ZA,mix,,other_renewables,,2026-05-01,2026-05-31,0.02,TWh,,,primary
ember:monthly:generation,ZA,mix,,other_renewables,,2026-06-01,2026-06-30,0.03,TWh,,,primary
ember:monthly:generation,ZA,mix,,other_renewables,,2026-07-01,2026-07-31,0.03,TWh,,,primary
ember:monthly:generation,ZA,mix,,solar,,2018-01-01,2018-01-31,0.44,TWh,,,primary
ember:monthly:generation,ZA,mix,,solar,,2018-02-01,2018-02-28,0.36,TWh,,,primary
ember:monthly:generation,ZA,mix,,solar,,2018-03-01,2018-03-31,0.34,TWh,,,primary
ember:monthly:generation,ZA,mix,,solar,,2018-04-01,2018-04-30,0.31,TWh,,,primary
ember:monthly:generation,ZA,mix,,solar,,2018-05-01,2018-05-31,0.3,TWh,,,primary
ember:monthly:generation,ZA,mix,,solar,,2018-06-01,2018-06-30,0.27,TWh,,,primary
ember:monthly:generation,ZA,mix,,solar,,2018-07-01,2018-07-31,0.27,TWh,,,primary
ember:monthly:generation,ZA,mix,,solar,,2018-08-01,2018-08-31,0.33,TWh,,,primary
ember:monthly:generation,ZA,mix,,solar,,2018-09-01,2018-09-30,0.36,TWh,,,primary
ember:monthly:generation,ZA,mix,,solar,,2018-10-01,2018-10-31,0.41,TWh,,,primary
ember:monthly:generation,ZA,mix,,solar,,2018-11-01,2018-11-30,0.44,TWh,,,primary
ember:monthly:generation,ZA,mix,,solar,,2018-12-01,2018-12-31,0.47,TWh,,,primary
ember:monthly:generation,ZA,mix,,solar,,2019-01-01,2019-01-31,0.51,TWh,,,primary
ember:monthly:generation,ZA,mix,,solar,,2019-02-01,2019-02-28,0.39,TWh,,,primary
ember:monthly:generation,ZA,mix,,solar,,2019-03-01,2019-03-31,0.43,TWh,,,primary
ember:monthly:generation,ZA,mix,,solar,,2019-04-01,2019-04-30,0.35,TWh,,,primary
ember:monthly:generation,ZA,mix,,solar,,2019-05-01,2019-05-31,0.31,TWh,,,primary
ember:monthly:generation,ZA,mix,,solar,,2019-06-01,2019-06-30,0.3,TWh,,,primary
ember:monthly:generation,ZA,mix,,solar,,2019-07-01,2019-07-31,0.31,TWh,,,primary
ember:monthly:generation,ZA,mix,,solar,,2019-08-01,2019-08-31,0.39,TWh,,,primary
ember:monthly:generation,ZA,mix,,solar,,2019-09-01,2019-09-30,0.44,TWh,,,primary
ember:monthly:generation,ZA,mix,,solar,,2019-10-01,2019-10-31,0.49,TWh,,,primary
ember:monthly:generation,ZA,mix,,solar,,2019-11-01,2019-11-30,0.49,TWh,,,primary
ember:monthly:generation,ZA,mix,,solar,,2019-12-01,2019-12-31,0.47,TWh,,,primary
ember:monthly:generation,ZA,mix,,solar,,2020-01-01,2020-01-31,0.51,TWh,,,primary
ember:monthly:generation,ZA,mix,,solar,,2020-02-01,2020-02-29,0.39,TWh,,,primary
ember:monthly:generation,ZA,mix,,solar,,2020-03-01,2020-03-31,0.44,TWh,,,primary
ember:monthly:generation,ZA,mix,,solar,,2020-04-01,2020-04-30,0.4,TWh,,,primary
ember:monthly:generation,ZA,mix,,solar,,2020-05-01,2020-05-31,0.41,TWh,,,primary
ember:monthly:generation,ZA,mix,,solar,,2020-06-01,2020-06-30,0.35,TWh,,,primary
ember:monthly:generation,ZA,mix,,solar,,2020-07-01,2020-07-31,0.37,TWh,,,primary
ember:monthly:generation,ZA,mix,,solar,,2020-08-01,2020-08-31,0.47,TWh,,,primary
ember:monthly:generation,ZA,mix,,solar,,2020-09-01,2020-09-30,0.53,TWh,,,primary
ember:monthly:generation,ZA,mix,,solar,,2020-10-01,2020-10-31,0.58,TWh,,,primary
ember:monthly:generation,ZA,mix,,solar,,2020-11-01,2020-11-30,0.65,TWh,,,primary
ember:monthly:generation,ZA,mix,,solar,,2020-12-01,2020-12-31,0.67,TWh,,,primary
ember:monthly:generation,ZA,mix,,solar,,2021-01-01,2021-01-31,0.58,TWh,,,primary
ember:monthly:generation,ZA,mix,,solar,,2021-02-01,2021-02-28,0.57,TWh,,,primary
ember:monthly:generation,ZA,mix,,solar,,2021-03-01,2021-03-31,0.6,TWh,,,primary
ember:monthly:generation,ZA,mix,,solar,,2021-04-01,2021-04-30,0.5,TWh,,,primary
ember:monthly:generation,ZA,mix,,solar,,2021-05-01,2021-05-31,0.47,TWh,,,primary
ember:monthly:generation,ZA,mix,,solar,,2021-06-01,2021-06-30,0.39,TWh,,,primary
ember:monthly:generation,ZA,mix,,solar,,2021-07-01,2021-07-31,0.46,TWh,,,primary
ember:monthly:generation,ZA,mix,,solar,,2021-08-01,2021-08-31,0.48,TWh,,,primary
ember:monthly:generation,ZA,mix,,solar,,2021-09-01,2021-09-30,0.6,TWh,,,primary
ember:monthly:generation,ZA,mix,,solar,,2021-10-01,2021-10-31,0.7,TWh,,,primary
ember:monthly:generation,ZA,mix,,solar,,2021-11-01,2021-11-30,0.8,TWh,,,primary
ember:monthly:generation,ZA,mix,,solar,,2021-12-01,2021-12-31,0.77,TWh,,,primary
ember:monthly:generation,ZA,mix,,solar,,2022-01-01,2022-01-31,0.78,TWh,,,primary
ember:monthly:generation,ZA,mix,,solar,,2022-02-01,2022-02-28,0.71,TWh,,,primary
ember:monthly:generation,ZA,mix,,solar,,2022-03-01,2022-03-31,0.64,TWh,,,primary
ember:monthly:generation,ZA,mix,,solar,,2022-04-01,2022-04-30,0.7,TWh,,,primary
ember:monthly:generation,ZA,mix,,solar,,2022-05-01,2022-05-31,0.66,TWh,,,primary
ember:monthly:generation,ZA,mix,,solar,,2022-06-01,2022-06-30,0.57,TWh,,,primary
ember:monthly:generation,ZA,mix,,solar,,2022-07-01,2022-07-31,0.67,TWh,,,primary
ember:monthly:generation,ZA,mix,,solar,,2022-08-01,2022-08-31,0.85,TWh,,,primary
ember:monthly:generation,ZA,mix,,solar,,2022-09-01,2022-09-30,0.86,TWh,,,primary
ember:monthly:generation,ZA,mix,,solar,,2022-10-01,2022-10-31,0.91,TWh,,,primary
ember:monthly:generation,ZA,mix,,solar,,2022-11-01,2022-11-30,1.04,TWh,,,primary
ember:monthly:generation,ZA,mix,,solar,,2022-12-01,2022-12-31,1.15,TWh,,,primary
ember:monthly:generation,ZA,mix,,solar,,2023-01-01,2023-01-31,1.23,TWh,,,primary
ember:monthly:generation,ZA,mix,,solar,,2023-02-01,2023-02-28,1.07,TWh,,,primary
ember:monthly:generation,ZA,mix,,solar,,2023-03-01,2023-03-31,1.09,TWh,,,primary
ember:monthly:generation,ZA,mix,,solar,,2023-04-01,2023-04-30,1.02,TWh,,,primary
ember:monthly:generation,ZA,mix,,solar,,2023-05-01,2023-05-31,0.86,TWh,,,primary
ember:monthly:generation,ZA,mix,,solar,,2023-06-01,2023-06-30,0.82,TWh,,,primary
ember:monthly:generation,ZA,mix,,solar,,2023-07-01,2023-07-31,0.9,TWh,,,primary
ember:monthly:generation,ZA,mix,,solar,,2023-08-01,2023-08-31,1.14,TWh,,,primary
ember:monthly:generation,ZA,mix,,solar,,2023-09-01,2023-09-30,1.27,TWh,,,primary
ember:monthly:generation,ZA,mix,,solar,,2023-10-01,2023-10-31,1.48,TWh,,,primary
ember:monthly:generation,ZA,mix,,solar,,2023-11-01,2023-11-30,1.51,TWh,,,primary
ember:monthly:generation,ZA,mix,,solar,,2023-12-01,2023-12-31,1.5,TWh,,,primary
ember:monthly:generation,ZA,mix,,solar,,2024-01-01,2024-01-31,1.57,TWh,,,primary
ember:monthly:generation,ZA,mix,,solar,,2024-02-01,2024-02-29,1.57,TWh,,,primary
ember:monthly:generation,ZA,mix,,solar,,2024-03-01,2024-03-31,1.46,TWh,,,primary
ember:monthly:generation,ZA,mix,,solar,,2024-04-01,2024-04-30,1.18,TWh,,,primary
ember:monthly:generation,ZA,mix,,solar,,2024-05-01,2024-05-31,1.13,TWh,,,primary
ember:monthly:generation,ZA,mix,,solar,,2024-06-01,2024-06-30,0.98,TWh,,,primary
ember:monthly:generation,ZA,mix,,solar,,2024-07-01,2024-07-31,1.15,TWh,,,primary
ember:monthly:generation,ZA,mix,,solar,,2024-08-01,2024-08-31,1.37,TWh,,,primary
ember:monthly:generation,ZA,mix,,solar,,2024-09-01,2024-09-30,1.46,TWh,,,primary
ember:monthly:generation,ZA,mix,,solar,,2024-10-01,2024-10-31,1.79,TWh,,,primary
ember:monthly:generation,ZA,mix,,solar,,2024-11-01,2024-11-30,1.82,TWh,,,primary
ember:monthly:generation,ZA,mix,,solar,,2024-12-01,2024-12-31,1.9,TWh,,,primary
ember:monthly:generation,ZA,mix,,solar,,2025-01-01,2025-01-31,1.87,TWh,,,primary
ember:monthly:generation,ZA,mix,,solar,,2025-02-01,2025-02-28,1.43,TWh,,,primary
ember:monthly:generation,ZA,mix,,solar,,2025-03-01,2025-03-31,1.39,TWh,,,primary
ember:monthly:generation,ZA,mix,,solar,,2025-04-01,2025-04-30,1.16,TWh,,,primary
ember:monthly:generation,ZA,mix,,solar,,2025-05-01,2025-05-31,1.29,TWh,,,primary
ember:monthly:generation,ZA,mix,,solar,,2025-06-01,2025-06-30,1.18,TWh,,,primary
ember:monthly:generation,ZA,mix,,solar,,2025-07-01,2025-07-31,1.23,TWh,,,primary
ember:monthly:generation,ZA,mix,,solar,,2025-08-01,2025-08-31,1.48,TWh,,,primary
ember:monthly:generation,ZA,mix,,solar,,2025-09-01,2025-09-30,1.51,TWh,,,primary
ember:monthly:generation,ZA,mix,,solar,,2025-10-01,2025-10-31,1.96,TWh,,,primary
ember:monthly:generation,ZA,mix,,solar,,2025-11-01,2025-11-30,1.84,TWh,,,primary
ember:monthly:generation,ZA,mix,,solar,,2025-12-01,2025-12-31,2.22,TWh,,,primary
ember:monthly:generation,ZA,mix,,solar,,2026-01-01,2026-01-31,2.36,TWh,,,primary
ember:monthly:generation,ZA,mix,,solar,,2026-02-01,2026-02-28,1.72,TWh,,,primary
ember:monthly:generation,ZA,mix,,solar,,2026-03-01,2026-03-31,1.58,TWh,,,primary
ember:monthly:generation,ZA,mix,,solar,,2026-04-01,2026-04-30,1.2,TWh,,,primary
ember:monthly:generation,ZA,mix,,solar,,2026-05-01,2026-05-31,1.08,TWh,,,primary
ember:monthly:generation,ZA,mix,,solar,,2026-06-01,2026-06-30,1.11,TWh,,,primary
ember:monthly:generation,ZA,mix,,solar,,2026-07-01,2026-07-31,1.27,TWh,,,primary
ember:monthly:generation,ZA,mix,,total,,2018-01-01,2018-01-31,21.37,TWh,,,primary
ember:monthly:generation,ZA,mix,,total,,2018-02-01,2018-02-28,19.6,TWh,,,primary
ember:monthly:generation,ZA,mix,,total,,2018-03-01,2018-03-31,21.59,TWh,,,primary
ember:monthly:generation,ZA,mix,,total,,2018-04-01,2018-04-30,20.38,TWh,,,primary
ember:monthly:generation,ZA,mix,,total,,2018-05-01,2018-05-31,22.22,TWh,,,primary
ember:monthly:generation,ZA,mix,,total,,2018-06-01,2018-06-30,21.94,TWh,,,primary
ember:monthly:generation,ZA,mix,,total,,2018-07-01,2018-07-31,22.72,TWh,,,primary
ember:monthly:generation,ZA,mix,,total,,2018-08-01,2018-08-31,22.03,TWh,,,primary
ember:monthly:generation,ZA,mix,,total,,2018-09-01,2018-09-30,20.89,TWh,,,primary
ember:monthly:generation,ZA,mix,,total,,2018-10-01,2018-10-31,21.99,TWh,,,primary
ember:monthly:generation,ZA,mix,,total,,2018-11-01,2018-11-30,21.25,TWh,,,primary
ember:monthly:generation,ZA,mix,,total,,2018-12-01,2018-12-31,20.44,TWh,,,primary
ember:monthly:generation,ZA,mix,,total,,2019-01-01,2019-01-31,20.95,TWh,,,primary
ember:monthly:generation,ZA,mix,,total,,2019-02-01,2019-02-28,19.22,TWh,,,primary
ember:monthly:generation,ZA,mix,,total,,2019-03-01,2019-03-31,20.94,TWh,,,primary
ember:monthly:generation,ZA,mix,,total,,2019-04-01,2019-04-30,20.74,TWh,,,primary
ember:monthly:generation,ZA,mix,,total,,2019-05-01,2019-05-31,22.09,TWh,,,primary
ember:monthly:generation,ZA,mix,,total,,2019-06-01,2019-06-30,21.96,TWh,,,primary
ember:monthly:generation,ZA,mix,,total,,2019-07-01,2019-07-31,22.57,TWh,,,primary
ember:monthly:generation,ZA,mix,,total,,2019-08-01,2019-08-31,21.51,TWh,,,primary
ember:monthly:generation,ZA,mix,,total,,2019-09-01,2019-09-30,20.79,TWh,,,primary
ember:monthly:generation,ZA,mix,,total,,2019-10-01,2019-10-31,21.57,TWh,,,primary
ember:monthly:generation,ZA,mix,,total,,2019-11-01,2019-11-30,20.66,TWh,,,primary
ember:monthly:generation,ZA,mix,,total,,2019-12-01,2019-12-31,19.65,TWh,,,primary
ember:monthly:generation,ZA,mix,,total,,2020-01-01,2020-01-31,20.44,TWh,,,primary
ember:monthly:generation,ZA,mix,,total,,2020-02-01,2020-02-29,19.42,TWh,,,primary
ember:monthly:generation,ZA,mix,,total,,2020-03-01,2020-03-31,20.12,TWh,,,primary
ember:monthly:generation,ZA,mix,,total,,2020-04-01,2020-04-30,16.02,TWh,,,primary
ember:monthly:generation,ZA,mix,,total,,2020-05-01,2020-05-31,19.19,TWh,,,primary
ember:monthly:generation,ZA,mix,,total,,2020-06-01,2020-06-30,20.69,TWh,,,primary
ember:monthly:generation,ZA,mix,,total,,2020-07-01,2020-07-31,21.55,TWh,,,primary
ember:monthly:generation,ZA,mix,,total,,2020-08-01,2020-08-31,20.99,TWh,,,primary
ember:monthly:generation,ZA,mix,,total,,2020-09-01,2020-09-30,20.16,TWh,,,primary
ember:monthly:generation,ZA,mix,,total,,2020-10-01,2020-10-31,20.99,TWh,,,primary
ember:monthly:generation,ZA,mix,,total,,2020-11-01,2020-11-30,20.15,TWh,,,primary
ember:monthly:generation,ZA,mix,,total,,2020-12-01,2020-12-31,19.84,TWh,,,primary
ember:monthly:generation,ZA,mix,,total,,2021-01-01,2021-01-31,19.77,TWh,,,primary
ember:monthly:generation,ZA,mix,,total,,2021-02-01,2021-02-28,18.59,TWh,,,primary
ember:monthly:generation,ZA,mix,,total,,2021-03-01,2021-03-31,20.48,TWh,,,primary
ember:monthly:generation,ZA,mix,,total,,2021-04-01,2021-04-30,20.1,TWh,,,primary
ember:monthly:generation,ZA,mix,,total,,2021-05-01,2021-05-31,21.52,TWh,,,primary
ember:monthly:generation,ZA,mix,,total,,2021-06-01,2021-06-30,21.34,TWh,,,primary
ember:monthly:generation,ZA,mix,,total,,2021-07-01,2021-07-31,22.25,TWh,,,primary
ember:monthly:generation,ZA,mix,,total,,2021-08-01,2021-08-31,21.4,TWh,,,primary
ember:monthly:generation,ZA,mix,,total,,2021-09-01,2021-09-30,20.15,TWh,,,primary
ember:monthly:generation,ZA,mix,,total,,2021-10-01,2021-10-31,20.26,TWh,,,primary
ember:monthly:generation,ZA,mix,,total,,2021-11-01,2021-11-30,19.43,TWh,,,primary
ember:monthly:generation,ZA,mix,,total,,2021-12-01,2021-12-31,19.12,TWh,,,primary
ember:monthly:generation,ZA,mix,,total,,2022-01-01,2022-01-31,19.6,TWh,,,primary
ember:monthly:generation,ZA,mix,,total,,2022-02-01,2022-02-28,18.5,TWh,,,primary
ember:monthly:generation,ZA,mix,,total,,2022-03-01,2022-03-31,20.25,TWh,,,primary
ember:monthly:generation,ZA,mix,,total,,2022-04-01,2022-04-30,19.35,TWh,,,primary
ember:monthly:generation,ZA,mix,,total,,2022-05-01,2022-05-31,20.61,TWh,,,primary
ember:monthly:generation,ZA,mix,,total,,2022-06-01,2022-06-30,20.5,TWh,,,primary
ember:monthly:generation,ZA,mix,,total,,2022-07-01,2022-07-31,20.55,TWh,,,primary
ember:monthly:generation,ZA,mix,,total,,2022-08-01,2022-08-31,20.96,TWh,,,primary
ember:monthly:generation,ZA,mix,,total,,2022-09-01,2022-09-30,18.5,TWh,,,primary
ember:monthly:generation,ZA,mix,,total,,2022-10-01,2022-10-31,19.48,TWh,,,primary
ember:monthly:generation,ZA,mix,,total,,2022-11-01,2022-11-30,19.06,TWh,,,primary
ember:monthly:generation,ZA,mix,,total,,2022-12-01,2022-12-31,17.53,TWh,,,primary
ember:monthly:generation,ZA,mix,,total,,2023-01-01,2023-01-31,18.04,TWh,,,primary
ember:monthly:generation,ZA,mix,,total,,2023-02-01,2023-02-28,16.72,TWh,,,primary
ember:monthly:generation,ZA,mix,,total,,2023-03-01,2023-03-31,19.13,TWh,,,primary
ember:monthly:generation,ZA,mix,,total,,2023-04-01,2023-04-30,17.7,TWh,,,primary
ember:monthly:generation,ZA,mix,,total,,2023-05-01,2023-05-31,18.82,TWh,,,primary
ember:monthly:generation,ZA,mix,,total,,2023-06-01,2023-06-30,19.75,TWh,,,primary
ember:monthly:generation,ZA,mix,,total,,2023-07-01,2023-07-31,19.86,TWh,,,primary
ember:monthly:generation,ZA,mix,,total,,2023-08-01,2023-08-31,19.6,TWh,,,primary
ember:monthly:generation,ZA,mix,,total,,2023-09-01,2023-09-30,18.33,TWh,,,primary
ember:monthly:generation,ZA,mix,,total,,2023-10-01,2023-10-31,19.8,TWh,,,primary
ember:monthly:generation,ZA,mix,,total,,2023-11-01,2023-11-30,18.49,TWh,,,primary
ember:monthly:generation,ZA,mix,,total,,2023-12-01,2023-12-31,18.31,TWh,,,primary
ember:monthly:generation,ZA,mix,,total,,2024-01-01,2024-01-31,18.18,TWh,,,primary
ember:monthly:generation,ZA,mix,,total,,2024-02-01,2024-02-29,17.41,TWh,,,primary
ember:monthly:generation,ZA,mix,,total,,2024-03-01,2024-03-31,19.15,TWh,,,primary
ember:monthly:generation,ZA,mix,,total,,2024-04-01,2024-04-30,18.75,TWh,,,primary
ember:monthly:generation,ZA,mix,,total,,2024-05-01,2024-05-31,19.92,TWh,,,primary
ember:monthly:generation,ZA,mix,,total,,2024-06-01,2024-06-30,20.84,TWh,,,primary
ember:monthly:generation,ZA,mix,,total,,2024-07-01,2024-07-31,21.58,TWh,,,primary
ember:monthly:generation,ZA,mix,,total,,2024-08-01,2024-08-31,20.9,TWh,,,primary
ember:monthly:generation,ZA,mix,,total,,2024-09-01,2024-09-30,19.95,TWh,,,primary
ember:monthly:generation,ZA,mix,,total,,2024-10-01,2024-10-31,20.39,TWh,,,primary
ember:monthly:generation,ZA,mix,,total,,2024-11-01,2024-11-30,19.77,TWh,,,primary
ember:monthly:generation,ZA,mix,,total,,2024-12-01,2024-12-31,18.97,TWh,,,primary
ember:monthly:generation,ZA,mix,,total,,2025-01-01,2025-01-31,19.22,TWh,,,primary
ember:monthly:generation,ZA,mix,,total,,2025-02-01,2025-02-28,17.46,TWh,,,primary
ember:monthly:generation,ZA,mix,,total,,2025-03-01,2025-03-31,19.38,TWh,,,primary
ember:monthly:generation,ZA,mix,,total,,2025-04-01,2025-04-30,18.77,TWh,,,primary
ember:monthly:generation,ZA,mix,,total,,2025-05-01,2025-05-31,20.39,TWh,,,primary
ember:monthly:generation,ZA,mix,,total,,2025-06-01,2025-06-30,20.57,TWh,,,primary
ember:monthly:generation,ZA,mix,,total,,2025-07-01,2025-07-31,21.08,TWh,,,primary
ember:monthly:generation,ZA,mix,,total,,2025-08-01,2025-08-31,20.26,TWh,,,primary
ember:monthly:generation,ZA,mix,,total,,2025-09-01,2025-09-30,18.81,TWh,,,primary
ember:monthly:generation,ZA,mix,,total,,2025-10-01,2025-10-31,19.32,TWh,,,primary
ember:monthly:generation,ZA,mix,,total,,2025-11-01,2025-11-30,18.32,TWh,,,primary
ember:monthly:generation,ZA,mix,,total,,2025-12-01,2025-12-31,17.51,TWh,,,primary
ember:monthly:generation,ZA,mix,,total,,2026-01-01,2026-01-31,18.04,TWh,,,primary
ember:monthly:generation,ZA,mix,,total,,2026-02-01,2026-02-28,16.85,TWh,,,primary
ember:monthly:generation,ZA,mix,,total,,2026-03-01,2026-03-31,18.12,TWh,,,primary
ember:monthly:generation,ZA,mix,,total,,2026-04-01,2026-04-30,17.12,TWh,,,primary
ember:monthly:generation,ZA,mix,,total,,2026-05-01,2026-05-31,18.68,TWh,,,primary
ember:monthly:generation,ZA,mix,,total,,2026-06-01,2026-06-30,18.94,TWh,,,primary
ember:monthly:generation,ZA,mix,,total,,2026-07-01,2026-07-31,19.41,TWh,,,primary
ember:monthly:generation,ZA,mix,,wind,,2018-01-01,2018-01-31,0.6,TWh,,,primary
ember:monthly:generation,ZA,mix,,wind,,2018-02-01,2018-02-28,0.51,TWh,,,primary
ember:monthly:generation,ZA,mix,,wind,,2018-03-01,2018-03-31,0.48,TWh,,,primary
ember:monthly:generation,ZA,mix,,wind,,2018-04-01,2018-04-30,0.43,TWh,,,primary
ember:monthly:generation,ZA,mix,,wind,,2018-05-01,2018-05-31,0.48,TWh,,,primary
ember:monthly:generation,ZA,mix,,wind,,2018-06-01,2018-06-30,0.56,TWh,,,primary
ember:monthly:generation,ZA,mix,,wind,,2018-07-01,2018-07-31,0.58,TWh,,,primary
ember:monthly:generation,ZA,mix,,wind,,2018-08-01,2018-08-31,0.51,TWh,,,primary
ember:monthly:generation,ZA,mix,,wind,,2018-09-01,2018-09-30,0.53,TWh,,,primary
ember:monthly:generation,ZA,mix,,wind,,2018-10-01,2018-10-31,0.62,TWh,,,primary
ember:monthly:generation,ZA,mix,,wind,,2018-11-01,2018-11-30,0.61,TWh,,,primary
ember:monthly:generation,ZA,mix,,wind,,2018-12-01,2018-12-31,0.56,TWh,,,primary
ember:monthly:generation,ZA,mix,,wind,,2019-01-01,2019-01-31,0.65,TWh,,,primary
ember:monthly:generation,ZA,mix,,wind,,2019-02-01,2019-02-28,0.49,TWh,,,primary
ember:monthly:generation,ZA,mix,,wind,,2019-03-01,2019-03-31,0.5,TWh,,,primary
ember:monthly:generation,ZA,mix,,wind,,2019-04-01,2019-04-30,0.48,TWh,,,primary
ember:monthly:generation,ZA,mix,,wind,,2019-05-01,2019-05-31,0.47,TWh,,,primary
ember:monthly:generation,ZA,mix,,wind,,2019-06-01,2019-06-30,0.57,TWh,,,primary
ember:monthly:generation,ZA,mix,,wind,,2019-07-01,2019-07-31,0.67,TWh,,,primary
ember:monthly:generation,ZA,mix,,wind,,2019-08-01,2019-08-31,0.48,TWh,,,primary
ember:monthly:generation,ZA,mix,,wind,,2019-09-01,2019-09-30,0.54,TWh,,,primary
ember:monthly:generation,ZA,mix,,wind,,2019-10-01,2019-10-31,0.56,TWh,,,primary
ember:monthly:generation,ZA,mix,,wind,,2019-11-01,2019-11-30,0.58,TWh,,,primary
ember:monthly:generation,ZA,mix,,wind,,2019-12-01,2019-12-31,0.64,TWh,,,primary
ember:monthly:generation,ZA,mix,,wind,,2020-01-01,2020-01-31,0.59,TWh,,,primary
ember:monthly:generation,ZA,mix,,wind,,2020-02-01,2020-02-29,0.52,TWh,,,primary
ember:monthly:generation,ZA,mix,,wind,,2020-03-01,2020-03-31,0.47,TWh,,,primary
ember:monthly:generation,ZA,mix,,wind,,2020-04-01,2020-04-30,0.44,TWh,,,primary
ember:monthly:generation,ZA,mix,,wind,,2020-05-01,2020-05-31,0.4,TWh,,,primary
ember:monthly:generation,ZA,mix,,wind,,2020-06-01,2020-06-30,0.55,TWh,,,primary
ember:monthly:generation,ZA,mix,,wind,,2020-07-01,2020-07-31,0.58,TWh,,,primary
ember:monthly:generation,ZA,mix,,wind,,2020-08-01,2020-08-31,0.63,TWh,,,primary
ember:monthly:generation,ZA,mix,,wind,,2020-09-01,2020-09-30,0.53,TWh,,,primary
ember:monthly:generation,ZA,mix,,wind,,2020-10-01,2020-10-31,0.58,TWh,,,primary
ember:monthly:generation,ZA,mix,,wind,,2020-11-01,2020-11-30,0.65,TWh,,,primary
ember:monthly:generation,ZA,mix,,wind,,2020-12-01,2020-12-31,0.67,TWh,,,primary
ember:monthly:generation,ZA,mix,,wind,,2021-01-01,2021-01-31,0.69,TWh,,,primary
ember:monthly:generation,ZA,mix,,wind,,2021-02-01,2021-02-28,0.58,TWh,,,primary
ember:monthly:generation,ZA,mix,,wind,,2021-03-01,2021-03-31,0.57,TWh,,,primary
ember:monthly:generation,ZA,mix,,wind,,2021-04-01,2021-04-30,0.44,TWh,,,primary
ember:monthly:generation,ZA,mix,,wind,,2021-05-01,2021-05-31,0.67,TWh,,,primary
ember:monthly:generation,ZA,mix,,wind,,2021-06-01,2021-06-30,0.73,TWh,,,primary
ember:monthly:generation,ZA,mix,,wind,,2021-07-01,2021-07-31,0.79,TWh,,,primary
ember:monthly:generation,ZA,mix,,wind,,2021-08-01,2021-08-31,0.73,TWh,,,primary
ember:monthly:generation,ZA,mix,,wind,,2021-09-01,2021-09-30,0.8,TWh,,,primary
ember:monthly:generation,ZA,mix,,wind,,2021-10-01,2021-10-31,0.83,TWh,,,primary
ember:monthly:generation,ZA,mix,,wind,,2021-11-01,2021-11-30,0.74,TWh,,,primary
ember:monthly:generation,ZA,mix,,wind,,2021-12-01,2021-12-31,0.79,TWh,,,primary
ember:monthly:generation,ZA,mix,,wind,,2022-01-01,2022-01-31,0.74,TWh,,,primary
ember:monthly:generation,ZA,mix,,wind,,2022-02-01,2022-02-28,0.58,TWh,,,primary
ember:monthly:generation,ZA,mix,,wind,,2022-03-01,2022-03-31,0.68,TWh,,,primary
ember:monthly:generation,ZA,mix,,wind,,2022-04-01,2022-04-30,0.77,TWh,,,primary
ember:monthly:generation,ZA,mix,,wind,,2022-05-01,2022-05-31,0.65,TWh,,,primary
ember:monthly:generation,ZA,mix,,wind,,2022-06-01,2022-06-30,0.82,TWh,,,primary
ember:monthly:generation,ZA,mix,,wind,,2022-07-01,2022-07-31,0.94,TWh,,,primary
ember:monthly:generation,ZA,mix,,wind,,2022-08-01,2022-08-31,0.95,TWh,,,primary
ember:monthly:generation,ZA,mix,,wind,,2022-09-01,2022-09-30,0.83,TWh,,,primary
ember:monthly:generation,ZA,mix,,wind,,2022-10-01,2022-10-31,0.86,TWh,,,primary
ember:monthly:generation,ZA,mix,,wind,,2022-11-01,2022-11-30,0.93,TWh,,,primary
ember:monthly:generation,ZA,mix,,wind,,2022-12-01,2022-12-31,0.94,TWh,,,primary
ember:monthly:generation,ZA,mix,,wind,,2023-01-01,2023-01-31,0.94,TWh,,,primary
ember:monthly:generation,ZA,mix,,wind,,2023-02-01,2023-02-28,0.78,TWh,,,primary
ember:monthly:generation,ZA,mix,,wind,,2023-03-01,2023-03-31,0.97,TWh,,,primary
ember:monthly:generation,ZA,mix,,wind,,2023-04-01,2023-04-30,0.76,TWh,,,primary
ember:monthly:generation,ZA,mix,,wind,,2023-05-01,2023-05-31,0.77,TWh,,,primary
ember:monthly:generation,ZA,mix,,wind,,2023-06-01,2023-06-30,1.2,TWh,,,primary
ember:monthly:generation,ZA,mix,,wind,,2023-07-01,2023-07-31,1.04,TWh,,,primary
ember:monthly:generation,ZA,mix,,wind,,2023-08-01,2023-08-31,1.1,TWh,,,primary
ember:monthly:generation,ZA,mix,,wind,,2023-09-01,2023-09-30,1.03,TWh,,,primary
ember:monthly:generation,ZA,mix,,wind,,2023-10-01,2023-10-31,1.06,TWh,,,primary
ember:monthly:generation,ZA,mix,,wind,,2023-11-01,2023-11-30,0.92,TWh,,,primary
ember:monthly:generation,ZA,mix,,wind,,2023-12-01,2023-12-31,1.04,TWh,,,primary
ember:monthly:generation,ZA,mix,,wind,,2024-01-01,2024-01-31,0.95,TWh,,,primary
ember:monthly:generation,ZA,mix,,wind,,2024-02-01,2024-02-29,0.88,TWh,,,primary
ember:monthly:generation,ZA,mix,,wind,,2024-03-01,2024-03-31,0.81,TWh,,,primary
ember:monthly:generation,ZA,mix,,wind,,2024-04-01,2024-04-30,0.91,TWh,,,primary
ember:monthly:generation,ZA,mix,,wind,,2024-05-01,2024-05-31,0.79,TWh,,,primary
ember:monthly:generation,ZA,mix,,wind,,2024-06-01,2024-06-30,0.86,TWh,,,primary
ember:monthly:generation,ZA,mix,,wind,,2024-07-01,2024-07-31,0.97,TWh,,,primary
ember:monthly:generation,ZA,mix,,wind,,2024-08-01,2024-08-31,1.08,TWh,,,primary
ember:monthly:generation,ZA,mix,,wind,,2024-09-01,2024-09-30,1.0,TWh,,,primary
ember:monthly:generation,ZA,mix,,wind,,2024-10-01,2024-10-31,1.05,TWh,,,primary
ember:monthly:generation,ZA,mix,,wind,,2024-11-01,2024-11-30,0.91,TWh,,,primary
ember:monthly:generation,ZA,mix,,wind,,2024-12-01,2024-12-31,0.92,TWh,,,primary
ember:monthly:generation,ZA,mix,,wind,,2025-01-01,2025-01-31,0.95,TWh,,,primary
ember:monthly:generation,ZA,mix,,wind,,2025-02-01,2025-02-28,0.83,TWh,,,primary
ember:monthly:generation,ZA,mix,,wind,,2025-03-01,2025-03-31,0.72,TWh,,,primary
ember:monthly:generation,ZA,mix,,wind,,2025-04-01,2025-04-30,0.71,TWh,,,primary
ember:monthly:generation,ZA,mix,,wind,,2025-05-01,2025-05-31,0.98,TWh,,,primary
ember:monthly:generation,ZA,mix,,wind,,2025-06-01,2025-06-30,1.11,TWh,,,primary
ember:monthly:generation,ZA,mix,,wind,,2025-07-01,2025-07-31,1.14,TWh,,,primary
ember:monthly:generation,ZA,mix,,wind,,2025-08-01,2025-08-31,0.88,TWh,,,primary
ember:monthly:generation,ZA,mix,,wind,,2025-09-01,2025-09-30,0.91,TWh,,,primary
ember:monthly:generation,ZA,mix,,wind,,2025-10-01,2025-10-31,1.05,TWh,,,primary
ember:monthly:generation,ZA,mix,,wind,,2025-11-01,2025-11-30,0.99,TWh,,,primary
ember:monthly:generation,ZA,mix,,wind,,2025-12-01,2025-12-31,1.08,TWh,,,primary
ember:monthly:generation,ZA,mix,,wind,,2026-01-01,2026-01-31,1.05,TWh,,,primary
ember:monthly:generation,ZA,mix,,wind,,2026-02-01,2026-02-28,0.88,TWh,,,primary
ember:monthly:generation,ZA,mix,,wind,,2026-03-01,2026-03-31,0.86,TWh,,,primary
ember:monthly:generation,ZA,mix,,wind,,2026-04-01,2026-04-30,0.98,TWh,,,primary
ember:monthly:generation,ZA,mix,,wind,,2026-05-01,2026-05-31,0.7,TWh,,,primary
ember:monthly:generation,ZA,mix,,wind,,2026-06-01,2026-06-30,0.87,TWh,,,primary
ember:monthly:generation,ZA,mix,,wind,,2026-07-01,2026-07-31,0.77,TWh,,,primary
