series_id,region,layer,buyer_type,fuel,component,period_start,period_end,value,unit,currency,source_flag,confidence
ember:monthly:day_ahead_price,AL,cost,wholesale,,,2026-07-01,2026-07-31,112.24,EUR/MWh,EUR,,primary
ember:monthly:day_ahead_price,AL,cost,wholesale,,,2026-08-01,2026-08-31,146.1,EUR/MWh,EUR,,primary
ember:monthly:day_ahead_price,AL,cost,wholesale,,,2026-09-01,2026-09-30,169.39,EUR/MWh,EUR,,primary
ember:monthly:day_ahead_price,AL,cost,wholesale,,,2026-10-01,2026-10-31,90.78,EUR/MWh,EUR,,primary
ember:monthly:day_ahead_price,AT,cost,wholesale,,,2015-01-01,2015-01-31,29.94,EUR/MWh,EUR,,primary
ember:monthly:day_ahead_price,AT,cost,wholesale,,,2015-02-01,2015-02-28,36.69,EUR/MWh,EUR,,primary
ember:monthly:day_ahead_price,AT,cost,wholesale,,,2015-03-01,2015-03-31,31.3,EUR/MWh,EUR,,primary
ember:monthly:day_ahead_price,AT,cost,wholesale,,,2015-04-01,2015-04-30,29.78,EUR/MWh,EUR,,primary
ember:monthly:day_ahead_price,AT,cost,wholesale,,,2015-05-01,2015-05-31,25.33,EUR/MWh,EUR,,primary
ember:monthly:day_ahead_price,AT,cost,wholesale,,,2015-06-01,2015-06-30,30.11,EUR/MWh,EUR,,primary
ember:monthly:day_ahead_price,AT,cost,wholesale,,,2015-07-01,2015-07-31,34.98,EUR/MWh,EUR,,primary
ember:monthly:day_ahead_price,AT,cost,wholesale,,,2015-08-01,2015-08-31,31.61,EUR/MWh,EUR,,primary
ember:monthly:day_ahead_price,AT,cost,wholesale,,,2015-09-01,2015-09-30,31.89,EUR/MWh,EUR,,primary
ember:monthly:day_ahead_price,AT,cost,wholesale,,,2015-10-01,2015-10-31,39.37,EUR/MWh,EUR,,primary
ember:monthly:day_ahead_price,AT,cost,wholesale,,,2015-11-01,2015-11-30,32.38,EUR/MWh,EUR,,primary
ember:monthly:day_ahead_price,AT,cost,wholesale,,,2015-12-01,2015-12-31,27.79,EUR/MWh,EUR,,primary
ember:monthly:day_ahead_price,AT,cost,wholesale,,,2016-01-01,2016-01-31,29.03,EUR/MWh,EUR,,primary
ember:monthly:day_ahead_price,AT,cost,wholesale,,,2016-02-01,2016-02-29,22.0,EUR/MWh,EUR,,primary
ember:monthly:day_ahead_price,AT,cost,wholesale,,,2016-03-01,2016-03-31,24.3,EUR/MWh,EUR,,primary
ember:monthly:day_ahead_price,AT,cost,wholesale,,,2016-04-01,2016-04-30,24.21,EUR/MWh,EUR,,primary
ember:monthly:day_ahead_price,AT,cost,wholesale,,,2016-05-01,2016-05-31,22.55,EUR/MWh,EUR,,primary
ember:monthly:day_ahead_price,AT,cost,wholesale,,,2016-06-01,2016-06-30,27.7,EUR/MWh,EUR,,primary
ember:monthly:day_ahead_price,AT,cost,wholesale,,,2016-07-01,2016-07-31,27.18,EUR/MWh,EUR,,primary
ember:monthly:day_ahead_price,AT,cost,wholesale,,,2016-08-01,2016-08-31,27.18,EUR/MWh,EUR,,primary
ember:monthly:day_ahead_price,AT,cost,wholesale,,,2016-09-01,2016-09-30,30.51,EUR/MWh,EUR,,primary
ember:monthly:day_ahead_price,AT,cost,wholesale,,,2016-10-01,2016-10-31,37.14,EUR/MWh,EUR,,primary
ember:monthly:day_ahead_price,AT,cost,wholesale,,,2016-11-01,2016-11-30,38.21,EUR/MWh,EUR,,primary
ember:monthly:day_ahead_price,AT,cost,wholesale,,,2016-12-01,2016-12-31,37.47,EUR/MWh,EUR,,primary
ember:monthly:day_ahead_price,AT,cost,wholesale,,,2017-01-01,2017-01-31,52.41,EUR/MWh,EUR,,primary
ember:monthly:day_ahead_price,AT,cost,wholesale,,,2017-02-01,2017-02-28,39.68,EUR/MWh,EUR,,primary
ember:monthly:day_ahead_price,AT,cost,wholesale,,,2017-03-01,2017-03-31,31.69,EUR/MWh,EUR,,primary
ember:monthly:day_ahead_price,AT,cost,wholesale,,,2017-04-01,2017-04-30,28.72,EUR/MWh,EUR,,primary
ember:monthly:day_ahead_price,AT,cost,wholesale,,,2017-05-01,2017-05-31,30.61,EUR/MWh,EUR,,primary
ember:monthly:day_ahead_price,AT,cost,wholesale,,,2017-06-01,2017-06-30,30.0,EUR/MWh,EUR,,primary
ember:monthly:day_ahead_price,AT,cost,wholesale,,,2017-07-01,2017-07-31,33.01,EUR/MWh,EUR,,primary
ember:monthly:day_ahead_price,AT,cost,wholesale,,,2017-08-01,2017-08-31,30.86,EUR/MWh,EUR,,primary
ember:monthly:day_ahead_price,AT,cost,wholesale,,,2017-09-01,2017-09-30,34.3,EUR/MWh,EUR,,primary
ember:monthly:day_ahead_price,AT,cost,wholesale,,,2017-10-01,2017-10-31,28.29,EUR/MWh,EUR,,primary
ember:monthly:day_ahead_price,AT,cost,wholesale,,,2017-11-01,2017-11-30,40.38,EUR/MWh,EUR,,primary
ember:monthly:day_ahead_price,AT,cost,wholesale,,,2017-12-01,2017-12-31,33.08,EUR/MWh,EUR,,primary
ember:monthly:day_ahead_price,AT,cost,wholesale,,,2018-01-01,2018-01-31,29.5,EUR/MWh,EUR,,primary
ember:monthly:day_ahead_price,AT,cost,wholesale,,,2018-02-01,2018-02-28,40.12,EUR/MWh,EUR,,primary
ember:monthly:day_ahead_price,AT,cost,wholesale,,,2018-03-01,2018-03-31,37.36,EUR/MWh,EUR,,primary
ember:monthly:day_ahead_price,AT,cost,wholesale,,,2018-04-01,2018-04-30,33.7,EUR/MWh,EUR,,primary
ember:monthly:day_ahead_price,AT,cost,wholesale,,,2018-05-01,2018-05-31,34.55,EUR/MWh,EUR,,primary
ember:monthly:day_ahead_price,AT,cost,wholesale,,,2018-06-01,2018-06-30,38.92,EUR/MWh,EUR,,primary
ember:monthly:day_ahead_price,AT,cost,wholesale,,,2018-07-01,2018-07-31,42.52,EUR/MWh,EUR,,primary
ember:monthly:day_ahead_price,AT,cost,wholesale,,,2018-08-01,2018-08-31,45.83,EUR/MWh,EUR,,primary
ember:monthly:day_ahead_price,AT,cost,wholesale,,,2018-09-01,2018-09-30,45.13,EUR/MWh,EUR,,primary
ember:monthly:day_ahead_price,AT,cost,wholesale,,,2018-10-01,2018-10-31,48.55,EUR/MWh,EUR,,primary
ember:monthly:day_ahead_price,AT,cost,wholesale,,,2018-11-01,2018-11-30,48.63,EUR/MWh,EUR,,primary
ember:monthly:day_ahead_price,AT,cost,wholesale,,,2018-12-01,2018-12-31,45.89,EUR/MWh,EUR,,primary
ember:monthly:day_ahead_price,AT,cost,wholesale,,,2019-01-01,2019-01-31,56.68,EUR/MWh,EUR,,primary
ember:monthly:day_ahead_price,AT,cost,wholesale,,,2019-02-01,2019-02-28,46.38,EUR/MWh,EUR,,primary
ember:monthly:day_ahead_price,AT,cost,wholesale,,,2019-03-01,2019-03-31,33.15,EUR/MWh,EUR,,primary
ember:monthly:day_ahead_price,AT,cost,wholesale,,,2019-04-01,2019-04-30,38.25,EUR/MWh,EUR,,primary
ember:monthly:day_ahead_price,AT,cost,wholesale,,,2019-05-01,2019-05-31,38.26,EUR/MWh,EUR,,primary
ember:monthly:day_ahead_price,AT,cost,wholesale,,,2019-06-01,2019-06-30,33.88,EUR/MWh,EUR,,primary
ember:monthly:day_ahead_price,AT,cost,wholesale,,,2019-07-01,2019-07-31,39.83,EUR/MWh,EUR,,primary
ember:monthly:day_ahead_price,AT,cost,wholesale,,,2019-08-01,2019-08-31,37.4,EUR/MWh,EUR,,primary
ember:monthly:day_ahead_price,AT,cost,wholesale,,,2019-09-01,2019-09-30,37.85,EUR/MWh,EUR,,primary
ember:monthly:day_ahead_price,AT,cost,wholesale,,,2019-10-01,2019-10-31,39.21,EUR/MWh,EUR,,primary
ember:monthly:day_ahead_price,AT,cost,wholesale,,,2019-11-01,2019-11-30,42.69,EUR/MWh,EUR,,primary
ember:monthly:day_ahead_price,AT,cost,wholesale,,,2019-12-01,2019-12-31,38.07,EUR/MWh,EUR,,primary
ember:monthly:day_ahead_price,AT,cost,wholesale,,,2020-01-01,2020-01-31,40.5,EUR/MWh,EUR,,primary
ember:monthly:day_ahead_price,AT,cost,wholesale,,,2020-02-01,2020-02-29,29.31,EUR/MWh,EUR,,primary
ember:monthly:day_ahead_price,AT,cost,wholesale,,,2020-03-01,2020-03-31,24.91,EUR/MWh,EUR,,primary
ember:monthly:day_ahead_price,AT,cost,wholesale,,,2020-04-01,2020-04-30,18.86,EUR/MWh,EUR,,primary
ember:monthly:day_ahead_price,AT,cost,wholesale,,,2020-05-01,2020-05-31,17.88,EUR/MWh,EUR,,primary
ember:monthly:day_ahead_price,AT,cost,wholesale,,,2020-06-01,2020-06-30,26.25,EUR/MWh,EUR,,primary
ember:monthly:day_ahead_price,AT,cost,wholesale,,,2020-07-01,2020-07-31,32.32,EUR/MWh,EUR,,primary
ember:monthly:day_ahead_price,AT,cost,wholesale,,,2020-08-01,2020-08-31,35.33,EUR/MWh,EUR,,primary
ember:monthly:day_ahead_price,AT,cost,wholesale,,,2020-09-01,2020-09-30,45.18,EUR/MWh,EUR,,primary
ember:monthly:day_ahead_price,AT,cost,wholesale,,,2020-10-01,2020-10-31,35.55,EUR/MWh,EUR,,primary
ember:monthly:day_ahead_price,AT,cost,wholesale,,,2020-11-01,2020-11-30,40.65,EUR/MWh,EUR,,primary
ember:monthly:day_ahead_price,AT,cost,wholesale,,,2020-12-01,2020-12-31,50.35,EUR/MWh,EUR,,primary
ember:monthly:day_ahead_price,AT,cost,wholesale,,,2021-01-01,2021-01-31,57.72,EUR/MWh,EUR,,primary
ember:monthly:day_ahead_price,AT,cost,wholesale,,,2021-02-01,2021-02-28,50.68,EUR/MWh,EUR,,primary
ember:monthly:day_ahead_price,AT,cost,wholesale,,,2021-03-01,2021-03-31,53.31,EUR/MWh,EUR,,primary
ember:monthly:day_ahead_price,AT,cost,wholesale,,,2021-04-01,2021-04-30,60.94,EUR/MWh,EUR,,primary
ember:monthly:day_ahead_price,AT,cost,wholesale,,,2021-05-01,2021-05-31,55.52,EUR/MWh,EUR,,primary
ember:monthly:day_ahead_price,AT,cost,wholesale,,,2021-06-01,2021-06-30,74.29,EUR/MWh,EUR,,primary
ember:monthly:day_ahead_price,AT,cost,wholesale,,,2021-07-01,2021-07-31,83.61,EUR/MWh,EUR,,primary
ember:monthly:day_ahead_price,AT,cost,wholesale,,,2021-08-01,2021-08-31,82.57,EUR/MWh,EUR,,primary
ember:monthly:day_ahead_price,AT,cost,wholesale,,,2021-09-01,2021-09-30,135.11,EUR/MWh,EUR,,primary
ember:monthly:day_ahead_price,AT,cost,wholesale,,,2021-10-01,2021-10-31,171.83,EUR/MWh,EUR,,primary
ember:monthly:day_ahead_price,AT,cost,wholesale,,,2021-11-01,2021-11-30,206.52,EUR/MWh,EUR,,primary
ember:monthly:day_ahead_price,AT,cost,wholesale,,,2021-12-01,2021-12-31,259.08,EUR/MWh,EUR,,primary
ember:monthly:day_ahead_price,AT,cost,wholesale,,,2022-01-01,2022-01-31,190.88,EUR/MWh,EUR,,primary
ember:monthly:day_ahead_price,AT,cost,wholesale,,,2022-02-01,2022-02-28,167.94,EUR/MWh,EUR,,primary
ember:monthly:day_ahead_price,AT,cost,wholesale,,,2022-03-01,2022-03-31,286.6,EUR/MWh,EUR,,primary
ember:monthly:day_ahead_price,AT,cost,wholesale,,,2022-04-01,2022-04-30,190.67,EUR/MWh,EUR,,primary
ember:monthly:day_ahead_price,AT,cost,wholesale,,,2022-05-01,2022-05-31,184.95,EUR/MWh,EUR,,primary
ember:monthly:day_ahead_price,AT,cost,wholesale,,,2022-06-01,2022-06-30,227.51,EUR/MWh,EUR,,primary
ember:monthly:day_ahead_price,AT,cost,wholesale,,,2022-07-01,2022-07-31,361.75,EUR/MWh,EUR,,primary
ember:monthly:day_ahead_price,AT,cost,wholesale,,,2022-08-01,2022-08-31,488.27,EUR/MWh,EUR,,primary
ember:monthly:day_ahead_price,AT,cost,wholesale,,,2022-09-01,2022-09-30,396.32,EUR/MWh,EUR,,primary
ember:monthly:day_ahead_price,AT,cost,wholesale,,,2022-10-01,2022-10-31,176.5,EUR/MWh,EUR,,primary
ember:monthly:day_ahead_price,AT,cost,wholesale,,,2022-11-01,2022-11-30,211.79,EUR/MWh,EUR,,primary
ember:monthly:day_ahead_price,AT,cost,wholesale,,,2022-12-01,2022-12-31,266.04,EUR/MWh,EUR,,primary
ember:monthly:day_ahead_price,AT,cost,wholesale,,,2023-01-01,2023-01-31,143.56,EUR/MWh,EUR,,primary
ember:monthly:day_ahead_price,AT,cost,wholesale,,,2023-02-01,2023-02-28,144.9,EUR/MWh,EUR,,primary
ember:monthly:day_ahead_price,AT,cost,wholesale,,,2023-03-01,2023-03-31,113.23,EUR/MWh,EUR,,primary
ember:monthly:day_ahead_price,AT,cost,wholesale,,,2023-04-01,2023-04-30,105.98,EUR/MWh,EUR,,primary
ember:monthly:day_ahead_price,AT,cost,wholesale,,,2023-05-01,2023-05-31,81.8,EUR/MWh,EUR,,primary
ember:monthly:day_ahead_price,AT,cost,wholesale,,,2023-06-01,2023-06-30,93.8,EUR/MWh,EUR,,primary
ember:monthly:day_ahead_price,AT,cost,wholesale,,,2023-07-01,2023-07-31,84.29,EUR/MWh,EUR,,primary
ember:monthly:day_ahead_price,AT,cost,wholesale,,,2023-08-01,2023-08-31,92.71,EUR/MWh,EUR,,primary
ember:monthly:day_ahead_price,AT,cost,wholesale,,,2023-09-01,2023-09-30,101.4,EUR/MWh,EUR,,primary
ember:monthly:day_ahead_price,AT,cost,wholesale,,,2023-10-01,2023-10-31,99.35,EUR/MWh,EUR,,primary
ember:monthly:day_ahead_price,AT,cost,wholesale,,,2023-11-01,2023-11-30,93.49,EUR/MWh,EUR,,primary
ember:monthly:day_ahead_price,AT,cost,wholesale,,,2023-12-01,2023-12-31,74.16,EUR/MWh,EUR,,primary
ember:monthly:day_ahead_price,AT,cost,wholesale,,,2024-01-01,2024-01-31,80.6,EUR/MWh,EUR,,primary
ember:monthly:day_ahead_price,AT,cost,wholesale,,,2024-02-01,2024-02-29,65.41,EUR/MWh,EUR,,primary
ember:monthly:day_ahead_price,AT,cost,wholesale,,,2024-03-01,2024-03-31,62.86,EUR/MWh,EUR,,primary
ember:monthly:day_ahead_price,AT,cost,wholesale,,,2024-04-01,2024-04-30,58.87,EUR/MWh,EUR,,primary
ember:monthly:day_ahead_price,AT,cost,wholesale,,,2024-05-01,2024-05-31,64.17,EUR/MWh,EUR,,primary
ember:monthly:day_ahead_price,AT,cost,wholesale,,,2024-06-01,2024-06-30,68.32,EUR/MWh,EUR,,primary
ember:monthly:day_ahead_price,AT,cost,wholesale,,,2024-07-01,2024-07-31,63.66,EUR/MWh,EUR,,primary
ember:monthly:day_ahead_price,AT,cost,wholesale,,,2024-08-01,2024-08-31,84.48,EUR/MWh,EUR,,primary
ember:monthly:day_ahead_price,AT,cost,wholesale,,,2024-09-01,2024-09-30,82.4,EUR/MWh,EUR,,primary
ember:monthly:day_ahead_price,AT,cost,wholesale,,,2024-10-01,2024-10-31,85.35,EUR/MWh,EUR,,primary
ember:monthly:day_ahead_price,AT,cost,wholesale,,,2024-11-01,2024-11-30,130.21,EUR/MWh,EUR,,primary
ember:monthly:day_ahead_price,AT,cost,wholesale,,,2024-12-01,2024-12-31,127.86,EUR/MWh,EUR,,primary
ember:monthly:day_ahead_price,AT,cost,wholesale,,,2025-01-01,2025-01-31,134.18,EUR/MWh,EUR,,primary
ember:monthly:day_ahead_price,AT,cost,wholesale,,,2025-02-01,2025-02-28,140.77,EUR/MWh,EUR,,primary
ember:monthly:day_ahead_price,AT,cost,wholesale,,,2025-03-01,2025-03-31,103.6,EUR/MWh,EUR,,primary
ember:monthly:day_ahead_price,AT,cost,wholesale,,,2025-04-01,2025-04-30,81.32,EUR/MWh,EUR,,primary
ember:monthly:day_ahead_price,AT,cost,wholesale,,,2025-05-01,2025-05-31,71.02,EUR/MWh,EUR,,primary
ember:monthly:day_ahead_price,AT,cost,wholesale,,,2025-06-01,2025-06-30,66.67,EUR/MWh,EUR,,primary
ember:monthly:day_ahead_price,AT,cost,wholesale,,,2025-07-01,2025-07-31,87.98,EUR/MWh,EUR,,primary
ember:monthly:day_ahead_price,AT,cost,wholesale,,,2025-08-01,2025-08-31,74.74,EUR/MWh,EUR,,primary
ember:monthly:day_ahead_price,AT,cost,wholesale,,,2025-09-01,2025-09-30,92.59,EUR/MWh,EUR,,primary
ember:monthly:day_ahead_price,AT,cost,wholesale,,,2025-10-01,2025-10-31,108.23,EUR/MWh,EUR,,primary
ember:monthly:day_ahead_price,AT,cost,wholesale,,,2025-11-01,2025-11-30,116.56,EUR/MWh,EUR,,primary
ember:monthly:day_ahead_price,AT,cost,wholesale,,,2025-12-01,2025-12-31,114.2,EUR/MWh,EUR,,primary
ember:monthly:day_ahead_price,AT,cost,wholesale,,,2026-01-01,2026-01-31,141.16,EUR/MWh,EUR,,primary
ember:monthly:day_ahead_price,AT,cost,wholesale,,,2026-02-01,2026-02-28,110.36,EUR/MWh,EUR,,primary
ember:monthly:day_ahead_price,AT,cost,wholesale,,,2026-03-01,2026-03-31,111.47,EUR/MWh,EUR,,primary
ember:monthly:day_ahead_price,AT,cost,wholesale,,,2026-04-01,2026-04-30,89.55,EUR/MWh,EUR,,primary
ember:monthly:day_ahead_price,AT,cost,wholesale,,,2026-05-01,2026-05-31,98.29,EUR/MWh,EUR,,primary
ember:monthly:day_ahead_price,AT,cost,wholesale,,,2026-06-01,2026-06-30,108.1,EUR/MWh,EUR,,primary
ember:monthly:day_ahead_price,AT,cost,wholesale,,,2026-07-01,2026-07-31,117.3,EUR/MWh,EUR,,primary
ember:monthly:day_ahead_price,AT,cost,wholesale,,,2026-08-01,2026-08-31,146.89,EUR/MWh,EUR,,primary
ember:monthly:day_ahead_price,AT,cost,wholesale,,,2026-09-01,2026-09-30,173.76,EUR/MWh,EUR,,primary
ember:monthly:day_ahead_price,AT,cost,wholesale,,,2026-10-01,2026-10-31,175.68,EUR/MWh,EUR,,primary
ember:monthly:day_ahead_price,BE,cost,wholesale,,,2015-01-01,2015-01-31,42.33,EUR/MWh,EUR,,primary
ember:monthly:day_ahead_price,BE,cost,wholesale,,,2015-02-01,2015-02-28,50.54,EUR/MWh,EUR,,primary
ember:monthly:day_ahead_price,BE,cost,wholesale,,,2015-03-01,2015-03-31,47.05,EUR/MWh,EUR,,primary
ember:monthly:day_ahead_price,BE,cost,wholesale,,,2015-04-01,2015-04-30,47.69,EUR/MWh,EUR,,primary
ember:monthly:day_ahead_price,BE,cost,wholesale,,,2015-05-01,2015-05-31,37.58,EUR/MWh,EUR,,primary
ember:monthly:day_ahead_price,BE,cost,wholesale,,,2015-06-01,2015-06-30,39.12,EUR/MWh,EUR,,primary
ember:monthly:day_ahead_price,BE,cost,wholesale,,,2015-07-01,2015-07-31,42.58,EUR/MWh,EUR,,primary
ember:monthly:day_ahead_price,BE,cost,wholesale,,,2015-08-01,2015-08-31,42.44,EUR/MWh,EUR,,primary
ember:monthly:day_ahead_price,BE,cost,wholesale,,,2015-09-01,2015-09-30,52.49,EUR/MWh,EUR,,primary
ember:monthly:day_ahead_price,BE,cost,wholesale,,,2015-10-01,2015-10-31,55.43,EUR/MWh,EUR,,primary
ember:monthly:day_ahead_price,BE,cost,wholesale,,,2015-11-01,2015-11-30,43.11,EUR/MWh,EUR,,primary
ember:monthly:day_ahead_price,BE,cost,wholesale,,,2015-12-01,2015-12-31,35.94,EUR/MWh,EUR,,primary
ember:monthly:day_ahead_price,BE,cost,wholesale,,,2016-01-01,2016-01-31,32.6,EUR/MWh,EUR,,primary
ember:monthly:day_ahead_price,BE,cost,wholesale,,,2016-02-01,2016-02-29,25.4,EUR/MWh,EUR,,primary
ember:monthly:day_ahead_price,BE,cost,wholesale,,,2016-03-01,2016-03-31,27.12,EUR/MWh,EUR,,primary
ember:monthly:day_ahead_price,BE,cost,wholesale,,,2016-04-01,2016-04-30,25.43,EUR/MWh,EUR,,primary
ember:monthly:day_ahead_price,BE,cost,wholesale,,,2016-05-01,2016-05-31,25.38,EUR/MWh,EUR,,primary
ember:monthly:day_ahead_price,BE,cost,wholesale,,,2016-06-01,2016-06-30,30.7,EUR/MWh,EUR,,primary
ember:monthly:day_ahead_price,BE,cost,wholesale,,,2016-07-01,2016-07-31,31.32,EUR/MWh,EUR,,primary
ember:monthly:day_ahead_price,BE,cost,wholesale,,,2016-08-01,2016-08-31,28.91,EUR/MWh,EUR,,primary
ember:monthly:day_ahead_price,BE,cost,wholesale,,,2016-09-01,2016-09-30,37.73,EUR/MWh,EUR,,primary
ember:monthly:day_ahead_price,BE,cost,wholesale,,,2016-10-01,2016-10-31,57.19,EUR/MWh,EUR,,primary
ember:monthly:day_ahead_price,BE,cost,wholesale,,,2016-11-01,2016-11-30,62.32,EUR/MWh,EUR,,primary
ember:monthly:day_ahead_price,BE,cost,wholesale,,,2016-12-01,2016-12-31,54.92,EUR/MWh,EUR,,primary
ember:monthly:day_ahead_price,BE,cost,wholesale,,,2017-01-01,2017-01-31,72.66,EUR/MWh,EUR,,primary
ember:monthly:day_ahead_price,BE,cost,wholesale,,,2017-02-01,2017-02-28,47.55,EUR/MWh,EUR,,primary
ember:monthly:day_ahead_price,BE,cost,wholesale,,,2017-03-01,2017-03-31,34.47,EUR/MWh,EUR,,primary
ember:monthly:day_ahead_price,BE,cost,wholesale,,,2017-04-01,2017-04-30,37.32,EUR/MWh,EUR,,primary
ember:monthly:day_ahead_price,BE,cost,wholesale,,,2017-05-01,2017-05-31,37.2,EUR/MWh,EUR,,primary
ember:monthly:day_ahead_price,BE,cost,wholesale,,,2017-06-01,2017-06-30,32.72,EUR/MWh,EUR,,primary
ember:monthly:day_ahead_price,BE,cost,wholesale,,,2017-07-01,2017-07-31,33.55,EUR/MWh,EUR,,primary
ember:monthly:day_ahead_price,BE,cost,wholesale,,,2017-08-01,2017-08-31,31.79,EUR/MWh,EUR,,primary
ember:monthly:day_ahead_price,BE,cost,wholesale,,,2017-09-01,2017-09-30,37.2,EUR/MWh,EUR,,primary
ember:monthly:day_ahead_price,BE,cost,wholesale,,,2017-10-01,2017-10-31,49.01,EUR/MWh,EUR,,primary
ember:monthly:day_ahead_price,BE,cost,wholesale,,,2017-11-01,2017-11-30,66.63,EUR/MWh,EUR,,primary
ember:monthly:day_ahead_price,BE,cost,wholesale,,,2017-12-01,2017-12-31,55.02,EUR/MWh,EUR,,primary
ember:monthly:day_ahead_price,BE,cost,wholesale,,,2018-01-01,2018-01-31,36.81,EUR/MWh,EUR,,primary
ember:monthly:day_ahead_price,BE,cost,wholesale,,,2018-02-01,2018-02-28,47.39,EUR/MWh,EUR,,primary
ember:monthly:day_ahead_price,BE,cost,wholesale,,,2018-03-01,2018-03-31,50.7,EUR/MWh,EUR,,primary
ember:monthly:day_ahead_price,BE,cost,wholesale,,,2018-04-01,2018-04-30,37.74,EUR/MWh,EUR,,primary
ember:monthly:day_ahead_price,BE,cost,wholesale,,,2018-05-01,2018-05-31,44.56,EUR/MWh,EUR,,primary
ember:monthly:day_ahead_price,BE,cost,wholesale,,,2018-06-01,2018-06-30,49.93,EUR/MWh,EUR,,primary
ember:monthly:day_ahead_price,BE,cost,wholesale,,,2018-07-01,2018-07-31,52.96,EUR/MWh,EUR,,primary
ember:monthly:day_ahead_price,BE,cost,wholesale,,,2018-08-01,2018-08-31,60.74,EUR/MWh,EUR,,primary
ember:monthly:day_ahead_price,BE,cost,wholesale,,,2018-09-01,2018-09-30,68.72,EUR/MWh,EUR,,primary
ember:monthly:day_ahead_price,BE,cost,wholesale,,,2018-10-01,2018-10-31,76.05,EUR/MWh,EUR,,primary
ember:monthly:day_ahead_price,BE,cost,wholesale,,,2018-11-01,2018-11-30,77.73,EUR/MWh,EUR,,primary
ember:monthly:day_ahead_price,BE,cost,wholesale,,,2018-12-01,2018-12-31,59.66,EUR/MWh,EUR,,primary
ember:monthly:day_ahead_price,BE,cost,wholesale,,,2019-01-01,2019-01-31,60.48,EUR/MWh,EUR,,primary
ember:monthly:day_ahead_price,BE,cost,wholesale,,,2019-02-01,2019-02-28,47.57,EUR/MWh,EUR,,primary
ember:monthly:day_ahead_price,BE,cost,wholesale,,,2019-03-01,2019-03-31,37.61,EUR/MWh,EUR,,primary
ember:monthly:day_ahead_price,BE,cost,wholesale,,,2019-04-01,2019-04-30,37.92,EUR/MWh,EUR,,primary
ember:monthly:day_ahead_price,BE,cost,wholesale,,,2019-05-01,2019-05-31,38.0,EUR/MWh,EUR,,primary
ember:monthly:day_ahead_price,BE,cost,wholesale,,,2019-06-01,2019-06-30,27.49,EUR/MWh,EUR,,primary
ember:monthly:day_ahead_price,BE,cost,wholesale,,,2019-07-01,2019-07-31,37.76,EUR/MWh,EUR,,primary
ember:monthly:day_ahead_price,BE,cost,wholesale,,,2019-08-01,2019-08-31,33.69,EUR/MWh,EUR,,primary
ember:monthly:day_ahead_price,BE,cost,wholesale,,,2019-09-01,2019-09-30,33.58,EUR/MWh,EUR,,primary
ember:monthly:day_ahead_price,BE,cost,wholesale,,,2019-10-01,2019-10-31,37.62,EUR/MWh,EUR,,primary
ember:monthly:day_ahead_price,BE,cost,wholesale,,,2019-11-01,2019-11-30,44.41,EUR/MWh,EUR,,primary
ember:monthly:day_ahead_price,BE,cost,wholesale,,,2019-12-01,2019-12-31,36.36,EUR/MWh,EUR,,primary
ember:monthly:day_ahead_price,BE,cost,wholesale,,,2020-01-01,2020-01-31,37.85,EUR/MWh,EUR,,primary
ember:monthly:day_ahead_price,BE,cost,wholesale,,,2020-02-01,2020-02-29,28.36,EUR/MWh,EUR,,primary
ember:monthly:day_ahead_price,BE,cost,wholesale,,,2020-03-01,2020-03-31,24.02,EUR/MWh,EUR,,primary
ember:monthly:day_ahead_price,BE,cost,wholesale,,,2020-04-01,2020-04-30,14.68,EUR/MWh,EUR,,primary
ember:monthly:day_ahead_price,BE,cost,wholesale,,,2020-05-01,2020-05-31,15.41,EUR/MWh,EUR,,primary
ember:monthly:day_ahead_price,BE,cost,wholesale,,,2020-06-01,2020-06-30,25.59,EUR/MWh,EUR,,primary
ember:monthly:day_ahead_price,BE,cost,wholesale,,,2020-07-01,2020-07-31,29.87,EUR/MWh,EUR,,primary
ember:monthly:day_ahead_price,BE,cost,wholesale,,,2020-08-01,2020-08-31,35.55,EUR/MWh,EUR,,primary
ember:monthly:day_ahead_price,BE,cost,wholesale,,,2020-09-01,2020-09-30,44.23,EUR/MWh,EUR,,primary
ember:monthly:day_ahead_price,BE,cost,wholesale,,,2020-10-01,2020-10-31,39.38,EUR/MWh,EUR,,primary
ember:monthly:day_ahead_price,BE,cost,wholesale,,,2020-11-01,2020-11-30,39.93,EUR/MWh,EUR,,primary
ember:monthly:day_ahead_price,BE,cost,wholesale,,,2020-12-01,2020-12-31,47.4,EUR/MWh,EUR,,primary
ember:monthly:day_ahead_price,BE,cost,wholesale,,,2021-01-01,2021-01-31,57.44,EUR/MWh,EUR,,primary
ember:monthly:day_ahead_price,BE,cost,wholesale,,,2021-02-01,2021-02-28,48.57,EUR/MWh,EUR,,primary
ember:monthly:day_ahead_price,BE,cost,wholesale,,,2021-03-01,2021-03-31,46.63,EUR/MWh,EUR,,primary
ember:monthly:day_ahead_price,BE,cost,wholesale,,,2021-04-01,2021-04-30,57.04,EUR/MWh,EUR,,primary
ember:monthly:day_ahead_price,BE,cost,wholesale,,,2021-05-01,2021-05-31,55.61,EUR/MWh,EUR,,primary
ember:monthly:day_ahead_price,BE,cost,wholesale,,,2021-06-01,2021-06-30,74.49,EUR/MWh,EUR,,primary
ember:monthly:day_ahead_price,BE,cost,wholesale,,,2021-07-01,2021-07-31,77.37,EUR/MWh,EUR,,primary
ember:monthly:day_ahead_price,BE,cost,wholesale,,,2021-08-01,2021-08-31,79.55,EUR/MWh,EUR,,primary
ember:monthly:day_ahead_price,BE,cost,wholesale,,,2021-09-01,2021-09-30,136.15,EUR/MWh,EUR,,primary
ember:monthly:day_ahead_price,BE,cost,wholesale,,,2021-10-01,2021-10-31,165.37,EUR/MWh,EUR,,primary
ember:monthly:day_ahead_price,BE,cost,wholesale,,,2021-11-01,2021-11-30,202.17,EUR/MWh,EUR,,primary
ember:monthly:day_ahead_price,BE,cost,wholesale,,,2021-12-01,2021-12-31,245.43,EUR/MWh,EUR,,primary
ember:monthly:day_ahead_price,BE,cost,wholesale,,,2022-01-01,2022-01-31,191.56,EUR/MWh,EUR,,primary
ember:monthly:day_ahead_price,BE,cost,wholesale,,,2022-02-01,2022-02-28,162.64,EUR/MWh,EUR,,primary
ember:monthly:day_ahead_price,BE,cost,wholesale,,,2022-03-01,2022-03-31,265.51,EUR/MWh,EUR,,primary
ember:monthly:day_ahead_price,BE,cost,wholesale,,,2022-04-01,2022-04-30,186.72,EUR/MWh,EUR,,primary
ember:monthly:day_ahead_price,BE,cost,wholesale,,,2022-05-01,2022-05-31,176.67,EUR/MWh,EUR,,primary
ember:monthly:day_ahead_price,BE,cost,wholesale,,,2022-06-01,2022-06-30,219.29,EUR/MWh,EUR,,primary
ember:monthly:day_ahead_price,BE,cost,wholesale,,,2022-07-01,2022-07-31,321.55,EUR/MWh,EUR,,primary
ember:monthly:day_ahead_price,BE,cost,wholesale,,,2022-08-01,2022-08-31,448.12,EUR/MWh,EUR,,primary
ember:monthly:day_ahead_price,BE,cost,wholesale,,,2022-09-01,2022-09-30,345.73,EUR/MWh,EUR,,primary
ember:monthly:day_ahead_price,BE,cost,wholesale,,,2022-10-01,2022-10-31,157.51,EUR/MWh,EUR,,primary
ember:monthly:day_ahead_price,BE,cost,wholesale,,,2022-11-01,2022-11-30,180.7,EUR/MWh,EUR,,primary
ember:monthly:day_ahead_price,BE,cost,wholesale,,,2022-12-01,2022-12-31,268.88,EUR/MWh,EUR,,primary
ember:monthly:day_ahead_price,BE,cost,wholesale,,,2023-01-01,2023-01-31,130.87,EUR/MWh,EUR,,primary
ember:monthly:day_ahead_price,BE,cost,wholesale,,,2023-02-01,2023-02-28,143.51,EUR/MWh,EUR,,primary
ember:monthly:day_ahead_price,BE,cost,wholesale,,,2023-03-01,2023-03-31,109.48,EUR/MWh,EUR,,primary
ember:monthly:day_ahead_price,BE,cost,wholesale,,,2023-04-01,2023-04-30,105.62,EUR/MWh,EUR,,primary
ember:monthly:day_ahead_price,BE,cost,wholesale,,,2023-05-01,2023-05-31,80.11,EUR/MWh,EUR,,primary
ember:monthly:day_ahead_price,BE,cost,wholesale,,,2023-06-01,2023-06-30,93.17,EUR/MWh,EUR,,primary
ember:monthly:day_ahead_price,BE,cost,wholesale,,,2023-07-01,2023-07-31,75.29,EUR/MWh,EUR,,primary
ember:monthly:day_ahead_price,BE,cost,wholesale,,,2023-08-01,2023-08-31,92.05,EUR/MWh,EUR,,primary
ember:monthly:day_ahead_price,BE,cost,wholesale,,,2023-09-01,2023-09-30,94.35,EUR/MWh,EUR,,primary
ember:monthly:day_ahead_price,BE,cost,wholesale,,,2023-10-01,2023-10-31,86.34,EUR/MWh,EUR,,primary
ember:monthly:day_ahead_price,BE,cost,wholesale,,,2023-11-01,2023-11-30,91.53,EUR/MWh,EUR,,primary
ember:monthly:day_ahead_price,BE,cost,wholesale,,,2023-12-01,2023-12-31,69.26,EUR/MWh,EUR,,primary
ember:monthly:day_ahead_price,BE,cost,wholesale,,,2024-01-01,2024-01-31,78.63,EUR/MWh,EUR,,primary
ember:monthly:day_ahead_price,BE,cost,wholesale,,,2024-02-01,2024-02-29,61.53,EUR/MWh,EUR,,primary
ember:monthly:day_ahead_price,BE,cost,wholesale,,,2024-03-01,2024-03-31,61.13,EUR/MWh,EUR,,primary
ember:monthly:day_ahead_price,BE,cost,wholesale,,,2024-04-01,2024-04-30,48.04,EUR/MWh,EUR,,primary
ember:monthly:day_ahead_price,BE,cost,wholesale,,,2024-05-01,2024-05-31,54.45,EUR/MWh,EUR,,primary
ember:monthly:day_ahead_price,BE,cost,wholesale,,,2024-06-01,2024-06-30,60.92,EUR/MWh,EUR,,primary
ember:monthly:day_ahead_price,BE,cost,wholesale,,,2024-07-01,2024-07-31,54.59,EUR/MWh,EUR,,primary
ember:monthly:day_ahead_price,BE,cost,wholesale,,,2024-08-01,2024-08-31,65.53,EUR/MWh,EUR,,primary
ember:monthly:day_ahead_price,BE,cost,wholesale,,,2024-09-01,2024-09-30,66.41,EUR/MWh,EUR,,primary
ember:monthly:day_ahead_price,BE,cost,wholesale,,,2024-10-01,2024-10-31,78.13,EUR/MWh,EUR,,primary
ember:monthly:day_ahead_price,BE,cost,wholesale,,,2024-11-01,2024-11-30,108.95,EUR/MWh,EUR,,primary
ember:monthly:day_ahead_price,BE,cost,wholesale,,,2024-12-01,2024-12-31,105.1,EUR/MWh,EUR,,primary
ember:monthly:day_ahead_price,BE,cost,wholesale,,,2025-01-01,2025-01-31,112.17,EUR/MWh,EUR,,primary
ember:monthly:day_ahead_price,BE,cost,wholesale,,,2025-02-01,2025-02-28,128.73,EUR/MWh,EUR,,primary
ember:monthly:day_ahead_price,BE,cost,wholesale,,,2025-03-01,2025-03-31,91.17,EUR/MWh,EUR,,primary
ember:monthly:day_ahead_price,BE,cost,wholesale,,,2025-04-01,2025-04-30,73.36,EUR/MWh,EUR,,primary
ember:monthly:day_ahead_price,BE,cost,wholesale,,,2025-05-01,2025-05-31,61.08,EUR/MWh,EUR,,primary
ember:monthly:day_ahead_price,BE,cost,wholesale,,,2025-06-01,2025-06-30,65.36,EUR/MWh,EUR,,primary
ember:monthly:day_ahead_price,BE,cost,wholesale,,,2025-07-01,2025-07-31,83.06,EUR/MWh,EUR,,primary
ember:monthly:day_ahead_price,BE,cost,wholesale,,,2025-08-01,2025-08-31,68.89,EUR/MWh,EUR,,primary
ember:monthly:day_ahead_price,BE,cost,wholesale,,,2025-09-01,2025-09-30,74.95,EUR/MWh,EUR,,primary
ember:monthly:day_ahead_price,BE,cost,wholesale,,,2025-10-01,2025-10-31,74.99,EUR/MWh,EUR,,primary
ember:monthly:day_ahead_price,BE,cost,wholesale,,,2025-11-01,2025-11-30,86.26,EUR/MWh,EUR,,primary
ember:monthly:day_ahead_price,BE,cost,wholesale,,,2025-12-01,2025-12-31,85.34,EUR/MWh,EUR,,primary
ember:monthly:day_ahead_price,BE,cost,wholesale,,,2026-01-01,2026-01-31,107.98,EUR/MWh,EUR,,primary
ember:monthly:day_ahead_price,BE,cost,wholesale,,,2026-02-01,2026-02-28,85.03,EUR/MWh,EUR,,primary
ember:monthly:day_ahead_price,BE,cost,wholesale,,,2026-03-01,2026-03-31,92.75,EUR/MWh,EUR,,primary
ember:monthly:day_ahead_price,BE,cost,wholesale,,,2026-04-01,2026-04-30,78.71,EUR/MWh,EUR,,primary
ember:monthly:day_ahead_price,BE,cost,wholesale,,,2026-05-01,2026-05-31,91.73,EUR/MWh,EUR,,primary
ember:monthly:day_ahead_price,BE,cost,wholesale,,,2026-06-01,2026-06-30,112.36,EUR/MWh,EUR,,primary
ember:monthly:day_ahead_price,BE,cost,wholesale,,,2026-07-01,2026-07-31,110.15,EUR/MWh,EUR,,primary
ember:monthly:day_ahead_price,BE,cost,wholesale,,,2026-08-01,2026-08-31,131.67,EUR/MWh,EUR,,primary
ember:monthly:day_ahead_price,BE,cost,wholesale,,,2026-09-01,2026-09-30,156.4,EUR/MWh,EUR,,primary
ember:monthly:day_ahead_price,BE,cost,wholesale,,,2026-10-01,2026-10-31,203.76,EUR/MWh,EUR,,primary
ember:monthly:day_ahead_price,BG,cost,wholesale,,,2016-10-01,2016-10-31,35.53,EUR/MWh,EUR,,primary
ember:monthly:day_ahead_price,BG,cost,wholesale,,,2016-11-01,2016-11-30,35.91,EUR/MWh,EUR,,primary
ember:monthly:day_ahead_price,BG,cost,wholesale,,,2016-12-01,2016-12-31,42.06,EUR/MWh,EUR,,primary
ember:monthly:day_ahead_price,BG,cost,wholesale,,,2017-01-01,2017-01-31,54.41,EUR/MWh,EUR,,primary
ember:monthly:day_ahead_price,BG,cost,wholesale,,,2017-02-01,2017-02-28,43.28,EUR/MWh,EUR,,primary
ember:monthly:day_ahead_price,BG,cost,wholesale,,,2017-03-01,2017-03-31,31.85,EUR/MWh,EUR,,primary
ember:monthly:day_ahead_price,BG,cost,wholesale,,,2017-04-01,2017-04-30,34.93,EUR/MWh,EUR,,primary
ember:monthly:day_ahead_price,BG,cost,wholesale,,,2017-05-01,2017-05-31,36.26,EUR/MWh,EUR,,primary
ember:monthly:day_ahead_price,BG,cost,wholesale,,,2017-06-01,2017-06-30,34.92,EUR/MWh,EUR,,primary
ember:monthly:day_ahead_price,BG,cost,wholesale,,,2017-07-01,2017-07-31,42.16,EUR/MWh,EUR,,primary
ember:monthly:day_ahead_price,BG,cost,wholesale,,,2017-08-01,2017-08-31,38.42,EUR/MWh,EUR,,primary
ember:monthly:day_ahead_price,BG,cost,wholesale,,,2017-09-01,2017-09-30,37.79,EUR/MWh,EUR,,primary
ember:monthly:day_ahead_price,BG,cost,wholesale,,,2017-10-01,2017-10-31,41.57,EUR/MWh,EUR,,primary
ember:monthly:day_ahead_price,BG,cost,wholesale,,,2017-11-01,2017-11-30,42.13,EUR/MWh,EUR,,primary
ember:monthly:day_ahead_price,BG,cost,wholesale,,,2017-12-01,2017-12-31,38.35,EUR/MWh,EUR,,primary
ember:monthly:day_ahead_price,BG,cost,wholesale,,,2018-01-01,2018-01-31,37.3,EUR/MWh,EUR,,primary
ember:monthly:day_ahead_price,BG,cost,wholesale,,,2018-02-01,2018-02-28,36.49,EUR/MWh,EUR,,primary
ember:monthly:day_ahead_price,BG,cost,wholesale,,,2018-03-01,2018-03-31,27.51,EUR/MWh,EUR,,primary
ember:monthly:day_ahead_price,BG,cost,wholesale,,,2018-04-01,2018-04-30,28.35,EUR/MWh,EUR,,primary
ember:monthly:day_ahead_price,BG,cost,wholesale,,,2018-05-01,2018-05-31,37.31,EUR/MWh,EUR,,primary
ember:monthly:day_ahead_price,BG,cost,wholesale,,,2018-06-01,2018-06-30,36.05,EUR/MWh,EUR,,primary
ember:monthly:day_ahead_price,BG,cost,wholesale,,,2018-07-01,2018-07-31,33.23,EUR/MWh,EUR,,primary
ember:monthly:day_ahead_price,BG,cost,wholesale,,,2018-08-01,2018-08-31,40.05,EUR/MWh,EUR,,primary
ember:monthly:day_ahead_price,BG,cost,wholesale,,,2018-09-01,2018-09-30,47.21,EUR/MWh,EUR,,primary
ember:monthly:day_ahead_price,BG,cost,wholesale,,,2018-10-01,2018-10-31,52.01,EUR/MWh,EUR,,primary
ember:monthly:day_ahead_price,BG,cost,wholesale,,,2018-11-01,2018-11-30,45.58,EUR/MWh,EUR,,primary
ember:monthly:day_ahead_price,BG,cost,wholesale,,,2018-12-01,2018-12-31,57.22,EUR/MWh,EUR,,primary
ember:monthly:day_ahead_price,BG,cost,wholesale,,,2019-01-01,2019-01-31,67.38,EUR/MWh,EUR,,primary
ember:monthly:day_ahead_price,BG,cost,wholesale,,,2019-02-01,2019-02-28,39.65,EUR/MWh,EUR,,primary
ember:monthly:day_ahead_price,BG,cost,wholesale,,,2019-03-01,2019-03-31,35.14,EUR/MWh,EUR,,primary
ember:monthly:day_ahead_price,BG,cost,wholesale,,,2019-04-01,2019-04-30,41.59,EUR/MWh,EUR,,primary
ember:monthly:day_ahead_price,BG,cost,wholesale,,,2019-05-01,2019-05-31,41.63,EUR/MWh,EUR,,primary
ember:monthly:day_ahead_price,BG,cost,wholesale,,,2019-06-01,2019-06-30,40.49,EUR/MWh,EUR,,primary
ember:monthly:day_ahead_price,BG,cost,wholesale,,,2019-07-01,2019-07-31,55.48,EUR/MWh,EUR,,primary
ember:monthly:day_ahead_price,BG,cost,wholesale,,,2019-08-01,2019-08-31,52.15,EUR/MWh,EUR,,primary
ember:monthly:day_ahead_price,BG,cost,wholesale,,,2019-09-01,2019-09-30,55.3,EUR/MWh,EUR,,primary
ember:monthly:day_ahead_price,BG,cost,wholesale,,,2019-10-01,2019-10-31,55.81,EUR/MWh,EUR,,primary
ember:monthly:day_ahead_price,BG,cost,wholesale,,,2019-11-01,2019-11-30,41.46,EUR/MWh,EUR,,primary
ember:monthly:day_ahead_price,BG,cost,wholesale,,,2019-12-01,2019-12-31,42.51,EUR/MWh,EUR,,primary
ember:monthly:day_ahead_price,BG,cost,wholesale,,,2020-01-01,2020-01-31,54.99,EUR/MWh,EUR,,primary
ember:monthly:day_ahead_price,BG,cost,wholesale,,,2020-02-01,2020-02-29,41.41,EUR/MWh,EUR,,primary
ember:monthly:day_ahead_price,BG,cost,wholesale,,,2020-03-01,2020-03-31,28.27,EUR/MWh,EUR,,primary
ember:monthly:day_ahead_price,BG,cost,wholesale,,,2020-04-01,2020-04-30,24.83,EUR/MWh,EUR,,primary
ember:monthly:day_ahead_price,BG,cost,wholesale,,,2020-05-01,2020-05-31,23.36,EUR/MWh,EUR,,primary
ember:monthly:day_ahead_price,BG,cost,wholesale,,,2020-06-01,2020-06-30,30.5,EUR/MWh,EUR,,primary
ember:monthly:day_ahead_price,BG,cost,wholesale,,,2020-07-01,2020-07-31,36.78,EUR/MWh,EUR,,primary
ember:monthly:day_ahead_price,BG,cost,wholesale,,,2020-08-01,2020-08-31,37.44,EUR/MWh,EUR,,primary
ember:monthly:day_ahead_price,BG,cost,wholesale,,,2020-09-01,2020-09-30,46.21,EUR/MWh,EUR,,primary
ember:monthly:day_ahead_price,BG,cost,wholesale,,,2020-10-01,2020-10-31,43.12,EUR/MWh,EUR,,primary
ember:monthly:day_ahead_price,BG,cost,wholesale,,,2020-11-01,2020-11-30,47.72,EUR/MWh,EUR,,primary
ember:monthly:day_ahead_price,BG,cost,wholesale,,,2020-12-01,2020-12-31,56.76,EUR/MWh,EUR,,primary
ember:monthly:day_ahead_price,BG,cost,wholesale,,,2021-01-01,2021-01-31,53.17,EUR/MWh,EUR,,primary
ember:monthly:day_ahead_price,BG,cost,wholesale,,,2021-02-01,2021-02-28,46.87,EUR/MWh,EUR,,primary
ember:monthly:day_ahead_price,BG,cost,wholesale,,,2021-03-01,2021-03-31,52.08,EUR/MWh,EUR,,primary
ember:monthly:day_ahead_price,BG,cost,wholesale,,,2021-04-01,2021-04-30,61.75,EUR/MWh,EUR,,primary
ember:monthly:day_ahead_price,BG,cost,wholesale,,,2021-05-01,2021-05-31,60.02,EUR/MWh,EUR,,primary
ember:monthly:day_ahead_price,BG,cost,wholesale,,,2021-06-01,2021-06-30,77.16,EUR/MWh,EUR,,primary
ember:monthly:day_ahead_price,BG,cost,wholesale,,,2021-07-01,2021-07-31,95.0,EUR/MWh,EUR,,primary
ember:monthly:day_ahead_price,BG,cost,wholesale,,,2021-08-01,2021-08-31,111.53,EUR/MWh,EUR,,primary
ember:monthly:day_ahead_price,BG,cost,wholesale,,,2021-09-01,2021-09-30,125.07,EUR/MWh,EUR,,primary
ember:monthly:day_ahead_price,BG,cost,wholesale,,,2021-10-01,2021-10-31,188.57,EUR/MWh,EUR,,primary
ember:monthly:day_ahead_price,BG,cost,wholesale,,,2021-11-01,2021-11-30,208.7,EUR/MWh,EUR,,primary
ember:monthly:day_ahead_price,BG,cost,wholesale,,,2021-12-01,2021-12-31,219.75,EUR/MWh,EUR,,primary
ember:monthly:day_ahead_price,BG,cost,wholesale,,,2022-01-01,2022-01-31,186.56,EUR/MWh,EUR,,primary
ember:monthly:day_ahead_price,BG,cost,wholesale,,,2022-02-01,2022-02-28,187.54,EUR/MWh,EUR,,primary
ember:monthly:day_ahead_price,BG,cost,wholesale,,,2022-03-01,2022-03-31,248.95,EUR/MWh,EUR,,primary
ember:monthly:day_ahead_price,BG,cost,wholesale,,,2022-04-01,2022-04-30,174.52,EUR/MWh,EUR,,primary
ember:monthly:day_ahead_price,BG,cost,wholesale,,,2022-05-01,2022-05-31,201.8,EUR/MWh,EUR,,primary
ember:monthly:day_ahead_price,BG,cost,wholesale,,,2022-06-01,2022-06-30,223.16,EUR/MWh,EUR,,primary
ember:monthly:day_ahead_price,BG,cost,wholesale,,,2022-07-01,2022-07-31,323.4,EUR/MWh,EUR,,primary
ember:monthly:day_ahead_price,BG,cost,wholesale,,,2022-08-01,2022-08-31,433.22,EUR/MWh,EUR,,primary
ember:monthly:day_ahead_price,BG,cost,wholesale,,,2022-09-01,2022-09-30,375.13,EUR/MWh,EUR,,primary
ember:monthly:day_ahead_price,BG,cost,wholesale,,,2022-10-01,2022-10-31,205.92,EUR/MWh,EUR,,primary
ember:monthly:day_ahead_price,BG,cost,wholesale,,,2022-11-01,2022-11-30,220.23,EUR/MWh,EUR,,primary
ember:monthly:day_ahead_price,BG,cost,wholesale,,,2022-12-01,2022-12-31,246.56,EUR/MWh,EUR,,primary
ember:monthly:day_ahead_price,BG,cost,wholesale,,,2023-01-01,2023-01-31,136.3,EUR/MWh,EUR,,primary
ember:monthly:day_ahead_price,BG,cost,wholesale,,,2023-02-01,2023-02-28,142.37,EUR/MWh,EUR,,primary
ember:monthly:day_ahead_price,BG,cost,wholesale,,,2023-03-01,2023-03-31,108.43,EUR/MWh,EUR,,primary
ember:monthly:day_ahead_price,BG,cost,wholesale,,,2023-04-01,2023-04-30,98.81,EUR/MWh,EUR,,primary
ember:monthly:day_ahead_price,BG,cost,wholesale,,,2023-05-01,2023-05-31,87.29,EUR/MWh,EUR,,primary
ember:monthly:day_ahead_price,BG,cost,wholesale,,,2023-06-01,2023-06-30,84.97,EUR/MWh,EUR,,primary
ember:monthly:day_ahead_price,BG,cost,wholesale,,,2023-07-01,2023-07-31,96.65,EUR/MWh,EUR,,primary
ember:monthly:day_ahead_price,BG,cost,wholesale,,,2023-08-01,2023-08-31,101.39,EUR/MWh,EUR,,primary
ember:monthly:day_ahead_price,BG,cost,wholesale,,,2023-09-01,2023-09-30,101.66,EUR/MWh,EUR,,primary
ember:monthly:day_ahead_price,BG,cost,wholesale,,,2023-10-01,2023-10-31,106.81,EUR/MWh,EUR,,primary
ember:monthly:day_ahead_price,BG,cost,wholesale,,,2023-11-01,2023-11-30,102.89,EUR/MWh,EUR,,primary
ember:monthly:day_ahead_price,BG,cost,wholesale,,,2023-12-01,2023-12-31,81.41,EUR/MWh,EUR,,primary
ember:monthly:day_ahead_price,BG,cost,wholesale,,,2024-01-01,2024-01-31,89.72,EUR/MWh,EUR,,primary
ember:monthly:day_ahead_price,BG,cost,wholesale,,,2024-02-01,2024-02-29,69.96,EUR/MWh,EUR,,primary
ember:monthly:day_ahead_price,BG,cost,wholesale,,,2024-03-01,2024-03-31,63.31,EUR/MWh,EUR,,primary
ember:monthly:day_ahead_price,BG,cost,wholesale,,,2024-04-01,2024-04-30,58.29,EUR/MWh,EUR,,primary
ember:monthly:day_ahead_price,BG,cost,wholesale,,,2024-05-01,2024-05-31,82.29,EUR/MWh,EUR,,primary
ember:monthly:day_ahead_price,BG,cost,wholesale,,,2024-06-01,2024-06-30,97.95,EUR/MWh,EUR,,primary
ember:monthly:day_ahead_price,BG,cost,wholesale,,,2024-07-01,2024-07-31,136.51,EUR/MWh,EUR,,primary
ember:monthly:day_ahead_price,BG,cost,wholesale,,,2024-08-01,2024-08-31,126.65,EUR/MWh,EUR,,primary
ember:monthly:day_ahead_price,BG,cost,wholesale,,,2024-09-01,2024-09-30,106.69,EUR/MWh,EUR,,primary
ember:monthly:day_ahead_price,BG,cost,wholesale,,,2024-10-01,2024-10-31,89.6,EUR/MWh,EUR,,primary
ember:monthly:day_ahead_price,BG,cost,wholesale,,,2024-11-01,2024-11-30,167.75,EUR/MWh,EUR,,primary
ember:monthly:day_ahead_price,BG,cost,wholesale,,,2024-12-01,2024-12-31,140.67,EUR/MWh,EUR,,primary
ember:monthly:day_ahead_price,BG,cost,wholesale,,,2025-01-01,2025-01-31,138.53,EUR/MWh,EUR,,primary
ember:monthly:day_ahead_price,BG,cost,wholesale,,,2025-02-01,2025-02-28,156.43,EUR/MWh,EUR,,primary
ember:monthly:day_ahead_price,BG,cost,wholesale,,,2025-03-01,2025-03-31,104.35,EUR/MWh,EUR,,primary
ember:monthly:day_ahead_price,BG,cost,wholesale,,,2025-04-01,2025-04-30,84.94,EUR/MWh,EUR,,primary
ember:monthly:day_ahead_price,BG,cost,wholesale,,,2025-05-01,2025-05-31,85.35,EUR/MWh,EUR,,primary
ember:monthly:day_ahead_price,BG,cost,wholesale,,,2025-06-01,2025-06-30,85.31,EUR/MWh,EUR,,primary
ember:monthly:day_ahead_price,BG,cost,wholesale,,,2025-07-01,2025-07-31,101.12,EUR/MWh,EUR,,primary
ember:monthly:day_ahead_price,BG,cost,wholesale,,,2025-08-01,2025-08-31,75.79,EUR/MWh,EUR,,primary
ember:monthly:day_ahead_price,BG,cost,wholesale,,,2025-09-01,2025-09-30,95.53,EUR/MWh,EUR,,primary
ember:monthly:day_ahead_price,BG,cost,wholesale,,,2025-10-01,2025-10-31,121.8,EUR/MWh,EUR,,primary
ember:monthly:day_ahead_price,BG,cost,wholesale,,,2025-11-01,2025-11-30,121.51,EUR/MWh,EUR,,primary
ember:monthly:day_ahead_price,BG,cost,wholesale,,,2025-12-01,2025-12-31,117.25,EUR/MWh,EUR,,primary
ember:monthly:day_ahead_price,BG,cost,wholesale,,,2026-01-01,2026-01-31,147.92,EUR/MWh,EUR,,primary
ember:monthly:day_ahead_price,BG,cost,wholesale,,,2026-02-01,2026-02-28,99.5,EUR/MWh,EUR,,primary
ember:monthly:day_ahead_price,BG,cost,wholesale,,,2026-03-01,2026-03-31,103.69,EUR/MWh,EUR,,primary
ember:monthly:day_ahead_price,BG,cost,wholesale,,,2026-04-01,2026-04-30,90.84,EUR/MWh,EUR,,primary
ember:monthly:day_ahead_price,BG,cost,wholesale,,,2026-05-01,2026-05-31,101.0,EUR/MWh,EUR,,primary
ember:monthly:day_ahead_price,BG,cost,wholesale,,,2026-06-01,2026-06-30,98.11,EUR/MWh,EUR,,primary
ember:monthly:day_ahead_price,BG,cost,wholesale,,,2026-07-01,2026-07-31,112.59,EUR/MWh,EUR,,primary
ember:monthly:day_ahead_price,BG,cost,wholesale,,,2026-08-01,2026-08-31,142.69,EUR/MWh,EUR,,primary
ember:monthly:day_ahead_price,BG,cost,wholesale,,,2026-09-01,2026-09-30,166.12,EUR/MWh,EUR,,primary
ember:monthly:day_ahead_price,BG,cost,wholesale,,,2026-10-01,2026-10-31,131.24,EUR/MWh,EUR,,primary
ember:monthly:day_ahead_price,CH,cost,wholesale,,,2015-01-01,2015-01-31,44.0,EUR/MWh,EUR,,primary
ember:monthly:day_ahead_price,CH,cost,wholesale,,,2015-02-01,2015-02-28,50.86,EUR/MWh,EUR,,primary
ember:monthly:day_ahead_price,CH,cost,wholesale,,,2015-03-01,2015-03-31,44.48,EUR/MWh,EUR,,primary
ember:monthly:day_ahead_price,CH,cost,wholesale,,,2015-04-01,2015-04-30,38.23,EUR/MWh,EUR,,primary
ember:monthly:day_ahead_price,CH,cost,wholesale,,,2015-05-01,2015-05-31,25.04,EUR/MWh,EUR,,primary
ember:monthly:day_ahead_price,CH,cost,wholesale,,,2015-06-01,2015-06-30,30.45,EUR/MWh,EUR,,primary
ember:monthly:day_ahead_price,CH,cost,wholesale,,,2015-07-01,2015-07-31,35.98,EUR/MWh,EUR,,primary
ember:monthly:day_ahead_price,CH,cost,wholesale,,,2015-08-01,2015-08-31,32.71,EUR/MWh,EUR,,primary
ember:monthly:day_ahead_price,CH,cost,wholesale,,,2015-09-01,2015-09-30,36.57,EUR/MWh,EUR,,primary
ember:monthly:day_ahead_price,CH,cost,wholesale,,,2015-10-01,2015-10-31,45.54,EUR/MWh,EUR,,primary
ember:monthly:day_ahead_price,CH,cost,wholesale,,,2015-11-01,2015-11-30,48.17,EUR/MWh,EUR,,primary
ember:monthly:day_ahead_price,CH,cost,wholesale,,,2015-12-01,2015-12-31,52.24,EUR/MWh,EUR,,primary
ember:monthly:day_ahead_price,CH,cost,wholesale,,,2016-01-01,2016-01-31,45.96,EUR/MWh,EUR,,primary
ember:monthly:day_ahead_price,CH,cost,wholesale,,,2016-02-01,2016-02-29,34.19,EUR/MWh,EUR,,primary
ember:monthly:day_ahead_price,CH,cost,wholesale,,,2016-03-01,2016-03-31,29.21,EUR/MWh,EUR,,primary
ember:monthly:day_ahead_price,CH,cost,wholesale,,,2016-04-01,2016-04-30,25.23,EUR/MWh,EUR,,primary
ember:monthly:day_ahead_price,CH,cost,wholesale,,,2016-05-01,2016-05-31,23.69,EUR/MWh,EUR,,primary
ember:monthly:day_ahead_price,CH,cost,wholesale,,,2016-06-01,2016-06-30,27.73,EUR/MWh,EUR,,primary
ember:monthly:day_ahead_price,CH,cost,wholesale,,,2016-07-01,2016-07-31,28.18,EUR/MWh,EUR,,primary
ember:monthly:day_ahead_price,CH,cost,wholesale,,,2016-08-01,2016-08-31,29.38,EUR/MWh,EUR,,primary
ember:monthly:day_ahead_price,CH,cost,wholesale,,,2016-09-01,2016-09-30,35.87,EUR/MWh,EUR,,primary
ember:monthly:day_ahead_price,CH,cost,wholesale,,,2016-10-01,2016-10-31,55.91,EUR/MWh,EUR,,primary
ember:monthly:day_ahead_price,CH,cost,wholesale,,,2016-11-01,2016-11-30,60.7,EUR/MWh,EUR,,primary
ember:monthly:day_ahead_price,CH,cost,wholesale,,,2016-12-01,2016-12-31,58.23,EUR/MWh,EUR,,primary
ember:monthly:day_ahead_price,CH,cost,wholesale,,,2017-01-01,2017-01-31,76.87,EUR/MWh,EUR,,primary
ember:monthly:day_ahead_price,CH,cost,wholesale,,,2017-02-01,2017-02-28,55.16,EUR/MWh,EUR,,primary
ember:monthly:day_ahead_price,CH,cost,wholesale,,,2017-03-01,2017-03-31,36.89,EUR/MWh,EUR,,primary
ember:monthly:day_ahead_price,CH,cost,wholesale,,,2017-04-01,2017-04-30,33.59,EUR/MWh,EUR,,primary
ember:monthly:day_ahead_price,CH,cost,wholesale,,,2017-05-01,2017-05-31,33.86,EUR/MWh,EUR,,primary
ember:monthly:day_ahead_price,CH,cost,wholesale,,,2017-06-01,2017-06-30,32.12,EUR/MWh,EUR,,primary
ember:monthly:day_ahead_price,CH,cost,wholesale,,,2017-07-01,2017-07-31,34.28,EUR/MWh,EUR,,primary
ember:monthly:day_ahead_price,CH,cost,wholesale,,,2017-08-01,2017-08-31,32.05,EUR/MWh,EUR,,primary
ember:monthly:day_ahead_price,CH,cost,wholesale,,,2017-09-01,2017-09-30,37.27,EUR/MWh,EUR,,primary
ember:monthly:day_ahead_price,CH,cost,wholesale,,,2017-10-01,2017-10-31,52.71,EUR/MWh,EUR,,primary
ember:monthly:day_ahead_price,CH,cost,wholesale,,,2017-11-01,2017-11-30,65.02,EUR/MWh,EUR,,primary
ember:monthly:day_ahead_price,CH,cost,wholesale,,,2017-12-01,2017-12-31,62.54,EUR/MWh,EUR,,primary
ember:monthly:day_ahead_price,CH,cost,wholesale,,,2018-01-01,2018-01-31,43.82,EUR/MWh,EUR,,primary
ember:monthly:day_ahead_price,CH,cost,wholesale,,,2018-02-01,2018-02-28,52.98,EUR/MWh,EUR,,primary
ember:monthly:day_ahead_price,CH,cost,wholesale,,,2018-03-01,2018-03-31,53.18,EUR/MWh,EUR,,primary
ember:monthly:day_ahead_price,CH,cost,wholesale,,,2018-04-01,2018-04-30,34.08,EUR/MWh,EUR,,primary
ember:monthly:day_ahead_price,CH,cost,wholesale,,,2018-05-01,2018-05-31,33.22,EUR/MWh,EUR,,primary
ember:monthly:day_ahead_price,CH,cost,wholesale,,,2018-06-01,2018-06-30,43.15,EUR/MWh,EUR,,primary
ember:monthly:day_ahead_price,CH,cost,wholesale,,,2018-07-01,2018-07-31,50.54,EUR/MWh,EUR,,primary
ember:monthly:day_ahead_price,CH,cost,wholesale,,,2018-08-01,2018-08-31,58.18,EUR/MWh,EUR,,primary
ember:monthly:day_ahead_price,CH,cost,wholesale,,,2018-09-01,2018-09-30,61.53,EUR/MWh,EUR,,primary
ember:monthly:day_ahead_price,CH,cost,wholesale,,,2018-10-01,2018-10-31,72.97,EUR/MWh,EUR,,primary
ember:monthly:day_ahead_price,CH,cost,wholesale,,,2018-11-01,2018-11-30,65.18,EUR/MWh,EUR,,primary
ember:monthly:day_ahead_price,CH,cost,wholesale,,,2018-12-01,2018-12-31,57.69,EUR/MWh,EUR,,primary
ember:monthly:day_ahead_price,CH,cost,wholesale,,,2019-01-01,2019-01-31,62.34,EUR/MWh,EUR,,primary
ember:monthly:day_ahead_price,CH,cost,wholesale,,,2019-02-01,2019-02-28,48.73,EUR/MWh,EUR,,primary
ember:monthly:day_ahead_price,CH,cost,wholesale,,,2019-03-01,2019-03-31,35.77,EUR/MWh,EUR,,primary
ember:monthly:day_ahead_price,CH,cost,wholesale,,,2019-04-01,2019-04-30,38.68,EUR/MWh,EUR,,primary
ember:monthly:day_ahead_price,CH,cost,wholesale,,,2019-05-01,2019-05-31,38.07,EUR/MWh,EUR,,primary
ember:monthly:day_ahead_price,CH,cost,wholesale,,,2019-06-01,2019-06-30,31.85,EUR/MWh,EUR,,primary
ember:monthly:day_ahead_price,CH,cost,wholesale,,,2019-07-01,2019-07-31,37.92,EUR/MWh,EUR,,primary
ember:monthly:day_ahead_price,CH,cost,wholesale,,,2019-08-01,2019-08-31,33.85,EUR/MWh,EUR,,primary
ember:monthly:day_ahead_price,CH,cost,wholesale,,,2019-09-01,2019-09-30,37.44,EUR/MWh,EUR,,primary
ember:monthly:day_ahead_price,CH,cost,wholesale,,,2019-10-01,2019-10-31,39.98,EUR/MWh,EUR,,primary
ember:monthly:day_ahead_price,CH,cost,wholesale,,,2019-11-01,2019-11-30,45.95,EUR/MWh,EUR,,primary
ember:monthly:day_ahead_price,CH,cost,wholesale,,,2019-12-01,2019-12-31,40.84,EUR/MWh,EUR,,primary
ember:monthly:day_ahead_price,CH,cost,wholesale,,,2020-01-01,2020-01-31,42.56,EUR/MWh,EUR,,primary
ember:monthly:day_ahead_price,CH,cost,wholesale,,,2020-02-01,2020-02-29,34.12,EUR/MWh,EUR,,primary
ember:monthly:day_ahead_price,CH,cost,wholesale,,,2020-03-01,2020-03-31,26.13,EUR/MWh,EUR,,primary
ember:monthly:day_ahead_price,CH,cost,wholesale,,,2020-04-01,2020-04-30,17.18,EUR/MWh,EUR,,primary
ember:monthly:day_ahead_price,CH,cost,wholesale,,,2020-05-01,2020-05-31,16.86,EUR/MWh,EUR,,primary
ember:monthly:day_ahead_price,CH,cost,wholesale,,,2020-06-01,2020-06-30,25.71,EUR/MWh,EUR,,primary
ember:monthly:day_ahead_price,CH,cost,wholesale,,,2020-07-01,2020-07-31,32.82,EUR/MWh,EUR,,primary
ember:monthly:day_ahead_price,CH,cost,wholesale,,,2020-08-01,2020-08-31,35.53,EUR/MWh,EUR,,primary
ember:monthly:day_ahead_price,CH,cost,wholesale,,,2020-09-01,2020-09-30,45.89,EUR/MWh,EUR,,primary
ember:monthly:day_ahead_price,CH,cost,wholesale,,,2020-10-01,2020-10-31,38.21,EUR/MWh,EUR,,primary
ember:monthly:day_ahead_price,CH,cost,wholesale,,,2020-11-01,2020-11-30,41.49,EUR/MWh,EUR,,primary
ember:monthly:day_ahead_price,CH,cost,wholesale,,,2020-12-01,2020-12-31,51.36,EUR/MWh,EUR,,primary
ember:monthly:day_ahead_price,CH,cost,wholesale,,,2021-01-01,2021-01-31,60.48,EUR/MWh,EUR,,primary
ember:monthly:day_ahead_price,CH,cost,wholesale,,,2021-02-01,2021-02-28,53.88,EUR/MWh,EUR,,primary
ember:monthly:day_ahead_price,CH,cost,wholesale,,,2021-03-01,2021-03-31,56.17,EUR/MWh,EUR,,primary
ember:monthly:day_ahead_price,CH,cost,wholesale,,,2021-04-01,2021-04-30,63.67,EUR/MWh,EUR,,primary
ember:monthly:day_ahead_price,CH,cost,wholesale,,,2021-05-01,2021-05-31,57.8,EUR/MWh,EUR,,primary
ember:monthly:day_ahead_price,CH,cost,wholesale,,,2021-06-01,2021-06-30,73.61,EUR/MWh,EUR,,primary
ember:monthly:day_ahead_price,CH,cost,wholesale,,,2021-07-01,2021-07-31,80.9,EUR/MWh,EUR,,primary
ember:monthly:day_ahead_price,CH,cost,wholesale,,,2021-08-01,2021-08-31,82.66,EUR/MWh,EUR,,primary
ember:monthly:day_ahead_price,CH,cost,wholesale,,,2021-09-01,2021-09-30,138.21,EUR/MWh,EUR,,primary
ember:monthly:day_ahead_price,CH,cost,wholesale,,,2021-10-01,2021-10-31,198.32,EUR/MWh,EUR,,primary
ember:monthly:day_ahead_price,CH,cost,wholesale,,,2021-11-01,2021-11-30,226.99,EUR/MWh,EUR,,primary
ember:monthly:day_ahead_price,CH,cost,wholesale,,,2021-12-01,2021-12-31,282.14,EUR/MWh,EUR,,primary
ember:monthly:day_ahead_price,CH,cost,wholesale,,,2022-01-01,2022-01-31,219.48,EUR/MWh,EUR,,primary
ember:monthly:day_ahead_price,CH,cost,wholesale,,,2022-02-01,2022-02-28,208.71,EUR/MWh,EUR,,primary
ember:monthly:day_ahead_price,CH,cost,wholesale,,,2022-03-01,2022-03-31,306.09,EUR/MWh,EUR,,primary
ember:monthly:day_ahead_price,CH,cost,wholesale,,,2022-04-01,2022-04-30,227.2,EUR/MWh,EUR,,primary
ember:monthly:day_ahead_price,CH,cost,wholesale,,,2022-05-01,2022-05-31,197.09,EUR/MWh,EUR,,primary
ember:monthly:day_ahead_price,CH,cost,wholesale,,,2022-06-01,2022-06-30,255.18,EUR/MWh,EUR,,primary
ember:monthly:day_ahead_price,CH,cost,wholesale,,,2022-07-01,2022-07-31,383.27,EUR/MWh,EUR,,primary
ember:monthly:day_ahead_price,CH,cost,wholesale,,,2022-08-01,2022-08-31,488.14,EUR/MWh,EUR,,primary
ember:monthly:day_ahead_price,CH,cost,wholesale,,,2022-09-01,2022-09-30,403.79,EUR/MWh,EUR,,primary
ember:monthly:day_ahead_price,CH,cost,wholesale,,,2022-10-01,2022-10-31,183.97,EUR/MWh,EUR,,primary
ember:monthly:day_ahead_price,CH,cost,wholesale,,,2022-11-01,2022-11-30,219.34,EUR/MWh,EUR,,primary
ember:monthly:day_ahead_price,CH,cost,wholesale,,,2022-12-01,2022-12-31,279.69,EUR/MWh,EUR,,primary
ember:monthly:day_ahead_price,CH,cost,wholesale,,,2023-01-01,2023-01-31,157.46,EUR/MWh,EUR,,primary
ember:monthly:day_ahead_price,CH,cost,wholesale,,,2023-02-01,2023-02-28,153.76,EUR/MWh,EUR,,primary
ember:monthly:day_ahead_price,CH,cost,wholesale,,,2023-03-01,2023-03-31,124.43,EUR/MWh,EUR,,primary
ember:monthly:day_ahead_price,CH,cost,wholesale,,,2023-04-01,2023-04-30,116.12,EUR/MWh,EUR,,primary
ember:monthly:day_ahead_price,CH,cost,wholesale,,,2023-05-01,2023-05-31,85.8,EUR/MWh,EUR,,primary
ember:monthly:day_ahead_price,CH,cost,wholesale,,,2023-06-01,2023-06-30,92.23,EUR/MWh,EUR,,primary
ember:monthly:day_ahead_price,CH,cost,wholesale,,,2023-07-01,2023-07-31,82.42,EUR/MWh,EUR,,primary
ember:monthly:day_ahead_price,CH,cost,wholesale,,,2023-08-01,2023-08-31,94.53,EUR/MWh,EUR,,primary
ember:monthly:day_ahead_price,CH,cost,wholesale,,,2023-09-01,2023-09-30,97.02,EUR/MWh,EUR,,primary
ember:monthly:day_ahead_price,CH,cost,wholesale,,,2023-10-01,2023-10-31,105.45,EUR/MWh,EUR,,primary
ember:monthly:day_ahead_price,CH,cost,wholesale,,,2023-11-01,2023-11-30,103.24,EUR/MWh,EUR,,primary
ember:monthly:day_ahead_price,CH,cost,wholesale,,,2023-12-01,2023-12-31,80.97,EUR/MWh,EUR,,primary
ember:monthly:day_ahead_price,CH,cost,wholesale,,,2024-01-01,2024-01-31,84.01,EUR/MWh,EUR,,primary
ember:monthly:day_ahead_price,CH,cost,wholesale,,,2024-02-01,2024-02-29,69.91,EUR/MWh,EUR,,primary
ember:monthly:day_ahead_price,CH,cost,wholesale,,,2024-03-01,2024-03-31,72.49,EUR/MWh,EUR,,primary
ember:monthly:day_ahead_price,CH,cost,wholesale,,,2024-04-01,2024-04-30,62.23,EUR/MWh,EUR,,primary
ember:monthly:day_ahead_price,CH,cost,wholesale,,,2024-05-01,2024-05-31,62.05,EUR/MWh,EUR,,primary
ember:monthly:day_ahead_price,CH,cost,wholesale,,,2024-06-01,2024-06-30,48.14,EUR/MWh,EUR,,primary
ember:monthly:day_ahead_price,CH,cost,wholesale,,,2024-07-01,2024-07-31,38.68,EUR/MWh,EUR,,primary
ember:monthly:day_ahead_price,CH,cost,wholesale,,,2024-08-01,2024-08-31,58.66,EUR/MWh,EUR,,primary
ember:monthly:day_ahead_price,CH,cost,wholesale,,,2024-09-01,2024-09-30,81.07,EUR/MWh,EUR,,primary
ember:monthly:day_ahead_price,CH,cost,wholesale,,,2024-10-01,2024-10-31,83.04,EUR/MWh,EUR,,primary
ember:monthly:day_ahead_price,CH,cost,wholesale,,,2024-11-01,2024-11-30,124.82,EUR/MWh,EUR,,primary
ember:monthly:day_ahead_price,CH,cost,wholesale,,,2024-12-01,2024-12-31,126.17,EUR/MWh,EUR,,primary
ember:monthly:day_ahead_price,CH,cost,wholesale,,,2025-01-01,2025-01-31,136.49,EUR/MWh,EUR,,primary
ember:monthly:day_ahead_price,CH,cost,wholesale,,,2025-02-01,2025-02-28,148.07,EUR/MWh,EUR,,primary
ember:monthly:day_ahead_price,CH,cost,wholesale,,,2025-03-01,2025-03-31,116.92,EUR/MWh,EUR,,primary
ember:monthly:day_ahead_price,CH,cost,wholesale,,,2025-04-01,2025-04-30,84.73,EUR/MWh,EUR,,primary
ember:monthly:day_ahead_price,CH,cost,wholesale,,,2025-05-01,2025-05-31,70.27,EUR/MWh,EUR,,primary
ember:monthly:day_ahead_price,CH,cost,wholesale,,,2025-06-01,2025-06-30,63.17,EUR/MWh,EUR,,primary
ember:monthly:day_ahead_price,CH,cost,wholesale,,,2025-07-01,2025-07-31,91.12,EUR/MWh,EUR,,primary
ember:monthly:day_ahead_price,CH,cost,wholesale,,,2025-08-01,2025-08-31,79.0,EUR/MWh,EUR,,primary
ember:monthly:day_ahead_price,CH,cost,wholesale,,,2025-09-01,2025-09-30,96.33,EUR/MWh,EUR,,primary
ember:monthly:day_ahead_price,CH,cost,wholesale,,,2026-06-01,2026-06-30,102.15,EUR/MWh,EUR,,primary
ember:monthly:day_ahead_price,CH,cost,wholesale,,,2026-07-01,2026-07-31,116.64,EUR/MWh,EUR,,primary
ember:monthly:day_ahead_price,CH,cost,wholesale,,,2026-08-01,2026-08-31,140.22,EUR/MWh,EUR,,primary
ember:monthly:day_ahead_price,CH,cost,wholesale,,,2026-09-01,2026-09-30,168.41,EUR/MWh,EUR,,primary
ember:monthly:day_ahead_price,CH,cost,wholesale,,,2026-10-01,2026-10-31,203.05,EUR/MWh,EUR,,primary
ember:monthly:day_ahead_price,CZ,cost,wholesale,,,2015-01-01,2015-01-31,29.47,EUR/MWh,EUR,,primary
ember:monthly:day_ahead_price,CZ,cost,wholesale,,,2015-02-01,2015-02-28,36.12,EUR/MWh,EUR,,primary
ember:monthly:day_ahead_price,CZ,cost,wholesale,,,2015-03-01,2015-03-31,30.61,EUR/MWh,EUR,,primary
ember:monthly:day_ahead_price,CZ,cost,wholesale,,,2015-04-01,2015-04-30,29.84,EUR/MWh,EUR,,primary
ember:monthly:day_ahead_price,CZ,cost,wholesale,,,2015-05-01,2015-05-31,25.39,EUR/MWh,EUR,,primary
ember:monthly:day_ahead_price,CZ,cost,wholesale,,,2015-06-01,2015-06-30,30.67,EUR/MWh,EUR,,primary
ember:monthly:day_ahead_price,CZ,cost,wholesale,,,2015-07-01,2015-07-31,36.7,EUR/MWh,EUR,,primary
ember:monthly:day_ahead_price,CZ,cost,wholesale,,,2015-08-01,2015-08-31,32.69,EUR/MWh,EUR,,primary
ember:monthly:day_ahead_price,CZ,cost,wholesale,,,2015-09-01,2015-09-30,33.4,EUR/MWh,EUR,,primary
ember:monthly:day_ahead_price,CZ,cost,wholesale,,,2015-10-01,2015-10-31,39.08,EUR/MWh,EUR,,primary
ember:monthly:day_ahead_price,CZ,cost,wholesale,,,2015-11-01,2015-11-30,35.47,EUR/MWh,EUR,,primary
ember:monthly:day_ahead_price,CZ,cost,wholesale,,,2015-12-01,2015-12-31,28.76,EUR/MWh,EUR,,primary
ember:monthly:day_ahead_price,CZ,cost,wholesale,,,2016-01-01,2016-01-31,31.89,EUR/MWh,EUR,,primary
ember:monthly:day_ahead_price,CZ,cost,wholesale,,,2016-02-01,2016-02-29,23.37,EUR/MWh,EUR,,primary
ember:monthly:day_ahead_price,CZ,cost,wholesale,,,2016-03-01,2016-03-31,23.72,EUR/MWh,EUR,,primary
ember:monthly:day_ahead_price,CZ,cost,wholesale,,,2016-04-01,2016-04-30,24.7,EUR/MWh,EUR,,primary
ember:monthly:day_ahead_price,CZ,cost,wholesale,,,2016-05-01,2016-05-31,24.36,EUR/MWh,EUR,,primary
ember:monthly:day_ahead_price,CZ,cost,wholesale,,,2016-06-01,2016-06-30,32.15,EUR/MWh,EUR,,primary
ember:monthly:day_ahead_price,CZ,cost,wholesale,,,2016-07-01,2016-07-31,29.48,EUR/MWh,EUR,,primary
ember:monthly:day_ahead_price,CZ,cost,wholesale,,,2016-08-01,2016-08-31,27.63,EUR/MWh,EUR,,primary
ember:monthly:day_ahead_price,CZ,cost,wholesale,,,2016-09-01,2016-09-30,33.43,EUR/MWh,EUR,,primary
ember:monthly:day_ahead_price,CZ,cost,wholesale,,,2016-10-01,2016-10-31,43.45,EUR/MWh,EUR,,primary
ember:monthly:day_ahead_price,CZ,cost,wholesale,,,2016-11-01,2016-11-30,40.01,EUR/MWh,EUR,,primary
ember:monthly:day_ahead_price,CZ,cost,wholesale,,,2016-12-01,2016-12-31,39.31,EUR/MWh,EUR,,primary
ember:monthly:day_ahead_price,CZ,cost,wholesale,,,2017-01-01,2017-01-31,54.31,EUR/MWh,EUR,,primary
ember:monthly:day_ahead_price,CZ,cost,wholesale,,,2017-02-01,2017-02-28,40.6,EUR/MWh,EUR,,primary
ember:monthly:day_ahead_price,CZ,cost,wholesale,,,2017-03-01,2017-03-31,31.67,EUR/MWh,EUR,,primary
ember:monthly:day_ahead_price,CZ,cost,wholesale,,,2017-04-01,2017-04-30,29.63,EUR/MWh,EUR,,primary
ember:monthly:day_ahead_price,CZ,cost,wholesale,,,2017-05-01,2017-05-31,33.61,EUR/MWh,EUR,,primary
ember:monthly:day_ahead_price,CZ,cost,wholesale,,,2017-06-01,2017-06-30,34.87,EUR/MWh,EUR,,primary
ember:monthly:day_ahead_price,CZ,cost,wholesale,,,2017-07-01,2017-07-31,40.25,EUR/MWh,EUR,,primary
ember:monthly:day_ahead_price,CZ,cost,wholesale,,,2017-08-01,2017-08-31,34.1,EUR/MWh,EUR,,primary
ember:monthly:day_ahead_price,CZ,cost,wholesale,,,2017-09-01,2017-09-30,34.72,EUR/MWh,EUR,,primary
ember:monthly:day_ahead_price,CZ,cost,wholesale,,,2017-10-01,2017-10-31,30.35,EUR/MWh,EUR,,primary
ember:monthly:day_ahead_price,CZ,cost,wholesale,,,2017-11-01,2017-11-30,40.73,EUR/MWh,EUR,,primary
ember:monthly:day_ahead_price,CZ,cost,wholesale,,,2017-12-01,2017-12-31,32.75,EUR/MWh,EUR,,primary
ember:monthly:day_ahead_price,CZ,cost,wholesale,,,2018-01-01,2018-01-31,33.12,EUR/MWh,EUR,,primary
ember:monthly:day_ahead_price,CZ,cost,wholesale,,,2018-02-01,2018-02-28,41.0,EUR/MWh,EUR,,primary
ember:monthly:day_ahead_price,CZ,cost,wholesale,,,2018-03-01,2018-03-31,37.72,EUR/MWh,EUR,,primary
ember:monthly:day_ahead_price,CZ,cost,wholesale,,,2018-04-01,2018-04-30,31.81,EUR/MWh,EUR,,primary
ember:monthly:day_ahead_price,CZ,cost,wholesale,,,2018-05-01,2018-05-31,34.58,EUR/MWh,EUR,,primary
ember:monthly:day_ahead_price,CZ,cost,wholesale,,,2018-06-01,2018-06-30,44.02,EUR/MWh,EUR,,primary
ember:monthly:day_ahead_price,CZ,cost,wholesale,,,2018-07-01,2018-07-31,49.73,EUR/MWh,EUR,,primary
ember:monthly:day_ahead_price,CZ,cost,wholesale,,,2018-08-01,2018-08-31,57.75,EUR/MWh,EUR,,primary
ember:monthly:day_ahead_price,CZ,cost,wholesale,,,2018-09-01,2018-09-30,55.85,EUR/MWh,EUR,,primary
ember:monthly:day_ahead_price,CZ,cost,wholesale,,,2018-10-01,2018-10-31,56.2,EUR/MWh,EUR,,primary
ember:monthly:day_ahead_price,CZ,cost,wholesale,,,2018-11-01,2018-11-30,58.62,EUR/MWh,EUR,,primary
ember:monthly:day_ahead_price,CZ,cost,wholesale,,,2018-12-01,2018-12-31,51.68,EUR/MWh,EUR,,primary
ember:monthly:day_ahead_price,CZ,cost,wholesale,,,2019-01-01,2019-01-31,55.38,EUR/MWh,EUR,,primary
ember:monthly:day_ahead_price,CZ,cost,wholesale,,,2019-02-01,2019-02-28,45.1,EUR/MWh,EUR,,primary
ember:monthly:day_ahead_price,CZ,cost,wholesale,,,2019-03-01,2019-03-31,33.03,EUR/MWh,EUR,,primary
ember:monthly:day_ahead_price,CZ,cost,wholesale,,,2019-04-01,2019-04-30,38.01,EUR/MWh,EUR,,primary
ember:monthly:day_ahead_price,CZ,cost,wholesale,,,2019-05-01,2019-05-31,37.87,EUR/MWh,EUR,,primary
ember:monthly:day_ahead_price,CZ,cost,wholesale,,,2019-06-01,2019-06-30,33.84,EUR/MWh,EUR,,primary
ember:monthly:day_ahead_price,CZ,cost,wholesale,,,2019-07-01,2019-07-31,42.05,EUR/MWh,EUR,,primary
ember:monthly:day_ahead_price,CZ,cost,wholesale,,,2019-08-01,2019-08-31,39.77,EUR/MWh,EUR,,primary
ember:monthly:day_ahead_price,CZ,cost,wholesale,,,2019-09-01,2019-09-30,39.73,EUR/MWh,EUR,,primary
ember:monthly:day_ahead_price,CZ,cost,wholesale,,,2019-10-01,2019-10-31,38.73,EUR/MWh,EUR,,primary
ember:monthly:day_ahead_price,CZ,cost,wholesale,,,2019-11-01,2019-11-30,41.98,EUR/MWh,EUR,,primary
ember:monthly:day_ahead_price,CZ,cost,wholesale,,,2019-12-01,2019-12-31,37.27,EUR/MWh,EUR,,primary
ember:monthly:day_ahead_price,CZ,cost,wholesale,,,2020-01-01,2020-01-31,41.81,EUR/MWh,EUR,,primary
ember:monthly:day_ahead_price,CZ,cost,wholesale,,,2020-02-01,2020-02-29,30.54,EUR/MWh,EUR,,primary
ember:monthly:day_ahead_price,CZ,cost,wholesale,,,2020-03-01,2020-03-31,25.41,EUR/MWh,EUR,,primary
ember:monthly:day_ahead_price,CZ,cost,wholesale,,,2020-04-01,2020-04-30,19.24,EUR/MWh,EUR,,primary
ember:monthly:day_ahead_price,CZ,cost,wholesale,,,2020-05-01,2020-05-31,18.1,EUR/MWh,EUR,,primary
ember:monthly:day_ahead_price,CZ,cost,wholesale,,,2020-06-01,2020-06-30,26.34,EUR/MWh,EUR,,primary
ember:monthly:day_ahead_price,CZ,cost,wholesale,,,2020-07-01,2020-07-31,32.77,EUR/MWh,EUR,,primary
ember:monthly:day_ahead_price,CZ,cost,wholesale,,,2020-08-01,2020-08-31,34.58,EUR/MWh,EUR,,primary
ember:monthly:day_ahead_price,CZ,cost,wholesale,,,2020-09-01,2020-09-30,44.89,EUR/MWh,EUR,,primary
ember:monthly:day_ahead_price,CZ,cost,wholesale,,,2020-10-01,2020-10-31,36.35,EUR/MWh,EUR,,primary
ember:monthly:day_ahead_price,CZ,cost,wholesale,,,2020-11-01,2020-11-30,41.68,EUR/MWh,EUR,,primary
ember:monthly:day_ahead_price,CZ,cost,wholesale,,,2020-12-01,2020-12-31,51.49,EUR/MWh,EUR,,primary
ember:monthly:day_ahead_price,CZ,cost,wholesale,,,2021-01-01,2021-01-31,56.16,EUR/MWh,EUR,,primary
ember:monthly:day_ahead_price,CZ,cost,wholesale,,,2021-02-01,2021-02-28,50.68,EUR/MWh,EUR,,primary
ember:monthly:day_ahead_price,CZ,cost,wholesale,,,2021-03-01,2021-03-31,53.74,EUR/MWh,EUR,,primary
ember:monthly:day_ahead_price,CZ,cost,wholesale,,,2021-04-01,2021-04-30,60.28,EUR/MWh,EUR,,primary
ember:monthly:day_ahead_price,CZ,cost,wholesale,,,2021-05-01,2021-05-31,59.29,EUR/MWh,EUR,,primary
ember:monthly:day_ahead_price,CZ,cost,wholesale,,,2021-06-01,2021-06-30,75.14,EUR/MWh,EUR,,primary
ember:monthly:day_ahead_price,CZ,cost,wholesale,,,2021-07-01,2021-07-31,85.0,EUR/MWh,EUR,,primary
ember:monthly:day_ahead_price,CZ,cost,wholesale,,,2021-08-01,2021-08-31,84.99,EUR/MWh,EUR,,primary
ember:monthly:day_ahead_price,CZ,cost,wholesale,,,2021-09-01,2021-09-30,129.71,EUR/MWh,EUR,,primary
ember:monthly:day_ahead_price,CZ,cost,wholesale,,,2021-10-01,2021-10-31,140.62,EUR/MWh,EUR,,primary
ember:monthly:day_ahead_price,CZ,cost,wholesale,,,2021-11-01,2021-11-30,180.31,EUR/MWh,EUR,,primary
ember:monthly:day_ahead_price,CZ,cost,wholesale,,,2021-12-01,2021-12-31,228.59,EUR/MWh,EUR,,primary
ember:monthly:day_ahead_price,CZ,cost,wholesale,,,2022-01-01,2022-01-31,179.72,EUR/MWh,EUR,,primary
ember:monthly:day_ahead_price,CZ,cost,wholesale,,,2022-02-01,2022-02-28,155.03,EUR/MWh,EUR,,primary
ember:monthly:day_ahead_price,CZ,cost,wholesale,,,2022-03-01,2022-03-31,259.82,EUR/MWh,EUR,,primary
ember:monthly:day_ahead_price,CZ,cost,wholesale,,,2022-04-01,2022-04-30,174.35,EUR/MWh,EUR,,primary
ember:monthly:day_ahead_price,CZ,cost,wholesale,,,2022-05-01,2022-05-31,189.02,EUR/MWh,EUR,,primary
ember:monthly:day_ahead_price,CZ,cost,wholesale,,,2022-06-01,2022-06-30,224.96,EUR/MWh,EUR,,primary
ember:monthly:day_ahead_price,CZ,cost,wholesale,,,2022-07-01,2022-07-31,319.64,EUR/MWh,EUR,,primary
ember:monthly:day_ahead_price,CZ,cost,wholesale,,,2022-08-01,2022-08-31,476.73,EUR/MWh,EUR,,primary
ember:monthly:day_ahead_price,CZ,cost,wholesale,,,2022-09-01,2022-09-30,364.45,EUR/MWh,EUR,,primary
ember:monthly:day_ahead_price,CZ,cost,wholesale,,,2022-10-01,2022-10-31,168.04,EUR/MWh,EUR,,primary
ember:monthly:day_ahead_price,CZ,cost,wholesale,,,2022-11-01,2022-11-30,197.08,EUR/MWh,EUR,,primary
ember:monthly:day_ahead_price,CZ,cost,wholesale,,,2022-12-01,2022-12-31,250.42,EUR/MWh,EUR,,primary
ember:monthly:day_ahead_price,CZ,cost,wholesale,,,2023-01-01,2023-01-31,134.81,EUR/MWh,EUR,,primary
ember:monthly:day_ahead_price,CZ,cost,wholesale,,,2023-02-01,2023-02-28,139.25,EUR/MWh,EUR,,primary
ember:monthly:day_ahead_price,CZ,cost,wholesale,,,2023-03-01,2023-03-31,110.7,EUR/MWh,EUR,,primary
ember:monthly:day_ahead_price,CZ,cost,wholesale,,,2023-04-01,2023-04-30,105.76,EUR/MWh,EUR,,primary
ember:monthly:day_ahead_price,CZ,cost,wholesale,,,2023-05-01,2023-05-31,85.23,EUR/MWh,EUR,,primary
ember:monthly:day_ahead_price,CZ,cost,wholesale,,,2023-06-01,2023-06-30,95.73,EUR/MWh,EUR,,primary
ember:monthly:day_ahead_price,CZ,cost,wholesale,,,2023-07-01,2023-07-31,86.93,EUR/MWh,EUR,,primary
ember:monthly:day_ahead_price,CZ,cost,wholesale,,,2023-08-01,2023-08-31,92.51,EUR/MWh,EUR,,primary
ember:monthly:day_ahead_price,CZ,cost,wholesale,,,2023-09-01,2023-09-30,101.85,EUR/MWh,EUR,,primary
ember:monthly:day_ahead_price,CZ,cost,wholesale,,,2023-10-01,2023-10-31,94.31,EUR/MWh,EUR,,primary
ember:monthly:day_ahead_price,CZ,cost,wholesale,,,2023-11-01,2023-11-30,92.85,EUR/MWh,EUR,,primary
ember:monthly:day_ahead_price,CZ,cost,wholesale,,,2023-12-01,2023-12-31,73.04,EUR/MWh,EUR,,primary
ember:monthly:day_ahead_price,CZ,cost,wholesale,,,2024-01-01,2024-01-31,83.0,EUR/MWh,EUR,,primary
ember:monthly:day_ahead_price,CZ,cost,wholesale,,,2024-02-01,2024-02-29,69.1,EUR/MWh,EUR,,primary
ember:monthly:day_ahead_price,CZ,cost,wholesale,,,2024-03-01,2024-03-31,65.21,EUR/MWh,EUR,,primary
ember:monthly:day_ahead_price,CZ,cost,wholesale,,,2024-04-01,2024-04-30,63.17,EUR/MWh,EUR,,primary
ember:monthly:day_ahead_price,CZ,cost,wholesale,,,2024-05-01,2024-05-31,69.03,EUR/MWh,EUR,,primary
ember:monthly:day_ahead_price,CZ,cost,wholesale,,,2024-06-01,2024-06-30,76.2,EUR/MWh,EUR,,primary
ember:monthly:day_ahead_price,CZ,cost,wholesale,,,2024-07-01,2024-07-31,69.91,EUR/MWh,EUR,,primary
ember:monthly:day_ahead_price,CZ,cost,wholesale,,,2024-08-01,2024-08-31,88.79,EUR/MWh,EUR,,primary
ember:monthly:day_ahead_price,CZ,cost,wholesale,,,2024-09-01,2024-09-30,81.62,EUR/MWh,EUR,,primary
ember:monthly:day_ahead_price,CZ,cost,wholesale,,,2024-10-01,2024-10-31,89.16,EUR/MWh,EUR,,primary
ember:monthly:day_ahead_price,CZ,cost,wholesale,,,2024-11-01,2024-11-30,133.24,EUR/MWh,EUR,,primary
ember:monthly:day_ahead_price,CZ,cost,wholesale,,,2024-12-01,2024-12-31,132.28,EUR/MWh,EUR,,primary
ember:monthly:day_ahead_price,CZ,cost,wholesale,,,2025-01-01,2025-01-31,128.55,EUR/MWh,EUR,,primary
ember:monthly:day_ahead_price,CZ,cost,wholesale,,,2025-02-01,2025-02-28,132.62,EUR/MWh,EUR,,primary
ember:monthly:day_ahead_price,CZ,cost,wholesale,,,2025-03-01,2025-03-31,99.86,EUR/MWh,EUR,,primary
ember:monthly:day_ahead_price,CZ,cost,wholesale,,,2025-04-01,2025-04-30,79.64,EUR/MWh,EUR,,primary
ember:monthly:day_ahead_price,CZ,cost,wholesale,,,2025-05-01,2025-05-31,73.12,EUR/MWh,EUR,,primary
ember:monthly:day_ahead_price,CZ,cost,wholesale,,,2025-06-01,2025-06-30,77.1,EUR/MWh,EUR,,primary
ember:monthly:day_ahead_price,CZ,cost,wholesale,,,2025-07-01,2025-07-31,91.88,EUR/MWh,EUR,,primary
ember:monthly:day_ahead_price,CZ,cost,wholesale,,,2025-08-01,2025-08-31,77.0,EUR/MWh,EUR,,primary
ember:monthly:day_ahead_price,CZ,cost,wholesale,,,2025-09-01,2025-09-30,88.89,EUR/MWh,EUR,,primary
ember:monthly:day_ahead_price,CZ,cost,wholesale,,,2025-10-01,2025-10-31,95.65,EUR/MWh,EUR,,primary
ember:monthly:day_ahead_price,CZ,cost,wholesale,,,2025-11-01,2025-11-30,111.53,EUR/MWh,EUR,,primary
ember:monthly:day_ahead_price,CZ,cost,wholesale,,,2025-12-01,2025-12-31,107.04,EUR/MWh,EUR,,primary
ember:monthly:day_ahead_price,CZ,cost,wholesale,,,2026-01-01,2026-01-31,130.49,EUR/MWh,EUR,,primary
ember:monthly:day_ahead_price,CZ,cost,wholesale,,,2026-02-01,2026-02-28,107.33,EUR/MWh,EUR,,primary
ember:monthly:day_ahead_price,CZ,cost,wholesale,,,2026-03-01,2026-03-31,110.06,EUR/MWh,EUR,,primary
ember:monthly:day_ahead_price,CZ,cost,wholesale,,,2026-04-01,2026-04-30,81.64,EUR/MWh,EUR,,primary
ember:monthly:day_ahead_price,CZ,cost,wholesale,,,2026-05-01,2026-05-31,97.82,EUR/MWh,EUR,,primary
ember:monthly:day_ahead_price,CZ,cost,wholesale,,,2026-06-01,2026-06-30,108.23,EUR/MWh,EUR,,primary
ember:monthly:day_ahead_price,CZ,cost,wholesale,,,2026-07-01,2026-07-31,110.93,EUR/MWh,EUR,,primary
ember:monthly:day_ahead_price,CZ,cost,wholesale,,,2026-08-01,2026-08-31,139.38,EUR/MWh,EUR,,primary
ember:monthly:day_ahead_price,CZ,cost,wholesale,,,2026-09-01,2026-09-30,150.01,EUR/MWh,EUR,,primary
ember:monthly:day_ahead_price,CZ,cost,wholesale,,,2026-10-01,2026-10-31,167.49,EUR/MWh,EUR,,primary
ember:monthly:day_ahead_price,DE,cost,wholesale,,,2015-01-01,2015-01-31,29.94,EUR/MWh,EUR,,primary
ember:monthly:day_ahead_price,DE,cost,wholesale,,,2015-02-01,2015-02-28,36.69,EUR/MWh,EUR,,primary
ember:monthly:day_ahead_price,DE,cost,wholesale,,,2015-03-01,2015-03-31,31.3,EUR/MWh,EUR,,primary
ember:monthly:day_ahead_price,DE,cost,wholesale,,,2015-04-01,2015-04-30,29.78,EUR/MWh,EUR,,primary
ember:monthly:day_ahead_price,DE,cost,wholesale,,,2015-05-01,2015-05-31,25.33,EUR/MWh,EUR,,primary
ember:monthly:day_ahead_price,DE,cost,wholesale,,,2015-06-01,2015-06-30,30.11,EUR/MWh,EUR,,primary
ember:monthly:day_ahead_price,DE,cost,wholesale,,,2015-07-01,2015-07-31,34.98,EUR/MWh,EUR,,primary
ember:monthly:day_ahead_price,DE,cost,wholesale,,,2015-08-01,2015-08-31,31.61,EUR/MWh,EUR,,primary
ember:monthly:day_ahead_price,DE,cost,wholesale,,,2015-09-01,2015-09-30,31.89,EUR/MWh,EUR,,primary
ember:monthly:day_ahead_price,DE,cost,wholesale,,,2015-10-01,2015-10-31,39.37,EUR/MWh,EUR,,primary
ember:monthly:day_ahead_price,DE,cost,wholesale,,,2015-11-01,2015-11-30,32.38,EUR/MWh,EUR,,primary
ember:monthly:day_ahead_price,DE,cost,wholesale,,,2015-12-01,2015-12-31,27.79,EUR/MWh,EUR,,primary
ember:monthly:day_ahead_price,DE,cost,wholesale,,,2016-01-01,2016-01-31,29.03,EUR/MWh,EUR,,primary
ember:monthly:day_ahead_price,DE,cost,wholesale,,,2016-02-01,2016-02-29,22.0,EUR/MWh,EUR,,primary
ember:monthly:day_ahead_price,DE,cost,wholesale,,,2016-03-01,2016-03-31,24.3,EUR/MWh,EUR,,primary
ember:monthly:day_ahead_price,DE,cost,wholesale,,,2016-04-01,2016-04-30,24.21,EUR/MWh,EUR,,primary
ember:monthly:day_ahead_price,DE,cost,wholesale,,,2016-05-01,2016-05-31,22.55,EUR/MWh,EUR,,primary
ember:monthly:day_ahead_price,DE,cost,wholesale,,,2016-06-01,2016-06-30,27.7,EUR/MWh,EUR,,primary
ember:monthly:day_ahead_price,DE,cost,wholesale,,,2016-07-01,2016-07-31,27.18,EUR/MWh,EUR,,primary
ember:monthly:day_ahead_price,DE,cost,wholesale,,,2016-08-01,2016-08-31,27.18,EUR/MWh,EUR,,primary
ember:monthly:day_ahead_price,DE,cost,wholesale,,,2016-09-01,2016-09-30,30.51,EUR/MWh,EUR,,primary
ember:monthly:day_ahead_price,DE,cost,wholesale,,,2016-10-01,2016-10-31,37.14,EUR/MWh,EUR,,primary
ember:monthly:day_ahead_price,DE,cost,wholesale,,,2016-11-01,2016-11-30,38.21,EUR/MWh,EUR,,primary
ember:monthly:day_ahead_price,DE,cost,wholesale,,,2016-12-01,2016-12-31,37.47,EUR/MWh,EUR,,primary
ember:monthly:day_ahead_price,DE,cost,wholesale,,,2017-01-01,2017-01-31,52.41,EUR/MWh,EUR,,primary
ember:monthly:day_ahead_price,DE,cost,wholesale,,,2017-02-01,2017-02-28,39.68,EUR/MWh,EUR,,primary
ember:monthly:day_ahead_price,DE,cost,wholesale,,,2017-03-01,2017-03-31,31.69,EUR/MWh,EUR,,primary
ember:monthly:day_ahead_price,DE,cost,wholesale,,,2017-04-01,2017-04-30,28.72,EUR/MWh,EUR,,primary
ember:monthly:day_ahead_price,DE,cost,wholesale,,,2017-05-01,2017-05-31,30.61,EUR/MWh,EUR,,primary
ember:monthly:day_ahead_price,DE,cost,wholesale,,,2017-06-01,2017-06-30,30.0,EUR/MWh,EUR,,primary
ember:monthly:day_ahead_price,DE,cost,wholesale,,,2017-07-01,2017-07-31,33.01,EUR/MWh,EUR,,primary
ember:monthly:day_ahead_price,DE,cost,wholesale,,,2017-08-01,2017-08-31,30.86,EUR/MWh,EUR,,primary
ember:monthly:day_ahead_price,DE,cost,wholesale,,,2017-09-01,2017-09-30,34.3,EUR/MWh,EUR,,primary
ember:monthly:day_ahead_price,DE,cost,wholesale,,,2017-10-01,2017-10-31,28.29,EUR/MWh,EUR,,primary
ember:monthly:day_ahead_price,DE,cost,wholesale,,,2017-11-01,2017-11-30,40.38,EUR/MWh,EUR,,primary
ember:monthly:day_ahead_price,DE,cost,wholesale,,,2017-12-01,2017-12-31,35.71,EUR/MWh,EUR,,primary
ember:monthly:day_ahead_price,DE,cost,wholesale,,,2018-01-01,2018-01-31,29.5,EUR/MWh,EUR,,primary
ember:monthly:day_ahead_price,DE,cost,wholesale,,,2018-02-01,2018-02-28,40.12,EUR/MWh,EUR,,primary
ember:monthly:day_ahead_price,DE,cost,wholesale,,,2018-03-01,2018-03-31,37.36,EUR/MWh,EUR,,primary
ember:monthly:day_ahead_price,DE,cost,wholesale,,,2018-04-01,2018-04-30,36.33,EUR/MWh,EUR,,primary
ember:monthly:day_ahead_price,DE,cost,wholesale,,,2018-05-01,2018-05-31,37.18,EUR/MWh,EUR,,primary
ember:monthly:day_ahead_price,DE,cost,wholesale,,,2018-06-01,2018-06-30,41.55,EUR/MWh,EUR,,primary
ember:monthly:day_ahead_price,DE,cost,wholesale,,,2018-07-01,2018-07-31,45.14,EUR/MWh,EUR,,primary
ember:monthly:day_ahead_price,DE,cost,wholesale,,,2018-08-01,2018-08-31,48.46,EUR/MWh,EUR,,primary
ember:monthly:day_ahead_price,DE,cost,wholesale,,,2018-09-01,2018-09-30,47.76,EUR/MWh,EUR,,primary
ember:monthly:day_ahead_price,DE,cost,wholesale,,,2018-10-01,2018-10-31,53.22,EUR/MWh,EUR,,primary
ember:monthly:day_ahead_price,DE,cost,wholesale,,,2018-11-01,2018-11-30,56.86,EUR/MWh,EUR,,primary
ember:monthly:day_ahead_price,DE,cost,wholesale,,,2018-12-01,2018-12-31,48.08,EUR/MWh,EUR,,primary
ember:monthly:day_ahead_price,DE,cost,wholesale,,,2019-01-01,2019-01-31,49.95,EUR/MWh,EUR,,primary
ember:monthly:day_ahead_price,DE,cost,wholesale,,,2019-02-01,2019-02-28,43.01,EUR/MWh,EUR,,primary
ember:monthly:day_ahead_price,DE,cost,wholesale,,,2019-03-01,2019-03-31,30.7,EUR/MWh,EUR,,primary
ember:monthly:day_ahead_price,DE,cost,wholesale,,,2019-04-01,2019-04-30,37.54,EUR/MWh,EUR,,primary
ember:monthly:day_ahead_price,DE,cost,wholesale,,,2019-05-01,2019-05-31,38.09,EUR/MWh,EUR,,primary
ember:monthly:day_ahead_price,DE,cost,wholesale,,,2019-06-01,2019-06-30,32.87,EUR/MWh,EUR,,primary
ember:monthly:day_ahead_price,DE,cost,wholesale,,,2019-07-01,2019-07-31,39.49,EUR/MWh,EUR,,primary
ember:monthly:day_ahead_price,DE,cost,wholesale,,,2019-08-01,2019-08-31,36.65,EUR/MWh,EUR,,primary
ember:monthly:day_ahead_price,DE,cost,wholesale,,,2019-09-01,2019-09-30,35.36,EUR/MWh,EUR,,primary
ember:monthly:day_ahead_price,DE,cost,wholesale,,,2019-10-01,2019-10-31,37.22,EUR/MWh,EUR,,primary
ember:monthly:day_ahead_price,DE,cost,wholesale,,,2019-11-01,2019-11-30,40.96,EUR/MWh,EUR,,primary
ember:monthly:day_ahead_price,DE,cost,wholesale,,,2019-12-01,2019-12-31,31.93,EUR/MWh,EUR,,primary
ember:monthly:day_ahead_price,DE,cost,wholesale,,,2020-01-01,2020-01-31,34.61,EUR/MWh,EUR,,primary
ember:monthly:day_ahead_price,DE,cost,wholesale,,,2020-02-01,2020-02-29,21.69,EUR/MWh,EUR,,primary
ember:monthly:day_ahead_price,DE,cost,wholesale,,,2020-03-01,2020-03-31,22.47,EUR/MWh,EUR,,primary
ember:monthly:day_ahead_price,DE,cost,wholesale,,,2020-04-01,2020-04-30,17.51,EUR/MWh,EUR,,primary
ember:monthly:day_ahead_price,DE,cost,wholesale,,,2020-05-01,2020-05-31,17.75,EUR/MWh,EUR,,primary
ember:monthly:day_ahead_price,DE,cost,wholesale,,,2020-06-01,2020-06-30,26.0,EUR/MWh,EUR,,primary
ember:monthly:day_ahead_price,DE,cost,wholesale,,,2020-07-01,2020-07-31,30.37,EUR/MWh,EUR,,primary
ember:monthly:day_ahead_price,DE,cost,wholesale,,,2020-08-01,2020-08-31,34.4,EUR/MWh,EUR,,primary
ember:monthly:day_ahead_price,DE,cost,wholesale,,,2020-09-01,2020-09-30,43.65,EUR/MWh,EUR,,primary
ember:monthly:day_ahead_price,DE,cost,wholesale,,,2020-10-01,2020-10-31,34.05,EUR/MWh,EUR,,primary
ember:monthly:day_ahead_price,DE,cost,wholesale,,,2020-11-01,2020-11-30,38.22,EUR/MWh,EUR,,primary
ember:monthly:day_ahead_price,DE,cost,wholesale,,,2020-12-01,2020-12-31,43.75,EUR/MWh,EUR,,primary
ember:monthly:day_ahead_price,DE,cost,wholesale,,,2021-01-01,2021-01-31,53.31,EUR/MWh,EUR,,primary
ember:monthly:day_ahead_price,DE,cost,wholesale,,,2021-02-01,2021-02-28,48.98,EUR/MWh,EUR,,primary
ember:monthly:day_ahead_price,DE,cost,wholesale,,,2021-03-01,2021-03-31,46.68,EUR/MWh,EUR,,primary
ember:monthly:day_ahead_price,DE,cost,wholesale,,,2021-04-01,2021-04-30,54.73,EUR/MWh,EUR,,primary
ember:monthly:day_ahead_price,DE,cost,wholesale,,,2021-05-01,2021-05-31,53.49,EUR/MWh,EUR,,primary
ember:monthly:day_ahead_price,DE,cost,wholesale,,,2021-06-01,2021-06-30,73.87,EUR/MWh,EUR,,primary
ember:monthly:day_ahead_price,DE,cost,wholesale,,,2021-07-01,2021-07-31,81.5,EUR/MWh,EUR,,primary
ember:monthly:day_ahead_price,DE,cost,wholesale,,,2021-08-01,2021-08-31,82.18,EUR/MWh,EUR,,primary
ember:monthly:day_ahead_price,DE,cost,wholesale,,,2021-09-01,2021-09-30,128.98,EUR/MWh,EUR,,primary
ember:monthly:day_ahead_price,DE,cost,wholesale,,,2021-10-01,2021-10-31,142.22,EUR/MWh,EUR,,primary
ember:monthly:day_ahead_price,DE,cost,wholesale,,,2021-11-01,2021-11-30,176.28,EUR/MWh,EUR,,primary
ember:monthly:day_ahead_price,DE,cost,wholesale,,,2021-12-01,2021-12-31,225.08,EUR/MWh,EUR,,primary
ember:monthly:day_ahead_price,DE,cost,wholesale,,,2022-01-01,2022-01-31,167.81,EUR/MWh,EUR,,primary
ember:monthly:day_ahead_price,DE,cost,wholesale,,,2022-02-01,2022-02-28,129.86,EUR/MWh,EUR,,primary
ember:monthly:day_ahead_price,DE,cost,wholesale,,,2022-03-01,2022-03-31,252.07,EUR/MWh,EUR,,primary
ember:monthly:day_ahead_price,DE,cost,wholesale,,,2022-04-01,2022-04-30,168.78,EUR/MWh,EUR,,primary
ember:monthly:day_ahead_price,DE,cost,wholesale,,,2022-05-01,2022-05-31,177.04,EUR/MWh,EUR,,primary
ember:monthly:day_ahead_price,DE,cost,wholesale,,,2022-06-01,2022-06-30,218.17,EUR/MWh,EUR,,primary
ember:monthly:day_ahead_price,DE,cost,wholesale,,,2022-07-01,2022-07-31,317.03,EUR/MWh,EUR,,primary
ember:monthly:day_ahead_price,DE,cost,wholesale,,,2022-08-01,2022-08-31,463.59,EUR/MWh,EUR,,primary
ember:monthly:day_ahead_price,DE,cost,wholesale,,,2022-09-01,2022-09-30,352.81,EUR/MWh,EUR,,primary
ember:monthly:day_ahead_price,DE,cost,wholesale,,,2022-10-01,2022-10-31,155.3,EUR/MWh,EUR,,primary
ember:monthly:day_ahead_price,DE,cost,wholesale,,,2022-11-01,2022-11-30,173.2,EUR/MWh,EUR,,primary
ember:monthly:day_ahead_price,DE,cost,wholesale,,,2022-12-01,2022-12-31,250.71,EUR/MWh,EUR,,primary
ember:monthly:day_ahead_price,DE,cost,wholesale,,,2023-01-01,2023-01-31,117.22,EUR/MWh,EUR,,primary
ember:monthly:day_ahead_price,DE,cost,wholesale,,,2023-02-01,2023-02-28,127.81,EUR/MWh,EUR,,primary
ember:monthly:day_ahead_price,DE,cost,wholesale,,,2023-03-01,2023-03-31,101.23,EUR/MWh,EUR,,primary
ember:monthly:day_ahead_price,DE,cost,wholesale,,,2023-04-01,2023-04-30,102.14,EUR/MWh,EUR,,primary
ember:monthly:day_ahead_price,DE,cost,wholesale,,,2023-05-01,2023-05-31,82.03,EUR/MWh,EUR,,primary
ember:monthly:day_ahead_price,DE,cost,wholesale,,,2023-06-01,2023-06-30,93.9,EUR/MWh,EUR,,primary
ember:monthly:day_ahead_price,DE,cost,wholesale,,,2023-07-01,2023-07-31,78.12,EUR/MWh,EUR,,primary
ember:monthly:day_ahead_price,DE,cost,wholesale,,,2023-08-01,2023-08-31,94.35,EUR/MWh,EUR,,primary
ember:monthly:day_ahead_price,DE,cost,wholesale,,,2023-09-01,2023-09-30,100.81,EUR/MWh,EUR,,primary
ember:monthly:day_ahead_price,DE,cost,wholesale,,,2023-10-01,2023-10-31,87.1,EUR/MWh,EUR,,primary
ember:monthly:day_ahead_price,DE,cost,wholesale,,,2023-11-01,2023-11-30,90.9,EUR/MWh,EUR,,primary
ember:monthly:day_ahead_price,DE,cost,wholesale,,,2023-12-01,2023-12-31,69.08,EUR/MWh,EUR,,primary
ember:monthly:day_ahead_price,DE,cost,wholesale,,,2024-01-01,2024-01-31,76.23,EUR/MWh,EUR,,primary
ember:monthly:day_ahead_price,DE,cost,wholesale,,,2024-02-01,2024-02-29,61.23,EUR/MWh,EUR,,primary
ember:monthly:day_ahead_price,DE,cost,wholesale,,,2024-03-01,2024-03-31,63.18,EUR/MWh,EUR,,primary
ember:monthly:day_ahead_price,DE,cost,wholesale,,,2024-04-01,2024-04-30,61.96,EUR/MWh,EUR,,primary
ember:monthly:day_ahead_price,DE,cost,wholesale,,,2024-05-01,2024-05-31,67.53,EUR/MWh,EUR,,primary
ember:monthly:day_ahead_price,DE,cost,wholesale,,,2024-06-01,2024-06-30,72.88,EUR/MWh,EUR,,primary
ember:monthly:day_ahead_price,DE,cost,wholesale,,,2024-07-01,2024-07-31,68.4,EUR/MWh,EUR,,primary
ember:monthly:day_ahead_price,DE,cost,wholesale,,,2024-08-01,2024-08-31,81.76,EUR/MWh,EUR,,primary
ember:monthly:day_ahead_price,DE,cost,wholesale,,,2024-09-01,2024-09-30,78.55,EUR/MWh,EUR,,primary
ember:monthly:day_ahead_price,DE,cost,wholesale,,,2024-10-01,2024-10-31,83.98,EUR/MWh,EUR,,primary
ember:monthly:day_ahead_price,DE,cost,wholesale,,,2024-11-01,2024-11-30,111.61,EUR/MWh,EUR,,primary
ember:monthly:day_ahead_price,DE,cost,wholesale,,,2024-12-01,2024-12-31,105.65,EUR/MWh,EUR,,primary
ember:monthly:day_ahead_price,DE,cost,wholesale,,,2025-01-01,2025-01-31,114.19,EUR/MWh,EUR,,primary
ember:monthly:day_ahead_price,DE,cost,wholesale,,,2025-02-01,2025-02-28,129.35,EUR/MWh,EUR,,primary
ember:monthly:day_ahead_price,DE,cost,wholesale,,,2025-03-01,2025-03-31,94.06,EUR/MWh,EUR,,primary
ember:monthly:day_ahead_price,DE,cost,wholesale,,,2025-04-01,2025-04-30,77.4,EUR/MWh,EUR,,primary
ember:monthly:day_ahead_price,DE,cost,wholesale,,,2025-05-01,2025-05-31,66.74,EUR/MWh,EUR,,primary
ember:monthly:day_ahead_price,DE,cost,wholesale,,,2025-06-01,2025-06-30,64.14,EUR/MWh,EUR,,primary
ember:monthly:day_ahead_price,DE,cost,wholesale,,,2025-07-01,2025-07-31,87.55,EUR/MWh,EUR,,primary
ember:monthly:day_ahead_price,DE,cost,wholesale,,,2025-08-01,2025-08-31,77.8,EUR/MWh,EUR,,primary
ember:monthly:day_ahead_price,DE,cost,wholesale,,,2025-09-01,2025-09-30,84.28,EUR/MWh,EUR,,primary
ember:monthly:day_ahead_price,DE,cost,wholesale,,,2025-10-01,2025-10-31,84.49,EUR/MWh,EUR,,primary
ember:monthly:day_ahead_price,DE,cost,wholesale,,,2025-11-01,2025-11-30,102.99,EUR/MWh,EUR,,primary
ember:monthly:day_ahead_price,DE,cost,wholesale,,,2025-12-01,2025-12-31,93.67,EUR/MWh,EUR,,primary
ember:monthly:day_ahead_price,DE,cost,wholesale,,,2026-01-01,2026-01-31,109.73,EUR/MWh,EUR,,primary
ember:monthly:day_ahead_price,DE,cost,wholesale,,,2026-02-01,2026-02-28,96.69,EUR/MWh,EUR,,primary
ember:monthly:day_ahead_price,DE,cost,wholesale,,,2026-03-01,2026-03-31,99.44,EUR/MWh,EUR,,primary
ember:monthly:day_ahead_price,DE,cost,wholesale,,,2026-04-01,2026-04-30,80.53,EUR/MWh,EUR,,primary
ember:monthly:day_ahead_price,DE,cost,wholesale,,,2026-05-01,2026-05-31,95.56,EUR/MWh,EUR,,primary
ember:monthly:day_ahead_price,DE,cost,wholesale,,,2026-06-01,2026-06-30,111.13,EUR/MWh,EUR,,primary
ember:monthly:day_ahead_price,DE,cost,wholesale,,,2026-07-01,2026-07-31,106.79,EUR/MWh,EUR,,primary
ember:monthly:day_ahead_price,DE,cost,wholesale,,,2026-08-01,2026-08-31,126.14,EUR/MWh,EUR,,primary
ember:monthly:day_ahead_price,DE,cost,wholesale,,,2026-09-01,2026-09-30,145.4,EUR/MWh,EUR,,primary
ember:monthly:day_ahead_price,DE,cost,wholesale,,,2026-10-01,2026-10-31,198.49,EUR/MWh,EUR,,primary
ember:monthly:day_ahead_price,DK,cost,wholesale,,,2015-01-01,2015-01-31,27.12,EUR/MWh,EUR,,primary
ember:monthly:day_ahead_price,DK,cost,wholesale,,,2015-02-01,2015-02-28,29.93,EUR/MWh,EUR,,primary
ember:monthly:day_ahead_price,DK,cost,wholesale,,,2015-03-01,2015-03-31,26.88,EUR/MWh,EUR,,primary
ember:monthly:day_ahead_price,DK,cost,wholesale,,,2015-04-01,2015-04-30,25.91,EUR/MWh,EUR,,primary
ember:monthly:day_ahead_price,DK,cost,wholesale,,,2015-05-01,2015-05-31,22.56,EUR/MWh,EUR,,primary
ember:monthly:day_ahead_price,DK,cost,wholesale,,,2015-06-01,2015-06-30,20.07,EUR/MWh,EUR,,primary
ember:monthly:day_ahead_price,DK,cost,wholesale,,,2015-07-01,2015-07-31,13.69,EUR/MWh,EUR,,primary
ember:monthly:day_ahead_price,DK,cost,wholesale,,,2015-08-01,2015-08-31,22.74,EUR/MWh,EUR,,primary
ember:monthly:day_ahead_price,DK,cost,wholesale,,,2015-09-01,2015-09-30,22.82,EUR/MWh,EUR,,primary
ember:monthly:day_ahead_price,DK,cost,wholesale,,,2015-10-01,2015-10-31,26.49,EUR/MWh,EUR,,primary
ember:monthly:day_ahead_price,DK,cost,wholesale,,,2015-11-01,2015-11-30,25.52,EUR/MWh,EUR,,primary
ember:monthly:day_ahead_price,DK,cost,wholesale,,,2015-12-01,2015-12-31,19.21,EUR/MWh,EUR,,primary
ember:monthly:day_ahead_price,DK,cost,wholesale,,,2016-01-01,2016-01-31,27.39,EUR/MWh,EUR,,primary
ember:monthly:day_ahead_price,DK,cost,wholesale,,,2016-02-01,2016-02-29,18.79,EUR/MWh,EUR,,primary
ember:monthly:day_ahead_price,DK,cost,wholesale,,,2016-03-01,2016-03-31,21.39,EUR/MWh,EUR,,primary
ember:monthly:day_ahead_price,DK,cost,wholesale,,,2016-04-01,2016-04-30,22.07,EUR/MWh,EUR,,primary
ember:monthly:day_ahead_price,DK,cost,wholesale,,,2016-05-01,2016-05-31,23.81,EUR/MWh,EUR,,primary
ember:monthly:day_ahead_price,DK,cost,wholesale,,,2016-06-01,2016-06-30,30.57,EUR/MWh,EUR,,primary
ember:monthly:day_ahead_price,DK,cost,wholesale,,,2016-07-01,2016-07-31,27.7,EUR/MWh,EUR,,primary
ember:monthly:day_ahead_price,DK,cost,wholesale,,,2016-08-01,2016-08-31,28.63,EUR/MWh,EUR,,primary
ember:monthly:day_ahead_price,DK,cost,wholesale,,,2016-09-01,2016-09-30,29.75,EUR/MWh,EUR,,primary
ember:monthly:day_ahead_price,DK,cost,wholesale,,,2016-10-01,2016-10-31,34.65,EUR/MWh,EUR,,primary
ember:monthly:day_ahead_price,DK,cost,wholesale,,,2016-11-01,2016-11-30,38.65,EUR/MWh,EUR,,primary
ember:monthly:day_ahead_price,DK,cost,wholesale,,,2016-12-01,2016-12-31,29.69,EUR/MWh,EUR,,primary
ember:monthly:day_ahead_price,DK,cost,wholesale,,,2017-01-01,2017-01-31,32.07,EUR/MWh,EUR,,primary
ember:monthly:day_ahead_price,DK,cost,wholesale,,,2017-02-01,2017-02-28,30.98,EUR/MWh,EUR,,primary
ember:monthly:day_ahead_price,DK,cost,wholesale,,,2017-03-01,2017-03-31,29.45,EUR/MWh,EUR,,primary
ember:monthly:day_ahead_price,DK,cost,wholesale,,,2017-04-01,2017-04-30,27.97,EUR/MWh,EUR,,primary
ember:monthly:day_ahead_price,DK,cost,wholesale,,,2017-05-01,2017-05-31,29.38,EUR/MWh,EUR,,primary
ember:monthly:day_ahead_price,DK,cost,wholesale,,,2017-06-01,2017-06-30,28.49,EUR/MWh,EUR,,primary
ember:monthly:day_ahead_price,DK,cost,wholesale,,,2017-07-01,2017-07-31,31.72,EUR/MWh,EUR,,primary
ember:monthly:day_ahead_price,DK,cost,wholesale,,,2017-08-01,2017-08-31,33.37,EUR/MWh,EUR,,primary
ember:monthly:day_ahead_price,DK,cost,wholesale,,,2017-09-01,2017-09-30,35.5,EUR/MWh,EUR,,primary
ember:monthly:day_ahead_price,DK,cost,wholesale,,,2017-10-01,2017-10-31,29.23,EUR/MWh,EUR,,primary
ember:monthly:day_ahead_price,DK,cost,wholesale,,,2017-11-01,2017-11-30,33.69,EUR/MWh,EUR,,primary
ember:monthly:day_ahead_price,DK,cost,wholesale,,,2017-12-01,2017-12-31,28.33,EUR/MWh,EUR,,primary
ember:monthly:day_ahead_price,DK,cost,wholesale,,,2018-01-01,2018-01-31,31.09,EUR/MWh,EUR,,primary
ember:monthly:day_ahead_price,DK,cost,wholesale,,,2018-02-01,2018-02-28,38.77,EUR/MWh,EUR,,primary
ember:monthly:day_ahead_price,DK,cost,wholesale,,,2018-03-01,2018-03-31,39.96,EUR/MWh,EUR,,primary
ember:monthly:day_ahead_price,DK,cost,wholesale,,,2018-04-01,2018-04-30,35.95,EUR/MWh,EUR,,primary
ember:monthly:day_ahead_price,DK,cost,wholesale,,,2018-05-01,2018-05-31,36.14,EUR/MWh,EUR,,primary
ember:monthly:day_ahead_price,DK,cost,wholesale,,,2018-06-01,2018-06-30,46.33,EUR/MWh,EUR,,primary
ember:monthly:day_ahead_price,DK,cost,wholesale,,,2018-07-01,2018-07-31,52.63,EUR/MWh,EUR,,primary
ember:monthly:day_ahead_price,DK,cost,wholesale,,,2018-08-01,2018-08-31,56.16,EUR/MWh,EUR,,primary
ember:monthly:day_ahead_price,DK,cost,wholesale,,,2018-09-01,2018-09-30,50.6,EUR/MWh,EUR,,primary
ember:monthly:day_ahead_price,DK,cost,wholesale,,,2018-10-01,2018-10-31,48.79,EUR/MWh,EUR,,primary
ember:monthly:day_ahead_price,DK,cost,wholesale,,,2018-11-01,2018-11-30,54.3,EUR/MWh,EUR,,primary
ember:monthly:day_ahead_price,DK,cost,wholesale,,,2018-12-01,2018-12-31,47.66,EUR/MWh,EUR,,primary
ember:monthly:day_ahead_price,DK,cost,wholesale,,,2019-01-01,2019-01-31,50.88,EUR/MWh,EUR,,primary
ember:monthly:day_ahead_price,DK,cost,wholesale,,,2019-02-01,2019-02-28,43.25,EUR/MWh,EUR,,primary
ember:monthly:day_ahead_price,DK,cost,wholesale,,,2019-03-01,2019-03-31,34.39,EUR/MWh,EUR,,primary
ember:monthly:day_ahead_price,DK,cost,wholesale,,,2019-04-01,2019-04-30,39.41,EUR/MWh,EUR,,primary
ember:monthly:day_ahead_price,DK,cost,wholesale,,,2019-05-01,2019-05-31,37.7,EUR/MWh,EUR,,primary
ember:monthly:day_ahead_price,DK,cost,wholesale,,,2019-06-01,2019-06-30,33.15,EUR/MWh,EUR,,primary
ember:monthly:day_ahead_price,DK,cost,wholesale,,,2019-07-01,2019-07-31,38.92,EUR/MWh,EUR,,primary
ember:monthly:day_ahead_price,DK,cost,wholesale,,,2019-08-01,2019-08-31,38.49,EUR/MWh,EUR,,primary
ember:monthly:day_ahead_price,DK,cost,wholesale,,,2019-09-01,2019-09-30,36.15,EUR/MWh,EUR,,primary
ember:monthly:day_ahead_price,DK,cost,wholesale,,,2019-10-01,2019-10-31,39.53,EUR/MWh,EUR,,primary
ember:monthly:day_ahead_price,DK,cost,wholesale,,,2019-11-01,2019-11-30,42.11,EUR/MWh,EUR,,primary
ember:monthly:day_ahead_price,DK,cost,wholesale,,,2019-12-01,2019-12-31,34.55,EUR/MWh,EUR,,primary
ember:monthly:day_ahead_price,DK,cost,wholesale,,,2020-01-01,2020-01-31,25.88,EUR/MWh,EUR,,primary
ember:monthly:day_ahead_price,DK,cost,wholesale,,,2020-02-01,2020-02-29,18.07,EUR/MWh,EUR,,primary
ember:monthly:day_ahead_price,DK,cost,wholesale,,,2020-03-01,2020-03-31,18.91,EUR/MWh,EUR,,primary
ember:monthly:day_ahead_price,DK,cost,wholesale,,,2020-04-01,2020-04-30,15.62,EUR/MWh,EUR,,primary
ember:monthly:day_ahead_price,DK,cost,wholesale,,,2020-05-01,2020-05-31,17.18,EUR/MWh,EUR,,primary
ember:monthly:day_ahead_price,DK,cost,wholesale,,,2020-06-01,2020-06-30,27.55,EUR/MWh,EUR,,primary
ember:monthly:day_ahead_price,DK,cost,wholesale,,,2020-07-01,2020-07-31,25.17,EUR/MWh,EUR,,primary
ember:monthly:day_ahead_price,DK,cost,wholesale,,,2020-08-01,2020-08-31,36.91,EUR/MWh,EUR,,primary
ember:monthly:day_ahead_price,DK,cost,wholesale,,,2020-09-01,2020-09-30,38.84,EUR/MWh,EUR,,primary
ember:monthly:day_ahead_price,DK,cost,wholesale,,,2020-10-01,2020-10-31,26.16,EUR/MWh,EUR,,primary
ember:monthly:day_ahead_price,DK,cost,wholesale,,,2020-11-01,2020-11-30,28.26,EUR/MWh,EUR,,primary
ember:monthly:day_ahead_price,DK,cost,wholesale,,,2020-12-01,2020-12-31,36.4,EUR/MWh,EUR,,primary
ember:monthly:day_ahead_price,DK,cost,wholesale,,,2021-01-01,2021-01-31,50.44,EUR/MWh,EUR,,primary
ember:monthly:day_ahead_price,DK,cost,wholesale,,,2021-02-01,2021-02-28,50.05,EUR/MWh,EUR,,primary
ember:monthly:day_ahead_price,DK,cost,wholesale,,,2021-03-01,2021-03-31,45.73,EUR/MWh,EUR,,primary
ember:monthly:day_ahead_price,DK,cost,wholesale,,,2021-04-01,2021-04-30,47.99,EUR/MWh,EUR,,primary
ember:monthly:day_ahead_price,DK,cost,wholesale,,,2021-05-01,2021-05-31,54.62,EUR/MWh,EUR,,primary
ember:monthly:day_ahead_price,DK,cost,wholesale,,,2021-06-01,2021-06-30,73.73,EUR/MWh,EUR,,primary
ember:monthly:day_ahead_price,DK,cost,wholesale,,,2021-07-01,2021-07-31,80.46,EUR/MWh,EUR,,primary
ember:monthly:day_ahead_price,DK,cost,wholesale,,,2021-08-01,2021-08-31,83.49,EUR/MWh,EUR,,primary
ember:monthly:day_ahead_price,DK,cost,wholesale,,,2021-09-01,2021-09-30,124.75,EUR/MWh,EUR,,primary
ember:monthly:day_ahead_price,DK,cost,wholesale,,,2021-10-01,2021-10-31,112.94,EUR/MWh,EUR,,primary
ember:monthly:day_ahead_price,DK,cost,wholesale,,,2021-11-01,2021-11-30,139.96,EUR/MWh,EUR,,primary
ember:monthly:day_ahead_price,DK,cost,wholesale,,,2021-12-01,2021-12-31,189.95,EUR/MWh,EUR,,primary
ember:monthly:day_ahead_price,DK,cost,wholesale,,,2022-01-01,2022-01-31,115.64,EUR/MWh,EUR,,primary
ember:monthly:day_ahead_price,DK,cost,wholesale,,,2022-02-01,2022-02-28,108.2,EUR/MWh,EUR,,primary
ember:monthly:day_ahead_price,DK,cost,wholesale,,,2022-03-01,2022-03-31,232.73,EUR/MWh,EUR,,primary
ember:monthly:day_ahead_price,DK,cost,wholesale,,,2022-04-01,2022-04-30,159.66,EUR/MWh,EUR,,primary
ember:monthly:day_ahead_price,DK,cost,wholesale,,,2022-05-01,2022-05-31,168.51,EUR/MWh,EUR,,primary
ember:monthly:day_ahead_price,DK,cost,wholesale,,,2022-06-01,2022-06-30,214.16,EUR/MWh,EUR,,primary
ember:monthly:day_ahead_price,DK,cost,wholesale,,,2022-07-01,2022-07-31,259.54,EUR/MWh,EUR,,primary
ember:monthly:day_ahead_price,DK,cost,wholesale,,,2022-08-01,2022-08-31,454.43,EUR/MWh,EUR,,primary
ember:monthly:day_ahead_price,DK,cost,wholesale,,,2022-09-01,2022-09-30,336.73,EUR/MWh,EUR,,primary
ember:monthly:day_ahead_price,DK,cost,wholesale,,,2022-10-01,2022-10-31,137.08,EUR/MWh,EUR,,primary
ember:monthly:day_ahead_price,DK,cost,wholesale,,,2022-11-01,2022-11-30,141.9,EUR/MWh,EUR,,primary
ember:monthly:day_ahead_price,DK,cost,wholesale,,,2022-12-01,2022-12-31,248.97,EUR/MWh,EUR,,primary
ember:monthly:day_ahead_price,DK,cost,wholesale,,,2023-01-01,2023-01-31,107.56,EUR/MWh,EUR,,primary
ember:monthly:day_ahead_price,DK,cost,wholesale,,,2023-02-01,2023-02-28,111.37,EUR/MWh,EUR,,primary
ember:monthly:day_ahead_price,DK,cost,wholesale,,,2023-03-01,2023-03-31,95.27,EUR/MWh,EUR,,primary
ember:monthly:day_ahead_price,DK,cost,wholesale,,,2023-04-01,2023-04-30,91.43,EUR/MWh,EUR,,primary
ember:monthly:day_ahead_price,DK,cost,wholesale,,,2023-05-01,2023-05-31,70.84,EUR/MWh,EUR,,primary
ember:monthly:day_ahead_price,DK,cost,wholesale,,,2023-06-01,2023-06-30,92.22,EUR/MWh,EUR,,primary
ember:monthly:day_ahead_price,DK,cost,wholesale,,,2023-07-01,2023-07-31,64.74,EUR/MWh,EUR,,primary
ember:monthly:day_ahead_price,DK,cost,wholesale,,,2023-08-01,2023-08-31,86.18,EUR/MWh,EUR,,primary
ember:monthly:day_ahead_price,DK,cost,wholesale,,,2023-09-01,2023-09-30,85.03,EUR/MWh,EUR,,primary
ember:monthly:day_ahead_price,DK,cost,wholesale,,,2023-10-01,2023-10-31,58.66,EUR/MWh,EUR,,primary
ember:monthly:day_ahead_price,DK,cost,wholesale,,,2023-11-01,2023-11-30,85.63,EUR/MWh,EUR,,primary
ember:monthly:day_ahead_price,DK,cost,wholesale,,,2023-12-01,2023-12-31,69.95,EUR/MWh,EUR,,primary
ember:monthly:day_ahead_price,DK,cost,wholesale,,,2024-01-01,2024-01-31,76.16,EUR/MWh,EUR,,primary
ember:monthly:day_ahead_price,DK,cost,wholesale,,,2024-02-01,2024-02-29,57.05,EUR/MWh,EUR,,primary
ember:monthly:day_ahead_price,DK,cost,wholesale,,,2024-03-01,2024-03-31,61.15,EUR/MWh,EUR,,primary
ember:monthly:day_ahead_price,DK,cost,wholesale,,,2024-04-01,2024-04-30,59.63,EUR/MWh,EUR,,primary
ember:monthly:day_ahead_price,DK,cost,wholesale,,,2024-05-01,2024-05-31,58.51,EUR/MWh,EUR,,primary
ember:monthly:day_ahead_price,DK,cost,wholesale,,,2024-06-01,2024-06-30,64.9,EUR/MWh,EUR,,primary
ember:monthly:day_ahead_price,DK,cost,wholesale,,,2024-07-01,2024-07-31,62.33,EUR/MWh,EUR,,primary
ember:monthly:day_ahead_price,DK,cost,wholesale,,,2024-08-01,2024-08-31,72.78,EUR/MWh,EUR,,primary
ember:monthly:day_ahead_price,DK,cost,wholesale,,,2024-09-01,2024-09-30,70.97,EUR/MWh,EUR,,primary
ember:monthly:day_ahead_price,DK,cost,wholesale,,,2024-10-01,2024-10-31,76.68,EUR/MWh,EUR,,primary
ember:monthly:day_ahead_price,DK,cost,wholesale,,,2024-11-01,2024-11-30,95.79,EUR/MWh,EUR,,primary
ember:monthly:day_ahead_price,DK,cost,wholesale,,,2024-12-01,2024-12-31,92.03,EUR/MWh,EUR,,primary
ember:monthly:day_ahead_price,DK,cost,wholesale,,,2025-01-01,2025-01-31,98.95,EUR/MWh,EUR,,primary
ember:monthly:day_ahead_price,DK,cost,wholesale,,,2025-02-01,2025-02-28,114.82,EUR/MWh,EUR,,primary
ember:monthly:day_ahead_price,DK,cost,wholesale,,,2025-03-01,2025-03-31,83.65,EUR/MWh,EUR,,primary
ember:monthly:day_ahead_price,DK,cost,wholesale,,,2025-04-01,2025-04-30,75.38,EUR/MWh,EUR,,primary
ember:monthly:day_ahead_price,DK,cost,wholesale,,,2025-05-01,2025-05-31,64.12,EUR/MWh,EUR,,primary
ember:monthly:day_ahead_price,DK,cost,wholesale,,,2025-06-01,2025-06-30,58.17,EUR/MWh,EUR,,primary
ember:monthly:day_ahead_price,DK,cost,wholesale,,,2025-07-01,2025-07-31,81.66,EUR/MWh,EUR,,primary
ember:monthly:day_ahead_price,DK,cost,wholesale,,,2025-08-01,2025-08-31,74.1,EUR/MWh,EUR,,primary
ember:monthly:day_ahead_price,DK,cost,wholesale,,,2025-09-01,2025-09-30,83.93,EUR/MWh,EUR,,primary
ember:monthly:day_ahead_price,DK,cost,wholesale,,,2025-10-01,2025-10-31,79.62,EUR/MWh,EUR,,primary
ember:monthly:day_ahead_price,DK,cost,wholesale,,,2025-11-01,2025-11-30,93.17,EUR/MWh,EUR,,primary
ember:monthly:day_ahead_price,DK,cost,wholesale,,,2025-12-01,2025-12-31,82.3,EUR/MWh,EUR,,primary
ember:monthly:day_ahead_price,DK,cost,wholesale,,,2026-01-01,2026-01-31,107.07,EUR/MWh,EUR,,primary
ember:monthly:day_ahead_price,DK,cost,wholesale,,,2026-02-01,2026-02-28,102.89,EUR/MWh,EUR,,primary
ember:monthly:day_ahead_price,DK,cost,wholesale,,,2026-03-01,2026-03-31,97.49,EUR/MWh,EUR,,primary
ember:monthly:day_ahead_price,DK,cost,wholesale,,,2026-04-01,2026-04-30,82.55,EUR/MWh,EUR,,primary
ember:monthly:day_ahead_price,DK,cost,wholesale,,,2026-05-01,2026-05-31,100.24,EUR/MWh,EUR,,primary
ember:monthly:day_ahead_price,DK,cost,wholesale,,,2026-06-01,2026-06-30,108.63,EUR/MWh,EUR,,primary
ember:monthly:day_ahead_price,DK,cost,wholesale,,,2026-07-01,2026-07-31,102.69,EUR/MWh,EUR,,primary
ember:monthly:day_ahead_price,DK,cost,wholesale,,,2026-08-01,2026-08-31,127.57,EUR/MWh,EUR,,primary
ember:monthly:day_ahead_price,DK,cost,wholesale,,,2026-09-01,2026-09-30,141.48,EUR/MWh,EUR,,primary
ember:monthly:day_ahead_price,EE,cost,wholesale,,,2015-01-01,2015-01-31,33.84,EUR/MWh,EUR,,primary
ember:monthly:day_ahead_price,EE,cost,wholesale,,,2015-02-01,2015-02-28,33.43,EUR/MWh,EUR,,primary
ember:monthly:day_ahead_price,EE,cost,wholesale,,,2015-03-01,2015-03-31,30.3,EUR/MWh,EUR,,primary
ember:monthly:day_ahead_price,EE,cost,wholesale,,,2015-04-01,2015-04-30,30.49,EUR/MWh,EUR,,primary
ember:monthly:day_ahead_price,EE,cost,wholesale,,,2015-05-01,2015-05-31,32.27,EUR/MWh,EUR,,primary
ember:monthly:day_ahead_price,EE,cost,wholesale,,,2015-06-01,2015-06-30,27.24,EUR/MWh,EUR,,primary
ember:monthly:day_ahead_price,EE,cost,wholesale,,,2015-07-01,2015-07-31,27.99,EUR/MWh,EUR,,primary
ember:monthly:day_ahead_price,EE,cost,wholesale,,,2015-08-01,2015-08-31,31.23,EUR/MWh,EUR,,primary
ember:monthly:day_ahead_price,EE,cost,wholesale,,,2015-09-01,2015-09-30,31.69,EUR/MWh,EUR,,primary
ember:monthly:day_ahead_price,EE,cost,wholesale,,,2015-10-01,2015-10-31,35.02,EUR/MWh,EUR,,primary
ember:monthly:day_ahead_price,EE,cost,wholesale,,,2015-11-01,2015-11-30,32.88,EUR/MWh,EUR,,primary
ember:monthly:day_ahead_price,EE,cost,wholesale,,,2015-12-01,2015-12-31,26.72,EUR/MWh,EUR,,primary
ember:monthly:day_ahead_price,EE,cost,wholesale,,,2016-01-01,2016-01-31,37.76,EUR/MWh,EUR,,primary
ember:monthly:day_ahead_price,EE,cost,wholesale,,,2016-02-01,2016-02-29,28.28,EUR/MWh,EUR,,primary
ember:monthly:day_ahead_price,EE,cost,wholesale,,,2016-03-01,2016-03-31,29.39,EUR/MWh,EUR,,primary
ember:monthly:day_ahead_price,EE,cost,wholesale,,,2016-04-01,2016-04-30,29.73,EUR/MWh,EUR,,primary
ember:monthly:day_ahead_price,EE,cost,wholesale,,,2016-05-01,2016-05-31,28.26,EUR/MWh,EUR,,primary
ember:monthly:day_ahead_price,EE,cost,wholesale,,,2016-06-01,2016-06-30,36.24,EUR/MWh,EUR,,primary
ember:monthly:day_ahead_price,EE,cost,wholesale,,,2016-07-01,2016-07-31,30.96,EUR/MWh,EUR,,primary
ember:monthly:day_ahead_price,EE,cost,wholesale,,,2016-08-01,2016-08-31,31.38,EUR/MWh,EUR,,primary
ember:monthly:day_ahead_price,EE,cost,wholesale,,,2016-09-01,2016-09-30,32.41,EUR/MWh,EUR,,primary
ember:monthly:day_ahead_price,EE,cost,wholesale,,,2016-10-01,2016-10-31,37.59,EUR/MWh,EUR,,primary
ember:monthly:day_ahead_price,EE,cost,wholesale,,,2016-11-01,2016-11-30,40.86,EUR/MWh,EUR,,primary
ember:monthly:day_ahead_price,EE,cost,wholesale,,,2016-12-01,2016-12-31,34.0,EUR/MWh,EUR,,primary
ember:monthly:day_ahead_price,EE,cost,wholesale,,,2017-01-01,2017-01-31,33.27,EUR/MWh,EUR,,primary
ember:monthly:day_ahead_price,EE,cost,wholesale,,,2017-02-01,2017-02-28,35.13,EUR/MWh,EUR,,primary
ember:monthly:day_ahead_price,EE,cost,wholesale,,,2017-03-01,2017-03-31,30.65,EUR/MWh,EUR,,primary
ember:monthly:day_ahead_price,EE,cost,wholesale,,,2017-04-01,2017-04-30,31.17,EUR/MWh,EUR,,primary
ember:monthly:day_ahead_price,EE,cost,wholesale,,,2017-05-01,2017-05-31,30.65,EUR/MWh,EUR,,primary
ember:monthly:day_ahead_price,EE,cost,wholesale,,,2017-06-01,2017-06-30,30.66,EUR/MWh,EUR,,primary
ember:monthly:day_ahead_price,EE,cost,wholesale,,,2017-07-01,2017-07-31,34.33,EUR/MWh,EUR,,primary
ember:monthly:day_ahead_price,EE,cost,wholesale,,,2017-08-01,2017-08-31,36.35,EUR/MWh,EUR,,primary
ember:monthly:day_ahead_price,EE,cost,wholesale,,,2017-09-01,2017-09-30,37.26,EUR/MWh,EUR,,primary
ember:monthly:day_ahead_price,EE,cost,wholesale,,,2017-10-01,2017-10-31,33.44,EUR/MWh,EUR,,primary
ember:monthly:day_ahead_price,EE,cost,wholesale,,,2017-11-01,2017-11-30,33.7,EUR/MWh,EUR,,primary
ember:monthly:day_ahead_price,EE,cost,wholesale,,,2017-12-01,2017-12-31,32.01,EUR/MWh,EUR,,primary
ember:monthly:day_ahead_price,EE,cost,wholesale,,,2018-01-01,2018-01-31,37.11,EUR/MWh,EUR,,primary
ember:monthly:day_ahead_price,EE,cost,wholesale,,,2018-02-01,2018-02-28,43.37,EUR/MWh,EUR,,primary
ember:monthly:day_ahead_price,EE,cost,wholesale,,,2018-03-01,2018-03-31,45.32,EUR/MWh,EUR,,primary
ember:monthly:day_ahead_price,EE,cost,wholesale,,,2018-04-01,2018-04-30,39.86,EUR/MWh,EUR,,primary
ember:monthly:day_ahead_price,EE,cost,wholesale,,,2018-05-01,2018-05-31,38.73,EUR/MWh,EUR,,primary
ember:monthly:day_ahead_price,EE,cost,wholesale,,,2018-06-01,2018-06-30,47.81,EUR/MWh,EUR,,primary
ember:monthly:day_ahead_price,EE,cost,wholesale,,,2018-07-01,2018-07-31,54.07,EUR/MWh,EUR,,primary
ember:monthly:day_ahead_price,EE,cost,wholesale,,,2018-08-01,2018-08-31,55.4,EUR/MWh,EUR,,primary
ember:monthly:day_ahead_price,EE,cost,wholesale,,,2018-09-01,2018-09-30,50.93,EUR/MWh,EUR,,primary
ember:monthly:day_ahead_price,EE,cost,wholesale,,,2018-10-01,2018-10-31,46.41,EUR/MWh,EUR,,primary
ember:monthly:day_ahead_price,EE,cost,wholesale,,,2018-11-01,2018-11-30,52.63,EUR/MWh,EUR,,primary
ember:monthly:day_ahead_price,EE,cost,wholesale,,,2018-12-01,2018-12-31,53.06,EUR/MWh,EUR,,primary
ember:monthly:day_ahead_price,EE,cost,wholesale,,,2019-01-01,2019-01-31,55.79,EUR/MWh,EUR,,primary
ember:monthly:day_ahead_price,EE,cost,wholesale,,,2019-02-01,2019-02-28,47.26,EUR/MWh,EUR,,primary
ember:monthly:day_ahead_price,EE,cost,wholesale,,,2019-03-01,2019-03-31,40.08,EUR/MWh,EUR,,primary
ember:monthly:day_ahead_price,EE,cost,wholesale,,,2019-04-01,2019-04-30,42.11,EUR/MWh,EUR,,primary
ember:monthly:day_ahead_price,EE,cost,wholesale,,,2019-05-01,2019-05-31,42.35,EUR/MWh,EUR,,primary
ember:monthly:day_ahead_price,EE,cost,wholesale,,,2019-06-01,2019-06-30,43.47,EUR/MWh,EUR,,primary
ember:monthly:day_ahead_price,EE,cost,wholesale,,,2019-07-01,2019-07-31,48.97,EUR/MWh,EUR,,primary
ember:monthly:day_ahead_price,EE,cost,wholesale,,,2019-08-01,2019-08-31,49.05,EUR/MWh,EUR,,primary
ember:monthly:day_ahead_price,EE,cost,wholesale,,,2019-09-01,2019-09-30,48.78,EUR/MWh,EUR,,primary
ember:monthly:day_ahead_price,EE,cost,wholesale,,,2019-10-01,2019-10-31,47.69,EUR/MWh,EUR,,primary
ember:monthly:day_ahead_price,EE,cost,wholesale,,,2019-11-01,2019-11-30,45.72,EUR/MWh,EUR,,primary
ember:monthly:day_ahead_price,EE,cost,wholesale,,,2019-12-01,2019-12-31,39.04,EUR/MWh,EUR,,primary
ember:monthly:day_ahead_price,EE,cost,wholesale,,,2020-01-01,2020-01-31,30.82,EUR/MWh,EUR,,primary
ember:monthly:day_ahead_price,EE,cost,wholesale,,,2020-02-01,2020-02-29,28.09,EUR/MWh,EUR,,primary
ember:monthly:day_ahead_price,EE,cost,wholesale,,,2020-03-01,2020-03-31,23.99,EUR/MWh,EUR,,primary
ember:monthly:day_ahead_price,EE,cost,wholesale,,,2020-04-01,2020-04-30,23.68,EUR/MWh,EUR,,primary
ember:monthly:day_ahead_price,EE,cost,wholesale,,,2020-05-01,2020-05-31,25.02,EUR/MWh,EUR,,primary
ember:monthly:day_ahead_price,EE,cost,wholesale,,,2020-06-01,2020-06-30,37.76,EUR/MWh,EUR,,primary
ember:monthly:day_ahead_price,EE,cost,wholesale,,,2020-07-01,2020-07-31,30.17,EUR/MWh,EUR,,primary
ember:monthly:day_ahead_price,EE,cost,wholesale,,,2020-08-01,2020-08-31,40.92,EUR/MWh,EUR,,primary
ember:monthly:day_ahead_price,EE,cost,wholesale,,,2020-09-01,2020-09-30,39.55,EUR/MWh,EUR,,primary
ember:monthly:day_ahead_price,EE,cost,wholesale,,,2020-10-01,2020-10-31,37.65,EUR/MWh,EUR,,primary
ember:monthly:day_ahead_price,EE,cost,wholesale,,,2020-11-01,2020-11-30,40.99,EUR/MWh,EUR,,primary
ember:monthly:day_ahead_price,EE,cost,wholesale,,,2020-12-01,2020-12-31,45.5,EUR/MWh,EUR,,primary
ember:monthly:day_ahead_price,EE,cost,wholesale,,,2021-01-01,2021-01-31,53.57,EUR/MWh,EUR,,primary
ember:monthly:day_ahead_price,EE,cost,wholesale,,,2021-02-01,2021-02-28,59.12,EUR/MWh,EUR,,primary
ember:monthly:day_ahead_price,EE,cost,wholesale,,,2021-03-01,2021-03-31,43.51,EUR/MWh,EUR,,primary
ember:monthly:day_ahead_price,EE,cost,wholesale,,,2021-04-01,2021-04-30,43.69,EUR/MWh,EUR,,primary
ember:monthly:day_ahead_price,EE,cost,wholesale,,,2021-05-01,2021-05-31,48.36,EUR/MWh,EUR,,primary
ember:monthly:day_ahead_price,EE,cost,wholesale,,,2021-06-01,2021-06-30,71.81,EUR/MWh,EUR,,primary
ember:monthly:day_ahead_price,EE,cost,wholesale,,,2021-07-01,2021-07-31,83.7,EUR/MWh,EUR,,primary
ember:monthly:day_ahead_price,EE,cost,wholesale,,,2021-08-01,2021-08-31,87.15,EUR/MWh,EUR,,primary
ember:monthly:day_ahead_price,EE,cost,wholesale,,,2021-09-01,2021-09-30,122.37,EUR/MWh,EUR,,primary
ember:monthly:day_ahead_price,EE,cost,wholesale,,,2021-10-01,2021-10-31,105.61,EUR/MWh,EUR,,primary
ember:monthly:day_ahead_price,EE,cost,wholesale,,,2021-11-01,2021-11-30,116.88,EUR/MWh,EUR,,primary
ember:monthly:day_ahead_price,EE,cost,wholesale,,,2021-12-01,2021-12-31,202.55,EUR/MWh,EUR,,primary
ember:monthly:day_ahead_price,EE,cost,wholesale,,,2022-01-01,2022-01-31,141.86,EUR/MWh,EUR,,primary
ember:monthly:day_ahead_price,EE,cost,wholesale,,,2022-02-01,2022-02-28,104.59,EUR/MWh,EUR,,primary
ember:monthly:day_ahead_price,EE,cost,wholesale,,,2022-03-01,2022-03-31,151.16,EUR/MWh,EUR,,primary
ember:monthly:day_ahead_price,EE,cost,wholesale,,,2022-04-01,2022-04-30,100.71,EUR/MWh,EUR,,primary
ember:monthly:day_ahead_price,EE,cost,wholesale,,,2022-05-01,2022-05-31,151.36,EUR/MWh,EUR,,primary
ember:monthly:day_ahead_price,EE,cost,wholesale,,,2022-06-01,2022-06-30,173.74,EUR/MWh,EUR,,primary
ember:monthly:day_ahead_price,EE,cost,wholesale,,,2022-07-01,2022-07-31,233.69,EUR/MWh,EUR,,primary
ember:monthly:day_ahead_price,EE,cost,wholesale,,,2022-08-01,2022-08-31,360.7,EUR/MWh,EUR,,primary
ember:monthly:day_ahead_price,EE,cost,wholesale,,,2022-09-01,2022-09-30,229.42,EUR/MWh,EUR,,primary
ember:monthly:day_ahead_price,EE,cost,wholesale,,,2022-10-01,2022-10-31,174.15,EUR/MWh,EUR,,primary
ember:monthly:day_ahead_price,EE,cost,wholesale,,,2022-11-01,2022-11-30,219.23,EUR/MWh,EUR,,primary
ember:monthly:day_ahead_price,EE,cost,wholesale,,,2022-12-01,2022-12-31,263.05,EUR/MWh,EUR,,primary
ember:monthly:day_ahead_price,EE,cost,wholesale,,,2023-01-01,2023-01-31,99.38,EUR/MWh,EUR,,primary
ember:monthly:day_ahead_price,EE,cost,wholesale,,,2023-02-01,2023-02-28,113.09,EUR/MWh,EUR,,primary
ember:monthly:day_ahead_price,EE,cost,wholesale,,,2023-03-01,2023-03-31,87.08,EUR/MWh,EUR,,primary
ember:monthly:day_ahead_price,EE,cost,wholesale,,,2023-04-01,2023-04-30,65.88,EUR/MWh,EUR,,primary
ember:monthly:day_ahead_price,EE,cost,wholesale,,,2023-05-01,2023-05-31,65.69,EUR/MWh,EUR,,primary
ember:monthly:day_ahead_price,EE,cost,wholesale,,,2023-06-01,2023-06-30,92.23,EUR/MWh,EUR,,primary
ember:monthly:day_ahead_price,EE,cost,wholesale,,,2023-07-01,2023-07-31,79.35,EUR/MWh,EUR,,primary
ember:monthly:day_ahead_price,EE,cost,wholesale,,,2023-08-01,2023-08-31,94.49,EUR/MWh,EUR,,primary
ember:monthly:day_ahead_price,EE,cost,wholesale,,,2023-09-01,2023-09-30,113.19,EUR/MWh,EUR,,primary
ember:monthly:day_ahead_price,EE,cost,wholesale,,,2023-10-01,2023-10-31,87.49,EUR/MWh,EUR,,primary
ember:monthly:day_ahead_price,EE,cost,wholesale,,,2023-11-01,2023-11-30,105.34,EUR/MWh,EUR,,primary
ember:monthly:day_ahead_price,EE,cost,wholesale,,,2023-12-01,2023-12-31,88.91,EUR/MWh,EUR,,primary
ember:monthly:day_ahead_price,EE,cost,wholesale,,,2024-01-01,2024-01-31,126.47,EUR/MWh,EUR,,primary
ember:monthly:day_ahead_price,EE,cost,wholesale,,,2024-02-01,2024-02-29,75.58,EUR/MWh,EUR,,primary
ember:monthly:day_ahead_price,EE,cost,wholesale,,,2024-03-01,2024-03-31,68.19,EUR/MWh,EUR,,primary
ember:monthly:day_ahead_price,EE,cost,wholesale,,,2024-04-01,2024-04-30,60.44,EUR/MWh,EUR,,primary
ember:monthly:day_ahead_price,EE,cost,wholesale,,,2024-05-01,2024-05-31,76.0,EUR/MWh,EUR,,primary
ember:monthly:day_ahead_price,EE,cost,wholesale,,,2024-06-01,2024-06-30,91.64,EUR/MWh,EUR,,primary
ember:monthly:day_ahead_price,EE,cost,wholesale,,,2024-07-01,2024-07-31,97.97,EUR/MWh,EUR,,primary
ember:monthly:day_ahead_price,EE,cost,wholesale,,,2024-08-01,2024-08-31,106.95,EUR/MWh,EUR,,primary
ember:monthly:day_ahead_price,EE,cost,wholesale,,,2024-09-01,2024-09-30,83.9,EUR/MWh,EUR,,primary
ember:monthly:day_ahead_price,EE,cost,wholesale,,,2024-10-01,2024-10-31,91.49,EUR/MWh,EUR,,primary
ember:monthly:day_ahead_price,EE,cost,wholesale,,,2024-11-01,2024-11-30,82.57,EUR/MWh,EUR,,primary
ember:monthly:day_ahead_price,EE,cost,wholesale,,,2024-12-01,2024-12-31,84.27,EUR/MWh,EUR,,primary
ember:monthly:day_ahead_price,EE,cost,wholesale,,,2025-01-01,2025-01-31,92.19,EUR/MWh,EUR,,primary
ember:monthly:day_ahead_price,EE,cost,wholesale,,,2025-02-01,2025-02-28,151.91,EUR/MWh,EUR,,primary
ember:monthly:day_ahead_price,EE,cost,wholesale,,,2025-03-01,2025-03-31,90.44,EUR/MWh,EUR,,primary
ember:monthly:day_ahead_price,EE,cost,wholesale,,,2025-04-01,2025-04-30,72.91,EUR/MWh,EUR,,primary
ember:monthly:day_ahead_price,EE,cost,wholesale,,,2025-05-01,2025-05-31,67.57,EUR/MWh,EUR,,primary
ember:monthly:day_ahead_price,EE,cost,wholesale,,,2025-06-01,2025-06-30,41.2,EUR/MWh,EUR,,primary
ember:monthly:day_ahead_price,EE,cost,wholesale,,,2025-07-01,2025-07-31,36.98,EUR/MWh,EUR,,primary
ember:monthly:day_ahead_price,EE,cost,wholesale,,,2025-08-01,2025-08-31,77.29,EUR/MWh,EUR,,primary
ember:monthly:day_ahead_price,EE,cost,wholesale,,,2025-09-01,2025-09-30,84.37,EUR/MWh,EUR,,primary
ember:monthly:day_ahead_price,EE,cost,wholesale,,,2025-10-01,2025-10-31,89.75,EUR/MWh,EUR,,primary
ember:monthly:day_ahead_price,EE,cost,wholesale,,,2025-11-01,2025-11-30,95.63,EUR/MWh,EUR,,primary
ember:monthly:day_ahead_price,EE,cost,wholesale,,,2025-12-01,2025-12-31,73.73,EUR/MWh,EUR,,primary
ember:monthly:day_ahead_price,EE,cost,wholesale,,,2026-01-01,2026-01-31,154.35,EUR/MWh,EUR,,primary
ember:monthly:day_ahead_price,EE,cost,wholesale,,,2026-02-01,2026-02-28,154.62,EUR/MWh,EUR,,primary
ember:monthly:day_ahead_price,EE,cost,wholesale,,,2026-03-01,2026-03-31,61.32,EUR/MWh,EUR,,primary
ember:monthly:day_ahead_price,EE,cost,wholesale,,,2026-04-01,2026-04-30,54.58,EUR/MWh,EUR,,primary
ember:monthly:day_ahead_price,EE,cost,wholesale,,,2026-05-01,2026-05-31,60.42,EUR/MWh,EUR,,primary
ember:monthly:day_ahead_price,EE,cost,wholesale,,,2026-06-01,2026-06-30,64.08,EUR/MWh,EUR,,primary
ember:monthly:day_ahead_price,EE,cost,wholesale,,,2026-07-01,2026-07-31,43.58,EUR/MWh,EUR,,primary
ember:monthly:day_ahead_price,EE,cost,wholesale,,,2026-08-01,2026-08-31,58.1,EUR/MWh,EUR,,primary
ember:monthly:day_ahead_price,EE,cost,wholesale,,,2026-09-01,2026-09-30,75.16,EUR/MWh,EUR,,primary
ember:monthly:day_ahead_price,EE,cost,wholesale,,,2026-10-01,2026-10-31,49.68,EUR/MWh,EUR,,primary
ember:monthly:day_ahead_price,EL,cost,wholesale,,,2015-01-01,2015-01-31,61.41,EUR/MWh,EUR,,primary
ember:monthly:day_ahead_price,EL,cost,wholesale,,,2015-02-01,2015-02-28,56.94,EUR/MWh,EUR,,primary
ember:monthly:day_ahead_price,EL,cost,wholesale,,,2015-03-01,2015-03-31,56.22,EUR/MWh,EUR,,primary
ember:monthly:day_ahead_price,EL,cost,wholesale,,,2015-04-01,2015-04-30,47.95,EUR/MWh,EUR,,primary
ember:monthly:day_ahead_price,EL,cost,wholesale,,,2015-05-01,2015-05-31,49.54,EUR/MWh,EUR,,primary
ember:monthly:day_ahead_price,EL,cost,wholesale,,,2015-06-01,2015-06-30,48.18,EUR/MWh,EUR,,primary
ember:monthly:day_ahead_price,EL,cost,wholesale,,,2015-07-01,2015-07-31,53.18,EUR/MWh,EUR,,primary
ember:monthly:day_ahead_price,EL,cost,wholesale,,,2015-08-01,2015-08-31,50.18,EUR/MWh,EUR,,primary
ember:monthly:day_ahead_price,EL,cost,wholesale,,,2015-09-01,2015-09-30,50.74,EUR/MWh,EUR,,primary
ember:monthly:day_ahead_price,EL,cost,wholesale,,,2015-10-01,2015-10-31,48.05,EUR/MWh,EUR,,primary
ember:monthly:day_ahead_price,EL,cost,wholesale,,,2015-11-01,2015-11-30,49.57,EUR/MWh,EUR,,primary
ember:monthly:day_ahead_price,EL,cost,wholesale,,,2015-12-01,2015-12-31,51.32,EUR/MWh,EUR,,primary
ember:monthly:day_ahead_price,EL,cost,wholesale,,,2016-01-01,2016-01-31,48.74,EUR/MWh,EUR,,primary
ember:monthly:day_ahead_price,EL,cost,wholesale,,,2016-02-01,2016-02-29,43.91,EUR/MWh,EUR,,primary
ember:monthly:day_ahead_price,EL,cost,wholesale,,,2016-03-01,2016-03-31,40.75,EUR/MWh,EUR,,primary
ember:monthly:day_ahead_price,EL,cost,wholesale,,,2016-04-01,2016-04-30,38.98,EUR/MWh,EUR,,primary
ember:monthly:day_ahead_price,EL,cost,wholesale,,,2016-05-01,2016-05-31,41.29,EUR/MWh,EUR,,primary
ember:monthly:day_ahead_price,EL,cost,wholesale,,,2016-06-01,2016-06-30,41.29,EUR/MWh,EUR,,primary
ember:monthly:day_ahead_price,EL,cost,wholesale,,,2016-07-01,2016-07-31,42.59,EUR/MWh,EUR,,primary
ember:monthly:day_ahead_price,EL,cost,wholesale,,,2016-08-01,2016-08-31,39.04,EUR/MWh,EUR,,primary
ember:monthly:day_ahead_price,EL,cost,wholesale,,,2016-09-01,2016-09-30,39.97,EUR/MWh,EUR,,primary
ember:monthly:day_ahead_price,EL,cost,wholesale,,,2016-10-01,2016-10-31,43.19,EUR/MWh,EUR,,primary
ember:monthly:day_ahead_price,EL,cost,wholesale,,,2016-11-01,2016-11-30,43.11,EUR/MWh,EUR,,primary
ember:monthly:day_ahead_price,EL,cost,wholesale,,,2016-12-01,2016-12-31,51.11,EUR/MWh,EUR,,primary
ember:monthly:day_ahead_price,EL,cost,wholesale,,,2017-01-01,2017-01-31,74.62,EUR/MWh,EUR,,primary
ember:monthly:day_ahead_price,EL,cost,wholesale,,,2017-02-01,2017-02-28,56.18,EUR/MWh,EUR,,primary
ember:monthly:day_ahead_price,EL,cost,wholesale,,,2017-03-01,2017-03-31,46.2,EUR/MWh,EUR,,primary
ember:monthly:day_ahead_price,EL,cost,wholesale,,,2017-04-01,2017-04-30,44.6,EUR/MWh,EUR,,primary
ember:monthly:day_ahead_price,EL,cost,wholesale,,,2017-05-01,2017-05-31,45.78,EUR/MWh,EUR,,primary
ember:monthly:day_ahead_price,EL,cost,wholesale,,,2017-06-01,2017-06-30,51.3,EUR/MWh,EUR,,primary
ember:monthly:day_ahead_price,EL,cost,wholesale,,,2017-07-01,2017-07-31,52.54,EUR/MWh,EUR,,primary
ember:monthly:day_ahead_price,EL,cost,wholesale,,,2017-08-01,2017-08-31,50.57,EUR/MWh,EUR,,primary
ember:monthly:day_ahead_price,EL,cost,wholesale,,,2017-09-01,2017-09-30,53.06,EUR/MWh,EUR,,primary
ember:monthly:day_ahead_price,EL,cost,wholesale,,,2017-10-01,2017-10-31,54.89,EUR/MWh,EUR,,primary
ember:monthly:day_ahead_price,EL,cost,wholesale,,,2017-11-01,2017-11-30,70.43,EUR/MWh,EUR,,primary
ember:monthly:day_ahead_price,EL,cost,wholesale,,,2017-12-01,2017-12-31,56.22,EUR/MWh,EUR,,primary
ember:monthly:day_ahead_price,EL,cost,wholesale,,,2018-01-01,2018-01-31,53.49,EUR/MWh,EUR,,primary
ember:monthly:day_ahead_price,EL,cost,wholesale,,,2018-02-01,2018-02-28,51.62,EUR/MWh,EUR,,primary
ember:monthly:day_ahead_price,EL,cost,wholesale,,,2018-03-01,2018-03-31,44.23,EUR/MWh,EUR,,primary
ember:monthly:day_ahead_price,EL,cost,wholesale,,,2018-04-01,2018-04-30,50.41,EUR/MWh,EUR,,primary
ember:monthly:day_ahead_price,EL,cost,wholesale,,,2018-05-01,2018-05-31,56.36,EUR/MWh,EUR,,primary
ember:monthly:day_ahead_price,EL,cost,wholesale,,,2018-06-01,2018-06-30,60.68,EUR/MWh,EUR,,primary
ember:monthly:day_ahead_price,EL,cost,wholesale,,,2018-07-01,2018-07-31,64.44,EUR/MWh,EUR,,primary
ember:monthly:day_ahead_price,EL,cost,wholesale,,,2018-08-01,2018-08-31,63.84,EUR/MWh,EUR,,primary
ember:monthly:day_ahead_price,EL,cost,wholesale,,,2018-09-01,2018-09-30,67.06,EUR/MWh,EUR,,primary
ember:monthly:day_ahead_price,EL,cost,wholesale,,,2018-10-01,2018-10-31,71.43,EUR/MWh,EUR,,primary
ember:monthly:day_ahead_price,EL,cost,wholesale,,,2018-11-01,2018-11-30,69.3,EUR/MWh,EUR,,primary
ember:monthly:day_ahead_price,EL,cost,wholesale,,,2018-12-01,2018-12-31,71.25,EUR/MWh,EUR,,primary
ember:monthly:day_ahead_price,EL,cost,wholesale,,,2019-01-01,2019-01-31,75.25,EUR/MWh,EUR,,primary
ember:monthly:day_ahead_price,EL,cost,wholesale,,,2019-02-01,2019-02-28,69.02,EUR/MWh,EUR,,primary
ember:monthly:day_ahead_price,EL,cost,wholesale,,,2019-03-01,2019-03-31,59.85,EUR/MWh,EUR,,primary
ember:monthly:day_ahead_price,EL,cost,wholesale,,,2019-04-01,2019-04-30,62.39,EUR/MWh,EUR,,primary
ember:monthly:day_ahead_price,EL,cost,wholesale,,,2019-05-01,2019-05-31,65.96,EUR/MWh,EUR,,primary
ember:monthly:day_ahead_price,EL,cost,wholesale,,,2019-06-01,2019-06-30,68.09,EUR/MWh,EUR,,primary
ember:monthly:day_ahead_price,EL,cost,wholesale,,,2019-07-01,2019-07-31,62.19,EUR/MWh,EUR,,primary
ember:monthly:day_ahead_price,EL,cost,wholesale,,,2019-08-01,2019-08-31,63.98,EUR/MWh,EUR,,primary
ember:monthly:day_ahead_price,EL,cost,wholesale,,,2019-09-01,2019-09-30,60.95,EUR/MWh,EUR,,primary
ember:monthly:day_ahead_price,EL,cost,wholesale,,,2019-10-01,2019-10-31,63.28,EUR/MWh,EUR,,primary
ember:monthly:day_ahead_price,EL,cost,wholesale,,,2019-11-01,2019-11-30,55.35,EUR/MWh,EUR,,primary
ember:monthly:day_ahead_price,EL,cost,wholesale,,,2019-12-01,2019-12-31,59.7,EUR/MWh,EUR,,primary
ember:monthly:day_ahead_price,EL,cost,wholesale,,,2020-01-01,2020-01-31,58.39,EUR/MWh,EUR,,primary
ember:monthly:day_ahead_price,EL,cost,wholesale,,,2020-02-01,2020-02-29,49.17,EUR/MWh,EUR,,primary
ember:monthly:day_ahead_price,EL,cost,wholesale,,,2020-03-01,2020-03-31,43.6,EUR/MWh,EUR,,primary
ember:monthly:day_ahead_price,EL,cost,wholesale,,,2020-04-01,2020-04-30,28.48,EUR/MWh,EUR,,primary
ember:monthly:day_ahead_price,EL,cost,wholesale,,,2020-05-01,2020-05-31,34.27,EUR/MWh,EUR,,primary
ember:monthly:day_ahead_price,EL,cost,wholesale,,,2020-06-01,2020-06-30,34.09,EUR/MWh,EUR,,primary
ember:monthly:day_ahead_price,EL,cost,wholesale,,,2020-07-01,2020-07-31,41.17,EUR/MWh,EUR,,primary
ember:monthly:day_ahead_price,EL,cost,wholesale,,,2020-08-01,2020-08-31,46.18,EUR/MWh,EUR,,primary
ember:monthly:day_ahead_price,EL,cost,wholesale,,,2020-09-01,2020-09-30,46.52,EUR/MWh,EUR,,primary
ember:monthly:day_ahead_price,EL,cost,wholesale,,,2020-10-01,2020-10-31,47.32,EUR/MWh,EUR,,primary
ember:monthly:day_ahead_price,EL,cost,wholesale,,,2020-11-01,2020-11-30,52.57,EUR/MWh,EUR,,primary
ember:monthly:day_ahead_price,EL,cost,wholesale,,,2020-12-01,2020-12-31,59.0,EUR/MWh,EUR,,primary
ember:monthly:day_ahead_price,EL,cost,wholesale,,,2021-01-01,2021-01-31,52.51,EUR/MWh,EUR,,primary
ember:monthly:day_ahead_price,EL,cost,wholesale,,,2021-02-01,2021-02-28,50.37,EUR/MWh,EUR,,primary
ember:monthly:day_ahead_price,EL,cost,wholesale,,,2021-03-01,2021-03-31,57.64,EUR/MWh,EUR,,primary
ember:monthly:day_ahead_price,EL,cost,wholesale,,,2021-04-01,2021-04-30,64.2,EUR/MWh,EUR,,primary
ember:monthly:day_ahead_price,EL,cost,wholesale,,,2021-05-01,2021-05-31,63.19,EUR/MWh,EUR,,primary
ember:monthly:day_ahead_price,EL,cost,wholesale,,,2021-06-01,2021-06-30,83.53,EUR/MWh,EUR,,primary
ember:monthly:day_ahead_price,EL,cost,wholesale,,,2021-07-01,2021-07-31,102.03,EUR/MWh,EUR,,primary
ember:monthly:day_ahead_price,EL,cost,wholesale,,,2021-08-01,2021-08-31,121.61,EUR/MWh,EUR,,primary
ember:monthly:day_ahead_price,EL,cost,wholesale,,,2021-09-01,2021-09-30,134.72,EUR/MWh,EUR,,primary
ember:monthly:day_ahead_price,EL,cost,wholesale,,,2021-10-01,2021-10-31,198.52,EUR/MWh,EUR,,primary
ember:monthly:day_ahead_price,EL,cost,wholesale,,,2021-11-01,2021-11-30,228.88,EUR/MWh,EUR,,primary
ember:monthly:day_ahead_price,EL,cost,wholesale,,,2021-12-01,2021-12-31,235.36,EUR/MWh,EUR,,primary
ember:monthly:day_ahead_price,EL,cost,wholesale,,,2022-01-01,2022-01-31,227.35,EUR/MWh,EUR,,primary
ember:monthly:day_ahead_price,EL,cost,wholesale,,,2022-02-01,2022-02-28,211.73,EUR/MWh,EUR,,primary
ember:monthly:day_ahead_price,EL,cost,wholesale,,,2022-03-01,2022-03-31,272.32,EUR/MWh,EUR,,primary
ember:monthly:day_ahead_price,EL,cost,wholesale,,,2022-04-01,2022-04-30,246.91,EUR/MWh,EUR,,primary
ember:monthly:day_ahead_price,EL,cost,wholesale,,,2022-05-01,2022-05-31,225.07,EUR/MWh,EUR,,primary
ember:monthly:day_ahead_price,EL,cost,wholesale,,,2022-06-01,2022-06-30,240.83,EUR/MWh,EUR,,primary
ember:monthly:day_ahead_price,EL,cost,wholesale,,,2022-07-01,2022-07-31,338.32,EUR/MWh,EUR,,primary
ember:monthly:day_ahead_price,EL,cost,wholesale,,,2022-08-01,2022-08-31,436.76,EUR/MWh,EUR,,primary
ember:monthly:day_ahead_price,EL,cost,wholesale,,,2022-09-01,2022-09-30,416.41,EUR/MWh,EUR,,primary
ember:monthly:day_ahead_price,EL,cost,wholesale,,,2022-10-01,2022-10-31,232.16,EUR/MWh,EUR,,primary
ember:monthly:day_ahead_price,EL,cost,wholesale,,,2022-11-01,2022-11-30,227.84,EUR/MWh,EUR,,primary
ember:monthly:day_ahead_price,EL,cost,wholesale,,,2022-12-01,2022-12-31,276.97,EUR/MWh,EUR,,primary
ember:monthly:day_ahead_price,EL,cost,wholesale,,,2023-01-01,2023-01-31,191.66,EUR/MWh,EUR,,primary
ember:monthly:day_ahead_price,EL,cost,wholesale,,,2023-02-01,2023-02-28,156.25,EUR/MWh,EUR,,primary
ember:monthly:day_ahead_price,EL,cost,wholesale,,,2023-03-01,2023-03-31,122.75,EUR/MWh,EUR,,primary
ember:monthly:day_ahead_price,EL,cost,wholesale,,,2023-04-01,2023-04-30,120.44,EUR/MWh,EUR,,primary
ember:monthly:day_ahead_price,EL,cost,wholesale,,,2023-05-01,2023-05-31,105.46,EUR/MWh,EUR,,primary
ember:monthly:day_ahead_price,EL,cost,wholesale,,,2023-06-01,2023-06-30,91.6,EUR/MWh,EUR,,primary
ember:monthly:day_ahead_price,EL,cost,wholesale,,,2023-07-01,2023-07-31,112.63,EUR/MWh,EUR,,primary
ember:monthly:day_ahead_price,EL,cost,wholesale,,,2023-08-01,2023-08-31,109.33,EUR/MWh,EUR,,primary
ember:monthly:day_ahead_price,EL,cost,wholesale,,,2023-09-01,2023-09-30,101.93,EUR/MWh,EUR,,primary
ember:monthly:day_ahead_price,EL,cost,wholesale,,,2023-10-01,2023-10-31,111.16,EUR/MWh,EUR,,primary
ember:monthly:day_ahead_price,EL,cost,wholesale,,,2023-11-01,2023-11-30,105.46,EUR/MWh,EUR,,primary
ember:monthly:day_ahead_price,EL,cost,wholesale,,,2023-12-01,2023-12-31,102.2,EUR/MWh,EUR,,primary
ember:monthly:day_ahead_price,EL,cost,wholesale,,,2024-01-01,2024-01-31,92.99,EUR/MWh,EUR,,primary
ember:monthly:day_ahead_price,EL,cost,wholesale,,,2024-02-01,2024-02-29,73.57,EUR/MWh,EUR,,primary
ember:monthly:day_ahead_price,EL,cost,wholesale,,,2024-03-01,2024-03-31,67.42,EUR/MWh,EUR,,primary
ember:monthly:day_ahead_price,EL,cost,wholesale,,,2024-04-01,2024-04-30,60.1,EUR/MWh,EUR,,primary
ember:monthly:day_ahead_price,EL,cost,wholesale,,,2024-05-01,2024-05-31,81.21,EUR/MWh,EUR,,primary
ember:monthly:day_ahead_price,EL,cost,wholesale,,,2024-06-01,2024-06-30,98.91,EUR/MWh,EUR,,primary
ember:monthly:day_ahead_price,EL,cost,wholesale,,,2024-07-01,2024-07-31,135.23,EUR/MWh,EUR,,primary
ember:monthly:day_ahead_price,EL,cost,wholesale,,,2024-08-01,2024-08-31,129.81,EUR/MWh,EUR,,primary
ember:monthly:day_ahead_price,EL,cost,wholesale,,,2024-09-01,2024-09-30,112.34,EUR/MWh,EUR,,primary
ember:monthly:day_ahead_price,EL,cost,wholesale,,,2024-10-01,2024-10-31,90.05,EUR/MWh,EUR,,primary
ember:monthly:day_ahead_price,EL,cost,wholesale,,,2024-11-01,2024-11-30,136.55,EUR/MWh,EUR,,primary
ember:monthly:day_ahead_price,EL,cost,wholesale,,,2024-12-01,2024-12-31,129.83,EUR/MWh,EUR,,primary
ember:monthly:day_ahead_price,EL,cost,wholesale,,,2025-01-01,2025-01-31,135.13,EUR/MWh,EUR,,primary
ember:monthly:day_ahead_price,EL,cost,wholesale,,,2025-02-01,2025-02-28,154.08,EUR/MWh,EUR,,primary
ember:monthly:day_ahead_price,EL,cost,wholesale,,,2025-03-01,2025-03-31,105.86,EUR/MWh,EUR,,primary
ember:monthly:day_ahead_price,EL,cost,wholesale,,,2025-04-01,2025-04-30,89.03,EUR/MWh,EUR,,primary
ember:monthly:day_ahead_price,EL,cost,wholesale,,,2025-05-01,2025-05-31,81.94,EUR/MWh,EUR,,primary
ember:monthly:day_ahead_price,EL,cost,wholesale,,,2025-06-01,2025-06-30,85.46,EUR/MWh,EUR,,primary
ember:monthly:day_ahead_price,EL,cost,wholesale,,,2025-07-01,2025-07-31,100.56,EUR/MWh,EUR,,primary
ember:monthly:day_ahead_price,EL,cost,wholesale,,,2025-08-01,2025-08-31,73.11,EUR/MWh,EUR,,primary
ember:monthly:day_ahead_price,EL,cost,wholesale,,,2025-09-01,2025-09-30,95.04,EUR/MWh,EUR,,primary
ember:monthly:day_ahead_price,EL,cost,wholesale,,,2025-10-01,2025-10-31,112.31,EUR/MWh,EUR,,primary
ember:monthly:day_ahead_price,EL,cost,wholesale,,,2025-11-01,2025-11-30,106.43,EUR/MWh,EUR,,primary
ember:monthly:day_ahead_price,EL,cost,wholesale,,,2025-12-01,2025-12-31,110.03,EUR/MWh,EUR,,primary
ember:monthly:day_ahead_price,EL,cost,wholesale,,,2026-01-01,2026-01-31,108.67,EUR/MWh,EUR,,primary
ember:monthly:day_ahead_price,EL,cost,wholesale,,,2026-02-01,2026-02-28,81.93,EUR/MWh,EUR,,primary
ember:monthly:day_ahead_price,EL,cost,wholesale,,,2026-03-01,2026-03-31,95.23,EUR/MWh,EUR,,primary
ember:monthly:day_ahead_price,EL,cost,wholesale,,,2026-04-01,2026-04-30,88.57,EUR/MWh,EUR,,primary
ember:monthly:day_ahead_price,EL,cost,wholesale,,,2026-05-01,2026-05-31,88.9,EUR/MWh,EUR,,primary
ember:monthly:day_ahead_price,EL,cost,wholesale,,,2026-06-01,2026-06-30,91.24,EUR/MWh,EUR,,primary
ember:monthly:day_ahead_price,EL,cost,wholesale,,,2026-07-01,2026-07-31,110.7,EUR/MWh,EUR,,primary
ember:monthly:day_ahead_price,EL,cost,wholesale,,,2026-08-01,2026-08-31,132.3,EUR/MWh,EUR,,primary
ember:monthly:day_ahead_price,EL,cost,wholesale,,,2026-09-01,2026-09-30,156.12,EUR/MWh,EUR,,primary
ember:monthly:day_ahead_price,EL,cost,wholesale,,,2026-10-01,2026-10-31,105.39,EUR/MWh,EUR,,primary
ember:monthly:day_ahead_price,ES,cost,wholesale,,,2015-01-01,2015-01-31,51.48,EUR/MWh,EUR,,primary
ember:monthly:day_ahead_price,ES,cost,wholesale,,,2015-02-01,2015-02-28,42.6,EUR/MWh,EUR,,primary
ember:monthly:day_ahead_price,ES,cost,wholesale,,,2015-03-01,2015-03-31,43.08,EUR/MWh,EUR,,primary
ember:monthly:day_ahead_price,ES,cost,wholesale,,,2015-04-01,2015-04-30,45.37,EUR/MWh,EUR,,primary
ember:monthly:day_ahead_price,ES,cost,wholesale,,,2015-05-01,2015-05-31,45.17,EUR/MWh,EUR,,primary
ember:monthly:day_ahead_price,ES,cost,wholesale,,,2015-06-01,2015-06-30,54.75,EUR/MWh,EUR,,primary
ember:monthly:day_ahead_price,ES,cost,wholesale,,,2015-07-01,2015-07-31,59.53,EUR/MWh,EUR,,primary
ember:monthly:day_ahead_price,ES,cost,wholesale,,,2015-08-01,2015-08-31,55.61,EUR/MWh,EUR,,primary
ember:monthly:day_ahead_price,ES,cost,wholesale,,,2015-09-01,2015-09-30,51.87,EUR/MWh,EUR,,primary
ember:monthly:day_ahead_price,ES,cost,wholesale,,,2015-10-01,2015-10-31,49.89,EUR/MWh,EUR,,primary
ember:monthly:day_ahead_price,ES,cost,wholesale,,,2015-11-01,2015-11-30,51.22,EUR/MWh,EUR,,primary
ember:monthly:day_ahead_price,ES,cost,wholesale,,,2015-12-01,2015-12-31,52.59,EUR/MWh,EUR,,primary
ember:monthly:day_ahead_price,ES,cost,wholesale,,,2016-01-01,2016-01-31,36.51,EUR/MWh,EUR,,primary
ember:monthly:day_ahead_price,ES,cost,wholesale,,,2016-02-01,2016-02-29,27.48,EUR/MWh,EUR,,primary
ember:monthly:day_ahead_price,ES,cost,wholesale,,,2016-03-01,2016-03-31,27.79,EUR/MWh,EUR,,primary
ember:monthly:day_ahead_price,ES,cost,wholesale,,,2016-04-01,2016-04-30,24.09,EUR/MWh,EUR,,primary
ember:monthly:day_ahead_price,ES,cost,wholesale,,,2016-05-01,2016-05-31,25.81,EUR/MWh,EUR,,primary
ember:monthly:day_ahead_price,ES,cost,wholesale,,,2016-06-01,2016-06-30,38.92,EUR/MWh,EUR,,primary
ember:monthly:day_ahead_price,ES,cost,wholesale,,,2016-07-01,2016-07-31,40.52,EUR/MWh,EUR,,primary
ember:monthly:day_ahead_price,ES,cost,wholesale,,,2016-08-01,2016-08-31,41.14,EUR/MWh,EUR,,primary
ember:monthly:day_ahead_price,ES,cost,wholesale,,,2016-09-01,2016-09-30,43.61,EUR/MWh,EUR,,primary
ember:monthly:day_ahead_price,ES,cost,wholesale,,,2016-10-01,2016-10-31,52.85,EUR/MWh,EUR,,primary
ember:monthly:day_ahead_price,ES,cost,wholesale,,,2016-11-01,2016-11-30,56.15,EUR/MWh,EUR,,primary
ember:monthly:day_ahead_price,ES,cost,wholesale,,,2016-12-01,2016-12-31,60.49,EUR/MWh,EUR,,primary
ember:monthly:day_ahead_price,ES,cost,wholesale,,,2017-01-01,2017-01-31,71.51,EUR/MWh,EUR,,primary
ember:monthly:day_ahead_price,ES,cost,wholesale,,,2017-02-01,2017-02-28,51.7,EUR/MWh,EUR,,primary
ember:monthly:day_ahead_price,ES,cost,wholesale,,,2017-03-01,2017-03-31,43.16,EUR/MWh,EUR,,primary
ember:monthly:day_ahead_price,ES,cost,wholesale,,,2017-04-01,2017-04-30,43.69,EUR/MWh,EUR,,primary
ember:monthly:day_ahead_price,ES,cost,wholesale,,,2017-05-01,2017-05-31,47.17,EUR/MWh,EUR,,primary
ember:monthly:day_ahead_price,ES,cost,wholesale,,,2017-06-01,2017-06-30,50.2,EUR/MWh,EUR,,primary
ember:monthly:day_ahead_price,ES,cost,wholesale,,,2017-07-01,2017-07-31,48.63,EUR/MWh,EUR,,primary
ember:monthly:day_ahead_price,ES,cost,wholesale,,,2017-08-01,2017-08-31,47.45,EUR/MWh,EUR,,primary
ember:monthly:day_ahead_price,ES,cost,wholesale,,,2017-09-01,2017-09-30,49.16,EUR/MWh,EUR,,primary
ember:monthly:day_ahead_price,ES,cost,wholesale,,,2017-10-01,2017-10-31,56.78,EUR/MWh,EUR,,primary
ember:monthly:day_ahead_price,ES,cost,wholesale,,,2017-11-01,2017-11-30,59.22,EUR/MWh,EUR,,primary
ember:monthly:day_ahead_price,ES,cost,wholesale,,,2017-12-01,2017-12-31,57.85,EUR/MWh,EUR,,primary
ember:monthly:day_ahead_price,ES,cost,wholesale,,,2018-01-01,2018-01-31,50.05,EUR/MWh,EUR,,primary
ember:monthly:day_ahead_price,ES,cost,wholesale,,,2018-02-01,2018-02-28,54.87,EUR/MWh,EUR,,primary
ember:monthly:day_ahead_price,ES,cost,wholesale,,,2018-03-01,2018-03-31,40.16,EUR/MWh,EUR,,primary
ember:monthly:day_ahead_price,ES,cost,wholesale,,,2018-04-01,2018-04-30,42.69,EUR/MWh,EUR,,primary
ember:monthly:day_ahead_price,ES,cost,wholesale,,,2018-05-01,2018-05-31,54.98,EUR/MWh,EUR,,primary
ember:monthly:day_ahead_price,ES,cost,wholesale,,,2018-06-01,2018-06-30,58.45,EUR/MWh,EUR,,primary
ember:monthly:day_ahead_price,ES,cost,wholesale,,,2018-07-01,2018-07-31,61.88,EUR/MWh,EUR,,primary
ember:monthly:day_ahead_price,ES,cost,wholesale,,,2018-08-01,2018-08-31,64.34,EUR/MWh,EUR,,primary
ember:monthly:day_ahead_price,ES,cost,wholesale,,,2018-09-01,2018-09-30,71.25,EUR/MWh,EUR,,primary
ember:monthly:day_ahead_price,ES,cost,wholesale,,,2018-10-01,2018-10-31,65.11,EUR/MWh,EUR,,primary
ember:monthly:day_ahead_price,ES,cost,wholesale,,,2018-11-01,2018-11-30,61.96,EUR/MWh,EUR,,primary
ember:monthly:day_ahead_price,ES,cost,wholesale,,,2018-12-01,2018-12-31,61.81,EUR/MWh,EUR,,primary
ember:monthly:day_ahead_price,ES,cost,wholesale,,,2019-01-01,2019-01-31,61.96,EUR/MWh,EUR,,primary
ember:monthly:day_ahead_price,ES,cost,wholesale,,,2019-02-01,2019-02-28,54.02,EUR/MWh,EUR,,primary
ember:monthly:day_ahead_price,ES,cost,wholesale,,,2019-03-01,2019-03-31,48.84,EUR/MWh,EUR,,primary
ember:monthly:day_ahead_price,ES,cost,wholesale,,,2019-04-01,2019-04-30,50.4,EUR/MWh,EUR,,primary
ember:monthly:day_ahead_price,ES,cost,wholesale,,,2019-05-01,2019-05-31,48.39,EUR/MWh,EUR,,primary
ember:monthly:day_ahead_price,ES,cost,wholesale,,,2019-06-01,2019-06-30,47.16,EUR/MWh,EUR,,primary
ember:monthly:day_ahead_price,ES,cost,wholesale,,,2019-07-01,2019-07-31,51.46,EUR/MWh,EUR,,primary
ember:monthly:day_ahead_price,ES,cost,wholesale,,,2019-08-01,2019-08-31,44.95,EUR/MWh,EUR,,primary
ember:monthly:day_ahead_price,ES,cost,wholesale,,,2019-09-01,2019-09-30,42.13,EUR/MWh,EUR,,primary
ember:monthly:day_ahead_price,ES,cost,wholesale,,,2019-10-01,2019-10-31,47.15,EUR/MWh,EUR,,primary
ember:monthly:day_ahead_price,ES,cost,wholesale,,,2019-11-01,2019-11-30,42.19,EUR/MWh,EUR,,primary
ember:monthly:day_ahead_price,ES,cost,wholesale,,,2019-12-01,2019-12-31,33.81,EUR/MWh,EUR,,primary
ember:monthly:day_ahead_price,ES,cost,wholesale,,,2020-01-01,2020-01-31,41.08,EUR/MWh,EUR,,primary
ember:monthly:day_ahead_price,ES,cost,wholesale,,,2020-02-01,2020-02-29,35.86,EUR/MWh,EUR,,primary
ember:monthly:day_ahead_price,ES,cost,wholesale,,,2020-03-01,2020-03-31,27.74,EUR/MWh,EUR,,primary
ember:monthly:day_ahead_price,ES,cost,wholesale,,,2020-04-01,2020-04-30,17.61,EUR/MWh,EUR,,primary
ember:monthly:day_ahead_price,ES,cost,wholesale,,,2020-05-01,2020-05-31,21.33,EUR/MWh,EUR,,primary
ember:monthly:day_ahead_price,ES,cost,wholesale,,,2020-06-01,2020-06-30,30.63,EUR/MWh,EUR,,primary
ember:monthly:day_ahead_price,ES,cost,wholesale,,,2020-07-01,2020-07-31,34.62,EUR/MWh,EUR,,primary
ember:monthly:day_ahead_price,ES,cost,wholesale,,,2020-08-01,2020-08-31,36.21,EUR/MWh,EUR,,primary
ember:monthly:day_ahead_price,ES,cost,wholesale,,,2020-09-01,2020-09-30,41.95,EUR/MWh,EUR,,primary
ember:monthly:day_ahead_price,ES,cost,wholesale,,,2020-10-01,2020-10-31,36.55,EUR/MWh,EUR,,primary
ember:monthly:day_ahead_price,ES,cost,wholesale,,,2020-11-01,2020-11-30,41.96,EUR/MWh,EUR,,primary
ember:monthly:day_ahead_price,ES,cost,wholesale,,,2020-12-01,2020-12-31,41.97,EUR/MWh,EUR,,primary
ember:monthly:day_ahead_price,ES,cost,wholesale,,,2021-01-01,2021-01-31,60.1,EUR/MWh,EUR,,primary
ember:monthly:day_ahead_price,ES,cost,wholesale,,,2021-02-01,2021-02-28,28.54,EUR/MWh,EUR,,primary
ember:monthly:day_ahead_price,ES,cost,wholesale,,,2021-03-01,2021-03-31,45.48,EUR/MWh,EUR,,primary
ember:monthly:day_ahead_price,ES,cost,wholesale,,,2021-04-01,2021-04-30,65.06,EUR/MWh,EUR,,primary
ember:monthly:day_ahead_price,ES,cost,wholesale,,,2021-05-01,2021-05-31,67.18,EUR/MWh,EUR,,primary
ember:monthly:day_ahead_price,ES,cost,wholesale,,,2021-06-01,2021-06-30,83.31,EUR/MWh,EUR,,primary
ember:monthly:day_ahead_price,ES,cost,wholesale,,,2021-07-01,2021-07-31,92.37,EUR/MWh,EUR,,primary
ember:monthly:day_ahead_price,ES,cost,wholesale,,,2021-08-01,2021-08-31,106.08,EUR/MWh,EUR,,primary
ember:monthly:day_ahead_price,ES,cost,wholesale,,,2021-09-01,2021-09-30,156.4,EUR/MWh,EUR,,primary
ember:monthly:day_ahead_price,ES,cost,wholesale,,,2021-10-01,2021-10-31,199.67,EUR/MWh,EUR,,primary
ember:monthly:day_ahead_price,ES,cost,wholesale,,,2021-11-01,2021-11-30,193.72,EUR/MWh,EUR,,primary
ember:monthly:day_ahead_price,ES,cost,wholesale,,,2021-12-01,2021-12-31,238.97,EUR/MWh,EUR,,primary
ember:monthly:day_ahead_price,ES,cost,wholesale,,,2022-01-01,2022-01-31,201.8,EUR/MWh,EUR,,primary
ember:monthly:day_ahead_price,ES,cost,wholesale,,,2022-02-01,2022-02-28,200.31,EUR/MWh,EUR,,primary
ember:monthly:day_ahead_price,ES,cost,wholesale,,,2022-03-01,2022-03-31,283.19,EUR/MWh,EUR,,primary
ember:monthly:day_ahead_price,ES,cost,wholesale,,,2022-04-01,2022-04-30,191.52,EUR/MWh,EUR,,primary
ember:monthly:day_ahead_price,ES,cost,wholesale,,,2022-05-01,2022-05-31,187.16,EUR/MWh,EUR,,primary
ember:monthly:day_ahead_price,ES,cost,wholesale,,,2022-06-01,2022-06-30,169.43,EUR/MWh,EUR,,primary
ember:monthly:day_ahead_price,ES,cost,wholesale,,,2022-07-01,2022-07-31,142.68,EUR/MWh,EUR,,primary
ember:monthly:day_ahead_price,ES,cost,wholesale,,,2022-08-01,2022-08-31,154.99,EUR/MWh,EUR,,primary
ember:monthly:day_ahead_price,ES,cost,wholesale,,,2022-09-01,2022-09-30,140.92,EUR/MWh,EUR,,primary
ember:monthly:day_ahead_price,ES,cost,wholesale,,,2022-10-01,2022-10-31,127.22,EUR/MWh,EUR,,primary
ember:monthly:day_ahead_price,ES,cost,wholesale,,,2022-11-01,2022-11-30,115.57,EUR/MWh,EUR,,primary
ember:monthly:day_ahead_price,ES,cost,wholesale,,,2022-12-01,2022-12-31,96.75,EUR/MWh,EUR,,primary
ember:monthly:day_ahead_price,ES,cost,wholesale,,,2023-01-01,2023-01-31,69.73,EUR/MWh,EUR,,primary
ember:monthly:day_ahead_price,ES,cost,wholesale,,,2023-02-01,2023-02-28,133.49,EUR/MWh,EUR,,primary
ember:monthly:day_ahead_price,ES,cost,wholesale,,,2023-03-01,2023-03-31,89.58,EUR/MWh,EUR,,primary
ember:monthly:day_ahead_price,ES,cost,wholesale,,,2023-04-01,2023-04-30,73.82,EUR/MWh,EUR,,primary
ember:monthly:day_ahead_price,ES,cost,wholesale,,,2023-05-01,2023-05-31,74.17,EUR/MWh,EUR,,primary
ember:monthly:day_ahead_price,ES,cost,wholesale,,,2023-06-01,2023-06-30,93.05,EUR/MWh,EUR,,primary
ember:monthly:day_ahead_price,ES,cost,wholesale,,,2023-07-01,2023-07-31,90.46,EUR/MWh,EUR,,primary
ember:monthly:day_ahead_price,ES,cost,wholesale,,,2023-08-01,2023-08-31,96.09,EUR/MWh,EUR,,primary
ember:monthly:day_ahead_price,ES,cost,wholesale,,,2023-09-01,2023-09-30,103.36,EUR/MWh,EUR,,primary
ember:monthly:day_ahead_price,ES,cost,wholesale,,,2023-10-01,2023-10-31,89.84,EUR/MWh,EUR,,primary
ember:monthly:day_ahead_price,ES,cost,wholesale,,,2023-11-01,2023-11-30,63.57,EUR/MWh,EUR,,primary
ember:monthly:day_ahead_price,ES,cost,wholesale,,,2023-12-01,2023-12-31,72.12,EUR/MWh,EUR,,primary
ember:monthly:day_ahead_price,ES,cost,wholesale,,,2024-01-01,2024-01-31,74.11,EUR/MWh,EUR,,primary
ember:monthly:day_ahead_price,ES,cost,wholesale,,,2024-02-01,2024-02-29,39.9,EUR/MWh,EUR,,primary
ember:monthly:day_ahead_price,ES,cost,wholesale,,,2024-03-01,2024-03-31,20.28,EUR/MWh,EUR,,primary
ember:monthly:day_ahead_price,ES,cost,wholesale,,,2024-04-01,2024-04-30,13.77,EUR/MWh,EUR,,primary
ember:monthly:day_ahead_price,ES,cost,wholesale,,,2024-05-01,2024-05-31,30.32,EUR/MWh,EUR,,primary
ember:monthly:day_ahead_price,ES,cost,wholesale,,,2024-06-01,2024-06-30,56.26,EUR/MWh,EUR,,primary
ember:monthly:day_ahead_price,ES,cost,wholesale,,,2024-07-01,2024-07-31,72.43,EUR/MWh,EUR,,primary
ember:monthly:day_ahead_price,ES,cost,wholesale,,,2024-08-01,2024-08-31,91.1,EUR/MWh,EUR,,primary
ember:monthly:day_ahead_price,ES,cost,wholesale,,,2024-09-01,2024-09-30,72.54,EUR/MWh,EUR,,primary
ember:monthly:day_ahead_price,ES,cost,wholesale,,,2024-10-01,2024-10-31,68.49,EUR/MWh,EUR,,primary
ember:monthly:day_ahead_price,ES,cost,wholesale,,,2024-11-01,2024-11-30,104.48,EUR/MWh,EUR,,primary
ember:monthly:day_ahead_price,ES,cost,wholesale,,,2024-12-01,2024-12-31,111.25,EUR/MWh,EUR,,primary
ember:monthly:day_ahead_price,ES,cost,wholesale,,,2025-01-01,2025-01-31,96.69,EUR/MWh,EUR,,primary
ember:monthly:day_ahead_price,ES,cost,wholesale,,,2025-02-01,2025-02-28,108.26,EUR/MWh,EUR,,primary
ember:monthly:day_ahead_price,ES,cost,wholesale,,,2025-03-01,2025-03-31,53.1,EUR/MWh,EUR,,primary
ember:monthly:day_ahead_price,ES,cost,wholesale,,,2025-04-01,2025-04-30,26.65,EUR/MWh,EUR,,primary
ember:monthly:day_ahead_price,ES,cost,wholesale,,,2025-05-01,2025-05-31,16.99,EUR/MWh,EUR,,primary
ember:monthly:day_ahead_price,ES,cost,wholesale,,,2025-06-01,2025-06-30,72.81,EUR/MWh,EUR,,primary
ember:monthly:day_ahead_price,ES,cost,wholesale,,,2025-07-01,2025-07-31,69.94,EUR/MWh,EUR,,primary
ember:monthly:day_ahead_price,ES,cost,wholesale,,,2025-08-01,2025-08-31,68.25,EUR/MWh,EUR,,primary
ember:monthly:day_ahead_price,ES,cost,wholesale,,,2025-09-01,2025-09-30,79.69,EUR/MWh,EUR,,primary
ember:monthly:day_ahead_price,ES,cost,wholesale,,,2025-10-01,2025-10-31,75.63,EUR/MWh,EUR,,primary
ember:monthly:day_ahead_price,ES,cost,wholesale,,,2025-11-01,2025-11-30,58.71,EUR/MWh,EUR,,primary
ember:monthly:day_ahead_price,ES,cost,wholesale,,,2025-12-01,2025-12-31,77.93,EUR/MWh,EUR,,primary
ember:monthly:day_ahead_price,ES,cost,wholesale,,,2026-01-01,2026-01-31,71.34,EUR/MWh,EUR,,primary
ember:monthly:day_ahead_price,ES,cost,wholesale,,,2026-02-01,2026-02-28,16.43,EUR/MWh,EUR,,primary
ember:monthly:day_ahead_price,ES,cost,wholesale,,,2026-03-01,2026-03-31,41.68,EUR/MWh,EUR,,primary
ember:monthly:day_ahead_price,ES,cost,wholesale,,,2026-04-01,2026-04-30,42.6,EUR/MWh,EUR,,primary
ember:monthly:day_ahead_price,ES,cost,wholesale,,,2026-05-01,2026-05-31,54.05,EUR/MWh,EUR,,primary
ember:monthly:day_ahead_price,ES,cost,wholesale,,,2026-06-01,2026-06-30,69.58,EUR/MWh,EUR,,primary
ember:monthly:day_ahead_price,ES,cost,wholesale,,,2026-07-01,2026-07-31,104.79,EUR/MWh,EUR,,primary
ember:monthly:day_ahead_price,ES,cost,wholesale,,,2026-08-01,2026-08-31,119.03,EUR/MWh,EUR,,primary
ember:monthly:day_ahead_price,ES,cost,wholesale,,,2026-09-01,2026-09-30,143.23,EUR/MWh,EUR,,primary
ember:monthly:day_ahead_price,ES,cost,wholesale,,,2026-10-01,2026-10-31,148.37,EUR/MWh,EUR,,primary
ember:monthly:day_ahead_price,FI,cost,wholesale,,,2015-01-01,2015-01-31,33.81,EUR/MWh,EUR,,primary
ember:monthly:day_ahead_price,FI,cost,wholesale,,,2015-02-01,2015-02-28,33.15,EUR/MWh,EUR,,primary
ember:monthly:day_ahead_price,FI,cost,wholesale,,,2015-03-01,2015-03-31,29.42,EUR/MWh,EUR,,primary
ember:monthly:day_ahead_price,FI,cost,wholesale,,,2015-04-01,2015-04-30,30.09,EUR/MWh,EUR,,primary
ember:monthly:day_ahead_price,FI,cost,wholesale,,,2015-05-01,2015-05-31,25.84,EUR/MWh,EUR,,primary
ember:monthly:day_ahead_price,FI,cost,wholesale,,,2015-06-01,2015-06-30,21.54,EUR/MWh,EUR,,primary
ember:monthly:day_ahead_price,FI,cost,wholesale,,,2015-07-01,2015-07-31,27.57,EUR/MWh,EUR,,primary
ember:monthly:day_ahead_price,FI,cost,wholesale,,,2015-08-01,2015-08-31,31.15,EUR/MWh,EUR,,primary
ember:monthly:day_ahead_price,FI,cost,wholesale,,,2015-09-01,2015-09-30,31.74,EUR/MWh,EUR,,primary
ember:monthly:day_ahead_price,FI,cost,wholesale,,,2015-10-01,2015-10-31,33.54,EUR/MWh,EUR,,primary
ember:monthly:day_ahead_price,FI,cost,wholesale,,,2015-11-01,2015-11-30,31.71,EUR/MWh,EUR,,primary
ember:monthly:day_ahead_price,FI,cost,wholesale,,,2015-12-01,2015-12-31,26.56,EUR/MWh,EUR,,primary
ember:monthly:day_ahead_price,FI,cost,wholesale,,,2016-01-01,2016-01-31,37.83,EUR/MWh,EUR,,primary
ember:monthly:day_ahead_price,FI,cost,wholesale,,,2016-02-01,2016-02-29,26.09,EUR/MWh,EUR,,primary
ember:monthly:day_ahead_price,FI,cost,wholesale,,,2016-03-01,2016-03-31,27.09,EUR/MWh,EUR,,primary
ember:monthly:day_ahead_price,FI,cost,wholesale,,,2016-04-01,2016-04-30,27.25,EUR/MWh,EUR,,primary
ember:monthly:day_ahead_price,FI,cost,wholesale,,,2016-05-01,2016-05-31,28.07,EUR/MWh,EUR,,primary
ember:monthly:day_ahead_price,FI,cost,wholesale,,,2016-06-01,2016-06-30,35.42,EUR/MWh,EUR,,primary
ember:monthly:day_ahead_price,FI,cost,wholesale,,,2016-07-01,2016-07-31,30.96,EUR/MWh,EUR,,primary
ember:monthly:day_ahead_price,FI,cost,wholesale,,,2016-08-01,2016-08-31,31.38,EUR/MWh,EUR,,primary
ember:monthly:day_ahead_price,FI,cost,wholesale,,,2016-09-01,2016-09-30,32.53,EUR/MWh,EUR,,primary
ember:monthly:day_ahead_price,FI,cost,wholesale,,,2016-10-01,2016-10-31,37.59,EUR/MWh,EUR,,primary
ember:monthly:day_ahead_price,FI,cost,wholesale,,,2016-11-01,2016-11-30,41.01,EUR/MWh,EUR,,primary
ember:monthly:day_ahead_price,FI,cost,wholesale,,,2016-12-01,2016-12-31,33.98,EUR/MWh,EUR,,primary
ember:monthly:day_ahead_price,FI,cost,wholesale,,,2017-01-01,2017-01-31,33.3,EUR/MWh,EUR,,primary
ember:monthly:day_ahead_price,FI,cost,wholesale,,,2017-02-01,2017-02-28,35.07,EUR/MWh,EUR,,primary
ember:monthly:day_ahead_price,FI,cost,wholesale,,,2017-03-01,2017-03-31,30.67,EUR/MWh,EUR,,primary
ember:monthly:day_ahead_price,FI,cost,wholesale,,,2017-04-01,2017-04-30,31.4,EUR/MWh,EUR,,primary
ember:monthly:day_ahead_price,FI,cost,wholesale,,,2017-05-01,2017-05-31,30.66,EUR/MWh,EUR,,primary
ember:monthly:day_ahead_price,FI,cost,wholesale,,,2017-06-01,2017-06-30,30.65,EUR/MWh,EUR,,primary
ember:monthly:day_ahead_price,FI,cost,wholesale,,,2017-07-01,2017-07-31,34.18,EUR/MWh,EUR,,primary
ember:monthly:day_ahead_price,FI,cost,wholesale,,,2017-08-01,2017-08-31,36.3,EUR/MWh,EUR,,primary
ember:monthly:day_ahead_price,FI,cost,wholesale,,,2017-09-01,2017-09-30,37.25,EUR/MWh,EUR,,primary
ember:monthly:day_ahead_price,FI,cost,wholesale,,,2017-10-01,2017-10-31,33.42,EUR/MWh,EUR,,primary
ember:monthly:day_ahead_price,FI,cost,wholesale,,,2017-11-01,2017-11-30,33.67,EUR/MWh,EUR,,primary
ember:monthly:day_ahead_price,FI,cost,wholesale,,,2017-12-01,2017-12-31,31.91,EUR/MWh,EUR,,primary
ember:monthly:day_ahead_price,FI,cost,wholesale,,,2018-01-01,2018-01-31,37.08,EUR/MWh,EUR,,primary
ember:monthly:day_ahead_price,FI,cost,wholesale,,,2018-02-01,2018-02-28,43.38,EUR/MWh,EUR,,primary
ember:monthly:day_ahead_price,FI,cost,wholesale,,,2018-03-01,2018-03-31,45.59,EUR/MWh,EUR,,primary
ember:monthly:day_ahead_price,FI,cost,wholesale,,,2018-04-01,2018-04-30,40.14,EUR/MWh,EUR,,primary
ember:monthly:day_ahead_price,FI,cost,wholesale,,,2018-05-01,2018-05-31,38.7,EUR/MWh,EUR,,primary
ember:monthly:day_ahead_price,FI,cost,wholesale,,,2018-06-01,2018-06-30,47.18,EUR/MWh,EUR,,primary
ember:monthly:day_ahead_price,FI,cost,wholesale,,,2018-07-01,2018-07-31,54.01,EUR/MWh,EUR,,primary
ember:monthly:day_ahead_price,FI,cost,wholesale,,,2018-08-01,2018-08-31,55.5,EUR/MWh,EUR,,primary
ember:monthly:day_ahead_price,FI,cost,wholesale,,,2018-09-01,2018-09-30,50.96,EUR/MWh,EUR,,primary
ember:monthly:day_ahead_price,FI,cost,wholesale,,,2018-10-01,2018-10-31,46.36,EUR/MWh,EUR,,primary
ember:monthly:day_ahead_price,FI,cost,wholesale,,,2018-11-01,2018-11-30,50.08,EUR/MWh,EUR,,primary
ember:monthly:day_ahead_price,FI,cost,wholesale,,,2018-12-01,2018-12-31,52.3,EUR/MWh,EUR,,primary
ember:monthly:day_ahead_price,FI,cost,wholesale,,,2019-01-01,2019-01-31,55.81,EUR/MWh,EUR,,primary
ember:monthly:day_ahead_price,FI,cost,wholesale,,,2019-02-01,2019-02-28,46.75,EUR/MWh,EUR,,primary
ember:monthly:day_ahead_price,FI,cost,wholesale,,,2019-03-01,2019-03-31,39.98,EUR/MWh,EUR,,primary
ember:monthly:day_ahead_price,FI,cost,wholesale,,,2019-04-01,2019-04-30,41.37,EUR/MWh,EUR,,primary
ember:monthly:day_ahead_price,FI,cost,wholesale,,,2019-05-01,2019-05-31,39.86,EUR/MWh,EUR,,primary
ember:monthly:day_ahead_price,FI,cost,wholesale,,,2019-06-01,2019-06-30,30.73,EUR/MWh,EUR,,primary
ember:monthly:day_ahead_price,FI,cost,wholesale,,,2019-07-01,2019-07-31,45.96,EUR/MWh,EUR,,primary
ember:monthly:day_ahead_price,FI,cost,wholesale,,,2019-08-01,2019-08-31,48.74,EUR/MWh,EUR,,primary
ember:monthly:day_ahead_price,FI,cost,wholesale,,,2019-09-01,2019-09-30,48.76,EUR/MWh,EUR,,primary
ember:monthly:day_ahead_price,FI,cost,wholesale,,,2019-10-01,2019-10-31,46.36,EUR/MWh,EUR,,primary
ember:monthly:day_ahead_price,FI,cost,wholesale,,,2019-11-01,2019-11-30,45.71,EUR/MWh,EUR,,primary
ember:monthly:day_ahead_price,FI,cost,wholesale,,,2019-12-01,2019-12-31,38.4,EUR/MWh,EUR,,primary
ember:monthly:day_ahead_price,FI,cost,wholesale,,,2020-01-01,2020-01-31,27.14,EUR/MWh,EUR,,primary
ember:monthly:day_ahead_price,FI,cost,wholesale,,,2020-02-01,2020-02-29,24.44,EUR/MWh,EUR,,primary
ember:monthly:day_ahead_price,FI,cost,wholesale,,,2020-03-01,2020-03-31,20.35,EUR/MWh,EUR,,primary
ember:monthly:day_ahead_price,FI,cost,wholesale,,,2020-04-01,2020-04-30,19.81,EUR/MWh,EUR,,primary
ember:monthly:day_ahead_price,FI,cost,wholesale,,,2020-05-01,2020-05-31,19.46,EUR/MWh,EUR,,primary
ember:monthly:day_ahead_price,FI,cost,wholesale,,,2020-06-01,2020-06-30,28.25,EUR/MWh,EUR,,primary
ember:monthly:day_ahead_price,FI,cost,wholesale,,,2020-07-01,2020-07-31,20.27,EUR/MWh,EUR,,primary
ember:monthly:day_ahead_price,FI,cost,wholesale,,,2020-08-01,2020-08-31,40.57,EUR/MWh,EUR,,primary
ember:monthly:day_ahead_price,FI,cost,wholesale,,,2020-09-01,2020-09-30,37.78,EUR/MWh,EUR,,primary
ember:monthly:day_ahead_price,FI,cost,wholesale,,,2020-10-01,2020-10-31,31.08,EUR/MWh,EUR,,primary
ember:monthly:day_ahead_price,FI,cost,wholesale,,,2020-11-01,2020-11-30,27.64,EUR/MWh,EUR,,primary
ember:monthly:day_ahead_price,FI,cost,wholesale,,,2020-12-01,2020-12-31,39.27,EUR/MWh,EUR,,primary
ember:monthly:day_ahead_price,FI,cost,wholesale,,,2021-01-01,2021-01-31,51.25,EUR/MWh,EUR,,primary
ember:monthly:day_ahead_price,FI,cost,wholesale,,,2021-02-01,2021-02-28,57.1,EUR/MWh,EUR,,primary
ember:monthly:day_ahead_price,FI,cost,wholesale,,,2021-03-01,2021-03-31,38.32,EUR/MWh,EUR,,primary
ember:monthly:day_ahead_price,FI,cost,wholesale,,,2021-04-01,2021-04-30,36.83,EUR/MWh,EUR,,primary
ember:monthly:day_ahead_price,FI,cost,wholesale,,,2021-05-01,2021-05-31,45.9,EUR/MWh,EUR,,primary
ember:monthly:day_ahead_price,FI,cost,wholesale,,,2021-06-01,2021-06-30,56.18,EUR/MWh,EUR,,primary
ember:monthly:day_ahead_price,FI,cost,wholesale,,,2021-07-01,2021-07-31,78.79,EUR/MWh,EUR,,primary
ember:monthly:day_ahead_price,FI,cost,wholesale,,,2021-08-01,2021-08-31,68.14,EUR/MWh,EUR,,primary
ember:monthly:day_ahead_price,FI,cost,wholesale,,,2021-09-01,2021-09-30,89.3,EUR/MWh,EUR,,primary
ember:monthly:day_ahead_price,FI,cost,wholesale,,,2021-10-01,2021-10-31,64.85,EUR/MWh,EUR,,primary
ember:monthly:day_ahead_price,FI,cost,wholesale,,,2021-11-01,2021-11-30,86.05,EUR/MWh,EUR,,primary
ember:monthly:day_ahead_price,FI,cost,wholesale,,,2021-12-01,2021-12-31,193.27,EUR/MWh,EUR,,primary
ember:monthly:day_ahead_price,FI,cost,wholesale,,,2022-01-01,2022-01-31,106.83,EUR/MWh,EUR,,primary
ember:monthly:day_ahead_price,FI,cost,wholesale,,,2022-02-01,2022-02-28,80.85,EUR/MWh,EUR,,primary
ember:monthly:day_ahead_price,FI,cost,wholesale,,,2022-03-01,2022-03-31,86.63,EUR/MWh,EUR,,primary
ember:monthly:day_ahead_price,FI,cost,wholesale,,,2022-04-01,2022-04-30,79.42,EUR/MWh,EUR,,primary
ember:monthly:day_ahead_price,FI,cost,wholesale,,,2022-05-01,2022-05-31,132.35,EUR/MWh,EUR,,primary
ember:monthly:day_ahead_price,FI,cost,wholesale,,,2022-06-01,2022-06-30,140.33,EUR/MWh,EUR,,primary
ember:monthly:day_ahead_price,FI,cost,wholesale,,,2022-07-01,2022-07-31,183.92,EUR/MWh,EUR,,primary
ember:monthly:day_ahead_price,FI,cost,wholesale,,,2022-08-01,2022-08-31,261.53,EUR/MWh,EUR,,primary
ember:monthly:day_ahead_price,FI,cost,wholesale,,,2022-09-01,2022-09-30,215.46,EUR/MWh,EUR,,primary
ember:monthly:day_ahead_price,FI,cost,wholesale,,,2022-10-01,2022-10-31,113.21,EUR/MWh,EUR,,primary
ember:monthly:day_ahead_price,FI,cost,wholesale,,,2022-11-01,2022-11-30,195.62,EUR/MWh,EUR,,primary
ember:monthly:day_ahead_price,FI,cost,wholesale,,,2022-12-01,2022-12-31,245.6,EUR/MWh,EUR,,primary
ember:monthly:day_ahead_price,FI,cost,wholesale,,,2023-01-01,2023-01-31,78.87,EUR/MWh,EUR,,primary
ember:monthly:day_ahead_price,FI,cost,wholesale,,,2023-02-01,2023-02-28,80.04,EUR/MWh,EUR,,primary
ember:monthly:day_ahead_price,FI,cost,wholesale,,,2023-03-01,2023-03-31,74.13,EUR/MWh,EUR,,primary
ember:monthly:day_ahead_price,FI,cost,wholesale,,,2023-04-01,2023-04-30,60.54,EUR/MWh,EUR,,primary
ember:monthly:day_ahead_price,FI,cost,wholesale,,,2023-05-01,2023-05-31,26.52,EUR/MWh,EUR,,primary
ember:monthly:day_ahead_price,FI,cost,wholesale,,,2023-06-01,2023-06-30,43.43,EUR/MWh,EUR,,primary
ember:monthly:day_ahead_price,FI,cost,wholesale,,,2023-07-01,2023-07-31,32.93,EUR/MWh,EUR,,primary
ember:monthly:day_ahead_price,FI,cost,wholesale,,,2023-08-01,2023-08-31,66.42,EUR/MWh,EUR,,primary
ember:monthly:day_ahead_price,FI,cost,wholesale,,,2023-09-01,2023-09-30,32.75,EUR/MWh,EUR,,primary
ember:monthly:day_ahead_price,FI,cost,wholesale,,,2023-10-01,2023-10-31,37.7,EUR/MWh,EUR,,primary
ember:monthly:day_ahead_price,FI,cost,wholesale,,,2023-11-01,2023-11-30,69.77,EUR/MWh,EUR,,primary
ember:monthly:day_ahead_price,FI,cost,wholesale,,,2023-12-01,2023-12-31,76.19,EUR/MWh,EUR,,primary
ember:monthly:day_ahead_price,FI,cost,wholesale,,,2024-01-01,2024-01-31,106.16,EUR/MWh,EUR,,primary
ember:monthly:day_ahead_price,FI,cost,wholesale,,,2024-02-01,2024-02-29,51.59,EUR/MWh,EUR,,primary
ember:monthly:day_ahead_price,FI,cost,wholesale,,,2024-03-01,2024-03-31,59.41,EUR/MWh,EUR,,primary
ember:monthly:day_ahead_price,FI,cost,wholesale,,,2024-04-01,2024-04-30,48.91,EUR/MWh,EUR,,primary
ember:monthly:day_ahead_price,FI,cost,wholesale,,,2024-05-01,2024-05-31,35.07,EUR/MWh,EUR,,primary
ember:monthly:day_ahead_price,FI,cost,wholesale,,,2024-06-01,2024-06-30,36.13,EUR/MWh,EUR,,primary
ember:monthly:day_ahead_price,FI,cost,wholesale,,,2024-07-01,2024-07-31,16.84,EUR/MWh,EUR,,primary
ember:monthly:day_ahead_price,FI,cost,wholesale,,,2024-08-01,2024-08-31,12.53,EUR/MWh,EUR,,primary
ember:monthly:day_ahead_price,FI,cost,wholesale,,,2024-09-01,2024-09-30,56.02,EUR/MWh,EUR,,primary
ember:monthly:day_ahead_price,FI,cost,wholesale,,,2024-10-01,2024-10-31,40.69,EUR/MWh,EUR,,primary
ember:monthly:day_ahead_price,FI,cost,wholesale,,,2024-11-01,2024-11-30,45.35,EUR/MWh,EUR,,primary
ember:monthly:day_ahead_price,FI,cost,wholesale,,,2024-12-01,2024-12-31,38.79,EUR/MWh,EUR,,primary
ember:monthly:day_ahead_price,FI,cost,wholesale,,,2025-01-01,2025-01-31,52.82,EUR/MWh,EUR,,primary
ember:monthly:day_ahead_price,FI,cost,wholesale,,,2025-02-01,2025-02-28,47.34,EUR/MWh,EUR,,primary
ember:monthly:day_ahead_price,FI,cost,wholesale,,,2025-03-01,2025-03-31,47.5,EUR/MWh,EUR,,primary
ember:monthly:day_ahead_price,FI,cost,wholesale,,,2025-04-01,2025-04-30,47.82,EUR/MWh,EUR,,primary
ember:monthly:day_ahead_price,FI,cost,wholesale,,,2025-05-01,2025-05-31,17.97,EUR/MWh,EUR,,primary
ember:monthly:day_ahead_price,FI,cost,wholesale,,,2025-06-01,2025-06-30,18.58,EUR/MWh,EUR,,primary
ember:monthly:day_ahead_price,FI,cost,wholesale,,,2025-07-01,2025-07-31,24.18,EUR/MWh,EUR,,primary
ember:monthly:day_ahead_price,FI,cost,wholesale,,,2025-08-01,2025-08-31,55.57,EUR/MWh,EUR,,primary
ember:monthly:day_ahead_price,FI,cost,wholesale,,,2025-09-01,2025-09-30,37.87,EUR/MWh,EUR,,primary
ember:monthly:day_ahead_price,FI,cost,wholesale,,,2025-10-01,2025-10-31,48.98,EUR/MWh,EUR,,primary
ember:monthly:day_ahead_price,FI,cost,wholesale,,,2025-11-01,2025-11-30,47.9,EUR/MWh,EUR,,primary
ember:monthly:day_ahead_price,FI,cost,wholesale,,,2025-12-01,2025-12-31,36.14,EUR/MWh,EUR,,primary
ember:monthly:day_ahead_price,FI,cost,wholesale,,,2026-01-01,2026-01-31,117.35,EUR/MWh,EUR,,primary
ember:monthly:day_ahead_price,FI,cost,wholesale,,,2026-02-01,2026-02-28,137.2,EUR/MWh,EUR,,primary
ember:monthly:day_ahead_price,FI,cost,wholesale,,,2026-03-01,2026-03-31,27.71,EUR/MWh,EUR,,primary
ember:monthly:day_ahead_price,FI,cost,wholesale,,,2026-04-01,2026-04-30,49.55,EUR/MWh,EUR,,primary
ember:monthly:day_ahead_price,FI,cost,wholesale,,,2026-05-01,2026-05-31,53.07,EUR/MWh,EUR,,primary
ember:monthly:day_ahead_price,FI,cost,wholesale,,,2026-06-01,2026-06-30,45.07,EUR/MWh,EUR,,primary
ember:monthly:day_ahead_price,FI,cost,wholesale,,,2026-07-01,2026-07-31,15.35,EUR/MWh,EUR,,primary
ember:monthly:day_ahead_price,FI,cost,wholesale,,,2026-08-01,2026-08-31,40.94,EUR/MWh,EUR,,primary
ember:monthly:day_ahead_price,FI,cost,wholesale,,,2026-09-01,2026-09-30,57.28,EUR/MWh,EUR,,primary
ember:monthly:day_ahead_price,FI,cost,wholesale,,,2026-10-01,2026-10-31,31.02,EUR/MWh,EUR,,primary
ember:monthly:day_ahead_price,FR,cost,wholesale,,,2015-01-01,2015-01-31,40.94,EUR/MWh,EUR,,primary
ember:monthly:day_ahead_price,FR,cost,wholesale,,,2015-02-01,2015-02-28,50.14,EUR/MWh,EUR,,primary
ember:monthly:day_ahead_price,FR,cost,wholesale,,,2015-03-01,2015-03-31,43.79,EUR/MWh,EUR,,primary
ember:monthly:day_ahead_price,FR,cost,wholesale,,,2015-04-01,2015-04-30,39.52,EUR/MWh,EUR,,primary
ember:monthly:day_ahead_price,FR,cost,wholesale,,,2015-05-01,2015-05-31,26.46,EUR/MWh,EUR,,primary
ember:monthly:day_ahead_price,FR,cost,wholesale,,,2015-06-01,2015-06-30,32.16,EUR/MWh,EUR,,primary
ember:monthly:day_ahead_price,FR,cost,wholesale,,,2015-07-01,2015-07-31,37.91,EUR/MWh,EUR,,primary
ember:monthly:day_ahead_price,FR,cost,wholesale,,,2015-08-01,2015-08-31,32.19,EUR/MWh,EUR,,primary
ember:monthly:day_ahead_price,FR,cost,wholesale,,,2015-09-01,2015-09-30,37.45,EUR/MWh,EUR,,primary
ember:monthly:day_ahead_price,FR,cost,wholesale,,,2015-10-01,2015-10-31,44.96,EUR/MWh,EUR,,primary
ember:monthly:day_ahead_price,FR,cost,wholesale,,,2015-11-01,2015-11-30,41.7,EUR/MWh,EUR,,primary
ember:monthly:day_ahead_price,FR,cost,wholesale,,,2015-12-01,2015-12-31,35.13,EUR/MWh,EUR,,primary
ember:monthly:day_ahead_price,FR,cost,wholesale,,,2016-01-01,2016-01-31,33.6,EUR/MWh,EUR,,primary
ember:monthly:day_ahead_price,FR,cost,wholesale,,,2016-02-01,2016-02-29,25.54,EUR/MWh,EUR,,primary
ember:monthly:day_ahead_price,FR,cost,wholesale,,,2016-03-01,2016-03-31,27.09,EUR/MWh,EUR,,primary
ember:monthly:day_ahead_price,FR,cost,wholesale,,,2016-04-01,2016-04-30,25.48,EUR/MWh,EUR,,primary
ember:monthly:day_ahead_price,FR,cost,wholesale,,,2016-05-01,2016-05-31,24.28,EUR/MWh,EUR,,primary
ember:monthly:day_ahead_price,FR,cost,wholesale,,,2016-06-01,2016-06-30,28.02,EUR/MWh,EUR,,primary
ember:monthly:day_ahead_price,FR,cost,wholesale,,,2016-07-01,2016-07-31,30.1,EUR/MWh,EUR,,primary
ember:monthly:day_ahead_price,FR,cost,wholesale,,,2016-08-01,2016-08-31,29.72,EUR/MWh,EUR,,primary
ember:monthly:day_ahead_price,FR,cost,wholesale,,,2016-09-01,2016-09-30,37.2,EUR/MWh,EUR,,primary
ember:monthly:day_ahead_price,FR,cost,wholesale,,,2016-10-01,2016-10-31,55.19,EUR/MWh,EUR,,primary
ember:monthly:day_ahead_price,FR,cost,wholesale,,,2016-11-01,2016-11-30,65.18,EUR/MWh,EUR,,primary
ember:monthly:day_ahead_price,FR,cost,wholesale,,,2016-12-01,2016-12-31,59.24,EUR/MWh,EUR,,primary
ember:monthly:day_ahead_price,FR,cost,wholesale,,,2017-01-01,2017-01-31,78.0,EUR/MWh,EUR,,primary
ember:monthly:day_ahead_price,FR,cost,wholesale,,,2017-02-01,2017-02-28,51.33,EUR/MWh,EUR,,primary
ember:monthly:day_ahead_price,FR,cost,wholesale,,,2017-03-01,2017-03-31,35.4,EUR/MWh,EUR,,primary
ember:monthly:day_ahead_price,FR,cost,wholesale,,,2017-04-01,2017-04-30,34.74,EUR/MWh,EUR,,primary
ember:monthly:day_ahead_price,FR,cost,wholesale,,,2017-05-01,2017-05-31,34.26,EUR/MWh,EUR,,primary
ember:monthly:day_ahead_price,FR,cost,wholesale,,,2017-06-01,2017-06-30,32.74,EUR/MWh,EUR,,primary
ember:monthly:day_ahead_price,FR,cost,wholesale,,,2017-07-01,2017-07-31,34.61,EUR/MWh,EUR,,primary
ember:monthly:day_ahead_price,FR,cost,wholesale,,,2017-08-01,2017-08-31,32.02,EUR/MWh,EUR,,primary
ember:monthly:day_ahead_price,FR,cost,wholesale,,,2017-09-01,2017-09-30,37.0,EUR/MWh,EUR,,primary
ember:monthly:day_ahead_price,FR,cost,wholesale,,,2017-10-01,2017-10-31,49.7,EUR/MWh,EUR,,primary
ember:monthly:day_ahead_price,FR,cost,wholesale,,,2017-11-01,2017-11-30,63.45,EUR/MWh,EUR,,primary
ember:monthly:day_ahead_price,FR,cost,wholesale,,,2017-12-01,2017-12-31,56.69,EUR/MWh,EUR,,primary
ember:monthly:day_ahead_price,FR,cost,wholesale,,,2018-01-01,2018-01-31,34.98,EUR/MWh,EUR,,primary
ember:monthly:day_ahead_price,FR,cost,wholesale,,,2018-02-01,2018-02-28,48.78,EUR/MWh,EUR,,primary
ember:monthly:day_ahead_price,FR,cost,wholesale,,,2018-03-01,2018-03-31,48.19,EUR/MWh,EUR,,primary
ember:monthly:day_ahead_price,FR,cost,wholesale,,,2018-04-01,2018-04-30,33.55,EUR/MWh,EUR,,primary
ember:monthly:day_ahead_price,FR,cost,wholesale,,,2018-05-01,2018-05-31,34.5,EUR/MWh,EUR,,primary
ember:monthly:day_ahead_price,FR,cost,wholesale,,,2018-06-01,2018-06-30,42.29,EUR/MWh,EUR,,primary
ember:monthly:day_ahead_price,FR,cost,wholesale,,,2018-07-01,2018-07-31,51.44,EUR/MWh,EUR,,primary
ember:monthly:day_ahead_price,FR,cost,wholesale,,,2018-08-01,2018-08-31,58.49,EUR/MWh,EUR,,primary
ember:monthly:day_ahead_price,FR,cost,wholesale,,,2018-09-01,2018-09-30,61.95,EUR/MWh,EUR,,primary
ember:monthly:day_ahead_price,FR,cost,wholesale,,,2018-10-01,2018-10-31,65.66,EUR/MWh,EUR,,primary
ember:monthly:day_ahead_price,FR,cost,wholesale,,,2018-11-01,2018-11-30,67.81,EUR/MWh,EUR,,primary
ember:monthly:day_ahead_price,FR,cost,wholesale,,,2018-12-01,2018-12-31,54.81,EUR/MWh,EUR,,primary
ember:monthly:day_ahead_price,FR,cost,wholesale,,,2019-01-01,2019-01-31,61.15,EUR/MWh,EUR,,primary
ember:monthly:day_ahead_price,FR,cost,wholesale,,,2019-02-01,2019-02-28,46.61,EUR/MWh,EUR,,primary
ember:monthly:day_ahead_price,FR,cost,wholesale,,,2019-03-01,2019-03-31,33.85,EUR/MWh,EUR,,primary
ember:monthly:day_ahead_price,FR,cost,wholesale,,,2019-04-01,2019-04-30,38.12,EUR/MWh,EUR,,primary
ember:monthly:day_ahead_price,FR,cost,wholesale,,,2019-05-01,2019-05-31,37.2,EUR/MWh,EUR,,primary
ember:monthly:day_ahead_price,FR,cost,wholesale,,,2019-06-01,2019-06-30,29.24,EUR/MWh,EUR,,primary
ember:monthly:day_ahead_price,FR,cost,wholesale,,,2019-07-01,2019-07-31,37.7,EUR/MWh,EUR,,primary
ember:monthly:day_ahead_price,FR,cost,wholesale,,,2019-08-01,2019-08-31,33.36,EUR/MWh,EUR,,primary
ember:monthly:day_ahead_price,FR,cost,wholesale,,,2019-09-01,2019-09-30,35.55,EUR/MWh,EUR,,primary
ember:monthly:day_ahead_price,FR,cost,wholesale,,,2019-10-01,2019-10-31,38.62,EUR/MWh,EUR,,primary
ember:monthly:day_ahead_price,FR,cost,wholesale,,,2019-11-01,2019-11-30,45.95,EUR/MWh,EUR,,primary
ember:monthly:day_ahead_price,FR,cost,wholesale,,,2019-12-01,2019-12-31,36.47,EUR/MWh,EUR,,primary
ember:monthly:day_ahead_price,FR,cost,wholesale,,,2020-01-01,2020-01-31,37.97,EUR/MWh,EUR,,primary
ember:monthly:day_ahead_price,FR,cost,wholesale,,,2020-02-01,2020-02-29,26.25,EUR/MWh,EUR,,primary
ember:monthly:day_ahead_price,FR,cost,wholesale,,,2020-03-01,2020-03-31,23.83,EUR/MWh,EUR,,primary
ember:monthly:day_ahead_price,FR,cost,wholesale,,,2020-04-01,2020-04-30,13.41,EUR/MWh,EUR,,primary
ember:monthly:day_ahead_price,FR,cost,wholesale,,,2020-05-01,2020-05-31,14.87,EUR/MWh,EUR,,primary
ember:monthly:day_ahead_price,FR,cost,wholesale,,,2020-06-01,2020-06-30,25.85,EUR/MWh,EUR,,primary
ember:monthly:day_ahead_price,FR,cost,wholesale,,,2020-07-01,2020-07-31,33.42,EUR/MWh,EUR,,primary
ember:monthly:day_ahead_price,FR,cost,wholesale,,,2020-08-01,2020-08-31,36.76,EUR/MWh,EUR,,primary
ember:monthly:day_ahead_price,FR,cost,wholesale,,,2020-09-01,2020-09-30,47.19,EUR/MWh,EUR,,primary
ember:monthly:day_ahead_price,FR,cost,wholesale,,,2020-10-01,2020-10-31,37.88,EUR/MWh,EUR,,primary
ember:monthly:day_ahead_price,FR,cost,wholesale,,,2020-11-01,2020-11-30,40.14,EUR/MWh,EUR,,primary
ember:monthly:day_ahead_price,FR,cost,wholesale,,,2020-12-01,2020-12-31,48.42,EUR/MWh,EUR,,primary
ember:monthly:day_ahead_price,FR,cost,wholesale,,,2021-01-01,2021-01-31,59.47,EUR/MWh,EUR,,primary
ember:monthly:day_ahead_price,FR,cost,wholesale,,,2021-02-01,2021-02-28,49.03,EUR/MWh,EUR,,primary
ember:monthly:day_ahead_price,FR,cost,wholesale,,,2021-03-01,2021-03-31,50.23,EUR/MWh,EUR,,primary
ember:monthly:day_ahead_price,FR,cost,wholesale,,,2021-04-01,2021-04-30,63.15,EUR/MWh,EUR,,primary
ember:monthly:day_ahead_price,FR,cost,wholesale,,,2021-05-01,2021-05-31,55.25,EUR/MWh,EUR,,primary
ember:monthly:day_ahead_price,FR,cost,wholesale,,,2021-06-01,2021-06-30,73.55,EUR/MWh,EUR,,primary
ember:monthly:day_ahead_price,FR,cost,wholesale,,,2021-07-01,2021-07-31,78.31,EUR/MWh,EUR,,primary
ember:monthly:day_ahead_price,FR,cost,wholesale,,,2021-08-01,2021-08-31,77.4,EUR/MWh,EUR,,primary
ember:monthly:day_ahead_price,FR,cost,wholesale,,,2021-09-01,2021-09-30,135.3,EUR/MWh,EUR,,primary
ember:monthly:day_ahead_price,FR,cost,wholesale,,,2021-10-01,2021-10-31,172.58,EUR/MWh,EUR,,primary
ember:monthly:day_ahead_price,FR,cost,wholesale,,,2021-11-01,2021-11-30,217.27,EUR/MWh,EUR,,primary
ember:monthly:day_ahead_price,FR,cost,wholesale,,,2021-12-01,2021-12-31,274.51,EUR/MWh,EUR,,primary
ember:monthly:day_ahead_price,FR,cost,wholesale,,,2022-01-01,2022-01-31,211.85,EUR/MWh,EUR,,primary
ember:monthly:day_ahead_price,FR,cost,wholesale,,,2022-02-01,2022-02-28,185.65,EUR/MWh,EUR,,primary
ember:monthly:day_ahead_price,FR,cost,wholesale,,,2022-03-01,2022-03-31,295.17,EUR/MWh,EUR,,primary
ember:monthly:day_ahead_price,FR,cost,wholesale,,,2022-04-01,2022-04-30,232.92,EUR/MWh,EUR,,primary
ember:monthly:day_ahead_price,FR,cost,wholesale,,,2022-05-01,2022-05-31,197.46,EUR/MWh,EUR,,primary
ember:monthly:day_ahead_price,FR,cost,wholesale,,,2022-06-01,2022-06-30,248.73,EUR/MWh,EUR,,primary
ember:monthly:day_ahead_price,FR,cost,wholesale,,,2022-07-01,2022-07-31,400.95,EUR/MWh,EUR,,primary
ember:monthly:day_ahead_price,FR,cost,wholesale,,,2022-08-01,2022-08-31,493.08,EUR/MWh,EUR,,primary
ember:monthly:day_ahead_price,FR,cost,wholesale,,,2022-09-01,2022-09-30,393.39,EUR/MWh,EUR,,primary
ember:monthly:day_ahead_price,FR,cost,wholesale,,,2022-10-01,2022-10-31,178.89,EUR/MWh,EUR,,primary
ember:monthly:day_ahead_price,FR,cost,wholesale,,,2022-11-01,2022-11-30,192.16,EUR/MWh,EUR,,primary
ember:monthly:day_ahead_price,FR,cost,wholesale,,,2022-12-01,2022-12-31,270.49,EUR/MWh,EUR,,primary
ember:monthly:day_ahead_price,FR,cost,wholesale,,,2023-01-01,2023-01-31,132.33,EUR/MWh,EUR,,primary
ember:monthly:day_ahead_price,FR,cost,wholesale,,,2023-02-01,2023-02-28,148.78,EUR/MWh,EUR,,primary
ember:monthly:day_ahead_price,FR,cost,wholesale,,,2023-03-01,2023-03-31,111.82,EUR/MWh,EUR,,primary
ember:monthly:day_ahead_price,FR,cost,wholesale,,,2023-04-01,2023-04-30,106.47,EUR/MWh,EUR,,primary
ember:monthly:day_ahead_price,FR,cost,wholesale,,,2023-05-01,2023-05-31,77.48,EUR/MWh,EUR,,primary
ember:monthly:day_ahead_price,FR,cost,wholesale,,,2023-06-01,2023-06-30,91.28,EUR/MWh,EUR,,primary
ember:monthly:day_ahead_price,FR,cost,wholesale,,,2023-07-01,2023-07-31,77.62,EUR/MWh,EUR,,primary
ember:monthly:day_ahead_price,FR,cost,wholesale,,,2023-08-01,2023-08-31,90.96,EUR/MWh,EUR,,primary
ember:monthly:day_ahead_price,FR,cost,wholesale,,,2023-09-01,2023-09-30,88.71,EUR/MWh,EUR,,primary
ember:monthly:day_ahead_price,FR,cost,wholesale,,,2023-10-01,2023-10-31,84.2,EUR/MWh,EUR,,primary
ember:monthly:day_ahead_price,FR,cost,wholesale,,,2023-11-01,2023-11-30,89.02,EUR/MWh,EUR,,primary
ember:monthly:day_ahead_price,FR,cost,wholesale,,,2023-12-01,2023-12-31,68.33,EUR/MWh,EUR,,primary
ember:monthly:day_ahead_price,FR,cost,wholesale,,,2024-01-01,2024-01-31,76.66,EUR/MWh,EUR,,primary
ember:monthly:day_ahead_price,FR,cost,wholesale,,,2024-02-01,2024-02-29,58.39,EUR/MWh,EUR,,primary
ember:monthly:day_ahead_price,FR,cost,wholesale,,,2024-03-01,2024-03-31,53.54,EUR/MWh,EUR,,primary
ember:monthly:day_ahead_price,FR,cost,wholesale,,,2024-04-01,2024-04-30,28.23,EUR/MWh,EUR,,primary
ember:monthly:day_ahead_price,FR,cost,wholesale,,,2024-05-01,2024-05-31,27.06,EUR/MWh,EUR,,primary
ember:monthly:day_ahead_price,FR,cost,wholesale,,,2024-06-01,2024-06-30,37.78,EUR/MWh,EUR,,primary
ember:monthly:day_ahead_price,FR,cost,wholesale,,,2024-07-01,2024-07-31,46.57,EUR/MWh,EUR,,primary
ember:monthly:day_ahead_price,FR,cost,wholesale,,,2024-08-01,2024-08-31,54.56,EUR/MWh,EUR,,primary
ember:monthly:day_ahead_price,FR,cost,wholesale,,,2024-09-01,2024-09-30,51.61,EUR/MWh,EUR,,primary
ember:monthly:day_ahead_price,FR,cost,wholesale,,,2024-10-01,2024-10-31,62.25,EUR/MWh,EUR,,primary
ember:monthly:day_ahead_price,FR,cost,wholesale,,,2024-11-01,2024-11-30,100.55,EUR/MWh,EUR,,primary
ember:monthly:day_ahead_price,FR,cost,wholesale,,,2024-12-01,2024-12-31,98.12,EUR/MWh,EUR,,primary
ember:monthly:day_ahead_price,FR,cost,wholesale,,,2025-01-01,2025-01-31,102.44,EUR/MWh,EUR,,primary
ember:monthly:day_ahead_price,FR,cost,wholesale,,,2025-02-01,2025-02-28,122.63,EUR/MWh,EUR,,primary
ember:monthly:day_ahead_price,FR,cost,wholesale,,,2025-03-01,2025-03-31,76.84,EUR/MWh,EUR,,primary
ember:monthly:day_ahead_price,FR,cost,wholesale,,,2025-04-01,2025-04-30,42.05,EUR/MWh,EUR,,primary
ember:monthly:day_ahead_price,FR,cost,wholesale,,,2025-05-01,2025-05-31,19.44,EUR/MWh,EUR,,primary
ember:monthly:day_ahead_price,FR,cost,wholesale,,,2025-06-01,2025-06-30,40.9,EUR/MWh,EUR,,primary
ember:monthly:day_ahead_price,FR,cost,wholesale,,,2025-07-01,2025-07-31,57.96,EUR/MWh,EUR,,primary
ember:monthly:day_ahead_price,FR,cost,wholesale,,,2025-08-01,2025-08-31,54.25,EUR/MWh,EUR,,primary
ember:monthly:day_ahead_price,FR,cost,wholesale,,,2025-09-01,2025-09-30,57.24,EUR/MWh,EUR,,primary
ember:monthly:day_ahead_price,FR,cost,wholesale,,,2025-10-01,2025-10-31,57.36,EUR/MWh,EUR,,primary
ember:monthly:day_ahead_price,FR,cost,wholesale,,,2025-11-01,2025-11-30,59.21,EUR/MWh,EUR,,primary
ember:monthly:day_ahead_price,FR,cost,wholesale,,,2025-12-01,2025-12-31,68.67,EUR/MWh,EUR,,primary
ember:monthly:day_ahead_price,FR,cost,wholesale,,,2026-01-01,2026-01-31,101.29,EUR/MWh,EUR,,primary
ember:monthly:day_ahead_price,FR,cost,wholesale,,,2026-02-01,2026-02-28,46.95,EUR/MWh,EUR,,primary
ember:monthly:day_ahead_price,FR,cost,wholesale,,,2026-03-01,2026-03-31,64.07,EUR/MWh,EUR,,primary
ember:monthly:day_ahead_price,FR,cost,wholesale,,,2026-04-01,2026-04-30,39.47,EUR/MWh,EUR,,primary
ember:monthly:day_ahead_price,FR,cost,wholesale,,,2026-05-01,2026-05-31,52.16,EUR/MWh,EUR,,primary
ember:monthly:day_ahead_price,FR,cost,wholesale,,,2026-06-01,2026-06-30,66.25,EUR/MWh,EUR,,primary
ember:monthly:day_ahead_price,FR,cost,wholesale,,,2026-07-01,2026-07-31,96.61,EUR/MWh,EUR,,primary
ember:monthly:day_ahead_price,FR,cost,wholesale,,,2026-08-01,2026-08-31,125.66,EUR/MWh,EUR,,primary
ember:monthly:day_ahead_price,FR,cost,wholesale,,,2026-09-01,2026-09-30,143.26,EUR/MWh,EUR,,primary
ember:monthly:day_ahead_price,FR,cost,wholesale,,,2026-10-01,2026-10-31,205.35,EUR/MWh,EUR,,primary
ember:monthly:day_ahead_price,GB,cost,wholesale,,,2016-06-01,2016-06-30,45.46,EUR/MWh,EUR,,primary
ember:monthly:day_ahead_price,GB,cost,wholesale,,,2016-07-01,2016-07-31,44.65,EUR/MWh,EUR,,primary
ember:monthly:day_ahead_price,GB,cost,wholesale,,,2016-08-01,2016-08-31,41.57,EUR/MWh,EUR,,primary
ember:monthly:day_ahead_price,GB,cost,wholesale,,,2016-09-01,2016-09-30,53.58,EUR/MWh,EUR,,primary
ember:monthly:day_ahead_price,GB,cost,wholesale,,,2016-10-01,2016-10-31,54.95,EUR/MWh,EUR,,primary
ember:monthly:day_ahead_price,GB,cost,wholesale,,,2016-11-01,2016-11-30,68.54,EUR/MWh,EUR,,primary
ember:monthly:day_ahead_price,GB,cost,wholesale,,,2016-12-01,2016-12-31,57.37,EUR/MWh,EUR,,primary
ember:monthly:day_ahead_price,GB,cost,wholesale,,,2017-01-01,2017-01-31,61.36,EUR/MWh,EUR,,primary
ember:monthly:day_ahead_price,GB,cost,wholesale,,,2017-02-01,2017-02-28,57.61,EUR/MWh,EUR,,primary
ember:monthly:day_ahead_price,GB,cost,wholesale,,,2017-03-01,2017-03-31,47.88,EUR/MWh,EUR,,primary
ember:monthly:day_ahead_price,GB,cost,wholesale,,,2017-04-01,2017-04-30,48.39,EUR/MWh,EUR,,primary
ember:monthly:day_ahead_price,GB,cost,wholesale,,,2017-05-01,2017-05-31,48.13,EUR/MWh,EUR,,primary
ember:monthly:day_ahead_price,GB,cost,wholesale,,,2017-06-01,2017-06-30,43.24,EUR/MWh,EUR,,primary
ember:monthly:day_ahead_price,GB,cost,wholesale,,,2017-07-01,2017-07-31,46.06,EUR/MWh,EUR,,primary
ember:monthly:day_ahead_price,GB,cost,wholesale,,,2017-08-01,2017-08-31,46.6,EUR/MWh,EUR,,primary
ember:monthly:day_ahead_price,GB,cost,wholesale,,,2017-09-01,2017-09-30,51.36,EUR/MWh,EUR,,primary
ember:monthly:day_ahead_price,GB,cost,wholesale,,,2017-10-01,2017-10-31,51.1,EUR/MWh,EUR,,primary
ember:monthly:day_ahead_price,GB,cost,wholesale,,,2017-11-01,2017-11-30,56.55,EUR/MWh,EUR,,primary
ember:monthly:day_ahead_price,GB,cost,wholesale,,,2017-12-01,2017-12-31,62.09,EUR/MWh,EUR,,primary
ember:monthly:day_ahead_price,GB,cost,wholesale,,,2018-01-01,2018-01-31,56.34,EUR/MWh,EUR,,primary
ember:monthly:day_ahead_price,GB,cost,wholesale,,,2018-02-01,2018-02-28,57.96,EUR/MWh,EUR,,primary
ember:monthly:day_ahead_price,GB,cost,wholesale,,,2018-03-01,2018-03-31,64.01,EUR/MWh,EUR,,primary
ember:monthly:day_ahead_price,GB,cost,wholesale,,,2018-04-01,2018-04-30,58.13,EUR/MWh,EUR,,primary
ember:monthly:day_ahead_price,GB,cost,wholesale,,,2018-05-01,2018-05-31,60.75,EUR/MWh,EUR,,primary
ember:monthly:day_ahead_price,GB,cost,wholesale,,,2018-06-01,2018-06-30,61.45,EUR/MWh,EUR,,primary
ember:monthly:day_ahead_price,GB,cost,wholesale,,,2018-07-01,2018-07-31,64.08,EUR/MWh,EUR,,primary
ember:monthly:day_ahead_price,GB,cost,wholesale,,,2018-08-01,2018-08-31,67.59,EUR/MWh,EUR,,primary
ember:monthly:day_ahead_price,GB,cost,wholesale,,,2018-09-01,2018-09-30,74.41,EUR/MWh,EUR,,primary
ember:monthly:day_ahead_price,GB,cost,wholesale,,,2018-10-01,2018-10-31,72.48,EUR/MWh,EUR,,primary
ember:monthly:day_ahead_price,GB,cost,wholesale,,,2018-11-01,2018-11-30,70.32,EUR/MWh,EUR,,primary
ember:monthly:day_ahead_price,GB,cost,wholesale,,,2018-12-01,2018-12-31,69.79,EUR/MWh,EUR,,primary
ember:monthly:day_ahead_price,GB,cost,wholesale,,,2019-01-01,2019-01-31,68.58,EUR/MWh,EUR,,primary
ember:monthly:day_ahead_price,GB,cost,wholesale,,,2019-02-01,2019-02-28,57.38,EUR/MWh,EUR,,primary
ember:monthly:day_ahead_price,GB,cost,wholesale,,,2019-03-01,2019-03-31,51.61,EUR/MWh,EUR,,primary
ember:monthly:day_ahead_price,GB,cost,wholesale,,,2019-04-01,2019-04-30,49.9,EUR/MWh,EUR,,primary
ember:monthly:day_ahead_price,GB,cost,wholesale,,,2019-05-01,2019-05-31,47.56,EUR/MWh,EUR,,primary
ember:monthly:day_ahead_price,GB,cost,wholesale,,,2019-06-01,2019-06-30,44.53,EUR/MWh,EUR,,primary
ember:monthly:day_ahead_price,GB,cost,wholesale,,,2019-07-01,2019-07-31,45.73,EUR/MWh,EUR,,primary
ember:monthly:day_ahead_price,GB,cost,wholesale,,,2019-08-01,2019-08-31,41.67,EUR/MWh,EUR,,primary
ember:monthly:day_ahead_price,GB,cost,wholesale,,,2019-09-01,2019-09-30,40.61,EUR/MWh,EUR,,primary
ember:monthly:day_ahead_price,GB,cost,wholesale,,,2019-10-01,2019-10-31,41.86,EUR/MWh,EUR,,primary
ember:monthly:day_ahead_price,GB,cost,wholesale,,,2019-11-01,2019-11-30,51.81,EUR/MWh,EUR,,primary
ember:monthly:day_ahead_price,GB,cost,wholesale,,,2019-12-01,2019-12-31,46.13,EUR/MWh,EUR,,primary
ember:monthly:day_ahead_price,GB,cost,wholesale,,,2020-01-01,2020-01-31,42.01,EUR/MWh,EUR,,primary
ember:monthly:day_ahead_price,GB,cost,wholesale,,,2020-02-01,2020-02-29,36.44,EUR/MWh,EUR,,primary
ember:monthly:day_ahead_price,GB,cost,wholesale,,,2020-03-01,2020-03-31,35.06,EUR/MWh,EUR,,primary
ember:monthly:day_ahead_price,GB,cost,wholesale,,,2020-04-01,2020-04-30,27.6,EUR/MWh,EUR,,primary
ember:monthly:day_ahead_price,GB,cost,wholesale,,,2020-05-01,2020-05-31,25.08,EUR/MWh,EUR,,primary
ember:monthly:day_ahead_price,GB,cost,wholesale,,,2020-06-01,2020-06-30,29.49,EUR/MWh,EUR,,primary
ember:monthly:day_ahead_price,GB,cost,wholesale,,,2020-07-01,2020-07-31,32.54,EUR/MWh,EUR,,primary
ember:monthly:day_ahead_price,GB,cost,wholesale,,,2020-08-01,2020-08-31,40.3,EUR/MWh,EUR,,primary
ember:monthly:day_ahead_price,GB,cost,wholesale,,,2020-09-01,2020-09-30,48.14,EUR/MWh,EUR,,primary
ember:monthly:day_ahead_price,GB,cost,wholesale,,,2020-10-01,2020-10-31,47.08,EUR/MWh,EUR,,primary
ember:monthly:day_ahead_price,GB,cost,wholesale,,,2020-11-01,2020-11-30,49.12,EUR/MWh,EUR,,primary
ember:monthly:day_ahead_price,GB,cost,wholesale,,,2020-12-01,2020-12-31,60.69,EUR/MWh,EUR,,primary
ember:monthly:day_ahead_price,GB,cost,wholesale,,,2021-01-01,2021-01-31,89.44,EUR/MWh,EUR,,primary
ember:monthly:day_ahead_price,GB,cost,wholesale,,,2021-02-01,2021-02-28,62.09,EUR/MWh,EUR,,primary
ember:monthly:day_ahead_price,GB,cost,wholesale,,,2021-03-01,2021-03-31,64.84,EUR/MWh,EUR,,primary
ember:monthly:day_ahead_price,GB,cost,wholesale,,,2021-04-01,2021-04-30,76.36,EUR/MWh,EUR,,primary
ember:monthly:day_ahead_price,GB,cost,wholesale,,,2021-05-01,2021-05-31,86.04,EUR/MWh,EUR,,primary
ember:monthly:day_ahead_price,GB,cost,wholesale,,,2021-06-01,2021-06-30,91.04,EUR/MWh,EUR,,primary
ember:monthly:day_ahead_price,GB,cost,wholesale,,,2021-07-01,2021-07-31,108.97,EUR/MWh,EUR,,primary
ember:monthly:day_ahead_price,GB,cost,wholesale,,,2021-08-01,2021-08-31,125.34,EUR/MWh,EUR,,primary
ember:monthly:day_ahead_price,GB,cost,wholesale,,,2021-09-01,2021-09-30,220.54,EUR/MWh,EUR,,primary
ember:monthly:day_ahead_price,GB,cost,wholesale,,,2021-10-01,2021-10-31,208.46,EUR/MWh,EUR,,primary
ember:monthly:day_ahead_price,GB,cost,wholesale,,,2021-11-01,2021-11-30,219.34,EUR/MWh,EUR,,primary
ember:monthly:day_ahead_price,GB,cost,wholesale,,,2021-12-01,2021-12-31,288.48,EUR/MWh,EUR,,primary
ember:monthly:day_ahead_price,GB,cost,wholesale,,,2022-01-01,2022-01-31,219.28,EUR/MWh,EUR,,primary
ember:monthly:day_ahead_price,GB,cost,wholesale,,,2022-02-01,2022-02-28,193.98,EUR/MWh,EUR,,primary
ember:monthly:day_ahead_price,GB,cost,wholesale,,,2022-03-01,2022-03-31,297.45,EUR/MWh,EUR,,primary
ember:monthly:day_ahead_price,GB,cost,wholesale,,,2022-04-01,2022-04-30,211.27,EUR/MWh,EUR,,primary
ember:monthly:day_ahead_price,GB,cost,wholesale,,,2022-05-01,2022-05-31,148.13,EUR/MWh,EUR,,primary
ember:monthly:day_ahead_price,GB,cost,wholesale,,,2022-06-01,2022-06-30,187.08,EUR/MWh,EUR,,primary
ember:monthly:day_ahead_price,GB,cost,wholesale,,,2022-07-01,2022-07-31,286.35,EUR/MWh,EUR,,primary
ember:monthly:day_ahead_price,GB,cost,wholesale,,,2022-08-01,2022-08-31,438.03,EUR/MWh,EUR,,primary
ember:monthly:day_ahead_price,GB,cost,wholesale,,,2022-09-01,2022-09-30,309.95,EUR/MWh,EUR,,primary
ember:monthly:day_ahead_price,GB,cost,wholesale,,,2022-10-01,2022-10-31,136.05,EUR/MWh,EUR,,primary
ember:monthly:day_ahead_price,GB,cost,wholesale,,,2022-11-01,2022-11-30,159.8,EUR/MWh,EUR,,primary
ember:monthly:day_ahead_price,GB,cost,wholesale,,,2022-12-01,2022-12-31,287.79,EUR/MWh,EUR,,primary
ember:monthly:day_ahead_price,GB,cost,wholesale,,,2023-01-01,2023-01-31,149.67,EUR/MWh,EUR,,primary
ember:monthly:day_ahead_price,GB,cost,wholesale,,,2023-02-01,2023-02-28,153.37,EUR/MWh,EUR,,primary
ember:monthly:day_ahead_price,GB,cost,wholesale,,,2023-03-01,2023-03-31,129.99,EUR/MWh,EUR,,primary
ember:monthly:day_ahead_price,GB,cost,wholesale,,,2023-04-01,2023-04-30,116.08,EUR/MWh,EUR,,primary
ember:monthly:day_ahead_price,GB,cost,wholesale,,,2023-05-01,2023-05-31,92.6,EUR/MWh,EUR,,primary
ember:monthly:day_ahead_price,GB,cost,wholesale,,,2023-06-01,2023-06-30,98.14,EUR/MWh,EUR,,primary
ember:monthly:day_ahead_price,GB,cost,wholesale,,,2023-07-01,2023-07-31,81.69,EUR/MWh,EUR,,primary
ember:monthly:day_ahead_price,GB,cost,wholesale,,,2023-08-01,2023-08-31,95.75,EUR/MWh,EUR,,primary
ember:monthly:day_ahead_price,GB,cost,wholesale,,,2023-09-01,2023-09-30,96.07,EUR/MWh,EUR,,primary
ember:monthly:day_ahead_price,GB,cost,wholesale,,,2023-10-01,2023-10-31,94.51,EUR/MWh,EUR,,primary
ember:monthly:day_ahead_price,GB,cost,wholesale,,,2023-11-01,2023-11-30,108.76,EUR/MWh,EUR,,primary
ember:monthly:day_ahead_price,GB,cost,wholesale,,,2023-12-01,2023-12-31,80.51,EUR/MWh,EUR,,primary
ember:monthly:day_ahead_price,GB,cost,wholesale,,,2024-01-01,2024-01-31,83.96,EUR/MWh,EUR,,primary
ember:monthly:day_ahead_price,GB,cost,wholesale,,,2024-02-01,2024-02-29,69.52,EUR/MWh,EUR,,primary
ember:monthly:day_ahead_price,GB,cost,wholesale,,,2024-03-01,2024-03-31,72.07,EUR/MWh,EUR,,primary
ember:monthly:day_ahead_price,GB,cost,wholesale,,,2024-04-01,2024-04-30,62.45,EUR/MWh,EUR,,primary
ember:monthly:day_ahead_price,GB,cost,wholesale,,,2024-05-01,2024-05-31,84.72,EUR/MWh,EUR,,primary
ember:monthly:day_ahead_price,GB,cost,wholesale,,,2024-06-01,2024-06-30,84.27,EUR/MWh,EUR,,primary
ember:monthly:day_ahead_price,GB,cost,wholesale,,,2024-07-01,2024-07-31,82.56,EUR/MWh,EUR,,primary
ember:monthly:day_ahead_price,GB,cost,wholesale,,,2024-08-01,2024-08-31,70.75,EUR/MWh,EUR,,primary
ember:monthly:day_ahead_price,GB,cost,wholesale,,,2024-09-01,2024-09-30,91.52,EUR/MWh,EUR,,primary
ember:monthly:day_ahead_price,GB,cost,wholesale,,,2024-10-01,2024-10-31,100.32,EUR/MWh,EUR,,primary
ember:monthly:day_ahead_price,GB,cost,wholesale,,,2024-11-01,2024-11-30,117.07,EUR/MWh,EUR,,primary
ember:monthly:day_ahead_price,GB,cost,wholesale,,,2024-12-01,2024-12-31,109.25,EUR/MWh,EUR,,primary
ember:monthly:day_ahead_price,GB,cost,wholesale,,,2025-01-01,2025-01-31,141.29,EUR/MWh,EUR,,primary
ember:monthly:day_ahead_price,GB,cost,wholesale,,,2025-02-01,2025-02-28,127.54,EUR/MWh,EUR,,primary
ember:monthly:day_ahead_price,GB,cost,wholesale,,,2025-03-01,2025-03-31,106.14,EUR/MWh,EUR,,primary
ember:monthly:day_ahead_price,GB,cost,wholesale,,,2025-04-01,2025-04-30,91.73,EUR/MWh,EUR,,primary
ember:monthly:day_ahead_price,GB,cost,wholesale,,,2025-05-01,2025-05-31,82.11,EUR/MWh,EUR,,primary
ember:monthly:day_ahead_price,GB,cost,wholesale,,,2025-06-01,2025-06-30,79.04,EUR/MWh,EUR,,primary
ember:monthly:day_ahead_price,GB,cost,wholesale,,,2025-07-01,2025-07-31,91.63,EUR/MWh,EUR,,primary
ember:monthly:day_ahead_price,GB,cost,wholesale,,,2025-08-01,2025-08-31,82.52,EUR/MWh,EUR,,primary
ember:monthly:day_ahead_price,GB,cost,wholesale,,,2025-09-01,2025-09-30,76.92,EUR/MWh,EUR,,primary
ember:monthly:day_ahead_price,GB,cost,wholesale,,,2025-10-01,2025-10-31,78.28,EUR/MWh,EUR,,primary
ember:monthly:day_ahead_price,GB,cost,wholesale,,,2025-11-01,2025-11-30,88.28,EUR/MWh,EUR,,primary
ember:monthly:day_ahead_price,GB,cost,wholesale,,,2025-12-01,2025-12-31,86.19,EUR/MWh,EUR,,primary
ember:monthly:day_ahead_price,GB,cost,wholesale,,,2026-01-01,2026-01-31,107.83,EUR/MWh,EUR,,primary
ember:monthly:day_ahead_price,GB,cost,wholesale,,,2026-02-01,2026-02-28,92.43,EUR/MWh,EUR,,primary
ember:monthly:day_ahead_price,GB,cost,wholesale,,,2026-03-01,2026-03-31,106.55,EUR/MWh,EUR,,primary
ember:monthly:day_ahead_price,GB,cost,wholesale,,,2026-04-01,2026-04-30,95.47,EUR/MWh,EUR,,primary
ember:monthly:day_ahead_price,GB,cost,wholesale,,,2026-05-01,2026-05-31,120.9,EUR/MWh,EUR,,primary
ember:monthly:day_ahead_price,GB,cost,wholesale,,,2026-06-01,2026-06-30,115.23,EUR/MWh,EUR,,primary
ember:monthly:day_ahead_price,GB,cost,wholesale,,,2026-07-01,2026-07-31,125.37,EUR/MWh,EUR,,primary
ember:monthly:day_ahead_price,GB,cost,wholesale,,,2026-08-01,2026-08-31,149.45,EUR/MWh,EUR,,primary
ember:monthly:day_ahead_price,GB,cost,wholesale,,,2026-09-01,2026-09-30,156.23,EUR/MWh,EUR,,primary
ember:monthly:day_ahead_price,HR,cost,wholesale,,,2017-10-01,2017-10-31,51.98,EUR/MWh,EUR,,primary
ember:monthly:day_ahead_price,HR,cost,wholesale,,,2017-11-01,2017-11-30,60.92,EUR/MWh,EUR,,primary
ember:monthly:day_ahead_price,HR,cost,wholesale,,,2017-12-01,2017-12-31,42.43,EUR/MWh,EUR,,primary
ember:monthly:day_ahead_price,HR,cost,wholesale,,,2018-01-01,2018-01-31,37.99,EUR/MWh,EUR,,primary
ember:monthly:day_ahead_price,HR,cost,wholesale,,,2018-02-01,2018-02-28,44.87,EUR/MWh,EUR,,primary
ember:monthly:day_ahead_price,HR,cost,wholesale,,,2018-03-01,2018-03-31,44.66,EUR/MWh,EUR,,primary
ember:monthly:day_ahead_price,HR,cost,wholesale,,,2018-04-01,2018-04-30,34.14,EUR/MWh,EUR,,primary
ember:monthly:day_ahead_price,HR,cost,wholesale,,,2018-05-01,2018-05-31,42.16,EUR/MWh,EUR,,primary
ember:monthly:day_ahead_price,HR,cost,wholesale,,,2018-06-01,2018-06-30,51.75,EUR/MWh,EUR,,primary
ember:monthly:day_ahead_price,HR,cost,wholesale,,,2018-07-01,2018-07-31,51.54,EUR/MWh,EUR,,primary
ember:monthly:day_ahead_price,HR,cost,wholesale,,,2018-08-01,2018-08-31,60.85,EUR/MWh,EUR,,primary
ember:monthly:day_ahead_price,HR,cost,wholesale,,,2018-09-01,2018-09-30,64.16,EUR/MWh,EUR,,primary
ember:monthly:day_ahead_price,HR,cost,wholesale,,,2018-10-01,2018-10-31,64.1,EUR/MWh,EUR,,primary
ember:monthly:day_ahead_price,HR,cost,wholesale,,,2018-11-01,2018-11-30,63.3,EUR/MWh,EUR,,primary
ember:monthly:day_ahead_price,HR,cost,wholesale,,,2018-12-01,2018-12-31,63.58,EUR/MWh,EUR,,primary
ember:monthly:day_ahead_price,HR,cost,wholesale,,,2019-01-01,2019-01-31,69.32,EUR/MWh,EUR,,primary
ember:monthly:day_ahead_price,HR,cost,wholesale,,,2019-02-01,2019-02-28,49.73,EUR/MWh,EUR,,primary
ember:monthly:day_ahead_price,HR,cost,wholesale,,,2019-03-01,2019-03-31,39.56,EUR/MWh,EUR,,primary
ember:monthly:day_ahead_price,HR,cost,wholesale,,,2019-04-01,2019-04-30,45.63,EUR/MWh,EUR,,primary
ember:monthly:day_ahead_price,HR,cost,wholesale,,,2019-05-01,2019-05-31,41.47,EUR/MWh,EUR,,primary
ember:monthly:day_ahead_price,HR,cost,wholesale,,,2019-06-01,2019-06-30,40.41,EUR/MWh,EUR,,primary
ember:monthly:day_ahead_price,HR,cost,wholesale,,,2019-07-01,2019-07-31,53.01,EUR/MWh,EUR,,primary
ember:monthly:day_ahead_price,HR,cost,wholesale,,,2019-08-01,2019-08-31,55.88,EUR/MWh,EUR,,primary
ember:monthly:day_ahead_price,HR,cost,wholesale,,,2019-09-01,2019-09-30,55.39,EUR/MWh,EUR,,primary
ember:monthly:day_ahead_price,HR,cost,wholesale,,,2019-10-01,2019-10-31,55.35,EUR/MWh,EUR,,primary
ember:monthly:day_ahead_price,HR,cost,wholesale,,,2019-11-01,2019-11-30,45.16,EUR/MWh,EUR,,primary
ember:monthly:day_ahead_price,HR,cost,wholesale,,,2019-12-01,2019-12-31,40.11,EUR/MWh,EUR,,primary
ember:monthly:day_ahead_price,HR,cost,wholesale,,,2020-01-01,2020-01-31,51.32,EUR/MWh,EUR,,primary
ember:monthly:day_ahead_price,HR,cost,wholesale,,,2020-02-01,2020-02-29,39.59,EUR/MWh,EUR,,primary
ember:monthly:day_ahead_price,HR,cost,wholesale,,,2020-03-01,2020-03-31,29.41,EUR/MWh,EUR,,primary
ember:monthly:day_ahead_price,HR,cost,wholesale,,,2020-04-01,2020-04-30,23.97,EUR/MWh,EUR,,primary
ember:monthly:day_ahead_price,HR,cost,wholesale,,,2020-05-01,2020-05-31,22.43,EUR/MWh,EUR,,primary
ember:monthly:day_ahead_price,HR,cost,wholesale,,,2020-06-01,2020-06-30,28.82,EUR/MWh,EUR,,primary
ember:monthly:day_ahead_price,HR,cost,wholesale,,,2020-07-01,2020-07-31,35.43,EUR/MWh,EUR,,primary
ember:monthly:day_ahead_price,HR,cost,wholesale,,,2020-08-01,2020-08-31,38.15,EUR/MWh,EUR,,primary
ember:monthly:day_ahead_price,HR,cost,wholesale,,,2020-09-01,2020-09-30,45.85,EUR/MWh,EUR,,primary
ember:monthly:day_ahead_price,HR,cost,wholesale,,,2020-10-01,2020-10-31,38.56,EUR/MWh,EUR,,primary
ember:monthly:day_ahead_price,HR,cost,wholesale,,,2020-11-01,2020-11-30,47.23,EUR/MWh,EUR,,primary
ember:monthly:day_ahead_price,HR,cost,wholesale,,,2020-12-01,2020-12-31,55.56,EUR/MWh,EUR,,primary
ember:monthly:day_ahead_price,HR,cost,wholesale,,,2021-01-01,2021-01-31,53.87,EUR/MWh,EUR,,primary
ember:monthly:day_ahead_price,HR,cost,wholesale,,,2021-02-01,2021-02-28,50.38,EUR/MWh,EUR,,primary
ember:monthly:day_ahead_price,HR,cost,wholesale,,,2021-03-01,2021-03-31,55.94,EUR/MWh,EUR,,primary
ember:monthly:day_ahead_price,HR,cost,wholesale,,,2021-04-01,2021-04-30,64.51,EUR/MWh,EUR,,primary
ember:monthly:day_ahead_price,HR,cost,wholesale,,,2021-05-01,2021-05-31,59.88,EUR/MWh,EUR,,primary
ember:monthly:day_ahead_price,HR,cost,wholesale,,,2021-06-01,2021-06-30,78.47,EUR/MWh,EUR,,primary
ember:monthly:day_ahead_price,HR,cost,wholesale,,,2021-07-01,2021-07-31,93.68,EUR/MWh,EUR,,primary
ember:monthly:day_ahead_price,HR,cost,wholesale,,,2021-08-01,2021-08-31,105.63,EUR/MWh,EUR,,primary
ember:monthly:day_ahead_price,HR,cost,wholesale,,,2021-09-01,2021-09-30,138.6,EUR/MWh,EUR,,primary
ember:monthly:day_ahead_price,HR,cost,wholesale,,,2021-10-01,2021-10-31,202.73,EUR/MWh,EUR,,primary
ember:monthly:day_ahead_price,HR,cost,wholesale,,,2021-11-01,2021-11-30,215.96,EUR/MWh,EUR,,primary
ember:monthly:day_ahead_price,HR,cost,wholesale,,,2021-12-01,2021-12-31,251.76,EUR/MWh,EUR,,primary
ember:monthly:day_ahead_price,HR,cost,wholesale,,,2022-01-01,2022-01-31,206.9,EUR/MWh,EUR,,primary
ember:monthly:day_ahead_price,HR,cost,wholesale,,,2022-02-01,2022-02-28,195.5,EUR/MWh,EUR,,primary
ember:monthly:day_ahead_price,HR,cost,wholesale,,,2022-03-01,2022-03-31,293.44,EUR/MWh,EUR,,primary
ember:monthly:day_ahead_price,HR,cost,wholesale,,,2022-04-01,2022-04-30,192.69,EUR/MWh,EUR,,primary
ember:monthly:day_ahead_price,HR,cost,wholesale,,,2022-05-01,2022-05-31,202.06,EUR/MWh,EUR,,primary
ember:monthly:day_ahead_price,HR,cost,wholesale,,,2022-06-01,2022-06-30,245.58,EUR/MWh,EUR,,primary
ember:monthly:day_ahead_price,HR,cost,wholesale,,,2022-07-01,2022-07-31,375.56,EUR/MWh,EUR,,primary
ember:monthly:day_ahead_price,HR,cost,wholesale,,,2022-08-01,2022-08-31,494.05,EUR/MWh,EUR,,primary
ember:monthly:day_ahead_price,HR,cost,wholesale,,,2022-09-01,2022-09-30,391.73,EUR/MWh,EUR,,primary
ember:monthly:day_ahead_price,HR,cost,wholesale,,,2022-10-01,2022-10-31,196.69,EUR/MWh,EUR,,primary
ember:monthly:day_ahead_price,HR,cost,wholesale,,,2022-11-01,2022-11-30,219.66,EUR/MWh,EUR,,primary
ember:monthly:day_ahead_price,HR,cost,wholesale,,,2022-12-01,2022-12-31,246.37,EUR/MWh,EUR,,primary
ember:monthly:day_ahead_price,HR,cost,wholesale,,,2023-01-01,2023-01-31,136.98,EUR/MWh,EUR,,primary
ember:monthly:day_ahead_price,HR,cost,wholesale,,,2023-02-01,2023-02-28,145.24,EUR/MWh,EUR,,primary
ember:monthly:day_ahead_price,HR,cost,wholesale,,,2023-03-01,2023-03-31,111.62,EUR/MWh,EUR,,primary
ember:monthly:day_ahead_price,HR,cost,wholesale,,,2023-04-01,2023-04-30,105.47,EUR/MWh,EUR,,primary
ember:monthly:day_ahead_price,HR,cost,wholesale,,,2023-05-01,2023-05-31,86.8,EUR/MWh,EUR,,primary
ember:monthly:day_ahead_price,HR,cost,wholesale,,,2023-06-01,2023-06-30,94.34,EUR/MWh,EUR,,primary
ember:monthly:day_ahead_price,HR,cost,wholesale,,,2023-07-01,2023-07-31,92.31,EUR/MWh,EUR,,primary
ember:monthly:day_ahead_price,HR,cost,wholesale,,,2023-08-01,2023-08-31,96.17,EUR/MWh,EUR,,primary
ember:monthly:day_ahead_price,HR,cost,wholesale,,,2023-09-01,2023-09-30,102.69,EUR/MWh,EUR,,primary
ember:monthly:day_ahead_price,HR,cost,wholesale,,,2023-10-01,2023-10-31,104.01,EUR/MWh,EUR,,primary
ember:monthly:day_ahead_price,HR,cost,wholesale,,,2023-11-01,2023-11-30,96.65,EUR/MWh,EUR,,primary
ember:monthly:day_ahead_price,HR,cost,wholesale,,,2023-12-01,2023-12-31,75.89,EUR/MWh,EUR,,primary
ember:monthly:day_ahead_price,HR,cost,wholesale,,,2024-01-01,2024-01-31,84.09,EUR/MWh,EUR,,primary
ember:monthly:day_ahead_price,HR,cost,wholesale,,,2024-02-01,2024-02-29,67.78,EUR/MWh,EUR,,primary
ember:monthly:day_ahead_price,HR,cost,wholesale,,,2024-03-01,2024-03-31,64.31,EUR/MWh,EUR,,primary
ember:monthly:day_ahead_price,HR,cost,wholesale,,,2024-04-01,2024-04-30,60.24,EUR/MWh,EUR,,primary
ember:monthly:day_ahead_price,HR,cost,wholesale,,,2024-05-01,2024-05-31,74.6,EUR/MWh,EUR,,primary
ember:monthly:day_ahead_price,HR,cost,wholesale,,,2024-06-01,2024-06-30,96.77,EUR/MWh,EUR,,primary
ember:monthly:day_ahead_price,HR,cost,wholesale,,,2024-07-01,2024-07-31,106.12,EUR/MWh,EUR,,primary
ember:monthly:day_ahead_price,HR,cost,wholesale,,,2024-08-01,2024-08-31,113.61,EUR/MWh,EUR,,primary
ember:monthly:day_ahead_price,HR,cost,wholesale,,,2024-09-01,2024-09-30,97.7,EUR/MWh,EUR,,primary
ember:monthly:day_ahead_price,HR,cost,wholesale,,,2024-10-01,2024-10-31,89.05,EUR/MWh,EUR,,primary
ember:monthly:day_ahead_price,HR,cost,wholesale,,,2024-11-01,2024-11-30,144.79,EUR/MWh,EUR,,primary
ember:monthly:day_ahead_price,HR,cost,wholesale,,,2024-12-01,2024-12-31,136.33,EUR/MWh,EUR,,primary
ember:monthly:day_ahead_price,HR,cost,wholesale,,,2025-01-01,2025-01-31,136.0,EUR/MWh,EUR,,primary
ember:monthly:day_ahead_price,HR,cost,wholesale,,,2025-02-01,2025-02-28,149.96,EUR/MWh,EUR,,primary
ember:monthly:day_ahead_price,HR,cost,wholesale,,,2025-03-01,2025-03-31,104.82,EUR/MWh,EUR,,primary
ember:monthly:day_ahead_price,HR,cost,wholesale,,,2025-04-01,2025-04-30,84.78,EUR/MWh,EUR,,primary
ember:monthly:day_ahead_price,HR,cost,wholesale,,,2025-05-01,2025-05-31,83.86,EUR/MWh,EUR,,primary
ember:monthly:day_ahead_price,HR,cost,wholesale,,,2025-06-01,2025-06-30,86.05,EUR/MWh,EUR,,primary
ember:monthly:day_ahead_price,HR,cost,wholesale,,,2025-07-01,2025-07-31,103.03,EUR/MWh,EUR,,primary
ember:monthly:day_ahead_price,HR,cost,wholesale,,,2025-08-01,2025-08-31,78.62,EUR/MWh,EUR,,primary
ember:monthly:day_ahead_price,HR,cost,wholesale,,,2025-09-01,2025-09-30,97.27,EUR/MWh,EUR,,primary
ember:monthly:day_ahead_price,HR,cost,wholesale,,,2025-10-01,2025-10-31,113.15,EUR/MWh,EUR,,primary
ember:monthly:day_ahead_price,HR,cost,wholesale,,,2025-11-01,2025-11-30,118.26,EUR/MWh,EUR,,primary
ember:monthly:day_ahead_price,HR,cost,wholesale,,,2025-12-01,2025-12-31,113.09,EUR/MWh,EUR,,primary
ember:monthly:day_ahead_price,HR,cost,wholesale,,,2026-01-01,2026-01-31,142.83,EUR/MWh,EUR,,primary
ember:monthly:day_ahead_price,HR,cost,wholesale,,,2026-02-01,2026-02-28,113.57,EUR/MWh,EUR,,primary
ember:monthly:day_ahead_price,HR,cost,wholesale,,,2026-03-01,2026-03-31,110.29,EUR/MWh,EUR,,primary
ember:monthly:day_ahead_price,HR,cost,wholesale,,,2026-04-01,2026-04-30,90.25,EUR/MWh,EUR,,primary
ember:monthly:day_ahead_price,HR,cost,wholesale,,,2026-05-01,2026-05-31,103.51,EUR/MWh,EUR,,primary
ember:monthly:day_ahead_price,HR,cost,wholesale,,,2026-06-01,2026-06-30,110.96,EUR/MWh,EUR,,primary
ember:monthly:day_ahead_price,HR,cost,wholesale,,,2026-07-01,2026-07-31,119.63,EUR/MWh,EUR,,primary
ember:monthly:day_ahead_price,HR,cost,wholesale,,,2026-08-01,2026-08-31,151.87,EUR/MWh,EUR,,primary
ember:monthly:day_ahead_price,HR,cost,wholesale,,,2026-09-01,2026-09-30,172.72,EUR/MWh,EUR,,primary
ember:monthly:day_ahead_price,HR,cost,wholesale,,,2026-10-01,2026-10-31,168.33,EUR/MWh,EUR,,primary
ember:monthly:day_ahead_price,HU,cost,wholesale,,,2015-01-01,2015-01-31,42.16,EUR/MWh,EUR,,primary
ember:monthly:day_ahead_price,HU,cost,wholesale,,,2015-02-01,2015-02-28,41.27,EUR/MWh,EUR,,primary
ember:monthly:day_ahead_price,HU,cost,wholesale,,,2015-03-01,2015-03-31,35.64,EUR/MWh,EUR,,primary
ember:monthly:day_ahead_price,HU,cost,wholesale,,,2015-04-01,2015-04-30,34.11,EUR/MWh,EUR,,primary
ember:monthly:day_ahead_price,HU,cost,wholesale,,,2015-05-01,2015-05-31,29.63,EUR/MWh,EUR,,primary
ember:monthly:day_ahead_price,HU,cost,wholesale,,,2015-06-01,2015-06-30,33.95,EUR/MWh,EUR,,primary
ember:monthly:day_ahead_price,HU,cost,wholesale,,,2015-07-01,2015-07-31,52.35,EUR/MWh,EUR,,primary
ember:monthly:day_ahead_price,HU,cost,wholesale,,,2015-08-01,2015-08-31,42.56,EUR/MWh,EUR,,primary
ember:monthly:day_ahead_price,HU,cost,wholesale,,,2015-09-01,2015-09-30,47.53,EUR/MWh,EUR,,primary
ember:monthly:day_ahead_price,HU,cost,wholesale,,,2015-10-01,2015-10-31,44.13,EUR/MWh,EUR,,primary
ember:monthly:day_ahead_price,HU,cost,wholesale,,,2015-11-01,2015-11-30,41.51,EUR/MWh,EUR,,primary
ember:monthly:day_ahead_price,HU,cost,wholesale,,,2015-12-01,2015-12-31,42.28,EUR/MWh,EUR,,primary
ember:monthly:day_ahead_price,HU,cost,wholesale,,,2016-01-01,2016-01-31,43.09,EUR/MWh,EUR,,primary
ember:monthly:day_ahead_price,HU,cost,wholesale,,,2016-02-01,2016-02-29,26.4,EUR/MWh,EUR,,primary
ember:monthly:day_ahead_price,HU,cost,wholesale,,,2016-03-01,2016-03-31,25.84,EUR/MWh,EUR,,primary
ember:monthly:day_ahead_price,HU,cost,wholesale,,,2016-04-01,2016-04-30,29.17,EUR/MWh,EUR,,primary
ember:monthly:day_ahead_price,HU,cost,wholesale,,,2016-05-01,2016-05-31,27.17,EUR/MWh,EUR,,primary
ember:monthly:day_ahead_price,HU,cost,wholesale,,,2016-06-01,2016-06-30,32.78,EUR/MWh,EUR,,primary
ember:monthly:day_ahead_price,HU,cost,wholesale,,,2016-07-01,2016-07-31,35.16,EUR/MWh,EUR,,primary
ember:monthly:day_ahead_price,HU,cost,wholesale,,,2016-08-01,2016-08-31,33.01,EUR/MWh,EUR,,primary
ember:monthly:day_ahead_price,HU,cost,wholesale,,,2016-09-01,2016-09-30,36.48,EUR/MWh,EUR,,primary
ember:monthly:day_ahead_price,HU,cost,wholesale,,,2016-10-01,2016-10-31,45.6,EUR/MWh,EUR,,primary
ember:monthly:day_ahead_price,HU,cost,wholesale,,,2016-11-01,2016-11-30,40.64,EUR/MWh,EUR,,primary
ember:monthly:day_ahead_price,HU,cost,wholesale,,,2016-12-01,2016-12-31,49.17,EUR/MWh,EUR,,primary
ember:monthly:day_ahead_price,HU,cost,wholesale,,,2017-01-01,2017-01-31,81.23,EUR/MWh,EUR,,primary
ember:monthly:day_ahead_price,HU,cost,wholesale,,,2017-02-01,2017-02-28,55.56,EUR/MWh,EUR,,primary
ember:monthly:day_ahead_price,HU,cost,wholesale,,,2017-03-01,2017-03-31,37.91,EUR/MWh,EUR,,primary
ember:monthly:day_ahead_price,HU,cost,wholesale,,,2017-04-01,2017-04-30,39.61,EUR/MWh,EUR,,primary
ember:monthly:day_ahead_price,HU,cost,wholesale,,,2017-05-01,2017-05-31,42.79,EUR/MWh,EUR,,primary
ember:monthly:day_ahead_price,HU,cost,wholesale,,,2017-06-01,2017-06-30,43.92,EUR/MWh,EUR,,primary
ember:monthly:day_ahead_price,HU,cost,wholesale,,,2017-07-01,2017-07-31,51.88,EUR/MWh,EUR,,primary
ember:monthly:day_ahead_price,HU,cost,wholesale,,,2017-08-01,2017-08-31,58.27,EUR/MWh,EUR,,primary
ember:monthly:day_ahead_price,HU,cost,wholesale,,,2017-09-01,2017-09-30,42.84,EUR/MWh,EUR,,primary
ember:monthly:day_ahead_price,HU,cost,wholesale,,,2017-10-01,2017-10-31,49.75,EUR/MWh,EUR,,primary
ember:monthly:day_ahead_price,HU,cost,wholesale,,,2017-11-01,2017-11-30,60.48,EUR/MWh,EUR,,primary
ember:monthly:day_ahead_price,HU,cost,wholesale,,,2017-12-01,2017-12-31,39.98,EUR/MWh,EUR,,primary
ember:monthly:day_ahead_price,HU,cost,wholesale,,,2018-01-01,2018-01-31,36.31,EUR/MWh,EUR,,primary
ember:monthly:day_ahead_price,HU,cost,wholesale,,,2018-02-01,2018-02-28,41.66,EUR/MWh,EUR,,primary
ember:monthly:day_ahead_price,HU,cost,wholesale,,,2018-03-01,2018-03-31,40.4,EUR/MWh,EUR,,primary
ember:monthly:day_ahead_price,HU,cost,wholesale,,,2018-04-01,2018-04-30,31.87,EUR/MWh,EUR,,primary
ember:monthly:day_ahead_price,HU,cost,wholesale,,,2018-05-01,2018-05-31,42.27,EUR/MWh,EUR,,primary
ember:monthly:day_ahead_price,HU,cost,wholesale,,,2018-06-01,2018-06-30,51.26,EUR/MWh,EUR,,primary
ember:monthly:day_ahead_price,HU,cost,wholesale,,,2018-07-01,2018-07-31,50.99,EUR/MWh,EUR,,primary
ember:monthly:day_ahead_price,HU,cost,wholesale,,,2018-08-01,2018-08-31,60.48,EUR/MWh,EUR,,primary
ember:monthly:day_ahead_price,HU,cost,wholesale,,,2018-09-01,2018-09-30,62.9,EUR/MWh,EUR,,primary
ember:monthly:day_ahead_price,HU,cost,wholesale,,,2018-10-01,2018-10-31,64.49,EUR/MWh,EUR,,primary
ember:monthly:day_ahead_price,HU,cost,wholesale,,,2018-11-01,2018-11-30,63.69,EUR/MWh,EUR,,primary
ember:monthly:day_ahead_price,HU,cost,wholesale,,,2018-12-01,2018-12-31,65.05,EUR/MWh,EUR,,primary
ember:monthly:day_ahead_price,HU,cost,wholesale,,,2019-01-01,2019-01-31,73.23,EUR/MWh,EUR,,primary
ember:monthly:day_ahead_price,HU,cost,wholesale,,,2019-02-01,2019-02-28,49.54,EUR/MWh,EUR,,primary
ember:monthly:day_ahead_price,HU,cost,wholesale,,,2019-03-01,2019-03-31,39.69,EUR/MWh,EUR,,primary
ember:monthly:day_ahead_price,HU,cost,wholesale,,,2019-04-01,2019-04-30,46.48,EUR/MWh,EUR,,primary
ember:monthly:day_ahead_price,HU,cost,wholesale,,,2019-05-01,2019-05-31,42.12,EUR/MWh,EUR,,primary
ember:monthly:day_ahead_price,HU,cost,wholesale,,,2019-06-01,2019-06-30,41.31,EUR/MWh,EUR,,primary
ember:monthly:day_ahead_price,HU,cost,wholesale,,,2019-07-01,2019-07-31,55.0,EUR/MWh,EUR,,primary
ember:monthly:day_ahead_price,HU,cost,wholesale,,,2019-08-01,2019-08-31,58.71,EUR/MWh,EUR,,primary
ember:monthly:day_ahead_price,HU,cost,wholesale,,,2019-09-01,2019-09-30,55.69,EUR/MWh,EUR,,primary
ember:monthly:day_ahead_price,HU,cost,wholesale,,,2019-10-01,2019-10-31,56.94,EUR/MWh,EUR,,primary
ember:monthly:day_ahead_price,HU,cost,wholesale,,,2019-11-01,2019-11-30,43.93,EUR/MWh,EUR,,primary
ember:monthly:day_ahead_price,HU,cost,wholesale,,,2019-12-01,2019-12-31,41.08,EUR/MWh,EUR,,primary
ember:monthly:day_ahead_price,HU,cost,wholesale,,,2020-01-01,2020-01-31,52.96,EUR/MWh,EUR,,primary
ember:monthly:day_ahead_price,HU,cost,wholesale,,,2020-02-01,2020-02-29,39.84,EUR/MWh,EUR,,primary
ember:monthly:day_ahead_price,HU,cost,wholesale,,,2020-03-01,2020-03-31,29.75,EUR/MWh,EUR,,primary
ember:monthly:day_ahead_price,HU,cost,wholesale,,,2020-04-01,2020-04-30,25.32,EUR/MWh,EUR,,primary
ember:monthly:day_ahead_price,HU,cost,wholesale,,,2020-05-01,2020-05-31,23.57,EUR/MWh,EUR,,primary
ember:monthly:day_ahead_price,HU,cost,wholesale,,,2020-06-01,2020-06-30,30.02,EUR/MWh,EUR,,primary
ember:monthly:day_ahead_price,HU,cost,wholesale,,,2020-07-01,2020-07-31,36.69,EUR/MWh,EUR,,primary
ember:monthly:day_ahead_price,HU,cost,wholesale,,,2020-08-01,2020-08-31,37.63,EUR/MWh,EUR,,primary
ember:monthly:day_ahead_price,HU,cost,wholesale,,,2020-09-01,2020-09-30,45.72,EUR/MWh,EUR,,primary
ember:monthly:day_ahead_price,HU,cost,wholesale,,,2020-10-01,2020-10-31,39.32,EUR/MWh,EUR,,primary
ember:monthly:day_ahead_price,HU,cost,wholesale,,,2020-11-01,2020-11-30,48.92,EUR/MWh,EUR,,primary
ember:monthly:day_ahead_price,HU,cost,wholesale,,,2020-12-01,2020-12-31,58.19,EUR/MWh,EUR,,primary
ember:monthly:day_ahead_price,HU,cost,wholesale,,,2021-01-01,2021-01-31,56.39,EUR/MWh,EUR,,primary
ember:monthly:day_ahead_price,HU,cost,wholesale,,,2021-02-01,2021-02-28,50.86,EUR/MWh,EUR,,primary
ember:monthly:day_ahead_price,HU,cost,wholesale,,,2021-03-01,2021-03-31,55.05,EUR/MWh,EUR,,primary
ember:monthly:day_ahead_price,HU,cost,wholesale,,,2021-04-01,2021-04-30,62.97,EUR/MWh,EUR,,primary
ember:monthly:day_ahead_price,HU,cost,wholesale,,,2021-05-01,2021-05-31,59.94,EUR/MWh,EUR,,primary
ember:monthly:day_ahead_price,HU,cost,wholesale,,,2021-06-01,2021-06-30,77.94,EUR/MWh,EUR,,primary
ember:monthly:day_ahead_price,HU,cost,wholesale,,,2021-07-01,2021-07-31,95.15,EUR/MWh,EUR,,primary
ember:monthly:day_ahead_price,HU,cost,wholesale,,,2021-08-01,2021-08-31,109.06,EUR/MWh,EUR,,primary
ember:monthly:day_ahead_price,HU,cost,wholesale,,,2021-09-01,2021-09-30,135.13,EUR/MWh,EUR,,primary
ember:monthly:day_ahead_price,HU,cost,wholesale,,,2021-10-01,2021-10-31,197.29,EUR/MWh,EUR,,primary
ember:monthly:day_ahead_price,HU,cost,wholesale,,,2021-11-01,2021-11-30,215.91,EUR/MWh,EUR,,primary
ember:monthly:day_ahead_price,HU,cost,wholesale,,,2021-12-01,2021-12-31,245.7,EUR/MWh,EUR,,primary
ember:monthly:day_ahead_price,HU,cost,wholesale,,,2022-01-01,2022-01-31,204.92,EUR/MWh,EUR,,primary
ember:monthly:day_ahead_price,HU,cost,wholesale,,,2022-02-01,2022-02-28,194.29,EUR/MWh,EUR,,primary
ember:monthly:day_ahead_price,HU,cost,wholesale,,,2022-03-01,2022-03-31,285.23,EUR/MWh,EUR,,primary
ember:monthly:day_ahead_price,HU,cost,wholesale,,,2022-04-01,2022-04-30,189.45,EUR/MWh,EUR,,primary
ember:monthly:day_ahead_price,HU,cost,wholesale,,,2022-05-01,2022-05-31,204.87,EUR/MWh,EUR,,primary
ember:monthly:day_ahead_price,HU,cost,wholesale,,,2022-06-01,2022-06-30,237.06,EUR/MWh,EUR,,primary
ember:monthly:day_ahead_price,HU,cost,wholesale,,,2022-07-01,2022-07-31,371.23,EUR/MWh,EUR,,primary
ember:monthly:day_ahead_price,HU,cost,wholesale,,,2022-08-01,2022-08-31,495.65,EUR/MWh,EUR,,primary
ember:monthly:day_ahead_price,HU,cost,wholesale,,,2022-09-01,2022-09-30,390.42,EUR/MWh,EUR,,primary
ember:monthly:day_ahead_price,HU,cost,wholesale,,,2022-10-01,2022-10-31,193.91,EUR/MWh,EUR,,primary
ember:monthly:day_ahead_price,HU,cost,wholesale,,,2022-11-01,2022-11-30,223.01,EUR/MWh,EUR,,primary
ember:monthly:day_ahead_price,HU,cost,wholesale,,,2022-12-01,2022-12-31,260.78,EUR/MWh,EUR,,primary
ember:monthly:day_ahead_price,HU,cost,wholesale,,,2023-01-01,2023-01-31,148.8,EUR/MWh,EUR,,primary
ember:monthly:day_ahead_price,HU,cost,wholesale,,,2023-02-01,2023-02-28,146.27,EUR/MWh,EUR,,primary
ember:monthly:day_ahead_price,HU,cost,wholesale,,,2023-03-01,2023-03-31,113.23,EUR/MWh,EUR,,primary
ember:monthly:day_ahead_price,HU,cost,wholesale,,,2023-04-01,2023-04-30,106.8,EUR/MWh,EUR,,primary
ember:monthly:day_ahead_price,HU,cost,wholesale,,,2023-05-01,2023-05-31,88.12,EUR/MWh,EUR,,primary
ember:monthly:day_ahead_price,HU,cost,wholesale,,,2023-06-01,2023-06-30,96.74,EUR/MWh,EUR,,primary
ember:monthly:day_ahead_price,HU,cost,wholesale,,,2023-07-01,2023-07-31,94.86,EUR/MWh,EUR,,primary
ember:monthly:day_ahead_price,HU,cost,wholesale,,,2023-08-01,2023-08-31,100.47,EUR/MWh,EUR,,primary
ember:monthly:day_ahead_price,HU,cost,wholesale,,,2023-09-01,2023-09-30,103.82,EUR/MWh,EUR,,primary
ember:monthly:day_ahead_price,HU,cost,wholesale,,,2023-10-01,2023-10-31,104.87,EUR/MWh,EUR,,primary
ember:monthly:day_ahead_price,HU,cost,wholesale,,,2023-11-01,2023-11-30,99.43,EUR/MWh,EUR,,primary
ember:monthly:day_ahead_price,HU,cost,wholesale,,,2023-12-01,2023-12-31,81.57,EUR/MWh,EUR,,primary
ember:monthly:day_ahead_price,HU,cost,wholesale,,,2024-01-01,2024-01-31,85.85,EUR/MWh,EUR,,primary
ember:monthly:day_ahead_price,HU,cost,wholesale,,,2024-02-01,2024-02-29,69.31,EUR/MWh,EUR,,primary
ember:monthly:day_ahead_price,HU,cost,wholesale,,,2024-03-01,2024-03-31,65.06,EUR/MWh,EUR,,primary
ember:monthly:day_ahead_price,HU,cost,wholesale,,,2024-04-01,2024-04-30,62.02,EUR/MWh,EUR,,primary
ember:monthly:day_ahead_price,HU,cost,wholesale,,,2024-05-01,2024-05-31,72.28,EUR/MWh,EUR,,primary
ember:monthly:day_ahead_price,HU,cost,wholesale,,,2024-06-01,2024-06-30,91.74,EUR/MWh,EUR,,primary
ember:monthly:day_ahead_price,HU,cost,wholesale,,,2024-07-01,2024-07-31,135.57,EUR/MWh,EUR,,primary
ember:monthly:day_ahead_price,HU,cost,wholesale,,,2024-08-01,2024-08-31,120.78,EUR/MWh,EUR,,primary
ember:monthly:day_ahead_price,HU,cost,wholesale,,,2024-09-01,2024-09-30,105.85,EUR/MWh,EUR,,primary
ember:monthly:day_ahead_price,HU,cost,wholesale,,,2024-10-01,2024-10-31,92.47,EUR/MWh,EUR,,primary
ember:monthly:day_ahead_price,HU,cost,wholesale,,,2024-11-01,2024-11-30,163.71,EUR/MWh,EUR,,primary
ember:monthly:day_ahead_price,HU,cost,wholesale,,,2024-12-01,2024-12-31,143.93,EUR/MWh,EUR,,primary
ember:monthly:day_ahead_price,HU,cost,wholesale,,,2025-01-01,2025-01-31,140.18,EUR/MWh,EUR,,primary
ember:monthly:day_ahead_price,HU,cost,wholesale,,,2025-02-01,2025-02-28,158.87,EUR/MWh,EUR,,primary
ember:monthly:day_ahead_price,HU,cost,wholesale,,,2025-03-01,2025-03-31,108.97,EUR/MWh,EUR,,primary
ember:monthly:day_ahead_price,HU,cost,wholesale,,,2025-04-01,2025-04-30,85.46,EUR/MWh,EUR,,primary
ember:monthly:day_ahead_price,HU,cost,wholesale,,,2025-05-01,2025-05-31,80.88,EUR/MWh,EUR,,primary
ember:monthly:day_ahead_price,HU,cost,wholesale,,,2025-06-01,2025-06-30,84.13,EUR/MWh,EUR,,primary
ember:monthly:day_ahead_price,HU,cost,wholesale,,,2025-07-01,2025-07-31,102.55,EUR/MWh,EUR,,primary
ember:monthly:day_ahead_price,HU,cost,wholesale,,,2025-08-01,2025-08-31,80.47,EUR/MWh,EUR,,primary
ember:monthly:day_ahead_price,HU,cost,wholesale,,,2025-09-01,2025-09-30,99.44,EUR/MWh,EUR,,primary
ember:monthly:day_ahead_price,HU,cost,wholesale,,,2025-10-01,2025-10-31,122.1,EUR/MWh,EUR,,primary
ember:monthly:day_ahead_price,HU,cost,wholesale,,,2025-11-01,2025-11-30,124.33,EUR/MWh,EUR,,primary
ember:monthly:day_ahead_price,HU,cost,wholesale,,,2025-12-01,2025-12-31,115.87,EUR/MWh,EUR,,primary
ember:monthly:day_ahead_price,HU,cost,wholesale,,,2026-01-01,2026-01-31,150.06,EUR/MWh,EUR,,primary
ember:monthly:day_ahead_price,HU,cost,wholesale,,,2026-02-01,2026-02-28,117.95,EUR/MWh,EUR,,primary
ember:monthly:day_ahead_price,HU,cost,wholesale,,,2026-03-01,2026-03-31,117.53,EUR/MWh,EUR,,primary
ember:monthly:day_ahead_price,HU,cost,wholesale,,,2026-04-01,2026-04-30,96.41,EUR/MWh,EUR,,primary
ember:monthly:day_ahead_price,HU,cost,wholesale,,,2026-05-01,2026-05-31,106.44,EUR/MWh,EUR,,primary
ember:monthly:day_ahead_price,HU,cost,wholesale,,,2026-06-01,2026-06-30,119.23,EUR/MWh,EUR,,primary
ember:monthly:day_ahead_price,HU,cost,wholesale,,,2026-07-01,2026-07-31,123.18,EUR/MWh,EUR,,primary
ember:monthly:day_ahead_price,HU,cost,wholesale,,,2026-08-01,2026-08-31,152.13,EUR/MWh,EUR,,primary
ember:monthly:day_ahead_price,HU,cost,wholesale,,,2026-09-01,2026-09-30,178.62,EUR/MWh,EUR,,primary
ember:monthly:day_ahead_price,HU,cost,wholesale,,,2026-10-01,2026-10-31,162.72,EUR/MWh,EUR,,primary
ember:monthly:day_ahead_price,IE,cost,wholesale,,,2018-10-01,2018-10-31,72.8,EUR/MWh,EUR,,primary
ember:monthly:day_ahead_price,IE,cost,wholesale,,,2018-11-01,2018-11-30,68.21,EUR/MWh,EUR,,primary
ember:monthly:day_ahead_price,IE,cost,wholesale,,,2018-12-01,2018-12-31,75.08,EUR/MWh,EUR,,primary
ember:monthly:day_ahead_price,IE,cost,wholesale,,,2019-01-01,2019-01-31,79.42,EUR/MWh,EUR,,primary
ember:monthly:day_ahead_price,IE,cost,wholesale,,,2019-02-01,2019-02-28,55.02,EUR/MWh,EUR,,primary
ember:monthly:day_ahead_price,IE,cost,wholesale,,,2019-03-01,2019-03-31,49.67,EUR/MWh,EUR,,primary
ember:monthly:day_ahead_price,IE,cost,wholesale,,,2019-04-01,2019-04-30,49.44,EUR/MWh,EUR,,primary
ember:monthly:day_ahead_price,IE,cost,wholesale,,,2019-05-01,2019-05-31,49.22,EUR/MWh,EUR,,primary
ember:monthly:day_ahead_price,IE,cost,wholesale,,,2019-06-01,2019-06-30,43.42,EUR/MWh,EUR,,primary
ember:monthly:day_ahead_price,IE,cost,wholesale,,,2019-07-01,2019-07-31,49.3,EUR/MWh,EUR,,primary
ember:monthly:day_ahead_price,IE,cost,wholesale,,,2019-08-01,2019-08-31,46.41,EUR/MWh,EUR,,primary
ember:monthly:day_ahead_price,IE,cost,wholesale,,,2019-09-01,2019-09-30,43.86,EUR/MWh,EUR,,primary
ember:monthly:day_ahead_price,IE,cost,wholesale,,,2019-10-01,2019-10-31,40.64,EUR/MWh,EUR,,primary
ember:monthly:day_ahead_price,IE,cost,wholesale,,,2019-11-01,2019-11-30,51.82,EUR/MWh,EUR,,primary
ember:monthly:day_ahead_price,IE,cost,wholesale,,,2019-12-01,2019-12-31,45.52,EUR/MWh,EUR,,primary
ember:monthly:day_ahead_price,IE,cost,wholesale,,,2020-01-01,2020-01-31,42.66,EUR/MWh,EUR,,primary
ember:monthly:day_ahead_price,IE,cost,wholesale,,,2020-02-01,2020-02-29,33.2,EUR/MWh,EUR,,primary
ember:monthly:day_ahead_price,IE,cost,wholesale,,,2020-03-01,2020-03-31,33.48,EUR/MWh,EUR,,primary
ember:monthly:day_ahead_price,IE,cost,wholesale,,,2020-04-01,2020-04-30,28.16,EUR/MWh,EUR,,primary
ember:monthly:day_ahead_price,IE,cost,wholesale,,,2020-05-01,2020-05-31,23.78,EUR/MWh,EUR,,primary
ember:monthly:day_ahead_price,IE,cost,wholesale,,,2020-06-01,2020-06-30,25.59,EUR/MWh,EUR,,primary
ember:monthly:day_ahead_price,IE,cost,wholesale,,,2020-07-01,2020-07-31,30.25,EUR/MWh,EUR,,primary
ember:monthly:day_ahead_price,IE,cost,wholesale,,,2020-08-01,2020-08-31,36.52,EUR/MWh,EUR,,primary
ember:monthly:day_ahead_price,IE,cost,wholesale,,,2020-09-01,2020-09-30,44.07,EUR/MWh,EUR,,primary
ember:monthly:day_ahead_price,IE,cost,wholesale,,,2020-10-01,2020-10-31,47.38,EUR/MWh,EUR,,primary
ember:monthly:day_ahead_price,IE,cost,wholesale,,,2020-11-01,2020-11-30,44.63,EUR/MWh,EUR,,primary
ember:monthly:day_ahead_price,IE,cost,wholesale,,,2020-12-01,2020-12-31,58.53,EUR/MWh,EUR,,primary
ember:monthly:day_ahead_price,IE,cost,wholesale,,,2021-01-01,2021-01-31,78.48,EUR/MWh,EUR,,primary
ember:monthly:day_ahead_price,IE,cost,wholesale,,,2021-02-01,2021-02-28,56.99,EUR/MWh,EUR,,primary
ember:monthly:day_ahead_price,IE,cost,wholesale,,,2021-03-01,2021-03-31,70.34,EUR/MWh,EUR,,primary
ember:monthly:day_ahead_price,IE,cost,wholesale,,,2021-04-01,2021-04-30,83.93,EUR/MWh,EUR,,primary
ember:monthly:day_ahead_price,IE,cost,wholesale,,,2021-05-01,2021-05-31,98.35,EUR/MWh,EUR,,primary
ember:monthly:day_ahead_price,IE,cost,wholesale,,,2021-06-01,2021-06-30,93.56,EUR/MWh,EUR,,primary
ember:monthly:day_ahead_price,IE,cost,wholesale,,,2021-07-01,2021-07-31,143.33,EUR/MWh,EUR,,primary
ember:monthly:day_ahead_price,IE,cost,wholesale,,,2021-08-01,2021-08-31,131.04,EUR/MWh,EUR,,primary
ember:monthly:day_ahead_price,IE,cost,wholesale,,,2021-09-01,2021-09-30,195.23,EUR/MWh,EUR,,primary
ember:monthly:day_ahead_price,IE,cost,wholesale,,,2021-10-01,2021-10-31,213.26,EUR/MWh,EUR,,primary
ember:monthly:day_ahead_price,IE,cost,wholesale,,,2021-11-01,2021-11-30,201.38,EUR/MWh,EUR,,primary
ember:monthly:day_ahead_price,IE,cost,wholesale,,,2021-12-01,2021-12-31,253.74,EUR/MWh,EUR,,primary
ember:monthly:day_ahead_price,IE,cost,wholesale,,,2022-01-01,2022-01-31,198.7,EUR/MWh,EUR,,primary
ember:monthly:day_ahead_price,IE,cost,wholesale,,,2022-02-01,2022-02-28,172.98,EUR/MWh,EUR,,primary
ember:monthly:day_ahead_price,IE,cost,wholesale,,,2022-03-01,2022-03-31,292.69,EUR/MWh,EUR,,primary
ember:monthly:day_ahead_price,IE,cost,wholesale,,,2022-04-01,2022-04-30,222.54,EUR/MWh,EUR,,primary
ember:monthly:day_ahead_price,IE,cost,wholesale,,,2022-05-01,2022-05-31,141.41,EUR/MWh,EUR,,primary
ember:monthly:day_ahead_price,IE,cost,wholesale,,,2022-06-01,2022-06-30,180.39,EUR/MWh,EUR,,primary
ember:monthly:day_ahead_price,IE,cost,wholesale,,,2022-07-01,2022-07-31,267.21,EUR/MWh,EUR,,primary
ember:monthly:day_ahead_price,IE,cost,wholesale,,,2022-08-01,2022-08-31,383.32,EUR/MWh,EUR,,primary
ember:monthly:day_ahead_price,IE,cost,wholesale,,,2022-09-01,2022-09-30,292.98,EUR/MWh,EUR,,primary
ember:monthly:day_ahead_price,IE,cost,wholesale,,,2022-10-01,2022-10-31,133.04,EUR/MWh,EUR,,primary
ember:monthly:day_ahead_price,IE,cost,wholesale,,,2022-11-01,2022-11-30,137.04,EUR/MWh,EUR,,primary
ember:monthly:day_ahead_price,IE,cost,wholesale,,,2022-12-01,2022-12-31,279.75,EUR/MWh,EUR,,primary
ember:monthly:day_ahead_price,IE,cost,wholesale,,,2023-01-01,2023-01-31,163.69,EUR/MWh,EUR,,primary
ember:monthly:day_ahead_price,IE,cost,wholesale,,,2023-02-01,2023-02-28,156.59,EUR/MWh,EUR,,primary
ember:monthly:day_ahead_price,IE,cost,wholesale,,,2023-03-01,2023-03-31,147.19,EUR/MWh,EUR,,primary
ember:monthly:day_ahead_price,IE,cost,wholesale,,,2023-04-01,2023-04-30,126.3,EUR/MWh,EUR,,primary
ember:monthly:day_ahead_price,IE,cost,wholesale,,,2023-05-01,2023-05-31,105.66,EUR/MWh,EUR,,primary
ember:monthly:day_ahead_price,IE,cost,wholesale,,,2023-06-01,2023-06-30,116.9,EUR/MWh,EUR,,primary
ember:monthly:day_ahead_price,IE,cost,wholesale,,,2023-07-01,2023-07-31,141.99,EUR/MWh,EUR,,primary
ember:monthly:day_ahead_price,IE,cost,wholesale,,,2023-08-01,2023-08-31,108.95,EUR/MWh,EUR,,primary
ember:monthly:day_ahead_price,IE,cost,wholesale,,,2023-09-01,2023-09-30,111.9,EUR/MWh,EUR,,primary
ember:monthly:day_ahead_price,IE,cost,wholesale,,,2023-10-01,2023-10-31,125.04,EUR/MWh,EUR,,primary
ember:monthly:day_ahead_price,IE,cost,wholesale,,,2023-11-01,2023-11-30,122.74,EUR/MWh,EUR,,primary
ember:monthly:day_ahead_price,IE,cost,wholesale,,,2023-12-01,2023-12-31,91.22,EUR/MWh,EUR,,primary
ember:monthly:day_ahead_price,IE,cost,wholesale,,,2024-01-01,2024-01-31,99.68,EUR/MWh,EUR,,primary
ember:monthly:day_ahead_price,IE,cost,wholesale,,,2024-02-01,2024-02-29,84.84,EUR/MWh,EUR,,primary
ember:monthly:day_ahead_price,IE,cost,wholesale,,,2024-03-01,2024-03-31,86.38,EUR/MWh,EUR,,primary
ember:monthly:day_ahead_price,IE,cost,wholesale,,,2024-04-01,2024-04-30,87.99,EUR/MWh,EUR,,primary
ember:monthly:day_ahead_price,IE,cost,wholesale,,,2024-05-01,2024-05-31,107.58,EUR/MWh,EUR,,primary
ember:monthly:day_ahead_price,IE,cost,wholesale,,,2024-06-01,2024-06-30,108.1,EUR/MWh,EUR,,primary
ember:monthly:day_ahead_price,IE,cost,wholesale,,,2024-07-01,2024-07-31,108.29,EUR/MWh,EUR,,primary
ember:monthly:day_ahead_price,IE,cost,wholesale,,,2024-08-01,2024-08-31,102.42,EUR/MWh,EUR,,primary
ember:monthly:day_ahead_price,IE,cost,wholesale,,,2024-09-01,2024-09-30,113.12,EUR/MWh,EUR,,primary
ember:monthly:day_ahead_price,IE,cost,wholesale,,,2024-10-01,2024-10-31,124.14,EUR/MWh,EUR,,primary
ember:monthly:day_ahead_price,IE,cost,wholesale,,,2024-11-01,2024-11-30,146.87,EUR/MWh,EUR,,primary
ember:monthly:day_ahead_price,IE,cost,wholesale,,,2024-12-01,2024-12-31,138.26,EUR/MWh,EUR,,primary
ember:monthly:day_ahead_price,IE,cost,wholesale,,,2025-01-01,2025-01-31,163.65,EUR/MWh,EUR,,primary
ember:monthly:day_ahead_price,IE,cost,wholesale,,,2025-02-01,2025-02-28,140.35,EUR/MWh,EUR,,primary
ember:monthly:day_ahead_price,IE,cost,wholesale,,,2025-03-01,2025-03-31,129.07,EUR/MWh,EUR,,primary
ember:monthly:day_ahead_price,IE,cost,wholesale,,,2025-04-01,2025-04-30,110.42,EUR/MWh,EUR,,primary
ember:monthly:day_ahead_price,IE,cost,wholesale,,,2025-05-01,2025-05-31,112.12,EUR/MWh,EUR,,primary
ember:monthly:day_ahead_price,IE,cost,wholesale,,,2025-06-01,2025-06-30,93.83,EUR/MWh,EUR,,primary
ember:monthly:day_ahead_price,IE,cost,wholesale,,,2025-07-01,2025-07-31,99.94,EUR/MWh,EUR,,primary
ember:monthly:day_ahead_price,IE,cost,wholesale,,,2025-08-01,2025-08-31,99.28,EUR/MWh,EUR,,primary
ember:monthly:day_ahead_price,IE,cost,wholesale,,,2025-09-01,2025-09-30,91.78,EUR/MWh,EUR,,primary
ember:monthly:day_ahead_price,IE,cost,wholesale,,,2025-10-01,2025-10-31,101.42,EUR/MWh,EUR,,primary
ember:monthly:day_ahead_price,IE,cost,wholesale,,,2025-11-01,2025-11-30,120.72,EUR/MWh,EUR,,primary
ember:monthly:day_ahead_price,IE,cost,wholesale,,,2025-12-01,2025-12-31,108.31,EUR/MWh,EUR,,primary
ember:monthly:day_ahead_price,IE,cost,wholesale,,,2026-01-01,2026-01-31,126.37,EUR/MWh,EUR,,primary
ember:monthly:day_ahead_price,IE,cost,wholesale,,,2026-02-01,2026-02-28,109.6,EUR/MWh,EUR,,primary
ember:monthly:day_ahead_price,IE,cost,wholesale,,,2026-03-01,2026-03-31,129.92,EUR/MWh,EUR,,primary
ember:monthly:day_ahead_price,IE,cost,wholesale,,,2026-04-01,2026-04-30,132.27,EUR/MWh,EUR,,primary
ember:monthly:day_ahead_price,IE,cost,wholesale,,,2026-05-01,2026-05-31,144.98,EUR/MWh,EUR,,primary
ember:monthly:day_ahead_price,IE,cost,wholesale,,,2026-06-01,2026-06-30,135.69,EUR/MWh,EUR,,primary
ember:monthly:day_ahead_price,IE,cost,wholesale,,,2026-07-01,2026-07-31,155.29,EUR/MWh,EUR,,primary
ember:monthly:day_ahead_price,IE,cost,wholesale,,,2026-08-01,2026-08-31,172.36,EUR/MWh,EUR,,primary
ember:monthly:day_ahead_price,IE,cost,wholesale,,,2026-09-01,2026-09-30,183.72,EUR/MWh,EUR,,primary
ember:monthly:day_ahead_price,IT,cost,wholesale,,,2015-01-01,2015-01-31,50.84,EUR/MWh,EUR,,primary
ember:monthly:day_ahead_price,IT,cost,wholesale,,,2015-02-01,2015-02-28,54.52,EUR/MWh,EUR,,primary
ember:monthly:day_ahead_price,IT,cost,wholesale,,,2015-03-01,2015-03-31,49.94,EUR/MWh,EUR,,primary
ember:monthly:day_ahead_price,IT,cost,wholesale,,,2015-04-01,2015-04-30,47.85,EUR/MWh,EUR,,primary
ember:monthly:day_ahead_price,IT,cost,wholesale,,,2015-05-01,2015-05-31,47.28,EUR/MWh,EUR,,primary
ember:monthly:day_ahead_price,IT,cost,wholesale,,,2015-06-01,2015-06-30,48.64,EUR/MWh,EUR,,primary
ember:monthly:day_ahead_price,IT,cost,wholesale,,,2015-07-01,2015-07-31,67.71,EUR/MWh,EUR,,primary
ember:monthly:day_ahead_price,IT,cost,wholesale,,,2015-08-01,2015-08-31,52.74,EUR/MWh,EUR,,primary
ember:monthly:day_ahead_price,IT,cost,wholesale,,,2015-09-01,2015-09-30,49.45,EUR/MWh,EUR,,primary
ember:monthly:day_ahead_price,IT,cost,wholesale,,,2015-10-01,2015-10-31,47.78,EUR/MWh,EUR,,primary
ember:monthly:day_ahead_price,IT,cost,wholesale,,,2015-11-01,2015-11-30,55.16,EUR/MWh,EUR,,primary
ember:monthly:day_ahead_price,IT,cost,wholesale,,,2015-12-01,2015-12-31,55.75,EUR/MWh,EUR,,primary
ember:monthly:day_ahead_price,IT,cost,wholesale,,,2016-01-01,2016-01-31,46.47,EUR/MWh,EUR,,primary
ember:monthly:day_ahead_price,IT,cost,wholesale,,,2016-02-01,2016-02-29,36.96,EUR/MWh,EUR,,primary
ember:monthly:day_ahead_price,IT,cost,wholesale,,,2016-03-01,2016-03-31,35.23,EUR/MWh,EUR,,primary
ember:monthly:day_ahead_price,IT,cost,wholesale,,,2016-04-01,2016-04-30,31.88,EUR/MWh,EUR,,primary
ember:monthly:day_ahead_price,IT,cost,wholesale,,,2016-05-01,2016-05-31,34.31,EUR/MWh,EUR,,primary
ember:monthly:day_ahead_price,IT,cost,wholesale,,,2016-06-01,2016-06-30,36.32,EUR/MWh,EUR,,primary
ember:monthly:day_ahead_price,IT,cost,wholesale,,,2016-07-01,2016-07-31,42.86,EUR/MWh,EUR,,primary
ember:monthly:day_ahead_price,IT,cost,wholesale,,,2016-08-01,2016-08-31,37.16,EUR/MWh,EUR,,primary
ember:monthly:day_ahead_price,IT,cost,wholesale,,,2016-09-01,2016-09-30,42.93,EUR/MWh,EUR,,primary
ember:monthly:day_ahead_price,IT,cost,wholesale,,,2016-10-01,2016-10-31,53.06,EUR/MWh,EUR,,primary
ember:monthly:day_ahead_price,IT,cost,wholesale,,,2016-11-01,2016-11-30,58.31,EUR/MWh,EUR,,primary
ember:monthly:day_ahead_price,IT,cost,wholesale,,,2016-12-01,2016-12-31,56.37,EUR/MWh,EUR,,primary
ember:monthly:day_ahead_price,IT,cost,wholesale,,,2017-01-01,2017-01-31,72.08,EUR/MWh,EUR,,primary
ember:monthly:day_ahead_price,IT,cost,wholesale,,,2017-02-01,2017-02-28,55.49,EUR/MWh,EUR,,primary
ember:monthly:day_ahead_price,IT,cost,wholesale,,,2017-03-01,2017-03-31,44.41,EUR/MWh,EUR,,primary
ember:monthly:day_ahead_price,IT,cost,wholesale,,,2017-04-01,2017-04-30,42.88,EUR/MWh,EUR,,primary
ember:monthly:day_ahead_price,IT,cost,wholesale,,,2017-05-01,2017-05-31,43.01,EUR/MWh,EUR,,primary
ember:monthly:day_ahead_price,IT,cost,wholesale,,,2017-06-01,2017-06-30,48.85,EUR/MWh,EUR,,primary
ember:monthly:day_ahead_price,IT,cost,wholesale,,,2017-07-01,2017-07-31,50.31,EUR/MWh,EUR,,primary
ember:monthly:day_ahead_price,IT,cost,wholesale,,,2017-08-01,2017-08-31,55.79,EUR/MWh,EUR,,primary
ember:monthly:day_ahead_price,IT,cost,wholesale,,,2017-09-01,2017-09-30,48.59,EUR/MWh,EUR,,primary
ember:monthly:day_ahead_price,IT,cost,wholesale,,,2017-10-01,2017-10-31,54.7,EUR/MWh,EUR,,primary
ember:monthly:day_ahead_price,IT,cost,wholesale,,,2017-11-01,2017-11-30,65.76,EUR/MWh,EUR,,primary
ember:monthly:day_ahead_price,IT,cost,wholesale,,,2017-12-01,2017-12-31,65.08,EUR/MWh,EUR,,primary
ember:monthly:day_ahead_price,IT,cost,wholesale,,,2018-01-01,2018-01-31,48.96,EUR/MWh,EUR,,primary
ember:monthly:day_ahead_price,IT,cost,wholesale,,,2018-02-01,2018-02-28,57.05,EUR/MWh,EUR,,primary
ember:monthly:day_ahead_price,IT,cost,wholesale,,,2018-03-01,2018-03-31,56.82,EUR/MWh,EUR,,primary
ember:monthly:day_ahead_price,IT,cost,wholesale,,,2018-04-01,2018-04-30,49.42,EUR/MWh,EUR,,primary
ember:monthly:day_ahead_price,IT,cost,wholesale,,,2018-05-01,2018-05-31,53.52,EUR/MWh,EUR,,primary
ember:monthly:day_ahead_price,IT,cost,wholesale,,,2018-06-01,2018-06-30,57.27,EUR/MWh,EUR,,primary
ember:monthly:day_ahead_price,IT,cost,wholesale,,,2018-07-01,2018-07-31,62.73,EUR/MWh,EUR,,primary
ember:monthly:day_ahead_price,IT,cost,wholesale,,,2018-08-01,2018-08-31,67.52,EUR/MWh,EUR,,primary
ember:monthly:day_ahead_price,IT,cost,wholesale,,,2018-09-01,2018-09-30,76.26,EUR/MWh,EUR,,primary
ember:monthly:day_ahead_price,IT,cost,wholesale,,,2018-10-01,2018-10-31,73.94,EUR/MWh,EUR,,primary
ember:monthly:day_ahead_price,IT,cost,wholesale,,,2018-11-01,2018-11-30,66.59,EUR/MWh,EUR,,primary
ember:monthly:day_ahead_price,IT,cost,wholesale,,,2018-12-01,2018-12-31,65.09,EUR/MWh,EUR,,primary
ember:monthly:day_ahead_price,IT,cost,wholesale,,,2019-01-01,2019-01-31,67.64,EUR/MWh,EUR,,primary
ember:monthly:day_ahead_price,IT,cost,wholesale,,,2019-02-01,2019-02-28,57.64,EUR/MWh,EUR,,primary
ember:monthly:day_ahead_price,IT,cost,wholesale,,,2019-03-01,2019-03-31,52.86,EUR/MWh,EUR,,primary
ember:monthly:day_ahead_price,IT,cost,wholesale,,,2019-04-01,2019-04-30,53.39,EUR/MWh,EUR,,primary
ember:monthly:day_ahead_price,IT,cost,wholesale,,,2019-05-01,2019-05-31,50.67,EUR/MWh,EUR,,primary
ember:monthly:day_ahead_price,IT,cost,wholesale,,,2019-06-01,2019-06-30,48.58,EUR/MWh,EUR,,primary
ember:monthly:day_ahead_price,IT,cost,wholesale,,,2019-07-01,2019-07-31,52.32,EUR/MWh,EUR,,primary
ember:monthly:day_ahead_price,IT,cost,wholesale,,,2019-08-01,2019-08-31,49.59,EUR/MWh,EUR,,primary
ember:monthly:day_ahead_price,IT,cost,wholesale,,,2019-09-01,2019-09-30,51.16,EUR/MWh,EUR,,primary
ember:monthly:day_ahead_price,IT,cost,wholesale,,,2019-10-01,2019-10-31,52.83,EUR/MWh,EUR,,primary
ember:monthly:day_ahead_price,IT,cost,wholesale,,,2019-11-01,2019-11-30,48.17,EUR/MWh,EUR,,primary
ember:monthly:day_ahead_price,IT,cost,wholesale,,,2019-12-01,2019-12-31,43.33,EUR/MWh,EUR,,primary
ember:monthly:day_ahead_price,IT,cost,wholesale,,,2020-01-01,2020-01-31,47.44,EUR/MWh,EUR,,primary
ember:monthly:day_ahead_price,IT,cost,wholesale,,,2020-02-01,2020-02-29,39.26,EUR/MWh,EUR,,primary
ember:monthly:day_ahead_price,IT,cost,wholesale,,,2020-03-01,2020-03-31,31.97,EUR/MWh,EUR,,primary
ember:monthly:day_ahead_price,IT,cost,wholesale,,,2020-04-01,2020-04-30,24.79,EUR/MWh,EUR,,primary
ember:monthly:day_ahead_price,IT,cost,wholesale,,,2020-05-01,2020-05-31,21.79,EUR/MWh,EUR,,primary
ember:monthly:day_ahead_price,IT,cost,wholesale,,,2020-06-01,2020-06-30,28.06,EUR/MWh,EUR,,primary
ember:monthly:day_ahead_price,IT,cost,wholesale,,,2020-07-01,2020-07-31,37.99,EUR/MWh,EUR,,primary
ember:monthly:day_ahead_price,IT,cost,wholesale,,,2020-08-01,2020-08-31,40.27,EUR/MWh,EUR,,primary
ember:monthly:day_ahead_price,IT,cost,wholesale,,,2020-09-01,2020-09-30,48.77,EUR/MWh,EUR,,primary
ember:monthly:day_ahead_price,IT,cost,wholesale,,,2020-10-01,2020-10-31,43.52,EUR/MWh,EUR,,primary
ember:monthly:day_ahead_price,IT,cost,wholesale,,,2020-11-01,2020-11-30,48.75,EUR/MWh,EUR,,primary
ember:monthly:day_ahead_price,IT,cost,wholesale,,,2020-12-01,2020-12-31,54.07,EUR/MWh,EUR,,primary
ember:monthly:day_ahead_price,IT,cost,wholesale,,,2021-01-01,2021-01-31,60.7,EUR/MWh,EUR,,primary
ember:monthly:day_ahead_price,IT,cost,wholesale,,,2021-02-01,2021-02-28,56.56,EUR/MWh,EUR,,primary
ember:monthly:day_ahead_price,IT,cost,wholesale,,,2021-03-01,2021-03-31,60.41,EUR/MWh,EUR,,primary
ember:monthly:day_ahead_price,IT,cost,wholesale,,,2021-04-01,2021-04-30,69.05,EUR/MWh,EUR,,primary
ember:monthly:day_ahead_price,IT,cost,wholesale,,,2021-05-01,2021-05-31,69.95,EUR/MWh,EUR,,primary
ember:monthly:day_ahead_price,IT,cost,wholesale,,,2021-06-01,2021-06-30,84.84,EUR/MWh,EUR,,primary
ember:monthly:day_ahead_price,IT,cost,wholesale,,,2021-07-01,2021-07-31,102.7,EUR/MWh,EUR,,primary
ember:monthly:day_ahead_price,IT,cost,wholesale,,,2021-08-01,2021-08-31,112.57,EUR/MWh,EUR,,primary
ember:monthly:day_ahead_price,IT,cost,wholesale,,,2021-09-01,2021-09-30,158.74,EUR/MWh,EUR,,primary
ember:monthly:day_ahead_price,IT,cost,wholesale,,,2021-10-01,2021-10-31,217.66,EUR/MWh,EUR,,primary
ember:monthly:day_ahead_price,IT,cost,wholesale,,,2021-11-01,2021-11-30,225.99,EUR/MWh,EUR,,primary
ember:monthly:day_ahead_price,IT,cost,wholesale,,,2021-12-01,2021-12-31,281.01,EUR/MWh,EUR,,primary
ember:monthly:day_ahead_price,IT,cost,wholesale,,,2022-01-01,2022-01-31,224.49,EUR/MWh,EUR,,primary
ember:monthly:day_ahead_price,IT,cost,wholesale,,,2022-02-01,2022-02-28,211.76,EUR/MWh,EUR,,primary
ember:monthly:day_ahead_price,IT,cost,wholesale,,,2022-03-01,2022-03-31,307.97,EUR/MWh,EUR,,primary
ember:monthly:day_ahead_price,IT,cost,wholesale,,,2022-04-01,2022-04-30,245.79,EUR/MWh,EUR,,primary
ember:monthly:day_ahead_price,IT,cost,wholesale,,,2022-05-01,2022-05-31,230.04,EUR/MWh,EUR,,primary
ember:monthly:day_ahead_price,IT,cost,wholesale,,,2022-06-01,2022-06-30,271.67,EUR/MWh,EUR,,primary
ember:monthly:day_ahead_price,IT,cost,wholesale,,,2022-07-01,2022-07-31,441.77,EUR/MWh,EUR,,primary
ember:monthly:day_ahead_price,IT,cost,wholesale,,,2022-08-01,2022-08-31,543.55,EUR/MWh,EUR,,primary
ember:monthly:day_ahead_price,IT,cost,wholesale,,,2022-09-01,2022-09-30,429.25,EUR/MWh,EUR,,primary
ember:monthly:day_ahead_price,IT,cost,wholesale,,,2022-10-01,2022-10-31,211.16,EUR/MWh,EUR,,primary
ember:monthly:day_ahead_price,IT,cost,wholesale,,,2022-11-01,2022-11-30,224.79,EUR/MWh,EUR,,primary
ember:monthly:day_ahead_price,IT,cost,wholesale,,,2022-12-01,2022-12-31,294.82,EUR/MWh,EUR,,primary
ember:monthly:day_ahead_price,IT,cost,wholesale,,,2023-01-01,2023-01-31,174.44,EUR/MWh,EUR,,primary
ember:monthly:day_ahead_price,IT,cost,wholesale,,,2023-02-01,2023-02-28,161.03,EUR/MWh,EUR,,primary
ember:monthly:day_ahead_price,IT,cost,wholesale,,,2023-03-01,2023-03-31,136.31,EUR/MWh,EUR,,primary
ember:monthly:day_ahead_price,IT,cost,wholesale,,,2023-04-01,2023-04-30,134.9,EUR/MWh,EUR,,primary
ember:monthly:day_ahead_price,IT,cost,wholesale,,,2023-05-01,2023-05-31,105.65,EUR/MWh,EUR,,primary
ember:monthly:day_ahead_price,IT,cost,wholesale,,,2023-06-01,2023-06-30,105.39,EUR/MWh,EUR,,primary
ember:monthly:day_ahead_price,IT,cost,wholesale,,,2023-07-01,2023-07-31,112.08,EUR/MWh,EUR,,primary
ember:monthly:day_ahead_price,IT,cost,wholesale,,,2023-08-01,2023-08-31,111.93,EUR/MWh,EUR,,primary
ember:monthly:day_ahead_price,IT,cost,wholesale,,,2023-09-01,2023-09-30,115.69,EUR/MWh,EUR,,primary
ember:monthly:day_ahead_price,IT,cost,wholesale,,,2023-10-01,2023-10-31,134.2,EUR/MWh,EUR,,primary
ember:monthly:day_ahead_price,IT,cost,wholesale,,,2023-11-01,2023-11-30,121.74,EUR/MWh,EUR,,primary
ember:monthly:day_ahead_price,IT,cost,wholesale,,,2023-12-01,2023-12-31,115.45,EUR/MWh,EUR,,primary
ember:monthly:day_ahead_price,IT,cost,wholesale,,,2024-01-01,2024-01-31,99.14,EUR/MWh,EUR,,primary
ember:monthly:day_ahead_price,IT,cost,wholesale,,,2024-02-01,2024-02-29,87.6,EUR/MWh,EUR,,primary
ember:monthly:day_ahead_price,IT,cost,wholesale,,,2024-03-01,2024-03-31,88.85,EUR/MWh,EUR,,primary
ember:monthly:day_ahead_price,IT,cost,wholesale,,,2024-04-01,2024-04-30,86.76,EUR/MWh,EUR,,primary
ember:monthly:day_ahead_price,IT,cost,wholesale,,,2024-05-01,2024-05-31,94.94,EUR/MWh,EUR,,primary
ember:monthly:day_ahead_price,IT,cost,wholesale,,,2024-06-01,2024-06-30,103.18,EUR/MWh,EUR,,primary
ember:monthly:day_ahead_price,IT,cost,wholesale,,,2024-07-01,2024-07-31,112.38,EUR/MWh,EUR,,primary
ember:monthly:day_ahead_price,IT,cost,wholesale,,,2024-08-01,2024-08-31,128.51,EUR/MWh,EUR,,primary
ember:monthly:day_ahead_price,IT,cost,wholesale,,,2024-09-01,2024-09-30,117.08,EUR/MWh,EUR,,primary
ember:monthly:day_ahead_price,IT,cost,wholesale,,,2024-10-01,2024-10-31,116.72,EUR/MWh,EUR,,primary
ember:monthly:day_ahead_price,IT,cost,wholesale,,,2024-11-01,2024-11-30,130.93,EUR/MWh,EUR,,primary
ember:monthly:day_ahead_price,IT,cost,wholesale,,,2024-12-01,2024-12-31,135.04,EUR/MWh,EUR,,primary
ember:monthly:day_ahead_price,IT,cost,wholesale,,,2025-01-01,2025-01-31,138.68,EUR/MWh,EUR,,primary
ember:monthly:day_ahead_price,IT,cost,wholesale,,,2025-02-01,2025-02-28,142.33,EUR/MWh,EUR,,primary
ember:monthly:day_ahead_price,IT,cost,wholesale,,,2025-03-01,2025-03-31,127.39,EUR/MWh,EUR,,primary
ember:monthly:day_ahead_price,IT,cost,wholesale,,,2025-04-01,2025-04-30,117.09,EUR/MWh,EUR,,primary
ember:monthly:day_ahead_price,IT,cost,wholesale,,,2025-05-01,2025-05-31,114.36,EUR/MWh,EUR,,primary
ember:monthly:day_ahead_price,IT,cost,wholesale,,,2025-06-01,2025-06-30,123.04,EUR/MWh,EUR,,primary
ember:monthly:day_ahead_price,IT,cost,wholesale,,,2025-07-01,2025-07-31,123.69,EUR/MWh,EUR,,primary
ember:monthly:day_ahead_price,IT,cost,wholesale,,,2025-08-01,2025-08-31,121.54,EUR/MWh,EUR,,primary
ember:monthly:day_ahead_price,IT,cost,wholesale,,,2025-09-01,2025-09-30,109.1,EUR/MWh,EUR,,primary
ember:monthly:day_ahead_price,IT,cost,wholesale,,,2025-10-01,2025-10-31,111.42,EUR/MWh,EUR,,primary
ember:monthly:day_ahead_price,IT,cost,wholesale,,,2025-11-01,2025-11-30,117.03,EUR/MWh,EUR,,primary
ember:monthly:day_ahead_price,IT,cost,wholesale,,,2025-12-01,2025-12-31,115.48,EUR/MWh,EUR,,primary
ember:monthly:day_ahead_price,IT,cost,wholesale,,,2026-01-01,2026-01-31,132.58,EUR/MWh,EUR,,primary
ember:monthly:day_ahead_price,IT,cost,wholesale,,,2026-02-01,2026-02-28,114.23,EUR/MWh,EUR,,primary
ember:monthly:day_ahead_price,IT,cost,wholesale,,,2026-03-01,2026-03-31,143.44,EUR/MWh,EUR,,primary
ember:monthly:day_ahead_price,IT,cost,wholesale,,,2026-04-01,2026-04-30,120.13,EUR/MWh,EUR,,primary
ember:monthly:day_ahead_price,IT,cost,wholesale,,,2026-05-01,2026-05-31,120.05,EUR/MWh,EUR,,primary
ember:monthly:day_ahead_price,IT,cost,wholesale,,,2026-06-01,2026-06-30,132.27,EUR/MWh,EUR,,primary
ember:monthly:day_ahead_price,IT,cost,wholesale,,,2026-07-01,2026-07-31,156.77,EUR/MWh,EUR,,primary
ember:monthly:day_ahead_price,IT,cost,wholesale,,,2026-08-01,2026-08-31,180.09,EUR/MWh,EUR,,primary
ember:monthly:day_ahead_price,IT,cost,wholesale,,,2026-09-01,2026-09-30,207.28,EUR/MWh,EUR,,primary
ember:monthly:day_ahead_price,LT,cost,wholesale,,,2015-01-01,2015-01-31,39.61,EUR/MWh,EUR,,primary
ember:monthly:day_ahead_price,LT,cost,wholesale,,,2015-02-01,2015-02-28,39.44,EUR/MWh,EUR,,primary
ember:monthly:day_ahead_price,LT,cost,wholesale,,,2015-03-01,2015-03-31,32.21,EUR/MWh,EUR,,primary
ember:monthly:day_ahead_price,LT,cost,wholesale,,,2015-04-01,2015-04-30,35.61,EUR/MWh,EUR,,primary
ember:monthly:day_ahead_price,LT,cost,wholesale,,,2015-05-01,2015-05-31,37.35,EUR/MWh,EUR,,primary
ember:monthly:day_ahead_price,LT,cost,wholesale,,,2015-06-01,2015-06-30,42.78,EUR/MWh,EUR,,primary
ember:monthly:day_ahead_price,LT,cost,wholesale,,,2015-07-01,2015-07-31,44.46,EUR/MWh,EUR,,primary
ember:monthly:day_ahead_price,LT,cost,wholesale,,,2015-08-01,2015-08-31,46.44,EUR/MWh,EUR,,primary
ember:monthly:day_ahead_price,LT,cost,wholesale,,,2015-09-01,2015-09-30,44.27,EUR/MWh,EUR,,primary
ember:monthly:day_ahead_price,LT,cost,wholesale,,,2015-10-01,2015-10-31,56.52,EUR/MWh,EUR,,primary
ember:monthly:day_ahead_price,LT,cost,wholesale,,,2015-11-01,2015-11-30,45.84,EUR/MWh,EUR,,primary
ember:monthly:day_ahead_price,LT,cost,wholesale,,,2015-12-01,2015-12-31,38.35,EUR/MWh,EUR,,primary
ember:monthly:day_ahead_price,LT,cost,wholesale,,,2016-01-01,2016-01-31,50.31,EUR/MWh,EUR,,primary
ember:monthly:day_ahead_price,LT,cost,wholesale,,,2016-02-01,2016-02-29,29.65,EUR/MWh,EUR,,primary
ember:monthly:day_ahead_price,LT,cost,wholesale,,,2016-03-01,2016-03-31,30.79,EUR/MWh,EUR,,primary
ember:monthly:day_ahead_price,LT,cost,wholesale,,,2016-04-01,2016-04-30,33.04,EUR/MWh,EUR,,primary
ember:monthly:day_ahead_price,LT,cost,wholesale,,,2016-05-01,2016-05-31,32.87,EUR/MWh,EUR,,primary
ember:monthly:day_ahead_price,LT,cost,wholesale,,,2016-06-01,2016-06-30,40.54,EUR/MWh,EUR,,primary
ember:monthly:day_ahead_price,LT,cost,wholesale,,,2016-07-01,2016-07-31,39.22,EUR/MWh,EUR,,primary
ember:monthly:day_ahead_price,LT,cost,wholesale,,,2016-08-01,2016-08-31,33.78,EUR/MWh,EUR,,primary
ember:monthly:day_ahead_price,LT,cost,wholesale,,,2016-09-01,2016-09-30,34.04,EUR/MWh,EUR,,primary
ember:monthly:day_ahead_price,LT,cost,wholesale,,,2016-10-01,2016-10-31,38.51,EUR/MWh,EUR,,primary
ember:monthly:day_ahead_price,LT,cost,wholesale,,,2016-11-01,2016-11-30,40.57,EUR/MWh,EUR,,primary
ember:monthly:day_ahead_price,LT,cost,wholesale,,,2016-12-01,2016-12-31,34.78,EUR/MWh,EUR,,primary
ember:monthly:day_ahead_price,LT,cost,wholesale,,,2017-01-01,2017-01-31,36.89,EUR/MWh,EUR,,primary
ember:monthly:day_ahead_price,LT,cost,wholesale,,,2017-02-01,2017-02-28,36.45,EUR/MWh,EUR,,primary
ember:monthly:day_ahead_price,LT,cost,wholesale,,,2017-03-01,2017-03-31,31.26,EUR/MWh,EUR,,primary
ember:monthly:day_ahead_price,LT,cost,wholesale,,,2017-04-01,2017-04-30,31.42,EUR/MWh,EUR,,primary
ember:monthly:day_ahead_price,LT,cost,wholesale,,,2017-05-01,2017-05-31,32.45,EUR/MWh,EUR,,primary
ember:monthly:day_ahead_price,LT,cost,wholesale,,,2017-06-01,2017-06-30,38.37,EUR/MWh,EUR,,primary
ember:monthly:day_ahead_price,LT,cost,wholesale,,,2017-07-01,2017-07-31,36.29,EUR/MWh,EUR,,primary
ember:monthly:day_ahead_price,LT,cost,wholesale,,,2017-08-01,2017-08-31,37.3,EUR/MWh,EUR,,primary
ember:monthly:day_ahead_price,LT,cost,wholesale,,,2017-09-01,2017-09-30,37.78,EUR/MWh,EUR,,primary
ember:monthly:day_ahead_price,LT,cost,wholesale,,,2017-10-01,2017-10-31,34.36,EUR/MWh,EUR,,primary
ember:monthly:day_ahead_price,LT,cost,wholesale,,,2017-11-01,2017-11-30,36.2,EUR/MWh,EUR,,primary
ember:monthly:day_ahead_price,LT,cost,wholesale,,,2017-12-01,2017-12-31,33.06,EUR/MWh,EUR,,primary
ember:monthly:day_ahead_price,LT,cost,wholesale,,,2018-01-01,2018-01-31,37.62,EUR/MWh,EUR,,primary
ember:monthly:day_ahead_price,LT,cost,wholesale,,,2018-02-01,2018-02-28,43.51,EUR/MWh,EUR,,primary
ember:monthly:day_ahead_price,LT,cost,wholesale,,,2018-03-01,2018-03-31,46.08,EUR/MWh,EUR,,primary
ember:monthly:day_ahead_price,LT,cost,wholesale,,,2018-04-01,2018-04-30,40.11,EUR/MWh,EUR,,primary
ember:monthly:day_ahead_price,LT,cost,wholesale,,,2018-05-01,2018-05-31,43.76,EUR/MWh,EUR,,primary
ember:monthly:day_ahead_price,LT,cost,wholesale,,,2018-06-01,2018-06-30,51.06,EUR/MWh,EUR,,primary
ember:monthly:day_ahead_price,LT,cost,wholesale,,,2018-07-01,2018-07-31,54.57,EUR/MWh,EUR,,primary
ember:monthly:day_ahead_price,LT,cost,wholesale,,,2018-08-01,2018-08-31,59.05,EUR/MWh,EUR,,primary
ember:monthly:day_ahead_price,LT,cost,wholesale,,,2018-09-01,2018-09-30,59.07,EUR/MWh,EUR,,primary
ember:monthly:day_ahead_price,LT,cost,wholesale,,,2018-10-01,2018-10-31,55.7,EUR/MWh,EUR,,primary
ember:monthly:day_ahead_price,LT,cost,wholesale,,,2018-11-01,2018-11-30,55.42,EUR/MWh,EUR,,primary
ember:monthly:day_ahead_price,LT,cost,wholesale,,,2018-12-01,2018-12-31,53.6,EUR/MWh,EUR,,primary
ember:monthly:day_ahead_price,LT,cost,wholesale,,,2019-01-01,2019-01-31,56.53,EUR/MWh,EUR,,primary
ember:monthly:day_ahead_price,LT,cost,wholesale,,,2019-02-01,2019-02-28,46.95,EUR/MWh,EUR,,primary
ember:monthly:day_ahead_price,LT,cost,wholesale,,,2019-03-01,2019-03-31,39.97,EUR/MWh,EUR,,primary
ember:monthly:day_ahead_price,LT,cost,wholesale,,,2019-04-01,2019-04-30,43.44,EUR/MWh,EUR,,primary
ember:monthly:day_ahead_price,LT,cost,wholesale,,,2019-05-01,2019-05-31,44.14,EUR/MWh,EUR,,primary
ember:monthly:day_ahead_price,LT,cost,wholesale,,,2019-06-01,2019-06-30,44.67,EUR/MWh,EUR,,primary
ember:monthly:day_ahead_price,LT,cost,wholesale,,,2019-07-01,2019-07-31,48.99,EUR/MWh,EUR,,primary
ember:monthly:day_ahead_price,LT,cost,wholesale,,,2019-08-01,2019-08-31,49.34,EUR/MWh,EUR,,primary
ember:monthly:day_ahead_price,LT,cost,wholesale,,,2019-09-01,2019-09-30,48.8,EUR/MWh,EUR,,primary
ember:monthly:day_ahead_price,LT,cost,wholesale,,,2019-10-01,2019-10-31,46.99,EUR/MWh,EUR,,primary
ember:monthly:day_ahead_price,LT,cost,wholesale,,,2019-11-01,2019-11-30,44.7,EUR/MWh,EUR,,primary
ember:monthly:day_ahead_price,LT,cost,wholesale,,,2019-12-01,2019-12-31,38.96,EUR/MWh,EUR,,primary
ember:monthly:day_ahead_price,LT,cost,wholesale,,,2020-01-01,2020-01-31,30.82,EUR/MWh,EUR,,primary
ember:monthly:day_ahead_price,LT,cost,wholesale,,,2020-02-01,2020-02-29,27.76,EUR/MWh,EUR,,primary
ember:monthly:day_ahead_price,LT,cost,wholesale,,,2020-03-01,2020-03-31,23.97,EUR/MWh,EUR,,primary
ember:monthly:day_ahead_price,LT,cost,wholesale,,,2020-04-01,2020-04-30,23.3,EUR/MWh,EUR,,primary
ember:monthly:day_ahead_price,LT,cost,wholesale,,,2020-05-01,2020-05-31,24.52,EUR/MWh,EUR,,primary
ember:monthly:day_ahead_price,LT,cost,wholesale,,,2020-06-01,2020-06-30,38.64,EUR/MWh,EUR,,primary
ember:monthly:day_ahead_price,LT,cost,wholesale,,,2020-07-01,2020-07-31,31.77,EUR/MWh,EUR,,primary
ember:monthly:day_ahead_price,LT,cost,wholesale,,,2020-08-01,2020-08-31,43.35,EUR/MWh,EUR,,primary
ember:monthly:day_ahead_price,LT,cost,wholesale,,,2020-09-01,2020-09-30,39.44,EUR/MWh,EUR,,primary
ember:monthly:day_ahead_price,LT,cost,wholesale,,,2020-10-01,2020-10-31,37.76,EUR/MWh,EUR,,primary
ember:monthly:day_ahead_price,LT,cost,wholesale,,,2020-11-01,2020-11-30,41.19,EUR/MWh,EUR,,primary
ember:monthly:day_ahead_price,LT,cost,wholesale,,,2020-12-01,2020-12-31,45.76,EUR/MWh,EUR,,primary
ember:monthly:day_ahead_price,LT,cost,wholesale,,,2021-01-01,2021-01-31,53.66,EUR/MWh,EUR,,primary
ember:monthly:day_ahead_price,LT,cost,wholesale,,,2021-02-01,2021-02-28,59.28,EUR/MWh,EUR,,primary
ember:monthly:day_ahead_price,LT,cost,wholesale,,,2021-03-01,2021-03-31,47.99,EUR/MWh,EUR,,primary
ember:monthly:day_ahead_price,LT,cost,wholesale,,,2021-04-01,2021-04-30,44.81,EUR/MWh,EUR,,primary
ember:monthly:day_ahead_price,LT,cost,wholesale,,,2021-05-01,2021-05-31,50.38,EUR/MWh,EUR,,primary
ember:monthly:day_ahead_price,LT,cost,wholesale,,,2021-06-01,2021-06-30,77.79,EUR/MWh,EUR,,primary
ember:monthly:day_ahead_price,LT,cost,wholesale,,,2021-07-01,2021-07-31,88.25,EUR/MWh,EUR,,primary
ember:monthly:day_ahead_price,LT,cost,wholesale,,,2021-08-01,2021-08-31,87.85,EUR/MWh,EUR,,primary
ember:monthly:day_ahead_price,LT,cost,wholesale,,,2021-09-01,2021-09-30,123.93,EUR/MWh,EUR,,primary
ember:monthly:day_ahead_price,LT,cost,wholesale,,,2021-10-01,2021-10-31,108.92,EUR/MWh,EUR,,primary
ember:monthly:day_ahead_price,LT,cost,wholesale,,,2021-11-01,2021-11-30,127.91,EUR/MWh,EUR,,primary
ember:monthly:day_ahead_price,LT,cost,wholesale,,,2021-12-01,2021-12-31,212.11,EUR/MWh,EUR,,primary
ember:monthly:day_ahead_price,LT,cost,wholesale,,,2022-01-01,2022-01-31,146.01,EUR/MWh,EUR,,primary
ember:monthly:day_ahead_price,LT,cost,wholesale,,,2022-02-01,2022-02-28,104.67,EUR/MWh,EUR,,primary
ember:monthly:day_ahead_price,LT,cost,wholesale,,,2022-03-01,2022-03-31,170.06,EUR/MWh,EUR,,primary
ember:monthly:day_ahead_price,LT,cost,wholesale,,,2022-04-01,2022-04-30,116.52,EUR/MWh,EUR,,primary
ember:monthly:day_ahead_price,LT,cost,wholesale,,,2022-05-01,2022-05-31,164.86,EUR/MWh,EUR,,primary
ember:monthly:day_ahead_price,LT,cost,wholesale,,,2022-06-01,2022-06-30,223.38,EUR/MWh,EUR,,primary
ember:monthly:day_ahead_price,LT,cost,wholesale,,,2022-07-01,2022-07-31,305.38,EUR/MWh,EUR,,primary
ember:monthly:day_ahead_price,LT,cost,wholesale,,,2022-08-01,2022-08-31,480.5,EUR/MWh,EUR,,primary
ember:monthly:day_ahead_price,LT,cost,wholesale,,,2022-09-01,2022-09-30,359.38,EUR/MWh,EUR,,primary
ember:monthly:day_ahead_price,LT,cost,wholesale,,,2022-10-01,2022-10-31,189.21,EUR/MWh,EUR,,primary
ember:monthly:day_ahead_price,LT,cost,wholesale,,,2022-11-01,2022-11-30,226.87,EUR/MWh,EUR,,primary
ember:monthly:day_ahead_price,LT,cost,wholesale,,,2022-12-01,2022-12-31,263.88,EUR/MWh,EUR,,primary
ember:monthly:day_ahead_price,LT,cost,wholesale,,,2023-01-01,2023-01-31,103.17,EUR/MWh,EUR,,primary
ember:monthly:day_ahead_price,LT,cost,wholesale,,,2023-02-01,2023-02-28,114.66,EUR/MWh,EUR,,primary
ember:monthly:day_ahead_price,LT,cost,wholesale,,,2023-03-01,2023-03-31,88.59,EUR/MWh,EUR,,primary
ember:monthly:day_ahead_price,LT,cost,wholesale,,,2023-04-01,2023-04-30,67.26,EUR/MWh,EUR,,primary
ember:monthly:day_ahead_price,LT,cost,wholesale,,,2023-05-01,2023-05-31,78.14,EUR/MWh,EUR,,primary
ember:monthly:day_ahead_price,LT,cost,wholesale,,,2023-06-01,2023-06-30,98.85,EUR/MWh,EUR,,primary
ember:monthly:day_ahead_price,LT,cost,wholesale,,,2023-07-01,2023-07-31,83.63,EUR/MWh,EUR,,primary
ember:monthly:day_ahead_price,LT,cost,wholesale,,,2023-08-01,2023-08-31,102.6,EUR/MWh,EUR,,primary
ember:monthly:day_ahead_price,LT,cost,wholesale,,,2023-09-01,2023-09-30,117.01,EUR/MWh,EUR,,primary
ember:monthly:day_ahead_price,LT,cost,wholesale,,,2023-10-01,2023-10-31,87.49,EUR/MWh,EUR,,primary
ember:monthly:day_ahead_price,LT,cost,wholesale,,,2023-11-01,2023-11-30,105.34,EUR/MWh,EUR,,primary
ember:monthly:day_ahead_price,LT,cost,wholesale,,,2023-12-01,2023-12-31,88.91,EUR/MWh,EUR,,primary
ember:monthly:day_ahead_price,LT,cost,wholesale,,,2024-01-01,2024-01-31,117.39,EUR/MWh,EUR,,primary
ember:monthly:day_ahead_price,LT,cost,wholesale,,,2024-02-01,2024-02-29,74.83,EUR/MWh,EUR,,primary
ember:monthly:day_ahead_price,LT,cost,wholesale,,,2024-03-01,2024-03-31,68.14,EUR/MWh,EUR,,primary
ember:monthly:day_ahead_price,LT,cost,wholesale,,,2024-04-01,2024-04-30,60.24,EUR/MWh,EUR,,primary
ember:monthly:day_ahead_price,LT,cost,wholesale,,,2024-05-01,2024-05-31,76.0,EUR/MWh,EUR,,primary
ember:monthly:day_ahead_price,LT,cost,wholesale,,,2024-06-01,2024-06-30,91.64,EUR/MWh,EUR,,primary
ember:monthly:day_ahead_price,LT,cost,wholesale,,,2024-07-01,2024-07-31,98.02,EUR/MWh,EUR,,primary
ember:monthly:day_ahead_price,LT,cost,wholesale,,,2024-08-01,2024-08-31,106.95,EUR/MWh,EUR,,primary
ember:monthly:day_ahead_price,LT,cost,wholesale,,,2024-09-01,2024-09-30,83.28,EUR/MWh,EUR,,primary
ember:monthly:day_ahead_price,LT,cost,wholesale,,,2024-10-01,2024-10-31,91.5,EUR/MWh,EUR,,primary
ember:monthly:day_ahead_price,LT,cost,wholesale,,,2024-11-01,2024-11-30,88.69,EUR/MWh,EUR,,primary
ember:monthly:day_ahead_price,LT,cost,wholesale,,,2024-12-01,2024-12-31,89.67,EUR/MWh,EUR,,primary
ember:monthly:day_ahead_price,LT,cost,wholesale,,,2025-01-01,2025-01-31,89.56,EUR/MWh,EUR,,primary
ember:monthly:day_ahead_price,LT,cost,wholesale,,,2025-02-01,2025-02-28,152.52,EUR/MWh,EUR,,primary
ember:monthly:day_ahead_price,LT,cost,wholesale,,,2025-03-01,2025-03-31,92.22,EUR/MWh,EUR,,primary
ember:monthly:day_ahead_price,LT,cost,wholesale,,,2025-04-01,2025-04-30,74.23,EUR/MWh,EUR,,primary
ember:monthly:day_ahead_price,LT,cost,wholesale,,,2025-05-01,2025-05-31,67.58,EUR/MWh,EUR,,primary
ember:monthly:day_ahead_price,LT,cost,wholesale,,,2025-06-01,2025-06-30,42.96,EUR/MWh,EUR,,primary
ember:monthly:day_ahead_price,LT,cost,wholesale,,,2025-07-01,2025-07-31,46.41,EUR/MWh,EUR,,primary
ember:monthly:day_ahead_price,LT,cost,wholesale,,,2025-08-01,2025-08-31,80.04,EUR/MWh,EUR,,primary
ember:monthly:day_ahead_price,LT,cost,wholesale,,,2025-09-01,2025-09-30,85.86,EUR/MWh,EUR,,primary
ember:monthly:day_ahead_price,LT,cost,wholesale,,,2025-10-01,2025-10-31,105.08,EUR/MWh,EUR,,primary
ember:monthly:day_ahead_price,LT,cost,wholesale,,,2025-11-01,2025-11-30,110.89,EUR/MWh,EUR,,primary
ember:monthly:day_ahead_price,LT,cost,wholesale,,,2025-12-01,2025-12-31,85.44,EUR/MWh,EUR,,primary
ember:monthly:day_ahead_price,LT,cost,wholesale,,,2026-01-01,2026-01-31,151.56,EUR/MWh,EUR,,primary
ember:monthly:day_ahead_price,LT,cost,wholesale,,,2026-02-01,2026-02-28,155.46,EUR/MWh,EUR,,primary
ember:monthly:day_ahead_price,LT,cost,wholesale,,,2026-03-01,2026-03-31,82.28,EUR/MWh,EUR,,primary
ember:monthly:day_ahead_price,LT,cost,wholesale,,,2026-04-01,2026-04-30,58.1,EUR/MWh,EUR,,primary
ember:monthly:day_ahead_price,LT,cost,wholesale,,,2026-05-01,2026-05-31,82.53,EUR/MWh,EUR,,primary
ember:monthly:day_ahead_price,LT,cost,wholesale,,,2026-06-01,2026-06-30,93.87,EUR/MWh,EUR,,primary
ember:monthly:day_ahead_price,LT,cost,wholesale,,,2026-07-01,2026-07-31,75.29,EUR/MWh,EUR,,primary
ember:monthly:day_ahead_price,LT,cost,wholesale,,,2026-08-01,2026-08-31,80.16,EUR/MWh,EUR,,primary
ember:monthly:day_ahead_price,LT,cost,wholesale,,,2026-09-01,2026-09-30,108.44,EUR/MWh,EUR,,primary
ember:monthly:day_ahead_price,LT,cost,wholesale,,,2026-10-01,2026-10-31,51.52,EUR/MWh,EUR,,primary
ember:monthly:day_ahead_price,LU,cost,wholesale,,,2015-01-01,2015-01-31,29.94,EUR/MWh,EUR,,primary
ember:monthly:day_ahead_price,LU,cost,wholesale,,,2015-02-01,2015-02-28,36.69,EUR/MWh,EUR,,primary
ember:monthly:day_ahead_price,LU,cost,wholesale,,,2015-03-01,2015-03-31,31.3,EUR/MWh,EUR,,primary
ember:monthly:day_ahead_price,LU,cost,wholesale,,,2015-04-01,2015-04-30,29.78,EUR/MWh,EUR,,primary
ember:monthly:day_ahead_price,LU,cost,wholesale,,,2015-05-01,2015-05-31,25.33,EUR/MWh,EUR,,primary
ember:monthly:day_ahead_price,LU,cost,wholesale,,,2015-06-01,2015-06-30,30.11,EUR/MWh,EUR,,primary
ember:monthly:day_ahead_price,LU,cost,wholesale,,,2015-07-01,2015-07-31,34.98,EUR/MWh,EUR,,primary
ember:monthly:day_ahead_price,LU,cost,wholesale,,,2015-08-01,2015-08-31,31.61,EUR/MWh,EUR,,primary
ember:monthly:day_ahead_price,LU,cost,wholesale,,,2015-09-01,2015-09-30,31.89,EUR/MWh,EUR,,primary
ember:monthly:day_ahead_price,LU,cost,wholesale,,,2015-10-01,2015-10-31,39.37,EUR/MWh,EUR,,primary
ember:monthly:day_ahead_price,LU,cost,wholesale,,,2015-11-01,2015-11-30,32.38,EUR/MWh,EUR,,primary
ember:monthly:day_ahead_price,LU,cost,wholesale,,,2015-12-01,2015-12-31,27.79,EUR/MWh,EUR,,primary
ember:monthly:day_ahead_price,LU,cost,wholesale,,,2016-01-01,2016-01-31,29.03,EUR/MWh,EUR,,primary
ember:monthly:day_ahead_price,LU,cost,wholesale,,,2016-02-01,2016-02-29,22.0,EUR/MWh,EUR,,primary
ember:monthly:day_ahead_price,LU,cost,wholesale,,,2016-03-01,2016-03-31,24.3,EUR/MWh,EUR,,primary
ember:monthly:day_ahead_price,LU,cost,wholesale,,,2016-04-01,2016-04-30,24.21,EUR/MWh,EUR,,primary
ember:monthly:day_ahead_price,LU,cost,wholesale,,,2016-05-01,2016-05-31,22.55,EUR/MWh,EUR,,primary
ember:monthly:day_ahead_price,LU,cost,wholesale,,,2016-06-01,2016-06-30,27.7,EUR/MWh,EUR,,primary
ember:monthly:day_ahead_price,LU,cost,wholesale,,,2016-07-01,2016-07-31,27.18,EUR/MWh,EUR,,primary
ember:monthly:day_ahead_price,LU,cost,wholesale,,,2016-08-01,2016-08-31,27.18,EUR/MWh,EUR,,primary
ember:monthly:day_ahead_price,LU,cost,wholesale,,,2016-09-01,2016-09-30,30.51,EUR/MWh,EUR,,primary
ember:monthly:day_ahead_price,LU,cost,wholesale,,,2016-10-01,2016-10-31,37.14,EUR/MWh,EUR,,primary
ember:monthly:day_ahead_price,LU,cost,wholesale,,,2016-11-01,2016-11-30,38.21,EUR/MWh,EUR,,primary
ember:monthly:day_ahead_price,LU,cost,wholesale,,,2016-12-01,2016-12-31,37.47,EUR/MWh,EUR,,primary
ember:monthly:day_ahead_price,LU,cost,wholesale,,,2017-01-01,2017-01-31,52.41,EUR/MWh,EUR,,primary
ember:monthly:day_ahead_price,LU,cost,wholesale,,,2017-02-01,2017-02-28,39.68,EUR/MWh,EUR,,primary
ember:monthly:day_ahead_price,LU,cost,wholesale,,,2017-03-01,2017-03-31,31.69,EUR/MWh,EUR,,primary
ember:monthly:day_ahead_price,LU,cost,wholesale,,,2017-04-01,2017-04-30,28.72,EUR/MWh,EUR,,primary
ember:monthly:day_ahead_price,LU,cost,wholesale,,,2017-05-01,2017-05-31,30.61,EUR/MWh,EUR,,primary
ember:monthly:day_ahead_price,LU,cost,wholesale,,,2017-06-01,2017-06-30,30.0,EUR/MWh,EUR,,primary
ember:monthly:day_ahead_price,LU,cost,wholesale,,,2017-07-01,2017-07-31,33.01,EUR/MWh,EUR,,primary
ember:monthly:day_ahead_price,LU,cost,wholesale,,,2017-08-01,2017-08-31,30.86,EUR/MWh,EUR,,primary
ember:monthly:day_ahead_price,LU,cost,wholesale,,,2017-09-01,2017-09-30,34.3,EUR/MWh,EUR,,primary
ember:monthly:day_ahead_price,LU,cost,wholesale,,,2017-10-01,2017-10-31,28.29,EUR/MWh,EUR,,primary
ember:monthly:day_ahead_price,LU,cost,wholesale,,,2017-11-01,2017-11-30,40.38,EUR/MWh,EUR,,primary
ember:monthly:day_ahead_price,LU,cost,wholesale,,,2017-12-01,2017-12-31,35.71,EUR/MWh,EUR,,primary
ember:monthly:day_ahead_price,LU,cost,wholesale,,,2018-01-01,2018-01-31,29.5,EUR/MWh,EUR,,primary
ember:monthly:day_ahead_price,LU,cost,wholesale,,,2018-02-01,2018-02-28,40.12,EUR/MWh,EUR,,primary
ember:monthly:day_ahead_price,LU,cost,wholesale,,,2018-03-01,2018-03-31,37.36,EUR/MWh,EUR,,primary
ember:monthly:day_ahead_price,LU,cost,wholesale,,,2018-04-01,2018-04-30,36.33,EUR/MWh,EUR,,primary
ember:monthly:day_ahead_price,LU,cost,wholesale,,,2018-05-01,2018-05-31,37.18,EUR/MWh,EUR,,primary
ember:monthly:day_ahead_price,LU,cost,wholesale,,,2018-06-01,2018-06-30,41.55,EUR/MWh,EUR,,primary
ember:monthly:day_ahead_price,LU,cost,wholesale,,,2018-07-01,2018-07-31,45.14,EUR/MWh,EUR,,primary
ember:monthly:day_ahead_price,LU,cost,wholesale,,,2018-08-01,2018-08-31,48.46,EUR/MWh,EUR,,primary
ember:monthly:day_ahead_price,LU,cost,wholesale,,,2018-09-01,2018-09-30,47.76,EUR/MWh,EUR,,primary
ember:monthly:day_ahead_price,LU,cost,wholesale,,,2018-10-01,2018-10-31,53.22,EUR/MWh,EUR,,primary
ember:monthly:day_ahead_price,LU,cost,wholesale,,,2018-11-01,2018-11-30,56.86,EUR/MWh,EUR,,primary
ember:monthly:day_ahead_price,LU,cost,wholesale,,,2018-12-01,2018-12-31,48.08,EUR/MWh,EUR,,primary
ember:monthly:day_ahead_price,LU,cost,wholesale,,,2019-01-01,2019-01-31,49.95,EUR/MWh,EUR,,primary
ember:monthly:day_ahead_price,LU,cost,wholesale,,,2019-02-01,2019-02-28,43.01,EUR/MWh,EUR,,primary
ember:monthly:day_ahead_price,LU,cost,wholesale,,,2019-03-01,2019-03-31,30.7,EUR/MWh,EUR,,primary
ember:monthly:day_ahead_price,LU,cost,wholesale,,,2019-04-01,2019-04-30,37.54,EUR/MWh,EUR,,primary
ember:monthly:day_ahead_price,LU,cost,wholesale,,,2019-05-01,2019-05-31,38.09,EUR/MWh,EUR,,primary
ember:monthly:day_ahead_price,LU,cost,wholesale,,,2019-06-01,2019-06-30,32.87,EUR/MWh,EUR,,primary
ember:monthly:day_ahead_price,LU,cost,wholesale,,,2019-07-01,2019-07-31,39.49,EUR/MWh,EUR,,primary
ember:monthly:day_ahead_price,LU,cost,wholesale,,,2019-08-01,2019-08-31,36.65,EUR/MWh,EUR,,primary
ember:monthly:day_ahead_price,LU,cost,wholesale,,,2019-09-01,2019-09-30,35.36,EUR/MWh,EUR,,primary
ember:monthly:day_ahead_price,LU,cost,wholesale,,,2019-10-01,2019-10-31,37.22,EUR/MWh,EUR,,primary
ember:monthly:day_ahead_price,LU,cost,wholesale,,,2019-11-01,2019-11-30,40.96,EUR/MWh,EUR,,primary
ember:monthly:day_ahead_price,LU,cost,wholesale,,,2019-12-01,2019-12-31,31.93,EUR/MWh,EUR,,primary
ember:monthly:day_ahead_price,LU,cost,wholesale,,,2020-01-01,2020-01-31,34.61,EUR/MWh,EUR,,primary
ember:monthly:day_ahead_price,LU,cost,wholesale,,,2020-02-01,2020-02-29,21.69,EUR/MWh,EUR,,primary
ember:monthly:day_ahead_price,LU,cost,wholesale,,,2020-03-01,2020-03-31,22.47,EUR/MWh,EUR,,primary
ember:monthly:day_ahead_price,LU,cost,wholesale,,,2020-04-01,2020-04-30,17.51,EUR/MWh,EUR,,primary
ember:monthly:day_ahead_price,LU,cost,wholesale,,,2020-05-01,2020-05-31,17.75,EUR/MWh,EUR,,primary
ember:monthly:day_ahead_price,LU,cost,wholesale,,,2020-06-01,2020-06-30,26.0,EUR/MWh,EUR,,primary
ember:monthly:day_ahead_price,LU,cost,wholesale,,,2020-07-01,2020-07-31,30.37,EUR/MWh,EUR,,primary
ember:monthly:day_ahead_price,LU,cost,wholesale,,,2020-08-01,2020-08-31,34.4,EUR/MWh,EUR,,primary
ember:monthly:day_ahead_price,LU,cost,wholesale,,,2020-09-01,2020-09-30,43.65,EUR/MWh,EUR,,primary
ember:monthly:day_ahead_price,LU,cost,wholesale,,,2020-10-01,2020-10-31,34.05,EUR/MWh,EUR,,primary
ember:monthly:day_ahead_price,LU,cost,wholesale,,,2020-11-01,2020-11-30,38.22,EUR/MWh,EUR,,primary
ember:monthly:day_ahead_price,LU,cost,wholesale,,,2020-12-01,2020-12-31,43.75,EUR/MWh,EUR,,primary
ember:monthly:day_ahead_price,LU,cost,wholesale,,,2021-01-01,2021-01-31,53.31,EUR/MWh,EUR,,primary
ember:monthly:day_ahead_price,LU,cost,wholesale,,,2021-02-01,2021-02-28,48.98,EUR/MWh,EUR,,primary
ember:monthly:day_ahead_price,LU,cost,wholesale,,,2021-03-01,2021-03-31,46.68,EUR/MWh,EUR,,primary
ember:monthly:day_ahead_price,LU,cost,wholesale,,,2021-04-01,2021-04-30,54.73,EUR/MWh,EUR,,primary
ember:monthly:day_ahead_price,LU,cost,wholesale,,,2021-05-01,2021-05-31,53.49,EUR/MWh,EUR,,primary
ember:monthly:day_ahead_price,LU,cost,wholesale,,,2021-06-01,2021-06-30,73.87,EUR/MWh,EUR,,primary
ember:monthly:day_ahead_price,LU,cost,wholesale,,,2021-07-01,2021-07-31,81.5,EUR/MWh,EUR,,primary
ember:monthly:day_ahead_price,LU,cost,wholesale,,,2021-08-01,2021-08-31,82.18,EUR/MWh,EUR,,primary
ember:monthly:day_ahead_price,LU,cost,wholesale,,,2021-09-01,2021-09-30,128.98,EUR/MWh,EUR,,primary
ember:monthly:day_ahead_price,LU,cost,wholesale,,,2021-10-01,2021-10-31,142.22,EUR/MWh,EUR,,primary
ember:monthly:day_ahead_price,LU,cost,wholesale,,,2021-11-01,2021-11-30,176.28,EUR/MWh,EUR,,primary
ember:monthly:day_ahead_price,LU,cost,wholesale,,,2021-12-01,2021-12-31,225.08,EUR/MWh,EUR,,primary
ember:monthly:day_ahead_price,LU,cost,wholesale,,,2022-01-01,2022-01-31,167.81,EUR/MWh,EUR,,primary
ember:monthly:day_ahead_price,LU,cost,wholesale,,,2022-02-01,2022-02-28,129.86,EUR/MWh,EUR,,primary
ember:monthly:day_ahead_price,LU,cost,wholesale,,,2022-03-01,2022-03-31,252.07,EUR/MWh,EUR,,primary
ember:monthly:day_ahead_price,LU,cost,wholesale,,,2022-04-01,2022-04-30,168.78,EUR/MWh,EUR,,primary
ember:monthly:day_ahead_price,LU,cost,wholesale,,,2022-05-01,2022-05-31,177.04,EUR/MWh,EUR,,primary
ember:monthly:day_ahead_price,LU,cost,wholesale,,,2022-06-01,2022-06-30,218.17,EUR/MWh,EUR,,primary
ember:monthly:day_ahead_price,LU,cost,wholesale,,,2022-07-01,2022-07-31,317.03,EUR/MWh,EUR,,primary
ember:monthly:day_ahead_price,LU,cost,wholesale,,,2022-08-01,2022-08-31,463.59,EUR/MWh,EUR,,primary
ember:monthly:day_ahead_price,LU,cost,wholesale,,,2022-09-01,2022-09-30,352.81,EUR/MWh,EUR,,primary
ember:monthly:day_ahead_price,LU,cost,wholesale,,,2022-10-01,2022-10-31,155.3,EUR/MWh,EUR,,primary
ember:monthly:day_ahead_price,LU,cost,wholesale,,,2022-11-01,2022-11-30,173.2,EUR/MWh,EUR,,primary
ember:monthly:day_ahead_price,LU,cost,wholesale,,,2022-12-01,2022-12-31,250.71,EUR/MWh,EUR,,primary
ember:monthly:day_ahead_price,LU,cost,wholesale,,,2023-01-01,2023-01-31,117.22,EUR/MWh,EUR,,primary
ember:monthly:day_ahead_price,LU,cost,wholesale,,,2023-02-01,2023-02-28,127.81,EUR/MWh,EUR,,primary
ember:monthly:day_ahead_price,LU,cost,wholesale,,,2023-03-01,2023-03-31,101.23,EUR/MWh,EUR,,primary
ember:monthly:day_ahead_price,LU,cost,wholesale,,,2023-04-01,2023-04-30,102.14,EUR/MWh,EUR,,primary
ember:monthly:day_ahead_price,LU,cost,wholesale,,,2023-05-01,2023-05-31,82.03,EUR/MWh,EUR,,primary
ember:monthly:day_ahead_price,LU,cost,wholesale,,,2023-06-01,2023-06-30,93.9,EUR/MWh,EUR,,primary
ember:monthly:day_ahead_price,LU,cost,wholesale,,,2023-07-01,2023-07-31,78.12,EUR/MWh,EUR,,primary
ember:monthly:day_ahead_price,LU,cost,wholesale,,,2023-08-01,2023-08-31,94.35,EUR/MWh,EUR,,primary
ember:monthly:day_ahead_price,LU,cost,wholesale,,,2023-09-01,2023-09-30,100.81,EUR/MWh,EUR,,primary
ember:monthly:day_ahead_price,LU,cost,wholesale,,,2023-10-01,2023-10-31,87.1,EUR/MWh,EUR,,primary
ember:monthly:day_ahead_price,LU,cost,wholesale,,,2023-11-01,2023-11-30,90.9,EUR/MWh,EUR,,primary
ember:monthly:day_ahead_price,LU,cost,wholesale,,,2023-12-01,2023-12-31,69.08,EUR/MWh,EUR,,primary
ember:monthly:day_ahead_price,LU,cost,wholesale,,,2024-01-01,2024-01-31,76.23,EUR/MWh,EUR,,primary
ember:monthly:day_ahead_price,LU,cost,wholesale,,,2024-02-01,2024-02-29,61.23,EUR/MWh,EUR,,primary
ember:monthly:day_ahead_price,LU,cost,wholesale,,,2024-03-01,2024-03-31,63.18,EUR/MWh,EUR,,primary
ember:monthly:day_ahead_price,LU,cost,wholesale,,,2024-04-01,2024-04-30,61.96,EUR/MWh,EUR,,primary
ember:monthly:day_ahead_price,LU,cost,wholesale,,,2024-05-01,2024-05-31,67.53,EUR/MWh,EUR,,primary
ember:monthly:day_ahead_price,LU,cost,wholesale,,,2024-06-01,2024-06-30,72.88,EUR/MWh,EUR,,primary
ember:monthly:day_ahead_price,LU,cost,wholesale,,,2024-07-01,2024-07-31,68.4,EUR/MWh,EUR,,primary
ember:monthly:day_ahead_price,LU,cost,wholesale,,,2024-08-01,2024-08-31,81.76,EUR/MWh,EUR,,primary
ember:monthly:day_ahead_price,LU,cost,wholesale,,,2024-09-01,2024-09-30,78.55,EUR/MWh,EUR,,primary
ember:monthly:day_ahead_price,LU,cost,wholesale,,,2024-10-01,2024-10-31,83.98,EUR/MWh,EUR,,primary
ember:monthly:day_ahead_price,LU,cost,wholesale,,,2024-11-01,2024-11-30,111.61,EUR/MWh,EUR,,primary
ember:monthly:day_ahead_price,LU,cost,wholesale,,,2024-12-01,2024-12-31,105.65,EUR/MWh,EUR,,primary
ember:monthly:day_ahead_price,LU,cost,wholesale,,,2025-01-01,2025-01-31,114.19,EUR/MWh,EUR,,primary
ember:monthly:day_ahead_price,LU,cost,wholesale,,,2025-02-01,2025-02-28,129.35,EUR/MWh,EUR,,primary
ember:monthly:day_ahead_price,LU,cost,wholesale,,,2025-03-01,2025-03-31,94.06,EUR/MWh,EUR,,primary
ember:monthly:day_ahead_price,LU,cost,wholesale,,,2025-04-01,2025-04-30,77.4,EUR/MWh,EUR,,primary
ember:monthly:day_ahead_price,LU,cost,wholesale,,,2025-05-01,2025-05-31,66.74,EUR/MWh,EUR,,primary
ember:monthly:day_ahead_price,LU,cost,wholesale,,,2025-06-01,2025-06-30,64.14,EUR/MWh,EUR,,primary
ember:monthly:day_ahead_price,LU,cost,wholesale,,,2025-07-01,2025-07-31,87.55,EUR/MWh,EUR,,primary
ember:monthly:day_ahead_price,LU,cost,wholesale,,,2025-08-01,2025-08-31,77.8,EUR/MWh,EUR,,primary
ember:monthly:day_ahead_price,LU,cost,wholesale,,,2025-09-01,2025-09-30,84.28,EUR/MWh,EUR,,primary
ember:monthly:day_ahead_price,LU,cost,wholesale,,,2025-10-01,2025-10-31,84.49,EUR/MWh,EUR,,primary
ember:monthly:day_ahead_price,LU,cost,wholesale,,,2025-11-01,2025-11-30,102.99,EUR/MWh,EUR,,primary
ember:monthly:day_ahead_price,LU,cost,wholesale,,,2025-12-01,2025-12-31,93.67,EUR/MWh,EUR,,primary
ember:monthly:day_ahead_price,LU,cost,wholesale,,,2026-01-01,2026-01-31,109.73,EUR/MWh,EUR,,primary
ember:monthly:day_ahead_price,LU,cost,wholesale,,,2026-02-01,2026-02-28,96.69,EUR/MWh,EUR,,primary
ember:monthly:day_ahead_price,LU,cost,wholesale,,,2026-03-01,2026-03-31,99.44,EUR/MWh,EUR,,primary
ember:monthly:day_ahead_price,LU,cost,wholesale,,,2026-04-01,2026-04-30,80.53,EUR/MWh,EUR,,primary
ember:monthly:day_ahead_price,LU,cost,wholesale,,,2026-05-01,2026-05-31,95.56,EUR/MWh,EUR,,primary
ember:monthly:day_ahead_price,LU,cost,wholesale,,,2026-06-01,2026-06-30,111.13,EUR/MWh,EUR,,primary
ember:monthly:day_ahead_price,LU,cost,wholesale,,,2026-07-01,2026-07-31,106.79,EUR/MWh,EUR,,primary
ember:monthly:day_ahead_price,LU,cost,wholesale,,,2026-08-01,2026-08-31,126.14,EUR/MWh,EUR,,primary
ember:monthly:day_ahead_price,LU,cost,wholesale,,,2026-09-01,2026-09-30,145.4,EUR/MWh,EUR,,primary
ember:monthly:day_ahead_price,LU,cost,wholesale,,,2026-10-01,2026-10-31,198.49,EUR/MWh,EUR,,primary
ember:monthly:day_ahead_price,LV,cost,wholesale,,,2015-01-01,2015-01-31,39.78,EUR/MWh,EUR,,primary
ember:monthly:day_ahead_price,LV,cost,wholesale,,,2015-02-01,2015-02-28,39.44,EUR/MWh,EUR,,primary
ember:monthly:day_ahead_price,LV,cost,wholesale,,,2015-03-01,2015-03-31,32.21,EUR/MWh,EUR,,primary
ember:monthly:day_ahead_price,LV,cost,wholesale,,,2015-04-01,2015-04-30,34.81,EUR/MWh,EUR,,primary
ember:monthly:day_ahead_price,LV,cost,wholesale,,,2015-05-01,2015-05-31,37.35,EUR/MWh,EUR,,primary
ember:monthly:day_ahead_price,LV,cost,wholesale,,,2015-06-01,2015-06-30,42.78,EUR/MWh,EUR,,primary
ember:monthly:day_ahead_price,LV,cost,wholesale,,,2015-07-01,2015-07-31,44.25,EUR/MWh,EUR,,primary
ember:monthly:day_ahead_price,LV,cost,wholesale,,,2015-08-01,2015-08-31,46.44,EUR/MWh,EUR,,primary
ember:monthly:day_ahead_price,LV,cost,wholesale,,,2015-09-01,2015-09-30,44.27,EUR/MWh,EUR,,primary
ember:monthly:day_ahead_price,LV,cost,wholesale,,,2015-10-01,2015-10-31,56.52,EUR/MWh,EUR,,primary
ember:monthly:day_ahead_price,LV,cost,wholesale,,,2015-11-01,2015-11-30,45.75,EUR/MWh,EUR,,primary
ember:monthly:day_ahead_price,LV,cost,wholesale,,,2015-12-01,2015-12-31,38.35,EUR/MWh,EUR,,primary
ember:monthly:day_ahead_price,LV,cost,wholesale,,,2016-01-01,2016-01-31,50.01,EUR/MWh,EUR,,primary
ember:monthly:day_ahead_price,LV,cost,wholesale,,,2016-02-01,2016-02-29,29.65,EUR/MWh,EUR,,primary
ember:monthly:day_ahead_price,LV,cost,wholesale,,,2016-03-01,2016-03-31,29.85,EUR/MWh,EUR,,primary
ember:monthly:day_ahead_price,LV,cost,wholesale,,,2016-04-01,2016-04-30,30.71,EUR/MWh,EUR,,primary
ember:monthly:day_ahead_price,LV,cost,wholesale,,,2016-05-01,2016-05-31,32.68,EUR/MWh,EUR,,primary
ember:monthly:day_ahead_price,LV,cost,wholesale,,,2016-06-01,2016-06-30,40.54,EUR/MWh,EUR,,primary
ember:monthly:day_ahead_price,LV,cost,wholesale,,,2016-07-01,2016-07-31,38.21,EUR/MWh,EUR,,primary
ember:monthly:day_ahead_price,LV,cost,wholesale,,,2016-08-01,2016-08-31,33.76,EUR/MWh,EUR,,primary
ember:monthly:day_ahead_price,LV,cost,wholesale,,,2016-09-01,2016-09-30,34.04,EUR/MWh,EUR,,primary
ember:monthly:day_ahead_price,LV,cost,wholesale,,,2016-10-01,2016-10-31,38.51,EUR/MWh,EUR,,primary
ember:monthly:day_ahead_price,LV,cost,wholesale,,,2016-11-01,2016-11-30,40.47,EUR/MWh,EUR,,primary
ember:monthly:day_ahead_price,LV,cost,wholesale,,,2016-12-01,2016-12-31,34.17,EUR/MWh,EUR,,primary
ember:monthly:day_ahead_price,LV,cost,wholesale,,,2017-01-01,2017-01-31,35.15,EUR/MWh,EUR,,primary
ember:monthly:day_ahead_price,LV,cost,wholesale,,,2017-02-01,2017-02-28,36.26,EUR/MWh,EUR,,primary
ember:monthly:day_ahead_price,LV,cost,wholesale,,,2017-03-01,2017-03-31,30.65,EUR/MWh,EUR,,primary
ember:monthly:day_ahead_price,LV,cost,wholesale,,,2017-04-01,2017-04-30,31.41,EUR/MWh,EUR,,primary
ember:monthly:day_ahead_price,LV,cost,wholesale,,,2017-05-01,2017-05-31,32.45,EUR/MWh,EUR,,primary
ember:monthly:day_ahead_price,LV,cost,wholesale,,,2017-06-01,2017-06-30,38.37,EUR/MWh,EUR,,primary
ember:monthly:day_ahead_price,LV,cost,wholesale,,,2017-07-01,2017-07-31,36.29,EUR/MWh,EUR,,primary
ember:monthly:day_ahead_price,LV,cost,wholesale,,,2017-08-01,2017-08-31,37.33,EUR/MWh,EUR,,primary
ember:monthly:day_ahead_price,LV,cost,wholesale,,,2017-09-01,2017-09-30,37.68,EUR/MWh,EUR,,primary
ember:monthly:day_ahead_price,LV,cost,wholesale,,,2017-10-01,2017-10-31,33.71,EUR/MWh,EUR,,primary
ember:monthly:day_ahead_price,LV,cost,wholesale,,,2017-11-01,2017-11-30,34.87,EUR/MWh,EUR,,primary
ember:monthly:day_ahead_price,LV,cost,wholesale,,,2017-12-01,2017-12-31,32.26,EUR/MWh,EUR,,primary
ember:monthly:day_ahead_price,LV,cost,wholesale,,,2018-01-01,2018-01-31,37.59,EUR/MWh,EUR,,primary
ember:monthly:day_ahead_price,LV,cost,wholesale,,,2018-02-01,2018-02-28,43.5,EUR/MWh,EUR,,primary
ember:monthly:day_ahead_price,LV,cost,wholesale,,,2018-03-01,2018-03-31,46.08,EUR/MWh,EUR,,primary
ember:monthly:day_ahead_price,LV,cost,wholesale,,,2018-04-01,2018-04-30,39.96,EUR/MWh,EUR,,primary
ember:monthly:day_ahead_price,LV,cost,wholesale,,,2018-05-01,2018-05-31,43.76,EUR/MWh,EUR,,primary
ember:monthly:day_ahead_price,LV,cost,wholesale,,,2018-06-01,2018-06-30,50.92,EUR/MWh,EUR,,primary
ember:monthly:day_ahead_price,LV,cost,wholesale,,,2018-07-01,2018-07-31,54.57,EUR/MWh,EUR,,primary
ember:monthly:day_ahead_price,LV,cost,wholesale,,,2018-08-01,2018-08-31,59.07,EUR/MWh,EUR,,primary
ember:monthly:day_ahead_price,LV,cost,wholesale,,,2018-09-01,2018-09-30,58.95,EUR/MWh,EUR,,primary
ember:monthly:day_ahead_price,LV,cost,wholesale,,,2018-10-01,2018-10-31,55.06,EUR/MWh,EUR,,primary
ember:monthly:day_ahead_price,LV,cost,wholesale,,,2018-11-01,2018-11-30,55.25,EUR/MWh,EUR,,primary
ember:monthly:day_ahead_price,LV,cost,wholesale,,,2018-12-01,2018-12-31,53.6,EUR/MWh,EUR,,primary
ember:monthly:day_ahead_price,LV,cost,wholesale,,,2019-01-01,2019-01-31,56.65,EUR/MWh,EUR,,primary
ember:monthly:day_ahead_price,LV,cost,wholesale,,,2019-02-01,2019-02-28,47.26,EUR/MWh,EUR,,primary
ember:monthly:day_ahead_price,LV,cost,wholesale,,,2019-03-01,2019-03-31,40.05,EUR/MWh,EUR,,primary
ember:monthly:day_ahead_price,LV,cost,wholesale,,,2019-04-01,2019-04-30,43.44,EUR/MWh,EUR,,primary
ember:monthly:day_ahead_price,LV,cost,wholesale,,,2019-05-01,2019-05-31,44.3,EUR/MWh,EUR,,primary
ember:monthly:day_ahead_price,LV,cost,wholesale,,,2019-06-01,2019-06-30,44.67,EUR/MWh,EUR,,primary
ember:monthly:day_ahead_price,LV,cost,wholesale,,,2019-07-01,2019-07-31,49.0,EUR/MWh,EUR,,primary
ember:monthly:day_ahead_price,LV,cost,wholesale,,,2019-08-01,2019-08-31,49.46,EUR/MWh,EUR,,primary
ember:monthly:day_ahead_price,LV,cost,wholesale,,,2019-09-01,2019-09-30,48.86,EUR/MWh,EUR,,primary
ember:monthly:day_ahead_price,LV,cost,wholesale,,,2019-10-01,2019-10-31,47.35,EUR/MWh,EUR,,primary
ember:monthly:day_ahead_price,LV,cost,wholesale,,,2019-11-01,2019-11-30,45.26,EUR/MWh,EUR,,primary
ember:monthly:day_ahead_price,LV,cost,wholesale,,,2019-12-01,2019-12-31,39.03,EUR/MWh,EUR,,primary
ember:monthly:day_ahead_price,LV,cost,wholesale,,,2020-01-01,2020-01-31,30.82,EUR/MWh,EUR,,primary
ember:monthly:day_ahead_price,LV,cost,wholesale,,,2020-02-01,2020-02-29,28.04,EUR/MWh,EUR,,primary
ember:monthly:day_ahead_price,LV,cost,wholesale,,,2020-03-01,2020-03-31,23.99,EUR/MWh,EUR,,primary
ember:monthly:day_ahead_price,LV,cost,wholesale,,,2020-04-01,2020-04-30,23.5,EUR/MWh,EUR,,primary
ember:monthly:day_ahead_price,LV,cost,wholesale,,,2020-05-01,2020-05-31,24.52,EUR/MWh,EUR,,primary
ember:monthly:day_ahead_price,LV,cost,wholesale,,,2020-06-01,2020-06-30,38.65,EUR/MWh,EUR,,primary
ember:monthly:day_ahead_price,LV,cost,wholesale,,,2020-07-01,2020-07-31,31.87,EUR/MWh,EUR,,primary
ember:monthly:day_ahead_price,LV,cost,wholesale,,,2020-08-01,2020-08-31,43.44,EUR/MWh,EUR,,primary
ember:monthly:day_ahead_price,LV,cost,wholesale,,,2020-09-01,2020-09-30,39.85,EUR/MWh,EUR,,primary
ember:monthly:day_ahead_price,LV,cost,wholesale,,,2020-10-01,2020-10-31,37.76,EUR/MWh,EUR,,primary
ember:monthly:day_ahead_price,LV,cost,wholesale,,,2020-11-01,2020-11-30,41.1,EUR/MWh,EUR,,primary
ember:monthly:day_ahead_price,LV,cost,wholesale,,,2020-12-01,2020-12-31,44.87,EUR/MWh,EUR,,primary
ember:monthly:day_ahead_price,LV,cost,wholesale,,,2021-01-01,2021-01-31,53.56,EUR/MWh,EUR,,primary
ember:monthly:day_ahead_price,LV,cost,wholesale,,,2021-02-01,2021-02-28,59.12,EUR/MWh,EUR,,primary
ember:monthly:day_ahead_price,LV,cost,wholesale,,,2021-03-01,2021-03-31,43.5,EUR/MWh,EUR,,primary
ember:monthly:day_ahead_price,LV,cost,wholesale,,,2021-04-01,2021-04-30,43.69,EUR/MWh,EUR,,primary
ember:monthly:day_ahead_price,LV,cost,wholesale,,,2021-05-01,2021-05-31,48.36,EUR/MWh,EUR,,primary
ember:monthly:day_ahead_price,LV,cost,wholesale,,,2021-06-01,2021-06-30,76.36,EUR/MWh,EUR,,primary
ember:monthly:day_ahead_price,LV,cost,wholesale,,,2021-07-01,2021-07-31,88.25,EUR/MWh,EUR,,primary
ember:monthly:day_ahead_price,LV,cost,wholesale,,,2021-08-01,2021-08-31,87.44,EUR/MWh,EUR,,primary
ember:monthly:day_ahead_price,LV,cost,wholesale,,,2021-09-01,2021-09-30,123.47,EUR/MWh,EUR,,primary
ember:monthly:day_ahead_price,LV,cost,wholesale,,,2021-10-01,2021-10-31,106.4,EUR/MWh,EUR,,primary
ember:monthly:day_ahead_price,LV,cost,wholesale,,,2021-11-01,2021-11-30,125.48,EUR/MWh,EUR,,primary
ember:monthly:day_ahead_price,LV,cost,wholesale,,,2021-12-01,2021-12-31,207.3,EUR/MWh,EUR,,primary
ember:monthly:day_ahead_price,LV,cost,wholesale,,,2022-01-01,2022-01-31,143.96,EUR/MWh,EUR,,primary
ember:monthly:day_ahead_price,LV,cost,wholesale,,,2022-02-01,2022-02-28,104.64,EUR/MWh,EUR,,primary
ember:monthly:day_ahead_price,LV,cost,wholesale,,,2022-03-01,2022-03-31,167.14,EUR/MWh,EUR,,primary
ember:monthly:day_ahead_price,LV,cost,wholesale,,,2022-04-01,2022-04-30,109.45,EUR/MWh,EUR,,primary
ember:monthly:day_ahead_price,LV,cost,wholesale,,,2022-05-01,2022-05-31,164.35,EUR/MWh,EUR,,primary
ember:monthly:day_ahead_price,LV,cost,wholesale,,,2022-06-01,2022-06-30,218.52,EUR/MWh,EUR,,primary
ember:monthly:day_ahead_price,LV,cost,wholesale,,,2022-07-01,2022-07-31,304.98,EUR/MWh,EUR,,primary
ember:monthly:day_ahead_price,LV,cost,wholesale,,,2022-08-01,2022-08-31,467.09,EUR/MWh,EUR,,primary
ember:monthly:day_ahead_price,LV,cost,wholesale,,,2022-09-01,2022-09-30,351.48,EUR/MWh,EUR,,primary
ember:monthly:day_ahead_price,LV,cost,wholesale,,,2022-10-01,2022-10-31,189.16,EUR/MWh,EUR,,primary
ember:monthly:day_ahead_price,LV,cost,wholesale,,,2022-11-01,2022-11-30,226.68,EUR/MWh,EUR,,primary
ember:monthly:day_ahead_price,LV,cost,wholesale,,,2022-12-01,2022-12-31,263.51,EUR/MWh,EUR,,primary
ember:monthly:day_ahead_price,LV,cost,wholesale,,,2023-01-01,2023-01-31,99.85,EUR/MWh,EUR,,primary
ember:monthly:day_ahead_price,LV,cost,wholesale,,,2023-02-01,2023-02-28,113.74,EUR/MWh,EUR,,primary
ember:monthly:day_ahead_price,LV,cost,wholesale,,,2023-03-01,2023-03-31,87.67,EUR/MWh,EUR,,primary
ember:monthly:day_ahead_price,LV,cost,wholesale,,,2023-04-01,2023-04-30,65.88,EUR/MWh,EUR,,primary
ember:monthly:day_ahead_price,LV,cost,wholesale,,,2023-05-01,2023-05-31,78.14,EUR/MWh,EUR,,primary
ember:monthly:day_ahead_price,LV,cost,wholesale,,,2023-06-01,2023-06-30,98.85,EUR/MWh,EUR,,primary
ember:monthly:day_ahead_price,LV,cost,wholesale,,,2023-07-01,2023-07-31,83.63,EUR/MWh,EUR,,primary
ember:monthly:day_ahead_price,LV,cost,wholesale,,,2023-08-01,2023-08-31,102.6,EUR/MWh,EUR,,primary
ember:monthly:day_ahead_price,LV,cost,wholesale,,,2023-09-01,2023-09-30,116.98,EUR/MWh,EUR,,primary
ember:monthly:day_ahead_price,LV,cost,wholesale,,,2023-10-01,2023-10-31,87.49,EUR/MWh,EUR,,primary
ember:monthly:day_ahead_price,LV,cost,wholesale,,,2023-11-01,2023-11-30,105.34,EUR/MWh,EUR,,primary
ember:monthly:day_ahead_price,LV,cost,wholesale,,,2023-12-01,2023-12-31,88.91,EUR/MWh,EUR,,primary
ember:monthly:day_ahead_price,LV,cost,wholesale,,,2024-01-01,2024-01-31,117.15,EUR/MWh,EUR,,primary
ember:monthly:day_ahead_price,LV,cost,wholesale,,,2024-02-01,2024-02-29,74.83,EUR/MWh,EUR,,primary
ember:monthly:day_ahead_price,LV,cost,wholesale,,,2024-03-01,2024-03-31,68.14,EUR/MWh,EUR,,primary
ember:monthly:day_ahead_price,LV,cost,wholesale,,,2024-04-01,2024-04-30,60.24,EUR/MWh,EUR,,primary
ember:monthly:day_ahead_price,LV,cost,wholesale,,,2024-05-01,2024-05-31,76.0,EUR/MWh,EUR,,primary
ember:monthly:day_ahead_price,LV,cost,wholesale,,,2024-06-01,2024-06-30,91.64,EUR/MWh,EUR,,primary
ember:monthly:day_ahead_price,LV,cost,wholesale,,,2024-07-01,2024-07-31,98.0,EUR/MWh,EUR,,primary
ember:monthly:day_ahead_price,LV,cost,wholesale,,,2024-08-01,2024-08-31,106.95,EUR/MWh,EUR,,primary
ember:monthly:day_ahead_price,LV,cost,wholesale,,,2024-09-01,2024-09-30,83.69,EUR/MWh,EUR,,primary
ember:monthly:day_ahead_price,LV,cost,wholesale,,,2024-10-01,2024-10-31,91.5,EUR/MWh,EUR,,primary
ember:monthly:day_ahead_price,LV,cost,wholesale,,,2024-11-01,2024-11-30,88.77,EUR/MWh,EUR,,primary
ember:monthly:day_ahead_price,LV,cost,wholesale,,,2024-12-01,2024-12-31,90.49,EUR/MWh,EUR,,primary
ember:monthly:day_ahead_price,LV,cost,wholesale,,,2025-01-01,2025-01-31,92.04,EUR/MWh,EUR,,primary
ember:monthly:day_ahead_price,LV,cost,wholesale,,,2025-02-01,2025-02-28,151.81,EUR/MWh,EUR,,primary
ember:monthly:day_ahead_price,LV,cost,wholesale,,,2025-03-01,2025-03-31,92.23,EUR/MWh,EUR,,primary
ember:monthly:day_ahead_price,LV,cost,wholesale,,,2025-04-01,2025-04-30,77.02,EUR/MWh,EUR,,primary
ember:monthly:day_ahead_price,LV,cost,wholesale,,,2025-05-01,2025-05-31,67.83,EUR/MWh,EUR,,primary
ember:monthly:day_ahead_price,LV,cost,wholesale,,,2025-06-01,2025-06-30,42.96,EUR/MWh,EUR,,primary
ember:monthly:day_ahead_price,LV,cost,wholesale,,,2025-07-01,2025-07-31,46.24,EUR/MWh,EUR,,primary
ember:monthly:day_ahead_price,LV,cost,wholesale,,,2025-08-01,2025-08-31,80.23,EUR/MWh,EUR,,primary
ember:monthly:day_ahead_price,LV,cost,wholesale,,,2025-09-01,2025-09-30,85.94,EUR/MWh,EUR,,primary
ember:monthly:day_ahead_price,LV,cost,wholesale,,,2025-10-01,2025-10-31,105.08,EUR/MWh,EUR,,primary
ember:monthly:day_ahead_price,LV,cost,wholesale,,,2025-11-01,2025-11-30,110.84,EUR/MWh,EUR,,primary
ember:monthly:day_ahead_price,LV,cost,wholesale,,,2025-12-01,2025-12-31,83.94,EUR/MWh,EUR,,primary
ember:monthly:day_ahead_price,LV,cost,wholesale,,,2026-01-01,2026-01-31,152.3,EUR/MWh,EUR,,primary
ember:monthly:day_ahead_price,LV,cost,wholesale,,,2026-02-01,2026-02-28,155.41,EUR/MWh,EUR,,primary
ember:monthly:day_ahead_price,LV,cost,wholesale,,,2026-03-01,2026-03-31,75.17,EUR/MWh,EUR,,primary
ember:monthly:day_ahead_price,LV,cost,wholesale,,,2026-04-01,2026-04-30,57.23,EUR/MWh,EUR,,primary
ember:monthly:day_ahead_price,LV,cost,wholesale,,,2026-05-01,2026-05-31,82.46,EUR/MWh,EUR,,primary
ember:monthly:day_ahead_price,LV,cost,wholesale,,,2026-06-01,2026-06-30,92.34,EUR/MWh,EUR,,primary
ember:monthly:day_ahead_price,LV,cost,wholesale,,,2026-07-01,2026-07-31,74.39,EUR/MWh,EUR,,primary
ember:monthly:day_ahead_price,LV,cost,wholesale,,,2026-08-01,2026-08-31,80.1,EUR/MWh,EUR,,primary
ember:monthly:day_ahead_price,LV,cost,wholesale,,,2026-09-01,2026-09-30,108.53,EUR/MWh,EUR,,primary
ember:monthly:day_ahead_price,LV,cost,wholesale,,,2026-10-01,2026-10-31,51.52,EUR/MWh,EUR,,primary
ember:monthly:day_ahead_price,ME,cost,wholesale,,,2023-04-01,2023-04-30,101.45,EUR/MWh,EUR,,primary
ember:monthly:day_ahead_price,ME,cost,wholesale,,,2023-05-01,2023-05-31,86.34,EUR/MWh,EUR,,primary
ember:monthly:day_ahead_price,ME,cost,wholesale,,,2023-06-01,2023-06-30,89.27,EUR/MWh,EUR,,primary
ember:monthly:day_ahead_price,ME,cost,wholesale,,,2023-07-01,2023-07-31,102.35,EUR/MWh,EUR,,primary
ember:monthly:day_ahead_price,ME,cost,wholesale,,,2023-08-01,2023-08-31,100.74,EUR/MWh,EUR,,primary
ember:monthly:day_ahead_price,ME,cost,wholesale,,,2023-09-01,2023-09-30,101.78,EUR/MWh,EUR,,primary
ember:monthly:day_ahead_price,ME,cost,wholesale,,,2023-10-01,2023-10-31,110.44,EUR/MWh,EUR,,primary
ember:monthly:day_ahead_price,ME,cost,wholesale,,,2023-11-01,2023-11-30,95.88,EUR/MWh,EUR,,primary
ember:monthly:day_ahead_price,ME,cost,wholesale,,,2023-12-01,2023-12-31,94.16,EUR/MWh,EUR,,primary
ember:monthly:day_ahead_price,ME,cost,wholesale,,,2024-01-01,2024-01-31,89.05,EUR/MWh,EUR,,primary
ember:monthly:day_ahead_price,ME,cost,wholesale,,,2024-02-01,2024-02-29,70.09,EUR/MWh,EUR,,primary
ember:monthly:day_ahead_price,ME,cost,wholesale,,,2024-03-01,2024-03-31,64.12,EUR/MWh,EUR,,primary
ember:monthly:day_ahead_price,ME,cost,wholesale,,,2024-04-01,2024-04-30,63.67,EUR/MWh,EUR,,primary
ember:monthly:day_ahead_price,ME,cost,wholesale,,,2024-05-01,2024-05-31,80.77,EUR/MWh,EUR,,primary
ember:monthly:day_ahead_price,ME,cost,wholesale,,,2024-06-01,2024-06-30,96.19,EUR/MWh,EUR,,primary
ember:monthly:day_ahead_price,ME,cost,wholesale,,,2024-07-01,2024-07-31,118.59,EUR/MWh,EUR,,primary
ember:monthly:day_ahead_price,ME,cost,wholesale,,,2024-08-01,2024-08-31,128.62,EUR/MWh,EUR,,primary
ember:monthly:day_ahead_price,ME,cost,wholesale,,,2024-09-01,2024-09-30,113.65,EUR/MWh,EUR,,primary
ember:monthly:day_ahead_price,ME,cost,wholesale,,,2024-10-01,2024-10-31,90.23,EUR/MWh,EUR,,primary
ember:monthly:day_ahead_price,ME,cost,wholesale,,,2024-11-01,2024-11-30,134.39,EUR/MWh,EUR,,primary
ember:monthly:day_ahead_price,ME,cost,wholesale,,,2024-12-01,2024-12-31,130.88,EUR/MWh,EUR,,primary
ember:monthly:day_ahead_price,ME,cost,wholesale,,,2025-01-01,2025-01-31,138.4,EUR/MWh,EUR,,primary
ember:monthly:day_ahead_price,ME,cost,wholesale,,,2025-02-01,2025-02-28,151.81,EUR/MWh,EUR,,primary
ember:monthly:day_ahead_price,ME,cost,wholesale,,,2025-03-01,2025-03-31,99.99,EUR/MWh,EUR,,primary
ember:monthly:day_ahead_price,ME,cost,wholesale,,,2025-04-01,2025-04-30,90.75,EUR/MWh,EUR,,primary
ember:monthly:day_ahead_price,ME,cost,wholesale,,,2025-05-01,2025-05-31,89.1,EUR/MWh,EUR,,primary
ember:monthly:day_ahead_price,ME,cost,wholesale,,,2025-06-01,2025-06-30,102.82,EUR/MWh,EUR,,primary
ember:monthly:day_ahead_price,ME,cost,wholesale,,,2025-07-01,2025-07-31,119.42,EUR/MWh,EUR,,primary
ember:monthly:day_ahead_price,ME,cost,wholesale,,,2025-08-01,2025-08-31,108.44,EUR/MWh,EUR,,primary
ember:monthly:day_ahead_price,ME,cost,wholesale,,,2025-09-01,2025-09-30,112.83,EUR/MWh,EUR,,primary
ember:monthly:day_ahead_price,ME,cost,wholesale,,,2026-07-01,2026-07-31,117.18,EUR/MWh,EUR,,primary
ember:monthly:day_ahead_price,ME,cost,wholesale,,,2026-08-01,2026-08-31,150.32,EUR/MWh,EUR,,primary
ember:monthly:day_ahead_price,ME,cost,wholesale,,,2026-09-01,2026-09-30,158.33,EUR/MWh,EUR,,primary
ember:monthly:day_ahead_price,ME,cost,wholesale,,,2026-10-01,2026-10-31,114.06,EUR/MWh,EUR,,primary
ember:monthly:day_ahead_price,MK,cost,wholesale,,,2023-05-01,2023-05-31,78.16,EUR/MWh,EUR,,primary
ember:monthly:day_ahead_price,MK,cost,wholesale,,,2023-06-01,2023-06-30,82.79,EUR/MWh,EUR,,primary
ember:monthly:day_ahead_price,MK,cost,wholesale,,,2023-07-01,2023-07-31,100.98,EUR/MWh,EUR,,primary
ember:monthly:day_ahead_price,MK,cost,wholesale,,,2023-08-01,2023-08-31,99.64,EUR/MWh,EUR,,primary
ember:monthly:day_ahead_price,MK,cost,wholesale,,,2023-09-01,2023-09-30,102.94,EUR/MWh,EUR,,primary
ember:monthly:day_ahead_price,MK,cost,wholesale,,,2023-10-01,2023-10-31,106.97,EUR/MWh,EUR,,primary
ember:monthly:day_ahead_price,MK,cost,wholesale,,,2023-11-01,2023-11-30,103.39,EUR/MWh,EUR,,primary
ember:monthly:day_ahead_price,MK,cost,wholesale,,,2023-12-01,2023-12-31,103.77,EUR/MWh,EUR,,primary
ember:monthly:day_ahead_price,MK,cost,wholesale,,,2024-01-01,2024-01-31,90.2,EUR/MWh,EUR,,primary
ember:monthly:day_ahead_price,MK,cost,wholesale,,,2024-02-01,2024-02-29,70.37,EUR/MWh,EUR,,primary
ember:monthly:day_ahead_price,MK,cost,wholesale,,,2024-03-01,2024-03-31,65.72,EUR/MWh,EUR,,primary
ember:monthly:day_ahead_price,MK,cost,wholesale,,,2024-04-01,2024-04-30,60.47,EUR/MWh,EUR,,primary
ember:monthly:day_ahead_price,MK,cost,wholesale,,,2024-05-01,2024-05-31,79.3,EUR/MWh,EUR,,primary
ember:monthly:day_ahead_price,MK,cost,wholesale,,,2024-06-01,2024-06-30,92.45,EUR/MWh,EUR,,primary
ember:monthly:day_ahead_price,MK,cost,wholesale,,,2024-07-01,2024-07-31,136.52,EUR/MWh,EUR,,primary
ember:monthly:day_ahead_price,MK,cost,wholesale,,,2024-08-01,2024-08-31,124.57,EUR/MWh,EUR,,primary
ember:monthly:day_ahead_price,MK,cost,wholesale,,,2024-09-01,2024-09-30,103.7,EUR/MWh,EUR,,primary
ember:monthly:day_ahead_price,MK,cost,wholesale,,,2024-10-01,2024-10-31,93.35,EUR/MWh,EUR,,primary
ember:monthly:day_ahead_price,MK,cost,wholesale,,,2024-11-01,2024-11-30,165.41,EUR/MWh,EUR,,primary
ember:monthly:day_ahead_price,MK,cost,wholesale,,,2024-12-01,2024-12-31,131.39,EUR/MWh,EUR,,primary
ember:monthly:day_ahead_price,MK,cost,wholesale,,,2025-01-01,2025-01-31,141.62,EUR/MWh,EUR,,primary
ember:monthly:day_ahead_price,MK,cost,wholesale,,,2025-02-01,2025-02-28,157.35,EUR/MWh,EUR,,primary
ember:monthly:day_ahead_price,MK,cost,wholesale,,,2025-06-01,2025-06-30,90.55,EUR/MWh,EUR,,primary
ember:monthly:day_ahead_price,MK,cost,wholesale,,,2026-07-01,2026-07-31,105.48,EUR/MWh,EUR,,primary
ember:monthly:day_ahead_price,MK,cost,wholesale,,,2026-08-01,2026-08-31,135.88,EUR/MWh,EUR,,primary
ember:monthly:day_ahead_price,MK,cost,wholesale,,,2026-09-01,2026-09-30,152.58,EUR/MWh,EUR,,primary
ember:monthly:day_ahead_price,MK,cost,wholesale,,,2026-10-01,2026-10-31,114.01,EUR/MWh,EUR,,primary
ember:monthly:day_ahead_price,NL,cost,wholesale,,,2015-01-01,2015-01-31,40.51,EUR/MWh,EUR,,primary
ember:monthly:day_ahead_price,NL,cost,wholesale,,,2015-02-01,2015-02-28,46.37,EUR/MWh,EUR,,primary
ember:monthly:day_ahead_price,NL,cost,wholesale,,,2015-03-01,2015-03-31,42.18,EUR/MWh,EUR,,primary
ember:monthly:day_ahead_price,NL,cost,wholesale,,,2015-04-01,2015-04-30,41.4,EUR/MWh,EUR,,primary
ember:monthly:day_ahead_price,NL,cost,wholesale,,,2015-05-01,2015-05-31,37.34,EUR/MWh,EUR,,primary
ember:monthly:day_ahead_price,NL,cost,wholesale,,,2015-06-01,2015-06-30,38.73,EUR/MWh,EUR,,primary
ember:monthly:day_ahead_price,NL,cost,wholesale,,,2015-07-01,2015-07-31,42.19,EUR/MWh,EUR,,primary
ember:monthly:day_ahead_price,NL,cost,wholesale,,,2015-08-01,2015-08-31,38.87,EUR/MWh,EUR,,primary
ember:monthly:day_ahead_price,NL,cost,wholesale,,,2015-09-01,2015-09-30,39.65,EUR/MWh,EUR,,primary
ember:monthly:day_ahead_price,NL,cost,wholesale,,,2015-10-01,2015-10-31,41.45,EUR/MWh,EUR,,primary
ember:monthly:day_ahead_price,NL,cost,wholesale,,,2015-11-01,2015-11-30,38.44,EUR/MWh,EUR,,primary
ember:monthly:day_ahead_price,NL,cost,wholesale,,,2015-12-01,2015-12-31,33.71,EUR/MWh,EUR,,primary
ember:monthly:day_ahead_price,NL,cost,wholesale,,,2016-01-01,2016-01-31,31.56,EUR/MWh,EUR,,primary
ember:monthly:day_ahead_price,NL,cost,wholesale,,,2016-02-01,2016-02-29,25.2,EUR/MWh,EUR,,primary
ember:monthly:day_ahead_price,NL,cost,wholesale,,,2016-03-01,2016-03-31,26.14,EUR/MWh,EUR,,primary
ember:monthly:day_ahead_price,NL,cost,wholesale,,,2016-04-01,2016-04-30,25.32,EUR/MWh,EUR,,primary
ember:monthly:day_ahead_price,NL,cost,wholesale,,,2016-05-01,2016-05-31,27.2,EUR/MWh,EUR,,primary
ember:monthly:day_ahead_price,NL,cost,wholesale,,,2016-06-01,2016-06-30,32.6,EUR/MWh,EUR,,primary
ember:monthly:day_ahead_price,NL,cost,wholesale,,,2016-07-01,2016-07-31,33.07,EUR/MWh,EUR,,primary
ember:monthly:day_ahead_price,NL,cost,wholesale,,,2016-08-01,2016-08-31,28.35,EUR/MWh,EUR,,primary
ember:monthly:day_ahead_price,NL,cost,wholesale,,,2016-09-01,2016-09-30,32.87,EUR/MWh,EUR,,primary
ember:monthly:day_ahead_price,NL,cost,wholesale,,,2016-10-01,2016-10-31,38.01,EUR/MWh,EUR,,primary
ember:monthly:day_ahead_price,NL,cost,wholesale,,,2016-11-01,2016-11-30,42.85,EUR/MWh,EUR,,primary
ember:monthly:day_ahead_price,NL,cost,wholesale,,,2016-12-01,2016-12-31,43.5,EUR/MWh,EUR,,primary
ember:monthly:day_ahead_price,NL,cost,wholesale,,,2017-01-01,2017-01-31,50.76,EUR/MWh,EUR,,primary
ember:monthly:day_ahead_price,NL,cost,wholesale,,,2017-02-01,2017-02-28,43.06,EUR/MWh,EUR,,primary
ember:monthly:day_ahead_price,NL,cost,wholesale,,,2017-03-01,2017-03-31,34.53,EUR/MWh,EUR,,primary
ember:monthly:day_ahead_price,NL,cost,wholesale,,,2017-04-01,2017-04-30,35.35,EUR/MWh,EUR,,primary
ember:monthly:day_ahead_price,NL,cost,wholesale,,,2017-05-01,2017-05-31,35.06,EUR/MWh,EUR,,primary
ember:monthly:day_ahead_price,NL,cost,wholesale,,,2017-06-01,2017-06-30,33.3,EUR/MWh,EUR,,primary
ember:monthly:day_ahead_price,NL,cost,wholesale,,,2017-07-01,2017-07-31,34.46,EUR/MWh,EUR,,primary
ember:monthly:day_ahead_price,NL,cost,wholesale,,,2017-08-01,2017-08-31,33.06,EUR/MWh,EUR,,primary
ember:monthly:day_ahead_price,NL,cost,wholesale,,,2017-09-01,2017-09-30,38.75,EUR/MWh,EUR,,primary
ember:monthly:day_ahead_price,NL,cost,wholesale,,,2017-10-01,2017-10-31,39.88,EUR/MWh,EUR,,primary
ember:monthly:day_ahead_price,NL,cost,wholesale,,,2017-11-01,2017-11-30,47.27,EUR/MWh,EUR,,primary
ember:monthly:day_ahead_price,NL,cost,wholesale,,,2017-12-01,2017-12-31,46.47,EUR/MWh,EUR,,primary
ember:monthly:day_ahead_price,NL,cost,wholesale,,,2018-01-01,2018-01-31,38.8,EUR/MWh,EUR,,primary
ember:monthly:day_ahead_price,NL,cost,wholesale,,,2018-02-01,2018-02-28,44.57,EUR/MWh,EUR,,primary
ember:monthly:day_ahead_price,NL,cost,wholesale,,,2018-03-01,2018-03-31,51.82,EUR/MWh,EUR,,primary
ember:monthly:day_ahead_price,NL,cost,wholesale,,,2018-04-01,2018-04-30,39.72,EUR/MWh,EUR,,primary
ember:monthly:day_ahead_price,NL,cost,wholesale,,,2018-05-01,2018-05-31,47.08,EUR/MWh,EUR,,primary
ember:monthly:day_ahead_price,NL,cost,wholesale,,,2018-06-01,2018-06-30,51.36,EUR/MWh,EUR,,primary
ember:monthly:day_ahead_price,NL,cost,wholesale,,,2018-07-01,2018-07-31,53.3,EUR/MWh,EUR,,primary
ember:monthly:day_ahead_price,NL,cost,wholesale,,,2018-08-01,2018-08-31,58.02,EUR/MWh,EUR,,primary
ember:monthly:day_ahead_price,NL,cost,wholesale,,,2018-09-01,2018-09-30,63.32,EUR/MWh,EUR,,primary
ember:monthly:day_ahead_price,NL,cost,wholesale,,,2018-10-01,2018-10-31,59.93,EUR/MWh,EUR,,primary
ember:monthly:day_ahead_price,NL,cost,wholesale,,,2018-11-01,2018-11-30,62.29,EUR/MWh,EUR,,primary
ember:monthly:day_ahead_price,NL,cost,wholesale,,,2018-12-01,2018-12-31,59.66,EUR/MWh,EUR,,primary
ember:monthly:day_ahead_price,NL,cost,wholesale,,,2019-01-01,2019-01-31,58.3,EUR/MWh,EUR,,primary
ember:monthly:day_ahead_price,NL,cost,wholesale,,,2019-02-01,2019-02-28,46.85,EUR/MWh,EUR,,primary
ember:monthly:day_ahead_price,NL,cost,wholesale,,,2019-03-01,2019-03-31,40.5,EUR/MWh,EUR,,primary
ember:monthly:day_ahead_price,NL,cost,wholesale,,,2019-04-01,2019-04-30,40.84,EUR/MWh,EUR,,primary
ember:monthly:day_ahead_price,NL,cost,wholesale,,,2019-05-01,2019-05-31,40.19,EUR/MWh,EUR,,primary
ember:monthly:day_ahead_price,NL,cost,wholesale,,,2019-06-01,2019-06-30,36.23,EUR/MWh,EUR,,primary
ember:monthly:day_ahead_price,NL,cost,wholesale,,,2019-07-01,2019-07-31,39.62,EUR/MWh,EUR,,primary
ember:monthly:day_ahead_price,NL,cost,wholesale,,,2019-08-01,2019-08-31,37.41,EUR/MWh,EUR,,primary
ember:monthly:day_ahead_price,NL,cost,wholesale,,,2019-09-01,2019-09-30,36.58,EUR/MWh,EUR,,primary
ember:monthly:day_ahead_price,NL,cost,wholesale,,,2019-10-01,2019-10-31,37.96,EUR/MWh,EUR,,primary
ember:monthly:day_ahead_price,NL,cost,wholesale,,,2019-11-01,2019-11-30,42.71,EUR/MWh,EUR,,primary
ember:monthly:day_ahead_price,NL,cost,wholesale,,,2019-12-01,2019-12-31,37.4,EUR/MWh,EUR,,primary
ember:monthly:day_ahead_price,NL,cost,wholesale,,,2020-01-01,2020-01-31,37.07,EUR/MWh,EUR,,primary
ember:monthly:day_ahead_price,NL,cost,wholesale,,,2020-02-01,2020-02-29,29.55,EUR/MWh,EUR,,primary
ember:monthly:day_ahead_price,NL,cost,wholesale,,,2020-03-01,2020-03-31,24.75,EUR/MWh,EUR,,primary
ember:monthly:day_ahead_price,NL,cost,wholesale,,,2020-04-01,2020-04-30,18.97,EUR/MWh,EUR,,primary
ember:monthly:day_ahead_price,NL,cost,wholesale,,,2020-05-01,2020-05-31,17.67,EUR/MWh,EUR,,primary
ember:monthly:day_ahead_price,NL,cost,wholesale,,,2020-06-01,2020-06-30,26.26,EUR/MWh,EUR,,primary
ember:monthly:day_ahead_price,NL,cost,wholesale,,,2020-07-01,2020-07-31,29.35,EUR/MWh,EUR,,primary
ember:monthly:day_ahead_price,NL,cost,wholesale,,,2020-08-01,2020-08-31,34.07,EUR/MWh,EUR,,primary
ember:monthly:day_ahead_price,NL,cost,wholesale,,,2020-09-01,2020-09-30,42.6,EUR/MWh,EUR,,primary
ember:monthly:day_ahead_price,NL,cost,wholesale,,,2020-10-01,2020-10-31,37.11,EUR/MWh,EUR,,primary
ember:monthly:day_ahead_price,NL,cost,wholesale,,,2020-11-01,2020-11-30,41.05,EUR/MWh,EUR,,primary
ember:monthly:day_ahead_price,NL,cost,wholesale,,,2020-12-01,2020-12-31,48.28,EUR/MWh,EUR,,primary
ember:monthly:day_ahead_price,NL,cost,wholesale,,,2021-01-01,2021-01-31,53.62,EUR/MWh,EUR,,primary
ember:monthly:day_ahead_price,NL,cost,wholesale,,,2021-02-01,2021-02-28,49.23,EUR/MWh,EUR,,primary
ember:monthly:day_ahead_price,NL,cost,wholesale,,,2021-03-01,2021-03-31,48.89,EUR/MWh,EUR,,primary
ember:monthly:day_ahead_price,NL,cost,wholesale,,,2021-04-01,2021-04-30,53.87,EUR/MWh,EUR,,primary
ember:monthly:day_ahead_price,NL,cost,wholesale,,,2021-05-01,2021-05-31,56.12,EUR/MWh,EUR,,primary
ember:monthly:day_ahead_price,NL,cost,wholesale,,,2021-06-01,2021-06-30,76.51,EUR/MWh,EUR,,primary
ember:monthly:day_ahead_price,NL,cost,wholesale,,,2021-07-01,2021-07-31,82.58,EUR/MWh,EUR,,primary
ember:monthly:day_ahead_price,NL,cost,wholesale,,,2021-08-01,2021-08-31,86.66,EUR/MWh,EUR,,primary
ember:monthly:day_ahead_price,NL,cost,wholesale,,,2021-09-01,2021-09-30,136.39,EUR/MWh,EUR,,primary
ember:monthly:day_ahead_price,NL,cost,wholesale,,,2021-10-01,2021-10-31,163.81,EUR/MWh,EUR,,primary
ember:monthly:day_ahead_price,NL,cost,wholesale,,,2021-11-01,2021-11-30,186.3,EUR/MWh,EUR,,primary
ember:monthly:day_ahead_price,NL,cost,wholesale,,,2021-12-01,2021-12-31,237.8,EUR/MWh,EUR,,primary
ember:monthly:day_ahead_price,NL,cost,wholesale,,,2022-01-01,2022-01-31,189.24,EUR/MWh,EUR,,primary
ember:monthly:day_ahead_price,NL,cost,wholesale,,,2022-02-01,2022-02-28,168.29,EUR/MWh,EUR,,primary
ember:monthly:day_ahead_price,NL,cost,wholesale,,,2022-03-01,2022-03-31,261.03,EUR/MWh,EUR,,primary
ember:monthly:day_ahead_price,NL,cost,wholesale,,,2022-04-01,2022-04-30,195.31,EUR/MWh,EUR,,primary
ember:monthly:day_ahead_price,NL,cost,wholesale,,,2022-05-01,2022-05-31,181.4,EUR/MWh,EUR,,primary
ember:monthly:day_ahead_price,NL,cost,wholesale,,,2022-06-01,2022-06-30,210.7,EUR/MWh,EUR,,primary
ember:monthly:day_ahead_price,NL,cost,wholesale,,,2022-07-01,2022-07-31,306.86,EUR/MWh,EUR,,primary
ember:monthly:day_ahead_price,NL,cost,wholesale,,,2022-08-01,2022-08-31,447.25,EUR/MWh,EUR,,primary
ember:monthly:day_ahead_price,NL,cost,wholesale,,,2022-09-01,2022-09-30,340.89,EUR/MWh,EUR,,primary
ember:monthly:day_ahead_price,NL,cost,wholesale,,,2022-10-01,2022-10-31,155.51,EUR/MWh,EUR,,primary
ember:monthly:day_ahead_price,NL,cost,wholesale,,,2022-11-01,2022-11-30,179.48,EUR/MWh,EUR,,primary
ember:monthly:day_ahead_price,NL,cost,wholesale,,,2022-12-01,2022-12-31,258.49,EUR/MWh,EUR,,primary
ember:monthly:day_ahead_price,NL,cost,wholesale,,,2023-01-01,2023-01-31,126.13,EUR/MWh,EUR,,primary
ember:monthly:day_ahead_price,NL,cost,wholesale,,,2023-02-01,2023-02-28,134.91,EUR/MWh,EUR,,primary
ember:monthly:day_ahead_price,NL,cost,wholesale,,,2023-03-01,2023-03-31,104.44,EUR/MWh,EUR,,primary
ember:monthly:day_ahead_price,NL,cost,wholesale,,,2023-04-01,2023-04-30,98.71,EUR/MWh,EUR,,primary
ember:monthly:day_ahead_price,NL,cost,wholesale,,,2023-05-01,2023-05-31,77.88,EUR/MWh,EUR,,primary
ember:monthly:day_ahead_price,NL,cost,wholesale,,,2023-06-01,2023-06-30,92.04,EUR/MWh,EUR,,primary
ember:monthly:day_ahead_price,NL,cost,wholesale,,,2023-07-01,2023-07-31,71.69,EUR/MWh,EUR,,primary
ember:monthly:day_ahead_price,NL,cost,wholesale,,,2023-08-01,2023-08-31,91.42,EUR/MWh,EUR,,primary
ember:monthly:day_ahead_price,NL,cost,wholesale,,,2023-09-01,2023-09-30,98.7,EUR/MWh,EUR,,primary
ember:monthly:day_ahead_price,NL,cost,wholesale,,,2023-10-01,2023-10-31,90.19,EUR/MWh,EUR,,primary
ember:monthly:day_ahead_price,NL,cost,wholesale,,,2023-11-01,2023-11-30,94.46,EUR/MWh,EUR,,primary
ember:monthly:day_ahead_price,NL,cost,wholesale,,,2023-12-01,2023-12-31,73.04,EUR/MWh,EUR,,primary
ember:monthly:day_ahead_price,NL,cost,wholesale,,,2024-01-01,2024-01-31,78.43,EUR/MWh,EUR,,primary
ember:monthly:day_ahead_price,NL,cost,wholesale,,,2024-02-01,2024-02-29,63.91,EUR/MWh,EUR,,primary
ember:monthly:day_ahead_price,NL,cost,wholesale,,,2024-03-01,2024-03-31,63.38,EUR/MWh,EUR,,primary
ember:monthly:day_ahead_price,NL,cost,wholesale,,,2024-04-01,2024-04-30,58.42,EUR/MWh,EUR,,primary
ember:monthly:day_ahead_price,NL,cost,wholesale,,,2024-05-01,2024-05-31,65.7,EUR/MWh,EUR,,primary
ember:monthly:day_ahead_price,NL,cost,wholesale,,,2024-06-01,2024-06-30,68.06,EUR/MWh,EUR,,primary
ember:monthly:day_ahead_price,NL,cost,wholesale,,,2024-07-01,2024-07-31,65.04,EUR/MWh,EUR,,primary
ember:monthly:day_ahead_price,NL,cost,wholesale,,,2024-08-01,2024-08-31,77.1,EUR/MWh,EUR,,primary
ember:monthly:day_ahead_price,NL,cost,wholesale,,,2024-09-01,2024-09-30,77.62,EUR/MWh,EUR,,primary
ember:monthly:day_ahead_price,NL,cost,wholesale,,,2024-10-01,2024-10-31,87.8,EUR/MWh,EUR,,primary
ember:monthly:day_ahead_price,NL,cost,wholesale,,,2024-11-01,2024-11-30,113.47,EUR/MWh,EUR,,primary
ember:monthly:day_ahead_price,NL,cost,wholesale,,,2024-12-01,2024-12-31,107.94,EUR/MWh,EUR,,primary
ember:monthly:day_ahead_price,NL,cost,wholesale,,,2025-01-01,2025-01-31,116.82,EUR/MWh,EUR,,primary
ember:monthly:day_ahead_price,NL,cost,wholesale,,,2025-02-01,2025-02-28,125.81,EUR/MWh,EUR,,primary
ember:monthly:day_ahead_price,NL,cost,wholesale,,,2025-03-01,2025-03-31,91.69,EUR/MWh,EUR,,primary
ember:monthly:day_ahead_price,NL,cost,wholesale,,,2025-04-01,2025-04-30,74.83,EUR/MWh,EUR,,primary
ember:monthly:day_ahead_price,NL,cost,wholesale,,,2025-05-01,2025-05-31,64.21,EUR/MWh,EUR,,primary
ember:monthly:day_ahead_price,NL,cost,wholesale,,,2025-06-01,2025-06-30,67.7,EUR/MWh,EUR,,primary
ember:monthly:day_ahead_price,NL,cost,wholesale,,,2025-07-01,2025-07-31,87.53,EUR/MWh,EUR,,primary
ember:monthly:day_ahead_price,NL,cost,wholesale,,,2025-08-01,2025-08-31,74.52,EUR/MWh,EUR,,primary
ember:monthly:day_ahead_price,NL,cost,wholesale,,,2025-09-01,2025-09-30,83.75,EUR/MWh,EUR,,primary
ember:monthly:day_ahead_price,NL,cost,wholesale,,,2025-10-01,2025-10-31,82.29,EUR/MWh,EUR,,primary
ember:monthly:day_ahead_price,NL,cost,wholesale,,,2025-11-01,2025-11-30,93.78,EUR/MWh,EUR,,primary
ember:monthly:day_ahead_price,NL,cost,wholesale,,,2025-12-01,2025-12-31,87.67,EUR/MWh,EUR,,primary
ember:monthly:day_ahead_price,NL,cost,wholesale,,,2026-01-01,2026-01-31,107.14,EUR/MWh,EUR,,primary
ember:monthly:day_ahead_price,NL,cost,wholesale,,,2026-02-01,2026-02-28,96.08,EUR/MWh,EUR,,primary
ember:monthly:day_ahead_price,NL,cost,wholesale,,,2026-03-01,2026-03-31,98.98,EUR/MWh,EUR,,primary
ember:monthly:day_ahead_price,NL,cost,wholesale,,,2026-04-01,2026-04-30,84.39,EUR/MWh,EUR,,primary
ember:monthly:day_ahead_price,NL,cost,wholesale,,,2026-05-01,2026-05-31,94.85,EUR/MWh,EUR,,primary
ember:monthly:day_ahead_price,NL,cost,wholesale,,,2026-06-01,2026-06-30,107.02,EUR/MWh,EUR,,primary
ember:monthly:day_ahead_price,NL,cost,wholesale,,,2026-07-01,2026-07-31,106.85,EUR/MWh,EUR,,primary
ember:monthly:day_ahead_price,NL,cost,wholesale,,,2026-08-01,2026-08-31,127.53,EUR/MWh,EUR,,primary
ember:monthly:day_ahead_price,NL,cost,wholesale,,,2026-09-01,2026-09-30,152.18,EUR/MWh,EUR,,primary
ember:monthly:day_ahead_price,NL,cost,wholesale,,,2026-10-01,2026-10-31,200.43,EUR/MWh,EUR,,primary
ember:monthly:day_ahead_price,NO,cost,wholesale,,,2015-01-01,2015-01-31,29.19,EUR/MWh,EUR,,primary
ember:monthly:day_ahead_price,NO,cost,wholesale,,,2015-02-01,2015-02-28,28.46,EUR/MWh,EUR,,primary
ember:monthly:day_ahead_price,NO,cost,wholesale,,,2015-03-01,2015-03-31,24.94,EUR/MWh,EUR,,primary
ember:monthly:day_ahead_price,NO,cost,wholesale,,,2015-04-01,2015-04-30,25.0,EUR/MWh,EUR,,primary
ember:monthly:day_ahead_price,NO,cost,wholesale,,,2015-05-01,2015-05-31,22.04,EUR/MWh,EUR,,primary
ember:monthly:day_ahead_price,NO,cost,wholesale,,,2015-06-01,2015-06-30,13.72,EUR/MWh,EUR,,primary
ember:monthly:day_ahead_price,NO,cost,wholesale,,,2015-07-01,2015-07-31,8.94,EUR/MWh,EUR,,primary
ember:monthly:day_ahead_price,NO,cost,wholesale,,,2015-08-01,2015-08-31,11.69,EUR/MWh,EUR,,primary
ember:monthly:day_ahead_price,NO,cost,wholesale,,,2015-09-01,2015-09-30,15.22,EUR/MWh,EUR,,primary
ember:monthly:day_ahead_price,NO,cost,wholesale,,,2015-10-01,2015-10-31,21.45,EUR/MWh,EUR,,primary
ember:monthly:day_ahead_price,NO,cost,wholesale,,,2015-11-01,2015-11-30,24.25,EUR/MWh,EUR,,primary
ember:monthly:day_ahead_price,NO,cost,wholesale,,,2015-12-01,2015-12-31,17.81,EUR/MWh,EUR,,primary
ember:monthly:day_ahead_price,NO,cost,wholesale,,,2016-01-01,2016-01-31,27.91,EUR/MWh,EUR,,primary
ember:monthly:day_ahead_price,NO,cost,wholesale,,,2016-02-01,2016-02-29,19.2,EUR/MWh,EUR,,primary
ember:monthly:day_ahead_price,NO,cost,wholesale,,,2016-03-01,2016-03-31,21.39,EUR/MWh,EUR,,primary
ember:monthly:day_ahead_price,NO,cost,wholesale,,,2016-04-01,2016-04-30,21.84,EUR/MWh,EUR,,primary
ember:monthly:day_ahead_price,NO,cost,wholesale,,,2016-05-01,2016-05-31,22.75,EUR/MWh,EUR,,primary
ember:monthly:day_ahead_price,NO,cost,wholesale,,,2016-06-01,2016-06-30,25.57,EUR/MWh,EUR,,primary
ember:monthly:day_ahead_price,NO,cost,wholesale,,,2016-07-01,2016-07-31,24.93,EUR/MWh,EUR,,primary
ember:monthly:day_ahead_price,NO,cost,wholesale,,,2016-08-01,2016-08-31,23.88,EUR/MWh,EUR,,primary
ember:monthly:day_ahead_price,NO,cost,wholesale,,,2016-09-01,2016-09-30,24.46,EUR/MWh,EUR,,primary
ember:monthly:day_ahead_price,NO,cost,wholesale,,,2016-10-01,2016-10-31,32.1,EUR/MWh,EUR,,primary
ember:monthly:day_ahead_price,NO,cost,wholesale,,,2016-11-01,2016-11-30,38.13,EUR/MWh,EUR,,primary
ember:monthly:day_ahead_price,NO,cost,wholesale,,,2016-12-01,2016-12-31,31.42,EUR/MWh,EUR,,primary
ember:monthly:day_ahead_price,NO,cost,wholesale,,,2017-01-01,2017-01-31,29.96,EUR/MWh,EUR,,primary
ember:monthly:day_ahead_price,NO,cost,wholesale,,,2017-02-01,2017-02-28,31.34,EUR/MWh,EUR,,primary
ember:monthly:day_ahead_price,NO,cost,wholesale,,,2017-03-01,2017-03-31,30.02,EUR/MWh,EUR,,primary
ember:monthly:day_ahead_price,NO,cost,wholesale,,,2017-04-01,2017-04-30,28.92,EUR/MWh,EUR,,primary
ember:monthly:day_ahead_price,NO,cost,wholesale,,,2017-05-01,2017-05-31,27.95,EUR/MWh,EUR,,primary
ember:monthly:day_ahead_price,NO,cost,wholesale,,,2017-06-01,2017-06-30,23.72,EUR/MWh,EUR,,primary
ember:monthly:day_ahead_price,NO,cost,wholesale,,,2017-07-01,2017-07-31,24.89,EUR/MWh,EUR,,primary
ember:monthly:day_ahead_price,NO,cost,wholesale,,,2017-08-01,2017-08-31,26.03,EUR/MWh,EUR,,primary
ember:monthly:day_ahead_price,NO,cost,wholesale,,,2017-09-01,2017-09-30,30.36,EUR/MWh,EUR,,primary
ember:monthly:day_ahead_price,NO,cost,wholesale,,,2017-10-01,2017-10-31,27.79,EUR/MWh,EUR,,primary
ember:monthly:day_ahead_price,NO,cost,wholesale,,,2017-11-01,2017-11-30,31.5,EUR/MWh,EUR,,primary
ember:monthly:day_ahead_price,NO,cost,wholesale,,,2017-12-01,2017-12-31,30.7,EUR/MWh,EUR,,primary
ember:monthly:day_ahead_price,NO,cost,wholesale,,,2018-01-01,2018-01-31,32.16,EUR/MWh,EUR,,primary
ember:monthly:day_ahead_price,NO,cost,wholesale,,,2018-02-01,2018-02-28,38.36,EUR/MWh,EUR,,primary
ember:monthly:day_ahead_price,NO,cost,wholesale,,,2018-03-01,2018-03-31,43.61,EUR/MWh,EUR,,primary
ember:monthly:day_ahead_price,NO,cost,wholesale,,,2018-04-01,2018-04-30,38.91,EUR/MWh,EUR,,primary
ember:monthly:day_ahead_price,NO,cost,wholesale,,,2018-05-01,2018-05-31,33.6,EUR/MWh,EUR,,primary
ember:monthly:day_ahead_price,NO,cost,wholesale,,,2018-06-01,2018-06-30,44.82,EUR/MWh,EUR,,primary
ember:monthly:day_ahead_price,NO,cost,wholesale,,,2018-07-01,2018-07-31,51.76,EUR/MWh,EUR,,primary
ember:monthly:day_ahead_price,NO,cost,wholesale,,,2018-08-01,2018-08-31,50.97,EUR/MWh,EUR,,primary
ember:monthly:day_ahead_price,NO,cost,wholesale,,,2018-09-01,2018-09-30,47.07,EUR/MWh,EUR,,primary
ember:monthly:day_ahead_price,NO,cost,wholesale,,,2018-10-01,2018-10-31,42.07,EUR/MWh,EUR,,primary
ember:monthly:day_ahead_price,NO,cost,wholesale,,,2018-11-01,2018-11-30,47.65,EUR/MWh,EUR,,primary
ember:monthly:day_ahead_price,NO,cost,wholesale,,,2018-12-01,2018-12-31,51.5,EUR/MWh,EUR,,primary
ember:monthly:day_ahead_price,NO,cost,wholesale,,,2019-01-01,2019-01-31,54.48,EUR/MWh,EUR,,primary
ember:monthly:day_ahead_price,NO,cost,wholesale,,,2019-02-01,2019-02-28,45.97,EUR/MWh,EUR,,primary
ember:monthly:day_ahead_price,NO,cost,wholesale,,,2019-03-01,2019-03-31,41.69,EUR/MWh,EUR,,primary
ember:monthly:day_ahead_price,NO,cost,wholesale,,,2019-04-01,2019-04-30,41.34,EUR/MWh,EUR,,primary
ember:monthly:day_ahead_price,NO,cost,wholesale,,,2019-05-01,2019-05-31,39.15,EUR/MWh,EUR,,primary
ember:monthly:day_ahead_price,NO,cost,wholesale,,,2019-06-01,2019-06-30,28.59,EUR/MWh,EUR,,primary
ember:monthly:day_ahead_price,NO,cost,wholesale,,,2019-07-01,2019-07-31,34.8,EUR/MWh,EUR,,primary
ember:monthly:day_ahead_price,NO,cost,wholesale,,,2019-08-01,2019-08-31,35.32,EUR/MWh,EUR,,primary
ember:monthly:day_ahead_price,NO,cost,wholesale,,,2019-09-01,2019-09-30,31.12,EUR/MWh,EUR,,primary
ember:monthly:day_ahead_price,NO,cost,wholesale,,,2019-10-01,2019-10-31,36.64,EUR/MWh,EUR,,primary
ember:monthly:day_ahead_price,NO,cost,wholesale,,,2019-11-01,2019-11-30,41.89,EUR/MWh,EUR,,primary
ember:monthly:day_ahead_price,NO,cost,wholesale,,,2019-12-01,2019-12-31,37.19,EUR/MWh,EUR,,primary
ember:monthly:day_ahead_price,NO,cost,wholesale,,,2020-01-01,2020-01-31,24.23,EUR/MWh,EUR,,primary
ember:monthly:day_ahead_price,NO,cost,wholesale,,,2020-02-01,2020-02-29,12.83,EUR/MWh,EUR,,primary
ember:monthly:day_ahead_price,NO,cost,wholesale,,,2020-03-01,2020-03-31,8.35,EUR/MWh,EUR,,primary
ember:monthly:day_ahead_price,NO,cost,wholesale,,,2020-04-01,2020-04-30,4.69,EUR/MWh,EUR,,primary
ember:monthly:day_ahead_price,NO,cost,wholesale,,,2020-05-01,2020-05-31,7.73,EUR/MWh,EUR,,primary
ember:monthly:day_ahead_price,NO,cost,wholesale,,,2020-06-01,2020-06-30,2.05,EUR/MWh,EUR,,primary
ember:monthly:day_ahead_price,NO,cost,wholesale,,,2020-07-01,2020-07-31,1.85,EUR/MWh,EUR,,primary
ember:monthly:day_ahead_price,NO,cost,wholesale,,,2020-08-01,2020-08-31,4.61,EUR/MWh,EUR,,primary
ember:monthly:day_ahead_price,NO,cost,wholesale,,,2020-09-01,2020-09-30,9.24,EUR/MWh,EUR,,primary
ember:monthly:day_ahead_price,NO,cost,wholesale,,,2020-10-01,2020-10-31,12.39,EUR/MWh,EUR,,primary
ember:monthly:day_ahead_price,NO,cost,wholesale,,,2020-11-01,2020-11-30,4.85,EUR/MWh,EUR,,primary
ember:monthly:day_ahead_price,NO,cost,wholesale,,,2020-12-01,2020-12-31,18.12,EUR/MWh,EUR,,primary
ember:monthly:day_ahead_price,NO,cost,wholesale,,,2021-01-01,2021-01-31,46.03,EUR/MWh,EUR,,primary
ember:monthly:day_ahead_price,NO,cost,wholesale,,,2021-02-01,2021-02-28,48.21,EUR/MWh,EUR,,primary
ember:monthly:day_ahead_price,NO,cost,wholesale,,,2021-03-01,2021-03-31,36.02,EUR/MWh,EUR,,primary
ember:monthly:day_ahead_price,NO,cost,wholesale,,,2021-04-01,2021-04-30,38.68,EUR/MWh,EUR,,primary
ember:monthly:day_ahead_price,NO,cost,wholesale,,,2021-05-01,2021-05-31,43.8,EUR/MWh,EUR,,primary
ember:monthly:day_ahead_price,NO,cost,wholesale,,,2021-06-01,2021-06-30,42.75,EUR/MWh,EUR,,primary
ember:monthly:day_ahead_price,NO,cost,wholesale,,,2021-07-01,2021-07-31,49.32,EUR/MWh,EUR,,primary
ember:monthly:day_ahead_price,NO,cost,wholesale,,,2021-08-01,2021-08-31,64.54,EUR/MWh,EUR,,primary
ember:monthly:day_ahead_price,NO,cost,wholesale,,,2021-09-01,2021-09-30,87.02,EUR/MWh,EUR,,primary
ember:monthly:day_ahead_price,NO,cost,wholesale,,,2021-10-01,2021-10-31,72.34,EUR/MWh,EUR,,primary
ember:monthly:day_ahead_price,NO,cost,wholesale,,,2021-11-01,2021-11-30,84.05,EUR/MWh,EUR,,primary
ember:monthly:day_ahead_price,NO,cost,wholesale,,,2021-12-01,2021-12-31,136.54,EUR/MWh,EUR,,primary
ember:monthly:day_ahead_price,NO,cost,wholesale,,,2022-01-01,2022-01-31,101.6,EUR/MWh,EUR,,primary
ember:monthly:day_ahead_price,NO,cost,wholesale,,,2022-02-01,2022-02-28,84.5,EUR/MWh,EUR,,primary
ember:monthly:day_ahead_price,NO,cost,wholesale,,,2022-03-01,2022-03-31,131.92,EUR/MWh,EUR,,primary
ember:monthly:day_ahead_price,NO,cost,wholesale,,,2022-04-01,2022-04-30,127.8,EUR/MWh,EUR,,primary
ember:monthly:day_ahead_price,NO,cost,wholesale,,,2022-05-01,2022-05-31,107.34,EUR/MWh,EUR,,primary
ember:monthly:day_ahead_price,NO,cost,wholesale,,,2022-06-01,2022-06-30,105.17,EUR/MWh,EUR,,primary
ember:monthly:day_ahead_price,NO,cost,wholesale,,,2022-07-01,2022-07-31,129.21,EUR/MWh,EUR,,primary
ember:monthly:day_ahead_price,NO,cost,wholesale,,,2022-08-01,2022-08-31,245.94,EUR/MWh,EUR,,primary
ember:monthly:day_ahead_price,NO,cost,wholesale,,,2022-09-01,2022-09-30,236.96,EUR/MWh,EUR,,primary
ember:monthly:day_ahead_price,NO,cost,wholesale,,,2022-10-01,2022-10-31,89.01,EUR/MWh,EUR,,primary
ember:monthly:day_ahead_price,NO,cost,wholesale,,,2022-11-01,2022-11-30,88.73,EUR/MWh,EUR,,primary
ember:monthly:day_ahead_price,NO,cost,wholesale,,,2022-12-01,2022-12-31,217.45,EUR/MWh,EUR,,primary
ember:monthly:day_ahead_price,NO,cost,wholesale,,,2023-01-01,2023-01-31,97.32,EUR/MWh,EUR,,primary
ember:monthly:day_ahead_price,NO,cost,wholesale,,,2023-02-01,2023-02-28,80.78,EUR/MWh,EUR,,primary
ember:monthly:day_ahead_price,NO,cost,wholesale,,,2023-03-01,2023-03-31,82.51,EUR/MWh,EUR,,primary
ember:monthly:day_ahead_price,NO,cost,wholesale,,,2023-04-01,2023-04-30,79.45,EUR/MWh,EUR,,primary
ember:monthly:day_ahead_price,NO,cost,wholesale,,,2023-05-01,2023-05-31,51.42,EUR/MWh,EUR,,primary
ember:monthly:day_ahead_price,NO,cost,wholesale,,,2023-06-01,2023-06-30,52.19,EUR/MWh,EUR,,primary
ember:monthly:day_ahead_price,NO,cost,wholesale,,,2023-07-01,2023-07-31,36.47,EUR/MWh,EUR,,primary
ember:monthly:day_ahead_price,NO,cost,wholesale,,,2023-08-01,2023-08-31,30.16,EUR/MWh,EUR,,primary
ember:monthly:day_ahead_price,NO,cost,wholesale,,,2023-09-01,2023-09-30,17.35,EUR/MWh,EUR,,primary
ember:monthly:day_ahead_price,NO,cost,wholesale,,,2023-10-01,2023-10-31,30.12,EUR/MWh,EUR,,primary
ember:monthly:day_ahead_price,NO,cost,wholesale,,,2023-11-01,2023-11-30,76.64,EUR/MWh,EUR,,primary
ember:monthly:day_ahead_price,NO,cost,wholesale,,,2023-12-01,2023-12-31,74.71,EUR/MWh,EUR,,primary
ember:monthly:day_ahead_price,NO,cost,wholesale,,,2024-01-01,2024-01-31,69.57,EUR/MWh,EUR,,primary
ember:monthly:day_ahead_price,NO,cost,wholesale,,,2024-02-01,2024-02-29,52.68,EUR/MWh,EUR,,primary
ember:monthly:day_ahead_price,NO,cost,wholesale,,,2024-03-01,2024-03-31,56.17,EUR/MWh,EUR,,primary
ember:monthly:day_ahead_price,NO,cost,wholesale,,,2024-04-01,2024-04-30,49.96,EUR/MWh,EUR,,primary
ember:monthly:day_ahead_price,NO,cost,wholesale,,,2024-05-01,2024-05-31,29.74,EUR/MWh,EUR,,primary
ember:monthly:day_ahead_price,NO,cost,wholesale,,,2024-06-01,2024-06-30,32.01,EUR/MWh,EUR,,primary
ember:monthly:day_ahead_price,NO,cost,wholesale,,,2024-07-01,2024-07-31,27.2,EUR/MWh,EUR,,primary
ember:monthly:day_ahead_price,NO,cost,wholesale,,,2024-08-01,2024-08-31,19.05,EUR/MWh,EUR,,primary
ember:monthly:day_ahead_price,NO,cost,wholesale,,,2024-09-01,2024-09-30,21.17,EUR/MWh,EUR,,primary
ember:monthly:day_ahead_price,NO,cost,wholesale,,,2024-10-01,2024-10-31,28.26,EUR/MWh,EUR,,primary
ember:monthly:day_ahead_price,NO,cost,wholesale,,,2024-11-01,2024-11-30,36.53,EUR/MWh,EUR,,primary
ember:monthly:day_ahead_price,NO,cost,wholesale,,,2024-12-01,2024-12-31,41.64,EUR/MWh,EUR,,primary
ember:monthly:day_ahead_price,NO,cost,wholesale,,,2025-01-01,2025-01-31,47.87,EUR/MWh,EUR,,primary
ember:monthly:day_ahead_price,NO,cost,wholesale,,,2025-02-01,2025-02-28,60.75,EUR/MWh,EUR,,primary
ember:monthly:day_ahead_price,NO,cost,wholesale,,,2025-03-01,2025-03-31,34.51,EUR/MWh,EUR,,primary
ember:monthly:day_ahead_price,NO,cost,wholesale,,,2025-04-01,2025-04-30,34.35,EUR/MWh,EUR,,primary
ember:monthly:day_ahead_price,NO,cost,wholesale,,,2025-05-01,2025-05-31,41.06,EUR/MWh,EUR,,primary
ember:monthly:day_ahead_price,NO,cost,wholesale,,,2025-06-01,2025-06-30,38.95,EUR/MWh,EUR,,primary
ember:monthly:day_ahead_price,NO,cost,wholesale,,,2025-07-01,2025-07-31,38.41,EUR/MWh,EUR,,primary
ember:monthly:day_ahead_price,NO,cost,wholesale,,,2025-08-01,2025-08-31,41.68,EUR/MWh,EUR,,primary
ember:monthly:day_ahead_price,NO,cost,wholesale,,,2025-09-01,2025-09-30,38.07,EUR/MWh,EUR,,primary
ember:monthly:day_ahead_price,NO,cost,wholesale,,,2025-10-01,2025-10-31,40.3,EUR/MWh,EUR,,primary
ember:monthly:day_ahead_price,NO,cost,wholesale,,,2025-11-01,2025-11-30,64.73,EUR/MWh,EUR,,primary
ember:monthly:day_ahead_price,NO,cost,wholesale,,,2025-12-01,2025-12-31,58.86,EUR/MWh,EUR,,primary
ember:monthly:day_ahead_price,NO,cost,wholesale,,,2026-01-01,2026-01-31,101.08,EUR/MWh,EUR,,primary
ember:monthly:day_ahead_price,NO,cost,wholesale,,,2026-02-01,2026-02-28,103.18,EUR/MWh,EUR,,primary
ember:monthly:day_ahead_price,NO,cost,wholesale,,,2026-03-01,2026-03-31,85.95,EUR/MWh,EUR,,primary
ember:monthly:day_ahead_price,NO,cost,wholesale,,,2026-04-01,2026-04-30,85.51,EUR/MWh,EUR,,primary
ember:monthly:day_ahead_price,NO,cost,wholesale,,,2026-05-01,2026-05-31,84.67,EUR/MWh,EUR,,primary
ember:monthly:day_ahead_price,NO,cost,wholesale,,,2026-06-01,2026-06-30,67.12,EUR/MWh,EUR,,primary
ember:monthly:day_ahead_price,NO,cost,wholesale,,,2026-07-01,2026-07-31,92.22,EUR/MWh,EUR,,primary
ember:monthly:day_ahead_price,NO,cost,wholesale,,,2026-08-01,2026-08-31,114.43,EUR/MWh,EUR,,primary
ember:monthly:day_ahead_price,NO,cost,wholesale,,,2026-09-01,2026-09-30,119.93,EUR/MWh,EUR,,primary
ember:monthly:day_ahead_price,NO,cost,wholesale,,,2026-10-01,2026-10-31,152.82,EUR/MWh,EUR,,primary
ember:monthly:day_ahead_price,PL,cost,wholesale,,,2015-01-01,2015-01-31,33.53,EUR/MWh,EUR,,primary
ember:monthly:day_ahead_price,PL,cost,wholesale,,,2015-02-01,2015-02-28,35.61,EUR/MWh,EUR,,primary
ember:monthly:day_ahead_price,PL,cost,wholesale,,,2015-03-01,2015-03-31,33.14,EUR/MWh,EUR,,primary
ember:monthly:day_ahead_price,PL,cost,wholesale,,,2015-04-01,2015-04-30,35.92,EUR/MWh,EUR,,primary
ember:monthly:day_ahead_price,PL,cost,wholesale,,,2015-05-01,2015-05-31,38.92,EUR/MWh,EUR,,primary
ember:monthly:day_ahead_price,PL,cost,wholesale,,,2015-06-01,2015-06-30,38.84,EUR/MWh,EUR,,primary
ember:monthly:day_ahead_price,PL,cost,wholesale,,,2015-07-01,2015-07-31,40.0,EUR/MWh,EUR,,primary
ember:monthly:day_ahead_price,PL,cost,wholesale,,,2015-08-01,2015-08-31,42.33,EUR/MWh,EUR,,primary
ember:monthly:day_ahead_price,PL,cost,wholesale,,,2015-09-01,2015-09-30,39.06,EUR/MWh,EUR,,primary
ember:monthly:day_ahead_price,PL,cost,wholesale,,,2015-10-01,2015-10-31,39.65,EUR/MWh,EUR,,primary
ember:monthly:day_ahead_price,PL,cost,wholesale,,,2015-11-01,2015-11-30,36.31,EUR/MWh,EUR,,primary
ember:monthly:day_ahead_price,PL,cost,wholesale,,,2015-12-01,2015-12-31,33.26,EUR/MWh,EUR,,primary
ember:monthly:day_ahead_price,PL,cost,wholesale,,,2016-01-01,2016-01-31,37.74,EUR/MWh,EUR,,primary
ember:monthly:day_ahead_price,PL,cost,wholesale,,,2016-02-01,2016-02-29,32.25,EUR/MWh,EUR,,primary
ember:monthly:day_ahead_price,PL,cost,wholesale,,,2016-03-01,2016-03-31,33.64,EUR/MWh,EUR,,primary
ember:monthly:day_ahead_price,PL,cost,wholesale,,,2016-04-01,2016-04-30,35.87,EUR/MWh,EUR,,primary
ember:monthly:day_ahead_price,PL,cost,wholesale,,,2016-05-01,2016-05-31,34.84,EUR/MWh,EUR,,primary
ember:monthly:day_ahead_price,PL,cost,wholesale,,,2016-06-01,2016-06-30,45.28,EUR/MWh,EUR,,primary
ember:monthly:day_ahead_price,PL,cost,wholesale,,,2016-07-01,2016-07-31,34.72,EUR/MWh,EUR,,primary
ember:monthly:day_ahead_price,PL,cost,wholesale,,,2016-08-01,2016-08-31,32.81,EUR/MWh,EUR,,primary
ember:monthly:day_ahead_price,PL,cost,wholesale,,,2016-09-01,2016-09-30,35.66,EUR/MWh,EUR,,primary
ember:monthly:day_ahead_price,PL,cost,wholesale,,,2016-10-01,2016-10-31,37.91,EUR/MWh,EUR,,primary
ember:monthly:day_ahead_price,PL,cost,wholesale,,,2016-11-01,2016-11-30,36.24,EUR/MWh,EUR,,primary
ember:monthly:day_ahead_price,PL,cost,wholesale,,,2016-12-01,2016-12-31,34.2,EUR/MWh,EUR,,primary
ember:monthly:day_ahead_price,PL,cost,wholesale,,,2017-01-01,2017-01-31,36.89,EUR/MWh,EUR,,primary
ember:monthly:day_ahead_price,PL,cost,wholesale,,,2017-02-01,2017-02-28,35.97,EUR/MWh,EUR,,primary
ember:monthly:day_ahead_price,PL,cost,wholesale,,,2017-03-01,2017-03-31,33.98,EUR/MWh,EUR,,primary
ember:monthly:day_ahead_price,PL,cost,wholesale,,,2017-04-01,2017-04-30,33.16,EUR/MWh,EUR,,primary
ember:monthly:day_ahead_price,PL,cost,wholesale,,,2017-05-01,2017-05-31,35.48,EUR/MWh,EUR,,primary
ember:monthly:day_ahead_price,PL,cost,wholesale,,,2017-06-01,2017-06-30,36.07,EUR/MWh,EUR,,primary
ember:monthly:day_ahead_price,PL,cost,wholesale,,,2017-07-01,2017-07-31,36.4,EUR/MWh,EUR,,primary
ember:monthly:day_ahead_price,PL,cost,wholesale,,,2017-08-01,2017-08-31,38.47,EUR/MWh,EUR,,primary
ember:monthly:day_ahead_price,PL,cost,wholesale,,,2017-09-01,2017-09-30,39.52,EUR/MWh,EUR,,primary
ember:monthly:day_ahead_price,PL,cost,wholesale,,,2017-10-01,2017-10-31,40.04,EUR/MWh,EUR,,primary
ember:monthly:day_ahead_price,PL,cost,wholesale,,,2017-11-01,2017-11-30,39.51,EUR/MWh,EUR,,primary
ember:monthly:day_ahead_price,PL,cost,wholesale,,,2017-12-01,2017-12-31,35.48,EUR/MWh,EUR,,primary
ember:monthly:day_ahead_price,PL,cost,wholesale,,,2018-01-01,2018-01-31,38.84,EUR/MWh,EUR,,primary
ember:monthly:day_ahead_price,PL,cost,wholesale,,,2018-02-01,2018-02-28,44.52,EUR/MWh,EUR,,primary
ember:monthly:day_ahead_price,PL,cost,wholesale,,,2018-03-01,2018-03-31,48.8,EUR/MWh,EUR,,primary
ember:monthly:day_ahead_price,PL,cost,wholesale,,,2018-04-01,2018-04-30,43.19,EUR/MWh,EUR,,primary
ember:monthly:day_ahead_price,PL,cost,wholesale,,,2018-05-01,2018-05-31,51.23,EUR/MWh,EUR,,primary
ember:monthly:day_ahead_price,PL,cost,wholesale,,,2018-06-01,2018-06-30,52.92,EUR/MWh,EUR,,primary
ember:monthly:day_ahead_price,PL,cost,wholesale,,,2018-07-01,2018-07-31,52.58,EUR/MWh,EUR,,primary
ember:monthly:day_ahead_price,PL,cost,wholesale,,,2018-08-01,2018-08-31,59.47,EUR/MWh,EUR,,primary
ember:monthly:day_ahead_price,PL,cost,wholesale,,,2018-09-01,2018-09-30,63.12,EUR/MWh,EUR,,primary
ember:monthly:day_ahead_price,PL,cost,wholesale,,,2018-10-01,2018-10-31,58.94,EUR/MWh,EUR,,primary
ember:monthly:day_ahead_price,PL,cost,wholesale,,,2018-11-01,2018-11-30,58.66,EUR/MWh,EUR,,primary
ember:monthly:day_ahead_price,PL,cost,wholesale,,,2018-12-01,2018-12-31,53.38,EUR/MWh,EUR,,primary
ember:monthly:day_ahead_price,PL,cost,wholesale,,,2019-01-01,2019-01-31,56.13,EUR/MWh,EUR,,primary
ember:monthly:day_ahead_price,PL,cost,wholesale,,,2019-02-01,2019-02-28,49.5,EUR/MWh,EUR,,primary
ember:monthly:day_ahead_price,PL,cost,wholesale,,,2019-03-01,2019-03-31,46.56,EUR/MWh,EUR,,primary
ember:monthly:day_ahead_price,PL,cost,wholesale,,,2019-04-01,2019-04-30,53.19,EUR/MWh,EUR,,primary
ember:monthly:day_ahead_price,PL,cost,wholesale,,,2019-05-01,2019-05-31,55.4,EUR/MWh,EUR,,primary
ember:monthly:day_ahead_price,PL,cost,wholesale,,,2019-06-01,2019-06-30,58.33,EUR/MWh,EUR,,primary
ember:monthly:day_ahead_price,PL,cost,wholesale,,,2019-07-01,2019-07-31,56.52,EUR/MWh,EUR,,primary
ember:monthly:day_ahead_price,PL,cost,wholesale,,,2019-08-01,2019-08-31,61.6,EUR/MWh,EUR,,primary
ember:monthly:day_ahead_price,PL,cost,wholesale,,,2019-09-01,2019-09-30,55.99,EUR/MWh,EUR,,primary
ember:monthly:day_ahead_price,PL,cost,wholesale,,,2019-10-01,2019-10-31,53.12,EUR/MWh,EUR,,primary
ember:monthly:day_ahead_price,PL,cost,wholesale,,,2019-11-01,2019-11-30,50.39,EUR/MWh,EUR,,primary
ember:monthly:day_ahead_price,PL,cost,wholesale,,,2019-12-01,2019-12-31,44.55,EUR/MWh,EUR,,primary
ember:monthly:day_ahead_price,PL,cost,wholesale,,,2020-01-01,2020-01-31,44.14,EUR/MWh,EUR,,primary
ember:monthly:day_ahead_price,PL,cost,wholesale,,,2020-02-01,2020-02-29,40.87,EUR/MWh,EUR,,primary
ember:monthly:day_ahead_price,PL,cost,wholesale,,,2020-03-01,2020-03-31,36.94,EUR/MWh,EUR,,primary
ember:monthly:day_ahead_price,PL,cost,wholesale,,,2020-04-01,2020-04-30,33.3,EUR/MWh,EUR,,primary
ember:monthly:day_ahead_price,PL,cost,wholesale,,,2020-05-01,2020-05-31,38.55,EUR/MWh,EUR,,primary
ember:monthly:day_ahead_price,PL,cost,wholesale,,,2020-06-01,2020-06-30,48.39,EUR/MWh,EUR,,primary
ember:monthly:day_ahead_price,PL,cost,wholesale,,,2020-07-01,2020-07-31,48.98,EUR/MWh,EUR,,primary
ember:monthly:day_ahead_price,PL,cost,wholesale,,,2020-08-01,2020-08-31,52.29,EUR/MWh,EUR,,primary
ember:monthly:day_ahead_price,PL,cost,wholesale,,,2020-09-01,2020-09-30,53.74,EUR/MWh,EUR,,primary
ember:monthly:day_ahead_price,PL,cost,wholesale,,,2020-10-01,2020-10-31,52.19,EUR/MWh,EUR,,primary
ember:monthly:day_ahead_price,PL,cost,wholesale,,,2020-11-01,2020-11-30,53.55,EUR/MWh,EUR,,primary
ember:monthly:day_ahead_price,PL,cost,wholesale,,,2020-12-01,2020-12-31,56.65,EUR/MWh,EUR,,primary
ember:monthly:day_ahead_price,PL,cost,wholesale,,,2021-01-01,2021-01-31,54.79,EUR/MWh,EUR,,primary
ember:monthly:day_ahead_price,PL,cost,wholesale,,,2021-02-01,2021-02-28,58.89,EUR/MWh,EUR,,primary
ember:monthly:day_ahead_price,PL,cost,wholesale,,,2021-03-01,2021-03-31,59.63,EUR/MWh,EUR,,primary
ember:monthly:day_ahead_price,PL,cost,wholesale,,,2021-04-01,2021-04-30,59.36,EUR/MWh,EUR,,primary
ember:monthly:day_ahead_price,PL,cost,wholesale,,,2021-05-01,2021-05-31,65.65,EUR/MWh,EUR,,primary
ember:monthly:day_ahead_price,PL,cost,wholesale,,,2021-06-01,2021-06-30,76.23,EUR/MWh,EUR,,primary
ember:monthly:day_ahead_price,PL,cost,wholesale,,,2021-07-01,2021-07-31,82.34,EUR/MWh,EUR,,primary
ember:monthly:day_ahead_price,PL,cost,wholesale,,,2021-08-01,2021-08-31,82.4,EUR/MWh,EUR,,primary
ember:monthly:day_ahead_price,PL,cost,wholesale,,,2021-09-01,2021-09-30,102.24,EUR/MWh,EUR,,primary
ember:monthly:day_ahead_price,PL,cost,wholesale,,,2021-10-01,2021-10-31,103.23,EUR/MWh,EUR,,primary
ember:monthly:day_ahead_price,PL,cost,wholesale,,,2021-11-01,2021-11-30,117.8,EUR/MWh,EUR,,primary
ember:monthly:day_ahead_price,PL,cost,wholesale,,,2021-12-01,2021-12-31,179.38,EUR/MWh,EUR,,primary
ember:monthly:day_ahead_price,PL,cost,wholesale,,,2022-01-01,2022-01-31,143.99,EUR/MWh,EUR,,primary
ember:monthly:day_ahead_price,PL,cost,wholesale,,,2022-02-01,2022-02-28,116.81,EUR/MWh,EUR,,primary
ember:monthly:day_ahead_price,PL,cost,wholesale,,,2022-03-01,2022-03-31,141.33,EUR/MWh,EUR,,primary
ember:monthly:day_ahead_price,PL,cost,wholesale,,,2022-04-01,2022-04-30,124.27,EUR/MWh,EUR,,primary
ember:monthly:day_ahead_price,PL,cost,wholesale,,,2022-05-01,2022-05-31,140.64,EUR/MWh,EUR,,primary
ember:monthly:day_ahead_price,PL,cost,wholesale,,,2022-06-01,2022-06-30,185.27,EUR/MWh,EUR,,primary
ember:monthly:day_ahead_price,PL,cost,wholesale,,,2022-07-01,2022-07-31,220.08,EUR/MWh,EUR,,primary
ember:monthly:day_ahead_price,PL,cost,wholesale,,,2022-08-01,2022-08-31,268.88,EUR/MWh,EUR,,primary
ember:monthly:day_ahead_price,PL,cost,wholesale,,,2022-09-01,2022-09-30,175.5,EUR/MWh,EUR,,primary
ember:monthly:day_ahead_price,PL,cost,wholesale,,,2022-10-01,2022-10-31,134.12,EUR/MWh,EUR,,primary
ember:monthly:day_ahead_price,PL,cost,wholesale,,,2022-11-01,2022-11-30,170.95,EUR/MWh,EUR,,primary
ember:monthly:day_ahead_price,PL,cost,wholesale,,,2022-12-01,2022-12-31,173.55,EUR/MWh,EUR,,primary
ember:monthly:day_ahead_price,PL,cost,wholesale,,,2023-01-01,2023-01-31,132.59,EUR/MWh,EUR,,primary
ember:monthly:day_ahead_price,PL,cost,wholesale,,,2023-02-01,2023-02-28,136.85,EUR/MWh,EUR,,primary
ember:monthly:day_ahead_price,PL,cost,wholesale,,,2023-03-01,2023-03-31,120.43,EUR/MWh,EUR,,primary
ember:monthly:day_ahead_price,PL,cost,wholesale,,,2023-04-01,2023-04-30,122.03,EUR/MWh,EUR,,primary
ember:monthly:day_ahead_price,PL,cost,wholesale,,,2023-05-01,2023-05-31,105.67,EUR/MWh,EUR,,primary
ember:monthly:day_ahead_price,PL,cost,wholesale,,,2023-06-01,2023-06-30,118.3,EUR/MWh,EUR,,primary
ember:monthly:day_ahead_price,PL,cost,wholesale,,,2023-07-01,2023-07-31,115.73,EUR/MWh,EUR,,primary
ember:monthly:day_ahead_price,PL,cost,wholesale,,,2023-08-01,2023-08-31,107.06,EUR/MWh,EUR,,primary
ember:monthly:day_ahead_price,PL,cost,wholesale,,,2023-09-01,2023-09-30,109.83,EUR/MWh,EUR,,primary
ember:monthly:day_ahead_price,PL,cost,wholesale,,,2023-10-01,2023-10-31,95.38,EUR/MWh,EUR,,primary
ember:monthly:day_ahead_price,PL,cost,wholesale,,,2023-11-01,2023-11-30,98.43,EUR/MWh,EUR,,primary
ember:monthly:day_ahead_price,PL,cost,wholesale,,,2023-12-01,2023-12-31,80.08,EUR/MWh,EUR,,primary
ember:monthly:day_ahead_price,PL,cost,wholesale,,,2024-01-01,2024-01-31,93.48,EUR/MWh,EUR,,primary
ember:monthly:day_ahead_price,PL,cost,wholesale,,,2024-02-01,2024-02-29,75.97,EUR/MWh,EUR,,primary
ember:monthly:day_ahead_price,PL,cost,wholesale,,,2024-03-01,2024-03-31,75.36,EUR/MWh,EUR,,primary
ember:monthly:day_ahead_price,PL,cost,wholesale,,,2024-04-01,2024-04-30,80.88,EUR/MWh,EUR,,primary
ember:monthly:day_ahead_price,PL,cost,wholesale,,,2024-05-01,2024-05-31,85.63,EUR/MWh,EUR,,primary
ember:monthly:day_ahead_price,PL,cost,wholesale,,,2024-06-01,2024-06-30,105.53,EUR/MWh,EUR,,primary
ember:monthly:day_ahead_price,PL,cost,wholesale,,,2024-07-01,2024-07-31,109.01,EUR/MWh,EUR,,primary
ember:monthly:day_ahead_price,PL,cost,wholesale,,,2024-08-01,2024-08-31,100.12,EUR/MWh,EUR,,primary
ember:monthly:day_ahead_price,PL,cost,wholesale,,,2024-09-01,2024-09-30,94.99,EUR/MWh,EUR,,primary
ember:monthly:day_ahead_price,PL,cost,wholesale,,,2024-10-01,2024-10-31,103.16,EUR/MWh,EUR,,primary
ember:monthly:day_ahead_price,PL,cost,wholesale,,,2024-11-01,2024-11-30,120.78,EUR/MWh,EUR,,primary
ember:monthly:day_ahead_price,PL,cost,wholesale,,,2024-12-01,2024-12-31,109.36,EUR/MWh,EUR,,primary
ember:monthly:day_ahead_price,PL,cost,wholesale,,,2025-01-01,2025-01-31,114.23,EUR/MWh,EUR,,primary
ember:monthly:day_ahead_price,PL,cost,wholesale,,,2025-02-01,2025-02-28,133.81,EUR/MWh,EUR,,primary
ember:monthly:day_ahead_price,PL,cost,wholesale,,,2025-03-01,2025-03-31,99.26,EUR/MWh,EUR,,primary
ember:monthly:day_ahead_price,PL,cost,wholesale,,,2025-04-01,2025-04-30,85.96,EUR/MWh,EUR,,primary
ember:monthly:day_ahead_price,PL,cost,wholesale,,,2025-05-01,2025-05-31,94.04,EUR/MWh,EUR,,primary
ember:monthly:day_ahead_price,PL,cost,wholesale,,,2025-06-01,2025-06-30,81.52,EUR/MWh,EUR,,primary
ember:monthly:day_ahead_price,PL,cost,wholesale,,,2025-07-01,2025-07-31,102.43,EUR/MWh,EUR,,primary
ember:monthly:day_ahead_price,PL,cost,wholesale,,,2025-08-01,2025-08-31,89.54,EUR/MWh,EUR,,primary
ember:monthly:day_ahead_price,PL,cost,wholesale,,,2025-09-01,2025-09-30,100.62,EUR/MWh,EUR,,primary
ember:monthly:day_ahead_price,PL,cost,wholesale,,,2025-10-01,2025-10-31,104.95,EUR/MWh,EUR,,primary
ember:monthly:day_ahead_price,PL,cost,wholesale,,,2025-11-01,2025-11-30,124.05,EUR/MWh,EUR,,primary
ember:monthly:day_ahead_price,PL,cost,wholesale,,,2025-12-01,2025-12-31,116.52,EUR/MWh,EUR,,primary
ember:monthly:day_ahead_price,PL,cost,wholesale,,,2026-01-01,2026-01-31,142.95,EUR/MWh,EUR,,primary
ember:monthly:day_ahead_price,PL,cost,wholesale,,,2026-02-01,2026-02-28,115.68,EUR/MWh,EUR,,primary
ember:monthly:day_ahead_price,PL,cost,wholesale,,,2026-03-01,2026-03-31,104.76,EUR/MWh,EUR,,primary
ember:monthly:day_ahead_price,PL,cost,wholesale,,,2026-04-01,2026-04-30,82.89,EUR/MWh,EUR,,primary
ember:monthly:day_ahead_price,PL,cost,wholesale,,,2026-05-01,2026-05-31,101.81,EUR/MWh,EUR,,primary
ember:monthly:day_ahead_price,PL,cost,wholesale,,,2026-06-01,2026-06-30,114.52,EUR/MWh,EUR,,primary
ember:monthly:day_ahead_price,PL,cost,wholesale,,,2026-07-01,2026-07-31,112.99,EUR/MWh,EUR,,primary
ember:monthly:day_ahead_price,PL,cost,wholesale,,,2026-08-01,2026-08-31,134.38,EUR/MWh,EUR,,primary
ember:monthly:day_ahead_price,PL,cost,wholesale,,,2026-09-01,2026-09-30,149.87,EUR/MWh,EUR,,primary
ember:monthly:day_ahead_price,PL,cost,wholesale,,,2026-10-01,2026-10-31,147.66,EUR/MWh,EUR,,primary
ember:monthly:day_ahead_price,PT,cost,wholesale,,,2015-01-01,2015-01-31,51.77,EUR/MWh,EUR,,primary
ember:monthly:day_ahead_price,PT,cost,wholesale,,,2015-02-01,2015-02-28,42.61,EUR/MWh,EUR,,primary
ember:monthly:day_ahead_price,PT,cost,wholesale,,,2015-03-01,2015-03-31,43.18,EUR/MWh,EUR,,primary
ember:monthly:day_ahead_price,PT,cost,wholesale,,,2015-04-01,2015-04-30,45.54,EUR/MWh,EUR,,primary
ember:monthly:day_ahead_price,PT,cost,wholesale,,,2015-05-01,2015-05-31,45.21,EUR/MWh,EUR,,primary
ember:monthly:day_ahead_price,PT,cost,wholesale,,,2015-06-01,2015-06-30,54.76,EUR/MWh,EUR,,primary
ember:monthly:day_ahead_price,PT,cost,wholesale,,,2015-07-01,2015-07-31,59.59,EUR/MWh,EUR,,primary
ember:monthly:day_ahead_price,PT,cost,wholesale,,,2015-08-01,2015-08-31,55.62,EUR/MWh,EUR,,primary
ember:monthly:day_ahead_price,PT,cost,wholesale,,,2015-09-01,2015-09-30,52.4,EUR/MWh,EUR,,primary
ember:monthly:day_ahead_price,PT,cost,wholesale,,,2015-10-01,2015-10-31,49.88,EUR/MWh,EUR,,primary
ember:monthly:day_ahead_price,PT,cost,wholesale,,,2015-11-01,2015-11-30,51.48,EUR/MWh,EUR,,primary
ember:monthly:day_ahead_price,PT,cost,wholesale,,,2015-12-01,2015-12-31,52.89,EUR/MWh,EUR,,primary
ember:monthly:day_ahead_price,PT,cost,wholesale,,,2016-01-01,2016-01-31,36.38,EUR/MWh,EUR,,primary
ember:monthly:day_ahead_price,PT,cost,wholesale,,,2016-02-01,2016-02-29,27.33,EUR/MWh,EUR,,primary
ember:monthly:day_ahead_price,PT,cost,wholesale,,,2016-03-01,2016-03-31,27.68,EUR/MWh,EUR,,primary
ember:monthly:day_ahead_price,PT,cost,wholesale,,,2016-04-01,2016-04-30,23.48,EUR/MWh,EUR,,primary
ember:monthly:day_ahead_price,PT,cost,wholesale,,,2016-05-01,2016-05-31,24.98,EUR/MWh,EUR,,primary
ember:monthly:day_ahead_price,PT,cost,wholesale,,,2016-06-01,2016-06-30,38.31,EUR/MWh,EUR,,primary
ember:monthly:day_ahead_price,PT,cost,wholesale,,,2016-07-01,2016-07-31,40.35,EUR/MWh,EUR,,primary
ember:monthly:day_ahead_price,PT,cost,wholesale,,,2016-08-01,2016-08-31,41.13,EUR/MWh,EUR,,primary
ember:monthly:day_ahead_price,PT,cost,wholesale,,,2016-09-01,2016-09-30,43.63,EUR/MWh,EUR,,primary
ember:monthly:day_ahead_price,PT,cost,wholesale,,,2016-10-01,2016-10-31,52.8,EUR/MWh,EUR,,primary
ember:monthly:day_ahead_price,PT,cost,wholesale,,,2016-11-01,2016-11-30,56.27,EUR/MWh,EUR,,primary
ember:monthly:day_ahead_price,PT,cost,wholesale,,,2016-12-01,2016-12-31,60.27,EUR/MWh,EUR,,primary
ember:monthly:day_ahead_price,PT,cost,wholesale,,,2017-01-01,2017-01-31,71.54,EUR/MWh,EUR,,primary
ember:monthly:day_ahead_price,PT,cost,wholesale,,,2017-02-01,2017-02-28,51.35,EUR/MWh,EUR,,primary
ember:monthly:day_ahead_price,PT,cost,wholesale,,,2017-03-01,2017-03-31,43.92,EUR/MWh,EUR,,primary
ember:monthly:day_ahead_price,PT,cost,wholesale,,,2017-04-01,2017-04-30,44.17,EUR/MWh,EUR,,primary
ember:monthly:day_ahead_price,PT,cost,wholesale,,,2017-05-01,2017-05-31,47.18,EUR/MWh,EUR,,primary
ember:monthly:day_ahead_price,PT,cost,wholesale,,,2017-06-01,2017-06-30,50.2,EUR/MWh,EUR,,primary
ember:monthly:day_ahead_price,PT,cost,wholesale,,,2017-07-01,2017-07-31,48.6,EUR/MWh,EUR,,primary
ember:monthly:day_ahead_price,PT,cost,wholesale,,,2017-08-01,2017-08-31,47.43,EUR/MWh,EUR,,primary
ember:monthly:day_ahead_price,PT,cost,wholesale,,,2017-09-01,2017-09-30,49.17,EUR/MWh,EUR,,primary
ember:monthly:day_ahead_price,PT,cost,wholesale,,,2017-10-01,2017-10-31,56.98,EUR/MWh,EUR,,primary
ember:monthly:day_ahead_price,PT,cost,wholesale,,,2017-11-01,2017-11-30,59.39,EUR/MWh,EUR,,primary
ember:monthly:day_ahead_price,PT,cost,wholesale,,,2017-12-01,2017-12-31,59.43,EUR/MWh,EUR,,primary
ember:monthly:day_ahead_price,PT,cost,wholesale,,,2018-01-01,2018-01-31,51.68,EUR/MWh,EUR,,primary
ember:monthly:day_ahead_price,PT,cost,wholesale,,,2018-02-01,2018-02-28,54.97,EUR/MWh,EUR,,primary
ember:monthly:day_ahead_price,PT,cost,wholesale,,,2018-03-01,2018-03-31,39.72,EUR/MWh,EUR,,primary
ember:monthly:day_ahead_price,PT,cost,wholesale,,,2018-04-01,2018-04-30,42.68,EUR/MWh,EUR,,primary
ember:monthly:day_ahead_price,PT,cost,wholesale,,,2018-05-01,2018-05-31,55.15,EUR/MWh,EUR,,primary
ember:monthly:day_ahead_price,PT,cost,wholesale,,,2018-06-01,2018-06-30,58.47,EUR/MWh,EUR,,primary
ember:monthly:day_ahead_price,PT,cost,wholesale,,,2018-07-01,2018-07-31,61.84,EUR/MWh,EUR,,primary
ember:monthly:day_ahead_price,PT,cost,wholesale,,,2018-08-01,2018-08-31,64.3,EUR/MWh,EUR,,primary
ember:monthly:day_ahead_price,PT,cost,wholesale,,,2018-09-01,2018-09-30,71.28,EUR/MWh,EUR,,primary
ember:monthly:day_ahead_price,PT,cost,wholesale,,,2018-10-01,2018-10-31,65.41,EUR/MWh,EUR,,primary
ember:monthly:day_ahead_price,PT,cost,wholesale,,,2018-11-01,2018-11-30,62.01,EUR/MWh,EUR,,primary
ember:monthly:day_ahead_price,PT,cost,wholesale,,,2018-12-01,2018-12-31,61.86,EUR/MWh,EUR,,primary
ember:monthly:day_ahead_price,PT,cost,wholesale,,,2019-01-01,2019-01-31,62.66,EUR/MWh,EUR,,primary
ember:monthly:day_ahead_price,PT,cost,wholesale,,,2019-02-01,2019-02-28,54.73,EUR/MWh,EUR,,primary
ember:monthly:day_ahead_price,PT,cost,wholesale,,,2019-03-01,2019-03-31,49.22,EUR/MWh,EUR,,primary
ember:monthly:day_ahead_price,PT,cost,wholesale,,,2019-04-01,2019-04-30,50.65,EUR/MWh,EUR,,primary
ember:monthly:day_ahead_price,PT,cost,wholesale,,,2019-05-01,2019-05-31,48.75,EUR/MWh,EUR,,primary
ember:monthly:day_ahead_price,PT,cost,wholesale,,,2019-06-01,2019-06-30,47.18,EUR/MWh,EUR,,primary
ember:monthly:day_ahead_price,PT,cost,wholesale,,,2019-07-01,2019-07-31,51.46,EUR/MWh,EUR,,primary
ember:monthly:day_ahead_price,PT,cost,wholesale,,,2019-08-01,2019-08-31,44.95,EUR/MWh,EUR,,primary
ember:monthly:day_ahead_price,PT,cost,wholesale,,,2019-09-01,2019-09-30,42.16,EUR/MWh,EUR,,primary
ember:monthly:day_ahead_price,PT,cost,wholesale,,,2019-10-01,2019-10-31,47.19,EUR/MWh,EUR,,primary
ember:monthly:day_ahead_price,PT,cost,wholesale,,,2019-11-01,2019-11-30,42.12,EUR/MWh,EUR,,primary
ember:monthly:day_ahead_price,PT,cost,wholesale,,,2019-12-01,2019-12-31,33.68,EUR/MWh,EUR,,primary
ember:monthly:day_ahead_price,PT,cost,wholesale,,,2020-01-01,2020-01-31,40.9,EUR/MWh,EUR,,primary
ember:monthly:day_ahead_price,PT,cost,wholesale,,,2020-02-01,2020-02-29,36.03,EUR/MWh,EUR,,primary
ember:monthly:day_ahead_price,PT,cost,wholesale,,,2020-03-01,2020-03-31,27.85,EUR/MWh,EUR,,primary
ember:monthly:day_ahead_price,PT,cost,wholesale,,,2020-04-01,2020-04-30,17.73,EUR/MWh,EUR,,primary
ember:monthly:day_ahead_price,PT,cost,wholesale,,,2020-05-01,2020-05-31,21.44,EUR/MWh,EUR,,primary
ember:monthly:day_ahead_price,PT,cost,wholesale,,,2020-06-01,2020-06-30,30.66,EUR/MWh,EUR,,primary
ember:monthly:day_ahead_price,PT,cost,wholesale,,,2020-07-01,2020-07-31,34.62,EUR/MWh,EUR,,primary
ember:monthly:day_ahead_price,PT,cost,wholesale,,,2020-08-01,2020-08-31,36.13,EUR/MWh,EUR,,primary
ember:monthly:day_ahead_price,PT,cost,wholesale,,,2020-09-01,2020-09-30,41.92,EUR/MWh,EUR,,primary
ember:monthly:day_ahead_price,PT,cost,wholesale,,,2020-10-01,2020-10-31,36.43,EUR/MWh,EUR,,primary
ember:monthly:day_ahead_price,PT,cost,wholesale,,,2020-11-01,2020-11-30,42.11,EUR/MWh,EUR,,primary
ember:monthly:day_ahead_price,PT,cost,wholesale,,,2020-12-01,2020-12-31,42.04,EUR/MWh,EUR,,primary
ember:monthly:day_ahead_price,PT,cost,wholesale,,,2021-01-01,2021-01-31,60.63,EUR/MWh,EUR,,primary
ember:monthly:day_ahead_price,PT,cost,wholesale,,,2021-02-01,2021-02-28,28.24,EUR/MWh,EUR,,primary
ember:monthly:day_ahead_price,PT,cost,wholesale,,,2021-03-01,2021-03-31,45.42,EUR/MWh,EUR,,primary
ember:monthly:day_ahead_price,PT,cost,wholesale,,,2021-04-01,2021-04-30,64.98,EUR/MWh,EUR,,primary
ember:monthly:day_ahead_price,PT,cost,wholesale,,,2021-05-01,2021-05-31,67.18,EUR/MWh,EUR,,primary
ember:monthly:day_ahead_price,PT,cost,wholesale,,,2021-06-01,2021-06-30,83.3,EUR/MWh,EUR,,primary
ember:monthly:day_ahead_price,PT,cost,wholesale,,,2021-07-01,2021-07-31,92.55,EUR/MWh,EUR,,primary
ember:monthly:day_ahead_price,PT,cost,wholesale,,,2021-08-01,2021-08-31,106.13,EUR/MWh,EUR,,primary
ember:monthly:day_ahead_price,PT,cost,wholesale,,,2021-09-01,2021-09-30,156.79,EUR/MWh,EUR,,primary
ember:monthly:day_ahead_price,PT,cost,wholesale,,,2021-10-01,2021-10-31,199.7,EUR/MWh,EUR,,primary
ember:monthly:day_ahead_price,PT,cost,wholesale,,,2021-11-01,2021-11-30,193.79,EUR/MWh,EUR,,primary
ember:monthly:day_ahead_price,PT,cost,wholesale,,,2021-12-01,2021-12-31,239.07,EUR/MWh,EUR,,primary
ember:monthly:day_ahead_price,PT,cost,wholesale,,,2022-01-01,2022-01-31,201.98,EUR/MWh,EUR,,primary
ember:monthly:day_ahead_price,PT,cost,wholesale,,,2022-02-01,2022-02-28,200.81,EUR/MWh,EUR,,primary
ember:monthly:day_ahead_price,PT,cost,wholesale,,,2022-03-01,2022-03-31,283.09,EUR/MWh,EUR,,primary
ember:monthly:day_ahead_price,PT,cost,wholesale,,,2022-04-01,2022-04-30,192.01,EUR/MWh,EUR,,primary
ember:monthly:day_ahead_price,PT,cost,wholesale,,,2022-05-01,2022-05-31,187.19,EUR/MWh,EUR,,primary
ember:monthly:day_ahead_price,PT,cost,wholesale,,,2022-06-01,2022-06-30,169.63,EUR/MWh,EUR,,primary
ember:monthly:day_ahead_price,PT,cost,wholesale,,,2022-07-01,2022-07-31,143.83,EUR/MWh,EUR,,primary
ember:monthly:day_ahead_price,PT,cost,wholesale,,,2022-08-01,2022-08-31,157.36,EUR/MWh,EUR,,primary
ember:monthly:day_ahead_price,PT,cost,wholesale,,,2022-09-01,2022-09-30,141.1,EUR/MWh,EUR,,primary
ember:monthly:day_ahead_price,PT,cost,wholesale,,,2022-10-01,2022-10-31,127.22,EUR/MWh,EUR,,primary
ember:monthly:day_ahead_price,PT,cost,wholesale,,,2022-11-01,2022-11-30,115.4,EUR/MWh,EUR,,primary
ember:monthly:day_ahead_price,PT,cost,wholesale,,,2022-12-01,2022-12-31,96.35,EUR/MWh,EUR,,primary
ember:monthly:day_ahead_price,PT,cost,wholesale,,,2023-01-01,2023-01-31,69.53,EUR/MWh,EUR,,primary
ember:monthly:day_ahead_price,PT,cost,wholesale,,,2023-02-01,2023-02-28,134.25,EUR/MWh,EUR,,primary
ember:monthly:day_ahead_price,PT,cost,wholesale,,,2023-03-01,2023-03-31,89.93,EUR/MWh,EUR,,primary
ember:monthly:day_ahead_price,PT,cost,wholesale,,,2023-04-01,2023-04-30,77.05,EUR/MWh,EUR,,primary
ember:monthly:day_ahead_price,PT,cost,wholesale,,,2023-05-01,2023-05-31,76.05,EUR/MWh,EUR,,primary
ember:monthly:day_ahead_price,PT,cost,wholesale,,,2023-06-01,2023-06-30,95.62,EUR/MWh,EUR,,primary
ember:monthly:day_ahead_price,PT,cost,wholesale,,,2023-07-01,2023-07-31,93.79,EUR/MWh,EUR,,primary
ember:monthly:day_ahead_price,PT,cost,wholesale,,,2023-08-01,2023-08-31,97.91,EUR/MWh,EUR,,primary
ember:monthly:day_ahead_price,PT,cost,wholesale,,,2023-09-01,2023-09-30,104.17,EUR/MWh,EUR,,primary
ember:monthly:day_ahead_price,PT,cost,wholesale,,,2023-10-01,2023-10-31,89.55,EUR/MWh,EUR,,primary
ember:monthly:day_ahead_price,PT,cost,wholesale,,,2023-11-01,2023-11-30,63.38,EUR/MWh,EUR,,primary
ember:monthly:day_ahead_price,PT,cost,wholesale,,,2023-12-01,2023-12-31,72.15,EUR/MWh,EUR,,primary
ember:monthly:day_ahead_price,PT,cost,wholesale,,,2024-01-01,2024-01-31,74.09,EUR/MWh,EUR,,primary
ember:monthly:day_ahead_price,PT,cost,wholesale,,,2024-02-01,2024-02-29,39.76,EUR/MWh,EUR,,primary
ember:monthly:day_ahead_price,PT,cost,wholesale,,,2024-03-01,2024-03-31,19.26,EUR/MWh,EUR,,primary
ember:monthly:day_ahead_price,PT,cost,wholesale,,,2024-04-01,2024-04-30,13.32,EUR/MWh,EUR,,primary
ember:monthly:day_ahead_price,PT,cost,wholesale,,,2024-05-01,2024-05-31,30.65,EUR/MWh,EUR,,primary
ember:monthly:day_ahead_price,PT,cost,wholesale,,,2024-06-01,2024-06-30,58.29,EUR/MWh,EUR,,primary
ember:monthly:day_ahead_price,PT,cost,wholesale,,,2024-07-01,2024-07-31,74.24,EUR/MWh,EUR,,primary
ember:monthly:day_ahead_price,PT,cost,wholesale,,,2024-08-01,2024-08-31,91.16,EUR/MWh,EUR,,primary
ember:monthly:day_ahead_price,PT,cost,wholesale,,,2024-09-01,2024-09-30,73.54,EUR/MWh,EUR,,primary
ember:monthly:day_ahead_price,PT,cost,wholesale,,,2024-10-01,2024-10-31,69.36,EUR/MWh,EUR,,primary
ember:monthly:day_ahead_price,PT,cost,wholesale,,,2024-11-01,2024-11-30,104.65,EUR/MWh,EUR,,primary
ember:monthly:day_ahead_price,PT,cost,wholesale,,,2024-12-01,2024-12-31,111.55,EUR/MWh,EUR,,primary
ember:monthly:day_ahead_price,PT,cost,wholesale,,,2025-01-01,2025-01-31,96.38,EUR/MWh,EUR,,primary
ember:monthly:day_ahead_price,PT,cost,wholesale,,,2025-02-01,2025-02-28,108.17,EUR/MWh,EUR,,primary
ember:monthly:day_ahead_price,PT,cost,wholesale,,,2025-03-01,2025-03-31,52.61,EUR/MWh,EUR,,primary
ember:monthly:day_ahead_price,PT,cost,wholesale,,,2025-04-01,2025-04-30,25.75,EUR/MWh,EUR,,primary
ember:monthly:day_ahead_price,PT,cost,wholesale,,,2025-05-01,2025-05-31,25.85,EUR/MWh,EUR,,primary
ember:monthly:day_ahead_price,PT,cost,wholesale,,,2025-06-01,2025-06-30,74.38,EUR/MWh,EUR,,primary
ember:monthly:day_ahead_price,PT,cost,wholesale,,,2025-07-01,2025-07-31,70.03,EUR/MWh,EUR,,primary
ember:monthly:day_ahead_price,PT,cost,wholesale,,,2025-08-01,2025-08-31,68.49,EUR/MWh,EUR,,primary
ember:monthly:day_ahead_price,PT,cost,wholesale,,,2025-09-01,2025-09-30,82.4,EUR/MWh,EUR,,primary
ember:monthly:day_ahead_price,PT,cost,wholesale,,,2025-10-01,2025-10-31,76.35,EUR/MWh,EUR,,primary
ember:monthly:day_ahead_price,PT,cost,wholesale,,,2025-11-01,2025-11-30,59.14,EUR/MWh,EUR,,primary
ember:monthly:day_ahead_price,PT,cost,wholesale,,,2025-12-01,2025-12-31,77.93,EUR/MWh,EUR,,primary
ember:monthly:day_ahead_price,PT,cost,wholesale,,,2026-01-01,2026-01-31,70.86,EUR/MWh,EUR,,primary
ember:monthly:day_ahead_price,PT,cost,wholesale,,,2026-02-01,2026-02-28,10.66,EUR/MWh,EUR,,primary
ember:monthly:day_ahead_price,PT,cost,wholesale,,,2026-03-01,2026-03-31,40.77,EUR/MWh,EUR,,primary
ember:monthly:day_ahead_price,PT,cost,wholesale,,,2026-04-01,2026-04-30,42.57,EUR/MWh,EUR,,primary
ember:monthly:day_ahead_price,PT,cost,wholesale,,,2026-05-01,2026-05-31,53.9,EUR/MWh,EUR,,primary
ember:monthly:day_ahead_price,PT,cost,wholesale,,,2026-06-01,2026-06-30,70.24,EUR/MWh,EUR,,primary
ember:monthly:day_ahead_price,PT,cost,wholesale,,,2026-07-01,2026-07-31,107.02,EUR/MWh,EUR,,primary
ember:monthly:day_ahead_price,PT,cost,wholesale,,,2026-08-01,2026-08-31,122.37,EUR/MWh,EUR,,primary
ember:monthly:day_ahead_price,PT,cost,wholesale,,,2026-09-01,2026-09-30,143.89,EUR/MWh,EUR,,primary
ember:monthly:day_ahead_price,PT,cost,wholesale,,,2026-10-01,2026-10-31,148.37,EUR/MWh,EUR,,primary
ember:monthly:day_ahead_price,RO,cost,wholesale,,,2015-01-01,2015-01-31,39.8,EUR/MWh,EUR,,primary
ember:monthly:day_ahead_price,RO,cost,wholesale,,,2015-02-01,2015-02-28,37.12,EUR/MWh,EUR,,primary
ember:monthly:day_ahead_price,RO,cost,wholesale,,,2015-03-01,2015-03-31,32.25,EUR/MWh,EUR,,primary
ember:monthly:day_ahead_price,RO,cost,wholesale,,,2015-04-01,2015-04-30,26.42,EUR/MWh,EUR,,primary
ember:monthly:day_ahead_price,RO,cost,wholesale,,,2015-05-01,2015-05-31,27.56,EUR/MWh,EUR,,primary
ember:monthly:day_ahead_price,RO,cost,wholesale,,,2015-06-01,2015-06-30,32.89,EUR/MWh,EUR,,primary
ember:monthly:day_ahead_price,RO,cost,wholesale,,,2015-07-01,2015-07-31,41.91,EUR/MWh,EUR,,primary
ember:monthly:day_ahead_price,RO,cost,wholesale,,,2015-08-01,2015-08-31,40.7,EUR/MWh,EUR,,primary
ember:monthly:day_ahead_price,RO,cost,wholesale,,,2015-09-01,2015-09-30,40.96,EUR/MWh,EUR,,primary
ember:monthly:day_ahead_price,RO,cost,wholesale,,,2015-10-01,2015-10-31,39.22,EUR/MWh,EUR,,primary
ember:monthly:day_ahead_price,RO,cost,wholesale,,,2015-11-01,2015-11-30,36.88,EUR/MWh,EUR,,primary
ember:monthly:day_ahead_price,RO,cost,wholesale,,,2015-12-01,2015-12-31,40.75,EUR/MWh,EUR,,primary
ember:monthly:day_ahead_price,RO,cost,wholesale,,,2016-01-01,2016-01-31,40.7,EUR/MWh,EUR,,primary
ember:monthly:day_ahead_price,RO,cost,wholesale,,,2016-02-01,2016-02-29,26.38,EUR/MWh,EUR,,primary
ember:monthly:day_ahead_price,RO,cost,wholesale,,,2016-03-01,2016-03-31,26.09,EUR/MWh,EUR,,primary
ember:monthly:day_ahead_price,RO,cost,wholesale,,,2016-04-01,2016-04-30,28.93,EUR/MWh,EUR,,primary
ember:monthly:day_ahead_price,RO,cost,wholesale,,,2016-05-01,2016-05-31,26.88,EUR/MWh,EUR,,primary
ember:monthly:day_ahead_price,RO,cost,wholesale,,,2016-06-01,2016-06-30,29.87,EUR/MWh,EUR,,primary
ember:monthly:day_ahead_price,RO,cost,wholesale,,,2016-07-01,2016-07-31,30.69,EUR/MWh,EUR,,primary
ember:monthly:day_ahead_price,RO,cost,wholesale,,,2016-08-01,2016-08-31,30.75,EUR/MWh,EUR,,primary
ember:monthly:day_ahead_price,RO,cost,wholesale,,,2016-09-01,2016-09-30,35.72,EUR/MWh,EUR,,primary
ember:monthly:day_ahead_price,RO,cost,wholesale,,,2016-10-01,2016-10-31,41.21,EUR/MWh,EUR,,primary
ember:monthly:day_ahead_price,RO,cost,wholesale,,,2016-11-01,2016-11-30,37.24,EUR/MWh,EUR,,primary
ember:monthly:day_ahead_price,RO,cost,wholesale,,,2016-12-01,2016-12-31,43.09,EUR/MWh,EUR,,primary
ember:monthly:day_ahead_price,RO,cost,wholesale,,,2017-01-01,2017-01-31,75.2,EUR/MWh,EUR,,primary
ember:monthly:day_ahead_price,RO,cost,wholesale,,,2017-02-01,2017-02-28,53.83,EUR/MWh,EUR,,primary
ember:monthly:day_ahead_price,RO,cost,wholesale,,,2017-03-01,2017-03-31,36.42,EUR/MWh,EUR,,primary
ember:monthly:day_ahead_price,RO,cost,wholesale,,,2017-04-01,2017-04-30,37.98,EUR/MWh,EUR,,primary
ember:monthly:day_ahead_price,RO,cost,wholesale,,,2017-05-01,2017-05-31,40.24,EUR/MWh,EUR,,primary
ember:monthly:day_ahead_price,RO,cost,wholesale,,,2017-06-01,2017-06-30,42.43,EUR/MWh,EUR,,primary
ember:monthly:day_ahead_price,RO,cost,wholesale,,,2017-07-01,2017-07-31,50.58,EUR/MWh,EUR,,primary
ember:monthly:day_ahead_price,RO,cost,wholesale,,,2017-08-01,2017-08-31,56.86,EUR/MWh,EUR,,primary
ember:monthly:day_ahead_price,RO,cost,wholesale,,,2017-09-01,2017-09-30,42.94,EUR/MWh,EUR,,primary
ember:monthly:day_ahead_price,RO,cost,wholesale,,,2017-10-01,2017-10-31,47.3,EUR/MWh,EUR,,primary
ember:monthly:day_ahead_price,RO,cost,wholesale,,,2017-11-01,2017-11-30,55.41,EUR/MWh,EUR,,primary
ember:monthly:day_ahead_price,RO,cost,wholesale,,,2017-12-01,2017-12-31,36.61,EUR/MWh,EUR,,primary
ember:monthly:day_ahead_price,RO,cost,wholesale,,,2018-01-01,2018-01-31,33.51,EUR/MWh,EUR,,primary
ember:monthly:day_ahead_price,RO,cost,wholesale,,,2018-02-01,2018-02-28,37.94,EUR/MWh,EUR,,primary
ember:monthly:day_ahead_price,RO,cost,wholesale,,,2018-03-01,2018-03-31,33.43,EUR/MWh,EUR,,primary
ember:monthly:day_ahead_price,RO,cost,wholesale,,,2018-04-01,2018-04-30,26.04,EUR/MWh,EUR,,primary
ember:monthly:day_ahead_price,RO,cost,wholesale,,,2018-05-01,2018-05-31,40.96,EUR/MWh,EUR,,primary
ember:monthly:day_ahead_price,RO,cost,wholesale,,,2018-06-01,2018-06-30,47.46,EUR/MWh,EUR,,primary
ember:monthly:day_ahead_price,RO,cost,wholesale,,,2018-07-01,2018-07-31,39.1,EUR/MWh,EUR,,primary
ember:monthly:day_ahead_price,RO,cost,wholesale,,,2018-08-01,2018-08-31,52.36,EUR/MWh,EUR,,primary
ember:monthly:day_ahead_price,RO,cost,wholesale,,,2018-09-01,2018-09-30,59.36,EUR/MWh,EUR,,primary
ember:monthly:day_ahead_price,RO,cost,wholesale,,,2018-10-01,2018-10-31,61.65,EUR/MWh,EUR,,primary
ember:monthly:day_ahead_price,RO,cost,wholesale,,,2018-11-01,2018-11-30,60.62,EUR/MWh,EUR,,primary
ember:monthly:day_ahead_price,RO,cost,wholesale,,,2018-12-01,2018-12-31,64.21,EUR/MWh,EUR,,primary
ember:monthly:day_ahead_price,RO,cost,wholesale,,,2019-01-01,2019-01-31,74.92,EUR/MWh,EUR,,primary
ember:monthly:day_ahead_price,RO,cost,wholesale,,,2019-02-01,2019-02-28,48.55,EUR/MWh,EUR,,primary
ember:monthly:day_ahead_price,RO,cost,wholesale,,,2019-03-01,2019-03-31,38.45,EUR/MWh,EUR,,primary
ember:monthly:day_ahead_price,RO,cost,wholesale,,,2019-04-01,2019-04-30,45.01,EUR/MWh,EUR,,primary
ember:monthly:day_ahead_price,RO,cost,wholesale,,,2019-05-01,2019-05-31,40.81,EUR/MWh,EUR,,primary
ember:monthly:day_ahead_price,RO,cost,wholesale,,,2019-06-01,2019-06-30,38.87,EUR/MWh,EUR,,primary
ember:monthly:day_ahead_price,RO,cost,wholesale,,,2019-07-01,2019-07-31,55.35,EUR/MWh,EUR,,primary
ember:monthly:day_ahead_price,RO,cost,wholesale,,,2019-08-01,2019-08-31,60.21,EUR/MWh,EUR,,primary
ember:monthly:day_ahead_price,RO,cost,wholesale,,,2019-09-01,2019-09-30,60.62,EUR/MWh,EUR,,primary
ember:monthly:day_ahead_price,RO,cost,wholesale,,,2019-10-01,2019-10-31,57.32,EUR/MWh,EUR,,primary
ember:monthly:day_ahead_price,RO,cost,wholesale,,,2019-11-01,2019-11-30,42.66,EUR/MWh,EUR,,primary
ember:monthly:day_ahead_price,RO,cost,wholesale,,,2019-12-01,2019-12-31,41.44,EUR/MWh,EUR,,primary
ember:monthly:day_ahead_price,RO,cost,wholesale,,,2020-01-01,2020-01-31,52.8,EUR/MWh,EUR,,primary
ember:monthly:day_ahead_price,RO,cost,wholesale,,,2020-02-01,2020-02-29,40.5,EUR/MWh,EUR,,primary
ember:monthly:day_ahead_price,RO,cost,wholesale,,,2020-03-01,2020-03-31,29.63,EUR/MWh,EUR,,primary
ember:monthly:day_ahead_price,RO,cost,wholesale,,,2020-04-01,2020-04-30,25.57,EUR/MWh,EUR,,primary
ember:monthly:day_ahead_price,RO,cost,wholesale,,,2020-05-01,2020-05-31,24.76,EUR/MWh,EUR,,primary
ember:monthly:day_ahead_price,RO,cost,wholesale,,,2020-06-01,2020-06-30,30.36,EUR/MWh,EUR,,primary
ember:monthly:day_ahead_price,RO,cost,wholesale,,,2020-07-01,2020-07-31,37.09,EUR/MWh,EUR,,primary
ember:monthly:day_ahead_price,RO,cost,wholesale,,,2020-08-01,2020-08-31,37.89,EUR/MWh,EUR,,primary
ember:monthly:day_ahead_price,RO,cost,wholesale,,,2020-09-01,2020-09-30,45.81,EUR/MWh,EUR,,primary
ember:monthly:day_ahead_price,RO,cost,wholesale,,,2020-10-01,2020-10-31,42.21,EUR/MWh,EUR,,primary
ember:monthly:day_ahead_price,RO,cost,wholesale,,,2020-11-01,2020-11-30,48.65,EUR/MWh,EUR,,primary
ember:monthly:day_ahead_price,RO,cost,wholesale,,,2020-12-01,2020-12-31,58.4,EUR/MWh,EUR,,primary
ember:monthly:day_ahead_price,RO,cost,wholesale,,,2021-01-01,2021-01-31,55.65,EUR/MWh,EUR,,primary
ember:monthly:day_ahead_price,RO,cost,wholesale,,,2021-02-01,2021-02-28,48.14,EUR/MWh,EUR,,primary
ember:monthly:day_ahead_price,RO,cost,wholesale,,,2021-03-01,2021-03-31,54.46,EUR/MWh,EUR,,primary
ember:monthly:day_ahead_price,RO,cost,wholesale,,,2021-04-01,2021-04-30,62.83,EUR/MWh,EUR,,primary
ember:monthly:day_ahead_price,RO,cost,wholesale,,,2021-05-01,2021-05-31,58.73,EUR/MWh,EUR,,primary
ember:monthly:day_ahead_price,RO,cost,wholesale,,,2021-06-01,2021-06-30,77.09,EUR/MWh,EUR,,primary
ember:monthly:day_ahead_price,RO,cost,wholesale,,,2021-07-01,2021-07-31,93.84,EUR/MWh,EUR,,primary
ember:monthly:day_ahead_price,RO,cost,wholesale,,,2021-08-01,2021-08-31,112.74,EUR/MWh,EUR,,primary
ember:monthly:day_ahead_price,RO,cost,wholesale,,,2021-09-01,2021-09-30,133.92,EUR/MWh,EUR,,primary
ember:monthly:day_ahead_price,RO,cost,wholesale,,,2021-10-01,2021-10-31,192.32,EUR/MWh,EUR,,primary
ember:monthly:day_ahead_price,RO,cost,wholesale,,,2021-11-01,2021-11-30,212.55,EUR/MWh,EUR,,primary
ember:monthly:day_ahead_price,RO,cost,wholesale,,,2021-12-01,2021-12-31,230.14,EUR/MWh,EUR,,primary
ember:monthly:day_ahead_price,RO,cost,wholesale,,,2022-01-01,2022-01-31,192.15,EUR/MWh,EUR,,primary
ember:monthly:day_ahead_price,RO,cost,wholesale,,,2022-02-01,2022-02-28,188.25,EUR/MWh,EUR,,primary
ember:monthly:day_ahead_price,RO,cost,wholesale,,,2022-03-01,2022-03-31,274.1,EUR/MWh,EUR,,primary
ember:monthly:day_ahead_price,RO,cost,wholesale,,,2022-04-01,2022-04-30,174.8,EUR/MWh,EUR,,primary
ember:monthly:day_ahead_price,RO,cost,wholesale,,,2022-05-01,2022-05-31,202.28,EUR/MWh,EUR,,primary
ember:monthly:day_ahead_price,RO,cost,wholesale,,,2022-06-01,2022-06-30,230.49,EUR/MWh,EUR,,primary
ember:monthly:day_ahead_price,RO,cost,wholesale,,,2022-07-01,2022-07-31,367.31,EUR/MWh,EUR,,primary
ember:monthly:day_ahead_price,RO,cost,wholesale,,,2022-08-01,2022-08-31,490.8,EUR/MWh,EUR,,primary
ember:monthly:day_ahead_price,RO,cost,wholesale,,,2022-09-01,2022-09-30,377.92,EUR/MWh,EUR,,primary
ember:monthly:day_ahead_price,RO,cost,wholesale,,,2022-10-01,2022-10-31,206.01,EUR/MWh,EUR,,primary
ember:monthly:day_ahead_price,RO,cost,wholesale,,,2022-11-01,2022-11-30,222.54,EUR/MWh,EUR,,primary
ember:monthly:day_ahead_price,RO,cost,wholesale,,,2022-12-01,2022-12-31,247.59,EUR/MWh,EUR,,primary
ember:monthly:day_ahead_price,RO,cost,wholesale,,,2023-01-01,2023-01-31,136.3,EUR/MWh,EUR,,primary
ember:monthly:day_ahead_price,RO,cost,wholesale,,,2023-02-01,2023-02-28,142.56,EUR/MWh,EUR,,primary
ember:monthly:day_ahead_price,RO,cost,wholesale,,,2023-03-01,2023-03-31,108.43,EUR/MWh,EUR,,primary
ember:monthly:day_ahead_price,RO,cost,wholesale,,,2023-04-01,2023-04-30,97.52,EUR/MWh,EUR,,primary
ember:monthly:day_ahead_price,RO,cost,wholesale,,,2023-05-01,2023-05-31,87.06,EUR/MWh,EUR,,primary
ember:monthly:day_ahead_price,RO,cost,wholesale,,,2023-06-01,2023-06-30,85.24,EUR/MWh,EUR,,primary
ember:monthly:day_ahead_price,RO,cost,wholesale,,,2023-07-01,2023-07-31,96.75,EUR/MWh,EUR,,primary
ember:monthly:day_ahead_price,RO,cost,wholesale,,,2023-08-01,2023-08-31,101.69,EUR/MWh,EUR,,primary
ember:monthly:day_ahead_price,RO,cost,wholesale,,,2023-09-01,2023-09-30,103.19,EUR/MWh,EUR,,primary
ember:monthly:day_ahead_price,RO,cost,wholesale,,,2023-10-01,2023-10-31,105.98,EUR/MWh,EUR,,primary
ember:monthly:day_ahead_price,RO,cost,wholesale,,,2023-11-01,2023-11-30,102.21,EUR/MWh,EUR,,primary
ember:monthly:day_ahead_price,RO,cost,wholesale,,,2023-12-01,2023-12-31,80.81,EUR/MWh,EUR,,primary
ember:monthly:day_ahead_price,RO,cost,wholesale,,,2024-01-01,2024-01-31,87.79,EUR/MWh,EUR,,primary
ember:monthly:day_ahead_price,RO,cost,wholesale,,,2024-02-01,2024-02-29,69.72,EUR/MWh,EUR,,primary
ember:monthly:day_ahead_price,RO,cost,wholesale,,,2024-03-01,2024-03-31,63.41,EUR/MWh,EUR,,primary
ember:monthly:day_ahead_price,RO,cost,wholesale,,,2024-04-01,2024-04-30,60.05,EUR/MWh,EUR,,primary
ember:monthly:day_ahead_price,RO,cost,wholesale,,,2024-05-01,2024-05-31,81.72,EUR/MWh,EUR,,primary
ember:monthly:day_ahead_price,RO,cost,wholesale,,,2024-06-01,2024-06-30,97.81,EUR/MWh,EUR,,primary
ember:monthly:day_ahead_price,RO,cost,wholesale,,,2024-07-01,2024-07-31,145.19,EUR/MWh,EUR,,primary
ember:monthly:day_ahead_price,RO,cost,wholesale,,,2024-08-01,2024-08-31,126.86,EUR/MWh,EUR,,primary
ember:monthly:day_ahead_price,RO,cost,wholesale,,,2024-09-01,2024-09-30,109.19,EUR/MWh,EUR,,primary
ember:monthly:day_ahead_price,RO,cost,wholesale,,,2024-10-01,2024-10-31,89.96,EUR/MWh,EUR,,primary
ember:monthly:day_ahead_price,RO,cost,wholesale,,,2024-11-01,2024-11-30,168.04,EUR/MWh,EUR,,primary
ember:monthly:day_ahead_price,RO,cost,wholesale,,,2024-12-01,2024-12-31,141.13,EUR/MWh,EUR,,primary
ember:monthly:day_ahead_price,RO,cost,wholesale,,,2025-01-01,2025-01-31,139.44,EUR/MWh,EUR,,primary
ember:monthly:day_ahead_price,RO,cost,wholesale,,,2025-02-01,2025-02-28,157.17,EUR/MWh,EUR,,primary
ember:monthly:day_ahead_price,RO,cost,wholesale,,,2025-03-01,2025-03-31,106.4,EUR/MWh,EUR,,primary
ember:monthly:day_ahead_price,RO,cost,wholesale,,,2025-04-01,2025-04-30,86.43,EUR/MWh,EUR,,primary
ember:monthly:day_ahead_price,RO,cost,wholesale,,,2025-05-01,2025-05-31,85.88,EUR/MWh,EUR,,primary
ember:monthly:day_ahead_price,RO,cost,wholesale,,,2025-06-01,2025-06-30,86.17,EUR/MWh,EUR,,primary
ember:monthly:day_ahead_price,RO,cost,wholesale,,,2025-07-01,2025-07-31,103.49,EUR/MWh,EUR,,primary
ember:monthly:day_ahead_price,RO,cost,wholesale,,,2025-08-01,2025-08-31,78.26,EUR/MWh,EUR,,primary
ember:monthly:day_ahead_price,RO,cost,wholesale,,,2025-09-01,2025-09-30,97.18,EUR/MWh,EUR,,primary
ember:monthly:day_ahead_price,RO,cost,wholesale,,,2025-10-01,2025-10-31,121.97,EUR/MWh,EUR,,primary
ember:monthly:day_ahead_price,RO,cost,wholesale,,,2025-11-01,2025-11-30,121.46,EUR/MWh,EUR,,primary
ember:monthly:day_ahead_price,RO,cost,wholesale,,,2025-12-01,2025-12-31,117.64,EUR/MWh,EUR,,primary
ember:monthly:day_ahead_price,RO,cost,wholesale,,,2026-01-01,2026-01-31,150.16,EUR/MWh,EUR,,primary
ember:monthly:day_ahead_price,RO,cost,wholesale,,,2026-02-01,2026-02-28,108.67,EUR/MWh,EUR,,primary
ember:monthly:day_ahead_price,RO,cost,wholesale,,,2026-03-01,2026-03-31,105.33,EUR/MWh,EUR,,primary
ember:monthly:day_ahead_price,RO,cost,wholesale,,,2026-04-01,2026-04-30,95.41,EUR/MWh,EUR,,primary
ember:monthly:day_ahead_price,RO,cost,wholesale,,,2026-05-01,2026-05-31,109.5,EUR/MWh,EUR,,primary
ember:monthly:day_ahead_price,RO,cost,wholesale,,,2026-06-01,2026-06-30,117.39,EUR/MWh,EUR,,primary
ember:monthly:day_ahead_price,RO,cost,wholesale,,,2026-07-01,2026-07-31,121.1,EUR/MWh,EUR,,primary
ember:monthly:day_ahead_price,RO,cost,wholesale,,,2026-08-01,2026-08-31,151.1,EUR/MWh,EUR,,primary
ember:monthly:day_ahead_price,RO,cost,wholesale,,,2026-09-01,2026-09-30,176.05,EUR/MWh,EUR,,primary
ember:monthly:day_ahead_price,RO,cost,wholesale,,,2026-10-01,2026-10-31,163.54,EUR/MWh,EUR,,primary
ember:monthly:day_ahead_price,RS,cost,wholesale,,,2016-12-01,2016-12-31,52.88,EUR/MWh,EUR,,primary
ember:monthly:day_ahead_price,RS,cost,wholesale,,,2017-01-01,2017-01-31,82.92,EUR/MWh,EUR,,primary
ember:monthly:day_ahead_price,RS,cost,wholesale,,,2017-02-01,2017-02-28,55.44,EUR/MWh,EUR,,primary
ember:monthly:day_ahead_price,RS,cost,wholesale,,,2017-03-01,2017-03-31,37.47,EUR/MWh,EUR,,primary
ember:monthly:day_ahead_price,RS,cost,wholesale,,,2017-04-01,2017-04-30,39.89,EUR/MWh,EUR,,primary
ember:monthly:day_ahead_price,RS,cost,wholesale,,,2017-05-01,2017-05-31,41.49,EUR/MWh,EUR,,primary
ember:monthly:day_ahead_price,RS,cost,wholesale,,,2017-06-01,2017-06-30,44.94,EUR/MWh,EUR,,primary
ember:monthly:day_ahead_price,RS,cost,wholesale,,,2017-07-01,2017-07-31,52.57,EUR/MWh,EUR,,primary
ember:monthly:day_ahead_price,RS,cost,wholesale,,,2017-08-01,2017-08-31,59.27,EUR/MWh,EUR,,primary
ember:monthly:day_ahead_price,RS,cost,wholesale,,,2017-09-01,2017-09-30,43.34,EUR/MWh,EUR,,primary
ember:monthly:day_ahead_price,RS,cost,wholesale,,,2017-10-01,2017-10-31,51.96,EUR/MWh,EUR,,primary
ember:monthly:day_ahead_price,RS,cost,wholesale,,,2017-11-01,2017-11-30,61.62,EUR/MWh,EUR,,primary
ember:monthly:day_ahead_price,RS,cost,wholesale,,,2017-12-01,2017-12-31,41.66,EUR/MWh,EUR,,primary
ember:monthly:day_ahead_price,RS,cost,wholesale,,,2018-01-01,2018-01-31,36.43,EUR/MWh,EUR,,primary
ember:monthly:day_ahead_price,RS,cost,wholesale,,,2018-02-01,2018-02-28,41.37,EUR/MWh,EUR,,primary
ember:monthly:day_ahead_price,RS,cost,wholesale,,,2018-03-01,2018-03-31,34.45,EUR/MWh,EUR,,primary
ember:monthly:day_ahead_price,RS,cost,wholesale,,,2018-04-01,2018-04-30,28.84,EUR/MWh,EUR,,primary
ember:monthly:day_ahead_price,RS,cost,wholesale,,,2018-05-01,2018-05-31,41.02,EUR/MWh,EUR,,primary
ember:monthly:day_ahead_price,RS,cost,wholesale,,,2018-06-01,2018-06-30,51.07,EUR/MWh,EUR,,primary
ember:monthly:day_ahead_price,RS,cost,wholesale,,,2018-07-01,2018-07-31,51.07,EUR/MWh,EUR,,primary
ember:monthly:day_ahead_price,RS,cost,wholesale,,,2018-08-01,2018-08-31,61.03,EUR/MWh,EUR,,primary
ember:monthly:day_ahead_price,RS,cost,wholesale,,,2018-09-01,2018-09-30,63.64,EUR/MWh,EUR,,primary
ember:monthly:day_ahead_price,RS,cost,wholesale,,,2018-10-01,2018-10-31,64.24,EUR/MWh,EUR,,primary
ember:monthly:day_ahead_price,RS,cost,wholesale,,,2018-11-01,2018-11-30,63.58,EUR/MWh,EUR,,primary
ember:monthly:day_ahead_price,RS,cost,wholesale,,,2018-12-01,2018-12-31,64.5,EUR/MWh,EUR,,primary
ember:monthly:day_ahead_price,RS,cost,wholesale,,,2019-01-01,2019-01-31,75.97,EUR/MWh,EUR,,primary
ember:monthly:day_ahead_price,RS,cost,wholesale,,,2019-02-01,2019-02-28,49.92,EUR/MWh,EUR,,primary
ember:monthly:day_ahead_price,RS,cost,wholesale,,,2019-03-01,2019-03-31,38.23,EUR/MWh,EUR,,primary
ember:monthly:day_ahead_price,RS,cost,wholesale,,,2019-04-01,2019-04-30,46.64,EUR/MWh,EUR,,primary
ember:monthly:day_ahead_price,RS,cost,wholesale,,,2019-05-01,2019-05-31,41.98,EUR/MWh,EUR,,primary
ember:monthly:day_ahead_price,RS,cost,wholesale,,,2019-06-01,2019-06-30,41.47,EUR/MWh,EUR,,primary
ember:monthly:day_ahead_price,RS,cost,wholesale,,,2019-07-01,2019-07-31,54.0,EUR/MWh,EUR,,primary
ember:monthly:day_ahead_price,RS,cost,wholesale,,,2019-08-01,2019-08-31,58.98,EUR/MWh,EUR,,primary
ember:monthly:day_ahead_price,RS,cost,wholesale,,,2019-09-01,2019-09-30,56.8,EUR/MWh,EUR,,primary
ember:monthly:day_ahead_price,RS,cost,wholesale,,,2019-10-01,2019-10-31,58.13,EUR/MWh,EUR,,primary
ember:monthly:day_ahead_price,RS,cost,wholesale,,,2019-11-01,2019-11-30,42.22,EUR/MWh,EUR,,primary
ember:monthly:day_ahead_price,RS,cost,wholesale,,,2019-12-01,2019-12-31,41.19,EUR/MWh,EUR,,primary
ember:monthly:day_ahead_price,RS,cost,wholesale,,,2020-01-01,2020-01-31,53.88,EUR/MWh,EUR,,primary
ember:monthly:day_ahead_price,RS,cost,wholesale,,,2020-02-01,2020-02-29,39.95,EUR/MWh,EUR,,primary
ember:monthly:day_ahead_price,RS,cost,wholesale,,,2020-03-01,2020-03-31,29.84,EUR/MWh,EUR,,primary
ember:monthly:day_ahead_price,RS,cost,wholesale,,,2020-04-01,2020-04-30,25.08,EUR/MWh,EUR,,primary
ember:monthly:day_ahead_price,RS,cost,wholesale,,,2020-05-01,2020-05-31,23.98,EUR/MWh,EUR,,primary
ember:monthly:day_ahead_price,RS,cost,wholesale,,,2020-06-01,2020-06-30,29.84,EUR/MWh,EUR,,primary
ember:monthly:day_ahead_price,RS,cost,wholesale,,,2020-07-01,2020-07-31,36.65,EUR/MWh,EUR,,primary
ember:monthly:day_ahead_price,RS,cost,wholesale,,,2020-08-01,2020-08-31,37.26,EUR/MWh,EUR,,primary
ember:monthly:day_ahead_price,RS,cost,wholesale,,,2020-09-01,2020-09-30,45.52,EUR/MWh,EUR,,primary
ember:monthly:day_ahead_price,RS,cost,wholesale,,,2020-10-01,2020-10-31,39.31,EUR/MWh,EUR,,primary
ember:monthly:day_ahead_price,RS,cost,wholesale,,,2020-11-01,2020-11-30,48.67,EUR/MWh,EUR,,primary
ember:monthly:day_ahead_price,RS,cost,wholesale,,,2020-12-01,2020-12-31,57.95,EUR/MWh,EUR,,primary
ember:monthly:day_ahead_price,RS,cost,wholesale,,,2021-01-01,2021-01-31,53.75,EUR/MWh,EUR,,primary
ember:monthly:day_ahead_price,RS,cost,wholesale,,,2021-02-01,2021-02-28,46.86,EUR/MWh,EUR,,primary
ember:monthly:day_ahead_price,RS,cost,wholesale,,,2021-03-01,2021-03-31,54.05,EUR/MWh,EUR,,primary
ember:monthly:day_ahead_price,RS,cost,wholesale,,,2021-04-01,2021-04-30,63.62,EUR/MWh,EUR,,primary
ember:monthly:day_ahead_price,RS,cost,wholesale,,,2021-05-01,2021-05-31,59.89,EUR/MWh,EUR,,primary
ember:monthly:day_ahead_price,RS,cost,wholesale,,,2021-06-01,2021-06-30,78.69,EUR/MWh,EUR,,primary
ember:monthly:day_ahead_price,RS,cost,wholesale,,,2021-07-01,2021-07-31,95.32,EUR/MWh,EUR,,primary
ember:monthly:day_ahead_price,RS,cost,wholesale,,,2021-08-01,2021-08-31,109.71,EUR/MWh,EUR,,primary
ember:monthly:day_ahead_price,RS,cost,wholesale,,,2021-09-01,2021-09-30,135.14,EUR/MWh,EUR,,primary
ember:monthly:day_ahead_price,RS,cost,wholesale,,,2021-10-01,2021-10-31,201.48,EUR/MWh,EUR,,primary
ember:monthly:day_ahead_price,RS,cost,wholesale,,,2021-11-01,2021-11-30,218.28,EUR/MWh,EUR,,primary
ember:monthly:day_ahead_price,RS,cost,wholesale,,,2021-12-01,2021-12-31,246.37,EUR/MWh,EUR,,primary
ember:monthly:day_ahead_price,RS,cost,wholesale,,,2022-01-01,2022-01-31,209.57,EUR/MWh,EUR,,primary
ember:monthly:day_ahead_price,RS,cost,wholesale,,,2022-02-01,2022-02-28,198.8,EUR/MWh,EUR,,primary
ember:monthly:day_ahead_price,RS,cost,wholesale,,,2022-03-01,2022-03-31,291.97,EUR/MWh,EUR,,primary
ember:monthly:day_ahead_price,RS,cost,wholesale,,,2022-04-01,2022-04-30,191.74,EUR/MWh,EUR,,primary
ember:monthly:day_ahead_price,RS,cost,wholesale,,,2022-05-01,2022-05-31,205.8,EUR/MWh,EUR,,primary
ember:monthly:day_ahead_price,RS,cost,wholesale,,,2022-06-01,2022-06-30,242.67,EUR/MWh,EUR,,primary
ember:monthly:day_ahead_price,RS,cost,wholesale,,,2022-07-01,2022-07-31,384.27,EUR/MWh,EUR,,primary
ember:monthly:day_ahead_price,RS,cost,wholesale,,,2022-08-01,2022-08-31,492.45,EUR/MWh,EUR,,primary
ember:monthly:day_ahead_price,RS,cost,wholesale,,,2022-09-01,2022-09-30,395.1,EUR/MWh,EUR,,primary
ember:monthly:day_ahead_price,RS,cost,wholesale,,,2022-10-01,2022-10-31,204.57,EUR/MWh,EUR,,primary
ember:monthly:day_ahead_price,RS,cost,wholesale,,,2022-11-01,2022-11-30,216.65,EUR/MWh,EUR,,primary
ember:monthly:day_ahead_price,RS,cost,wholesale,,,2022-12-01,2022-12-31,241.43,EUR/MWh,EUR,,primary
ember:monthly:day_ahead_price,RS,cost,wholesale,,,2023-01-01,2023-01-31,135.96,EUR/MWh,EUR,,primary
ember:monthly:day_ahead_price,RS,cost,wholesale,,,2023-02-01,2023-02-28,145.42,EUR/MWh,EUR,,primary
ember:monthly:day_ahead_price,RS,cost,wholesale,,,2023-03-01,2023-03-31,105.78,EUR/MWh,EUR,,primary
ember:monthly:day_ahead_price,RS,cost,wholesale,,,2023-04-01,2023-04-30,106.67,EUR/MWh,EUR,,primary
ember:monthly:day_ahead_price,RS,cost,wholesale,,,2023-05-01,2023-05-31,87.33,EUR/MWh,EUR,,primary
ember:monthly:day_ahead_price,RS,cost,wholesale,,,2023-06-01,2023-06-30,89.17,EUR/MWh,EUR,,primary
ember:monthly:day_ahead_price,RS,cost,wholesale,,,2023-07-01,2023-07-31,95.32,EUR/MWh,EUR,,primary
ember:monthly:day_ahead_price,RS,cost,wholesale,,,2023-08-01,2023-08-31,96.84,EUR/MWh,EUR,,primary
ember:monthly:day_ahead_price,RS,cost,wholesale,,,2023-09-01,2023-09-30,103.06,EUR/MWh,EUR,,primary
ember:monthly:day_ahead_price,RS,cost,wholesale,,,2023-10-01,2023-10-31,106.17,EUR/MWh,EUR,,primary
ember:monthly:day_ahead_price,RS,cost,wholesale,,,2023-11-01,2023-11-30,96.12,EUR/MWh,EUR,,primary
ember:monthly:day_ahead_price,RS,cost,wholesale,,,2023-12-01,2023-12-31,77.3,EUR/MWh,EUR,,primary
ember:monthly:day_ahead_price,RS,cost,wholesale,,,2024-01-01,2024-01-31,86.13,EUR/MWh,EUR,,primary
ember:monthly:day_ahead_price,RS,cost,wholesale,,,2024-02-01,2024-02-29,67.84,EUR/MWh,EUR,,primary
ember:monthly:day_ahead_price,RS,cost,wholesale,,,2024-03-01,2024-03-31,64.36,EUR/MWh,EUR,,primary
ember:monthly:day_ahead_price,RS,cost,wholesale,,,2024-04-01,2024-04-30,64.65,EUR/MWh,EUR,,primary
ember:monthly:day_ahead_price,RS,cost,wholesale,,,2024-05-01,2024-05-31,82.84,EUR/MWh,EUR,,primary
ember:monthly:day_ahead_price,RS,cost,wholesale,,,2024-06-01,2024-06-30,98.04,EUR/MWh,EUR,,primary
ember:monthly:day_ahead_price,RS,cost,wholesale,,,2024-07-01,2024-07-31,134.29,EUR/MWh,EUR,,primary
ember:monthly:day_ahead_price,RS,cost,wholesale,,,2024-08-01,2024-08-31,127.12,EUR/MWh,EUR,,primary
ember:monthly:day_ahead_price,RS,cost,wholesale,,,2024-09-01,2024-09-30,106.89,EUR/MWh,EUR,,primary
ember:monthly:day_ahead_price,RS,cost,wholesale,,,2024-10-01,2024-10-31,89.16,EUR/MWh,EUR,,primary
ember:monthly:day_ahead_price,RS,cost,wholesale,,,2024-11-01,2024-11-30,159.98,EUR/MWh,EUR,,primary
ember:monthly:day_ahead_price,RS,cost,wholesale,,,2024-12-01,2024-12-31,139.4,EUR/MWh,EUR,,primary
ember:monthly:day_ahead_price,RS,cost,wholesale,,,2025-01-01,2025-01-31,137.0,EUR/MWh,EUR,,primary
ember:monthly:day_ahead_price,RS,cost,wholesale,,,2025-02-01,2025-02-28,144.88,EUR/MWh,EUR,,primary
ember:monthly:day_ahead_price,RS,cost,wholesale,,,2025-03-01,2025-03-31,118.3,EUR/MWh,EUR,,primary
ember:monthly:day_ahead_price,RS,cost,wholesale,,,2025-04-01,2025-04-30,110.83,EUR/MWh,EUR,,primary
ember:monthly:day_ahead_price,RS,cost,wholesale,,,2025-05-01,2025-05-31,112.07,EUR/MWh,EUR,,primary
ember:monthly:day_ahead_price,RS,cost,wholesale,,,2025-06-01,2025-06-30,110.43,EUR/MWh,EUR,,primary
ember:monthly:day_ahead_price,RS,cost,wholesale,,,2025-07-01,2025-07-31,118.58,EUR/MWh,EUR,,primary
ember:monthly:day_ahead_price,RS,cost,wholesale,,,2025-08-01,2025-08-31,108.06,EUR/MWh,EUR,,primary
ember:monthly:day_ahead_price,RS,cost,wholesale,,,2025-09-01,2025-09-30,98.03,EUR/MWh,EUR,,primary
ember:monthly:day_ahead_price,RS,cost,wholesale,,,2025-10-01,2025-10-31,123.68,EUR/MWh,EUR,,primary
ember:monthly:day_ahead_price,RS,cost,wholesale,,,2025-11-01,2025-11-30,119.15,EUR/MWh,EUR,,primary
ember:monthly:day_ahead_price,RS,cost,wholesale,,,2025-12-01,2025-12-31,116.51,EUR/MWh,EUR,,primary
ember:monthly:day_ahead_price,RS,cost,wholesale,,,2026-01-01,2026-01-31,117.65,EUR/MWh,EUR,,primary
ember:monthly:day_ahead_price,RS,cost,wholesale,,,2026-02-01,2026-02-28,68.63,EUR/MWh,EUR,,primary
ember:monthly:day_ahead_price,RS,cost,wholesale,,,2026-03-01,2026-03-31,94.85,EUR/MWh,EUR,,primary
ember:monthly:day_ahead_price,RS,cost,wholesale,,,2026-04-01,2026-04-30,91.33,EUR/MWh,EUR,,primary
ember:monthly:day_ahead_price,RS,cost,wholesale,,,2026-05-01,2026-05-31,96.59,EUR/MWh,EUR,,primary
ember:monthly:day_ahead_price,RS,cost,wholesale,,,2026-06-01,2026-06-30,101.05,EUR/MWh,EUR,,primary
ember:monthly:day_ahead_price,RS,cost,wholesale,,,2026-07-01,2026-07-31,109.28,EUR/MWh,EUR,,primary
ember:monthly:day_ahead_price,RS,cost,wholesale,,,2026-08-01,2026-08-31,138.23,EUR/MWh,EUR,,primary
ember:monthly:day_ahead_price,RS,cost,wholesale,,,2026-09-01,2026-09-30,149.89,EUR/MWh,EUR,,primary
ember:monthly:day_ahead_price,RS,cost,wholesale,,,2026-10-01,2026-10-31,149.72,EUR/MWh,EUR,,primary
ember:monthly:day_ahead_price,SE,cost,wholesale,,,2015-01-01,2015-01-31,30.24,EUR/MWh,EUR,,primary
ember:monthly:day_ahead_price,SE,cost,wholesale,,,2015-02-01,2015-02-28,29.6,EUR/MWh,EUR,,primary
ember:monthly:day_ahead_price,SE,cost,wholesale,,,2015-03-01,2015-03-31,25.88,EUR/MWh,EUR,,primary
ember:monthly:day_ahead_price,SE,cost,wholesale,,,2015-04-01,2015-04-30,25.5,EUR/MWh,EUR,,primary
ember:monthly:day_ahead_price,SE,cost,wholesale,,,2015-05-01,2015-05-31,22.59,EUR/MWh,EUR,,primary
ember:monthly:day_ahead_price,SE,cost,wholesale,,,2015-06-01,2015-06-30,16.06,EUR/MWh,EUR,,primary
ember:monthly:day_ahead_price,SE,cost,wholesale,,,2015-07-01,2015-07-31,9.07,EUR/MWh,EUR,,primary
ember:monthly:day_ahead_price,SE,cost,wholesale,,,2015-08-01,2015-08-31,16.28,EUR/MWh,EUR,,primary
ember:monthly:day_ahead_price,SE,cost,wholesale,,,2015-09-01,2015-09-30,21.07,EUR/MWh,EUR,,primary
ember:monthly:day_ahead_price,SE,cost,wholesale,,,2015-10-01,2015-10-31,23.63,EUR/MWh,EUR,,primary
ember:monthly:day_ahead_price,SE,cost,wholesale,,,2015-11-01,2015-11-30,25.52,EUR/MWh,EUR,,primary
ember:monthly:day_ahead_price,SE,cost,wholesale,,,2015-12-01,2015-12-31,19.12,EUR/MWh,EUR,,primary
ember:monthly:day_ahead_price,SE,cost,wholesale,,,2016-01-01,2016-01-31,30.49,EUR/MWh,EUR,,primary
ember:monthly:day_ahead_price,SE,cost,wholesale,,,2016-02-01,2016-02-29,19.48,EUR/MWh,EUR,,primary
ember:monthly:day_ahead_price,SE,cost,wholesale,,,2016-03-01,2016-03-31,21.74,EUR/MWh,EUR,,primary
ember:monthly:day_ahead_price,SE,cost,wholesale,,,2016-04-01,2016-04-30,22.09,EUR/MWh,EUR,,primary
ember:monthly:day_ahead_price,SE,cost,wholesale,,,2016-05-01,2016-05-31,23.68,EUR/MWh,EUR,,primary
ember:monthly:day_ahead_price,SE,cost,wholesale,,,2016-06-01,2016-06-30,33.74,EUR/MWh,EUR,,primary
ember:monthly:day_ahead_price,SE,cost,wholesale,,,2016-07-01,2016-07-31,28.96,EUR/MWh,EUR,,primary
ember:monthly:day_ahead_price,SE,cost,wholesale,,,2016-08-01,2016-08-31,30.49,EUR/MWh,EUR,,primary
ember:monthly:day_ahead_price,SE,cost,wholesale,,,2016-09-01,2016-09-30,29.26,EUR/MWh,EUR,,primary
ember:monthly:day_ahead_price,SE,cost,wholesale,,,2016-10-01,2016-10-31,36.3,EUR/MWh,EUR,,primary
ember:monthly:day_ahead_price,SE,cost,wholesale,,,2016-11-01,2016-11-30,41.0,EUR/MWh,EUR,,primary
ember:monthly:day_ahead_price,SE,cost,wholesale,,,2016-12-01,2016-12-31,33.34,EUR/MWh,EUR,,primary
ember:monthly:day_ahead_price,SE,cost,wholesale,,,2017-01-01,2017-01-31,32.29,EUR/MWh,EUR,,primary
ember:monthly:day_ahead_price,SE,cost,wholesale,,,2017-02-01,2017-02-28,33.3,EUR/MWh,EUR,,primary
ember:monthly:day_ahead_price,SE,cost,wholesale,,,2017-03-01,2017-03-31,30.42,EUR/MWh,EUR,,primary
ember:monthly:day_ahead_price,SE,cost,wholesale,,,2017-04-01,2017-04-30,28.95,EUR/MWh,EUR,,primary
ember:monthly:day_ahead_price,SE,cost,wholesale,,,2017-05-01,2017-05-31,29.59,EUR/MWh,EUR,,primary
ember:monthly:day_ahead_price,SE,cost,wholesale,,,2017-06-01,2017-06-30,27.22,EUR/MWh,EUR,,primary
ember:monthly:day_ahead_price,SE,cost,wholesale,,,2017-07-01,2017-07-31,30.82,EUR/MWh,EUR,,primary
ember:monthly:day_ahead_price,SE,cost,wholesale,,,2017-08-01,2017-08-31,33.63,EUR/MWh,EUR,,primary
ember:monthly:day_ahead_price,SE,cost,wholesale,,,2017-09-01,2017-09-30,36.25,EUR/MWh,EUR,,primary
ember:monthly:day_ahead_price,SE,cost,wholesale,,,2017-10-01,2017-10-31,30.59,EUR/MWh,EUR,,primary
ember:monthly:day_ahead_price,SE,cost,wholesale,,,2017-11-01,2017-11-30,32.43,EUR/MWh,EUR,,primary
ember:monthly:day_ahead_price,SE,cost,wholesale,,,2017-12-01,2017-12-31,30.74,EUR/MWh,EUR,,primary
ember:monthly:day_ahead_price,SE,cost,wholesale,,,2018-01-01,2018-01-31,32.46,EUR/MWh,EUR,,primary
ember:monthly:day_ahead_price,SE,cost,wholesale,,,2018-02-01,2018-02-28,39.98,EUR/MWh,EUR,,primary
ember:monthly:day_ahead_price,SE,cost,wholesale,,,2018-03-01,2018-03-31,44.86,EUR/MWh,EUR,,primary
ember:monthly:day_ahead_price,SE,cost,wholesale,,,2018-04-01,2018-04-30,38.83,EUR/MWh,EUR,,primary
ember:monthly:day_ahead_price,SE,cost,wholesale,,,2018-05-01,2018-05-31,33.33,EUR/MWh,EUR,,primary
ember:monthly:day_ahead_price,SE,cost,wholesale,,,2018-06-01,2018-06-30,44.65,EUR/MWh,EUR,,primary
ember:monthly:day_ahead_price,SE,cost,wholesale,,,2018-07-01,2018-07-31,52.55,EUR/MWh,EUR,,primary
ember:monthly:day_ahead_price,SE,cost,wholesale,,,2018-08-01,2018-08-31,54.64,EUR/MWh,EUR,,primary
ember:monthly:day_ahead_price,SE,cost,wholesale,,,2018-09-01,2018-09-30,49.72,EUR/MWh,EUR,,primary
ember:monthly:day_ahead_price,SE,cost,wholesale,,,2018-10-01,2018-10-31,45.29,EUR/MWh,EUR,,primary
ember:monthly:day_ahead_price,SE,cost,wholesale,,,2018-11-01,2018-11-30,50.23,EUR/MWh,EUR,,primary
ember:monthly:day_ahead_price,SE,cost,wholesale,,,2018-12-01,2018-12-31,50.86,EUR/MWh,EUR,,primary
ember:monthly:day_ahead_price,SE,cost,wholesale,,,2019-01-01,2019-01-31,54.34,EUR/MWh,EUR,,primary
ember:monthly:day_ahead_price,SE,cost,wholesale,,,2019-02-01,2019-02-28,45.56,EUR/MWh,EUR,,primary
ember:monthly:day_ahead_price,SE,cost,wholesale,,,2019-03-01,2019-03-31,39.38,EUR/MWh,EUR,,primary
ember:monthly:day_ahead_price,SE,cost,wholesale,,,2019-04-01,2019-04-30,39.66,EUR/MWh,EUR,,primary
ember:monthly:day_ahead_price,SE,cost,wholesale,,,2019-05-01,2019-05-31,35.06,EUR/MWh,EUR,,primary
ember:monthly:day_ahead_price,SE,cost,wholesale,,,2019-06-01,2019-06-30,25.06,EUR/MWh,EUR,,primary
ember:monthly:day_ahead_price,SE,cost,wholesale,,,2019-07-01,2019-07-31,35.5,EUR/MWh,EUR,,primary
ember:monthly:day_ahead_price,SE,cost,wholesale,,,2019-08-01,2019-08-31,37.25,EUR/MWh,EUR,,primary
ember:monthly:day_ahead_price,SE,cost,wholesale,,,2019-09-01,2019-09-30,34.95,EUR/MWh,EUR,,primary
ember:monthly:day_ahead_price,SE,cost,wholesale,,,2019-10-01,2019-10-31,38.24,EUR/MWh,EUR,,primary
ember:monthly:day_ahead_price,SE,cost,wholesale,,,2019-11-01,2019-11-30,41.79,EUR/MWh,EUR,,primary
ember:monthly:day_ahead_price,SE,cost,wholesale,,,2019-12-01,2019-12-31,35.98,EUR/MWh,EUR,,primary
ember:monthly:day_ahead_price,SE,cost,wholesale,,,2020-01-01,2020-01-31,24.12,EUR/MWh,EUR,,primary
ember:monthly:day_ahead_price,SE,cost,wholesale,,,2020-02-01,2020-02-29,17.68,EUR/MWh,EUR,,primary
ember:monthly:day_ahead_price,SE,cost,wholesale,,,2020-03-01,2020-03-31,13.31,EUR/MWh,EUR,,primary
ember:monthly:day_ahead_price,SE,cost,wholesale,,,2020-04-01,2020-04-30,9.08,EUR/MWh,EUR,,primary
ember:monthly:day_ahead_price,SE,cost,wholesale,,,2020-05-01,2020-05-31,12.37,EUR/MWh,EUR,,primary
ember:monthly:day_ahead_price,SE,cost,wholesale,,,2020-06-01,2020-06-30,21.19,EUR/MWh,EUR,,primary
ember:monthly:day_ahead_price,SE,cost,wholesale,,,2020-07-01,2020-07-31,11.4,EUR/MWh,EUR,,primary
ember:monthly:day_ahead_price,SE,cost,wholesale,,,2020-08-01,2020-08-31,31.72,EUR/MWh,EUR,,primary
ember:monthly:day_ahead_price,SE,cost,wholesale,,,2020-09-01,2020-09-30,33.19,EUR/MWh,EUR,,primary
ember:monthly:day_ahead_price,SE,cost,wholesale,,,2020-10-01,2020-10-31,22.58,EUR/MWh,EUR,,primary
ember:monthly:day_ahead_price,SE,cost,wholesale,,,2020-11-01,2020-11-30,22.4,EUR/MWh,EUR,,primary
ember:monthly:day_ahead_price,SE,cost,wholesale,,,2020-12-01,2020-12-31,29.73,EUR/MWh,EUR,,primary
ember:monthly:day_ahead_price,SE,cost,wholesale,,,2021-01-01,2021-01-31,48.12,EUR/MWh,EUR,,primary
ember:monthly:day_ahead_price,SE,cost,wholesale,,,2021-02-01,2021-02-28,51.65,EUR/MWh,EUR,,primary
ember:monthly:day_ahead_price,SE,cost,wholesale,,,2021-03-01,2021-03-31,35.9,EUR/MWh,EUR,,primary
ember:monthly:day_ahead_price,SE,cost,wholesale,,,2021-04-01,2021-04-30,33.67,EUR/MWh,EUR,,primary
ember:monthly:day_ahead_price,SE,cost,wholesale,,,2021-05-01,2021-05-31,42.91,EUR/MWh,EUR,,primary
ember:monthly:day_ahead_price,SE,cost,wholesale,,,2021-06-01,2021-06-30,44.6,EUR/MWh,EUR,,primary
ember:monthly:day_ahead_price,SE,cost,wholesale,,,2021-07-01,2021-07-31,58.43,EUR/MWh,EUR,,primary
ember:monthly:day_ahead_price,SE,cost,wholesale,,,2021-08-01,2021-08-31,67.32,EUR/MWh,EUR,,primary
ember:monthly:day_ahead_price,SE,cost,wholesale,,,2021-09-01,2021-09-30,89.23,EUR/MWh,EUR,,primary
ember:monthly:day_ahead_price,SE,cost,wholesale,,,2021-10-01,2021-10-31,61.38,EUR/MWh,EUR,,primary
ember:monthly:day_ahead_price,SE,cost,wholesale,,,2021-11-01,2021-11-30,80.76,EUR/MWh,EUR,,primary
ember:monthly:day_ahead_price,SE,cost,wholesale,,,2021-12-01,2021-12-31,156.77,EUR/MWh,EUR,,primary
ember:monthly:day_ahead_price,SE,cost,wholesale,,,2022-01-01,2022-01-31,88.36,EUR/MWh,EUR,,primary
ember:monthly:day_ahead_price,SE,cost,wholesale,,,2022-02-01,2022-02-28,65.08,EUR/MWh,EUR,,primary
ember:monthly:day_ahead_price,SE,cost,wholesale,,,2022-03-01,2022-03-31,108.74,EUR/MWh,EUR,,primary
ember:monthly:day_ahead_price,SE,cost,wholesale,,,2022-04-01,2022-04-30,83.77,EUR/MWh,EUR,,primary
ember:monthly:day_ahead_price,SE,cost,wholesale,,,2022-05-01,2022-05-31,95.76,EUR/MWh,EUR,,primary
ember:monthly:day_ahead_price,SE,cost,wholesale,,,2022-06-01,2022-06-30,114.26,EUR/MWh,EUR,,primary
ember:monthly:day_ahead_price,SE,cost,wholesale,,,2022-07-01,2022-07-31,74.92,EUR/MWh,EUR,,primary
ember:monthly:day_ahead_price,SE,cost,wholesale,,,2022-08-01,2022-08-31,189.0,EUR/MWh,EUR,,primary
ember:monthly:day_ahead_price,SE,cost,wholesale,,,2022-09-01,2022-09-30,189.94,EUR/MWh,EUR,,primary
ember:monthly:day_ahead_price,SE,cost,wholesale,,,2022-10-01,2022-10-31,69.04,EUR/MWh,EUR,,primary
ember:monthly:day_ahead_price,SE,cost,wholesale,,,2022-11-01,2022-11-30,119.37,EUR/MWh,EUR,,primary
ember:monthly:day_ahead_price,SE,cost,wholesale,,,2022-12-01,2022-12-31,235.2,EUR/MWh,EUR,,primary
ember:monthly:day_ahead_price,SE,cost,wholesale,,,2023-01-01,2023-01-31,80.98,EUR/MWh,EUR,,primary
ember:monthly:day_ahead_price,SE,cost,wholesale,,,2023-02-01,2023-02-28,71.69,EUR/MWh,EUR,,primary
ember:monthly:day_ahead_price,SE,cost,wholesale,,,2023-03-01,2023-03-31,69.32,EUR/MWh,EUR,,primary
ember:monthly:day_ahead_price,SE,cost,wholesale,,,2023-04-01,2023-04-30,60.96,EUR/MWh,EUR,,primary
ember:monthly:day_ahead_price,SE,cost,wholesale,,,2023-05-01,2023-05-31,37.38,EUR/MWh,EUR,,primary
ember:monthly:day_ahead_price,SE,cost,wholesale,,,2023-06-01,2023-06-30,52.3,EUR/MWh,EUR,,primary
ember:monthly:day_ahead_price,SE,cost,wholesale,,,2023-07-01,2023-07-31,32.72,EUR/MWh,EUR,,primary
ember:monthly:day_ahead_price,SE,cost,wholesale,,,2023-08-01,2023-08-31,30.77,EUR/MWh,EUR,,primary
ember:monthly:day_ahead_price,SE,cost,wholesale,,,2023-09-01,2023-09-30,22.1,EUR/MWh,EUR,,primary
ember:monthly:day_ahead_price,SE,cost,wholesale,,,2023-10-01,2023-10-31,26.11,EUR/MWh,EUR,,primary
ember:monthly:day_ahead_price,SE,cost,wholesale,,,2023-11-01,2023-11-30,68.36,EUR/MWh,EUR,,primary
ember:monthly:day_ahead_price,SE,cost,wholesale,,,2023-12-01,2023-12-31,69.32,EUR/MWh,EUR,,primary
ember:monthly:day_ahead_price,SE,cost,wholesale,,,2024-01-01,2024-01-31,68.66,EUR/MWh,EUR,,primary
ember:monthly:day_ahead_price,SE,cost,wholesale,,,2024-02-01,2024-02-29,44.54,EUR/MWh,EUR,,primary
ember:monthly:day_ahead_price,SE,cost,wholesale,,,2024-03-01,2024-03-31,52.75,EUR/MWh,EUR,,primary
ember:monthly:day_ahead_price,SE,cost,wholesale,,,2024-04-01,2024-04-30,48.47,EUR/MWh,EUR,,primary
ember:monthly:day_ahead_price,SE,cost,wholesale,,,2024-05-01,2024-05-31,23.14,EUR/MWh,EUR,,primary
ember:monthly:day_ahead_price,SE,cost,wholesale,,,2024-06-01,2024-06-30,28.91,EUR/MWh,EUR,,primary
ember:monthly:day_ahead_price,SE,cost,wholesale,,,2024-07-01,2024-07-31,21.19,EUR/MWh,EUR,,primary
ember:monthly:day_ahead_price,SE,cost,wholesale,,,2024-08-01,2024-08-31,12.95,EUR/MWh,EUR,,primary
ember:monthly:day_ahead_price,SE,cost,wholesale,,,2024-09-01,2024-09-30,15.53,EUR/MWh,EUR,,primary
ember:monthly:day_ahead_price,SE,cost,wholesale,,,2024-10-01,2024-10-31,19.72,EUR/MWh,EUR,,primary
ember:monthly:day_ahead_price,SE,cost,wholesale,,,2024-11-01,2024-11-30,53.04,EUR/MWh,EUR,,primary
ember:monthly:day_ahead_price,SE,cost,wholesale,,,2024-12-01,2024-12-31,44.56,EUR/MWh,EUR,,primary
ember:monthly:day_ahead_price,SE,cost,wholesale,,,2025-01-01,2025-01-31,50.3,EUR/MWh,EUR,,primary
ember:monthly:day_ahead_price,SE,cost,wholesale,,,2025-02-01,2025-02-28,61.45,EUR/MWh,EUR,,primary
ember:monthly:day_ahead_price,SE,cost,wholesale,,,2025-03-01,2025-03-31,40.86,EUR/MWh,EUR,,primary
ember:monthly:day_ahead_price,SE,cost,wholesale,,,2025-04-01,2025-04-30,33.0,EUR/MWh,EUR,,primary
ember:monthly:day_ahead_price,SE,cost,wholesale,,,2025-05-01,2025-05-31,36.68,EUR/MWh,EUR,,primary
ember:monthly:day_ahead_price,SE,cost,wholesale,,,2025-06-01,2025-06-30,19.83,EUR/MWh,EUR,,primary
ember:monthly:day_ahead_price,SE,cost,wholesale,,,2025-07-01,2025-07-31,30.23,EUR/MWh,EUR,,primary
ember:monthly:day_ahead_price,SE,cost,wholesale,,,2025-08-01,2025-08-31,42.34,EUR/MWh,EUR,,primary
ember:monthly:day_ahead_price,SE,cost,wholesale,,,2025-09-01,2025-09-30,42.1,EUR/MWh,EUR,,primary
ember:monthly:day_ahead_price,SE,cost,wholesale,,,2025-10-01,2025-10-31,49.96,EUR/MWh,EUR,,primary
ember:monthly:day_ahead_price,SE,cost,wholesale,,,2025-11-01,2025-11-30,58.84,EUR/MWh,EUR,,primary
ember:monthly:day_ahead_price,SE,cost,wholesale,,,2025-12-01,2025-12-31,45.81,EUR/MWh,EUR,,primary
ember:monthly:day_ahead_price,SE,cost,wholesale,,,2026-01-01,2026-01-31,99.13,EUR/MWh,EUR,,primary
ember:monthly:day_ahead_price,SE,cost,wholesale,,,2026-02-01,2026-02-28,102.14,EUR/MWh,EUR,,primary
ember:monthly:day_ahead_price,SE,cost,wholesale,,,2026-03-01,2026-03-31,51.59,EUR/MWh,EUR,,primary
ember:monthly:day_ahead_price,SE,cost,wholesale,,,2026-04-01,2026-04-30,49.07,EUR/MWh,EUR,,primary
ember:monthly:day_ahead_price,SE,cost,wholesale,,,2026-05-01,2026-05-31,69.5,EUR/MWh,EUR,,primary
ember:monthly:day_ahead_price,SE,cost,wholesale,,,2026-06-01,2026-06-30,68.37,EUR/MWh,EUR,,primary
ember:monthly:day_ahead_price,SE,cost,wholesale,,,2026-07-01,2026-07-31,45.88,EUR/MWh,EUR,,primary
ember:monthly:day_ahead_price,SE,cost,wholesale,,,2026-08-01,2026-08-31,57.26,EUR/MWh,EUR,,primary
ember:monthly:day_ahead_price,SE,cost,wholesale,,,2026-09-01,2026-09-30,75.39,EUR/MWh,EUR,,primary
ember:monthly:day_ahead_price,SI,cost,wholesale,,,2015-01-01,2015-01-31,42.23,EUR/MWh,EUR,,primary
ember:monthly:day_ahead_price,SI,cost,wholesale,,,2015-02-01,2015-02-28,42.02,EUR/MWh,EUR,,primary
ember:monthly:day_ahead_price,SI,cost,wholesale,,,2015-03-01,2015-03-31,36.34,EUR/MWh,EUR,,primary
ember:monthly:day_ahead_price,SI,cost,wholesale,,,2015-04-01,2015-04-30,34.81,EUR/MWh,EUR,,primary
ember:monthly:day_ahead_price,SI,cost,wholesale,,,2015-05-01,2015-05-31,30.4,EUR/MWh,EUR,,primary
ember:monthly:day_ahead_price,SI,cost,wholesale,,,2015-06-01,2015-06-30,34.2,EUR/MWh,EUR,,primary
ember:monthly:day_ahead_price,SI,cost,wholesale,,,2015-07-01,2015-07-31,54.02,EUR/MWh,EUR,,primary
ember:monthly:day_ahead_price,SI,cost,wholesale,,,2015-08-01,2015-08-31,42.94,EUR/MWh,EUR,,primary
ember:monthly:day_ahead_price,SI,cost,wholesale,,,2015-09-01,2015-09-30,46.42,EUR/MWh,EUR,,primary
ember:monthly:day_ahead_price,SI,cost,wholesale,,,2015-10-01,2015-10-31,43.76,EUR/MWh,EUR,,primary
ember:monthly:day_ahead_price,SI,cost,wholesale,,,2015-11-01,2015-11-30,45.57,EUR/MWh,EUR,,primary
ember:monthly:day_ahead_price,SI,cost,wholesale,,,2015-12-01,2015-12-31,44.19,EUR/MWh,EUR,,primary
ember:monthly:day_ahead_price,SI,cost,wholesale,,,2016-01-01,2016-01-31,43.16,EUR/MWh,EUR,,primary
ember:monthly:day_ahead_price,SI,cost,wholesale,,,2016-02-01,2016-02-29,27.2,EUR/MWh,EUR,,primary
ember:monthly:day_ahead_price,SI,cost,wholesale,,,2016-03-01,2016-03-31,26.35,EUR/MWh,EUR,,primary
ember:monthly:day_ahead_price,SI,cost,wholesale,,,2016-04-01,2016-04-30,28.35,EUR/MWh,EUR,,primary
ember:monthly:day_ahead_price,SI,cost,wholesale,,,2016-05-01,2016-05-31,26.55,EUR/MWh,EUR,,primary
ember:monthly:day_ahead_price,SI,cost,wholesale,,,2016-06-01,2016-06-30,31.95,EUR/MWh,EUR,,primary
ember:monthly:day_ahead_price,SI,cost,wholesale,,,2016-07-01,2016-07-31,36.06,EUR/MWh,EUR,,primary
ember:monthly:day_ahead_price,SI,cost,wholesale,,,2016-08-01,2016-08-31,32.73,EUR/MWh,EUR,,primary
ember:monthly:day_ahead_price,SI,cost,wholesale,,,2016-09-01,2016-09-30,37.3,EUR/MWh,EUR,,primary
ember:monthly:day_ahead_price,SI,cost,wholesale,,,2016-10-01,2016-10-31,45.82,EUR/MWh,EUR,,primary
ember:monthly:day_ahead_price,SI,cost,wholesale,,,2016-11-01,2016-11-30,41.74,EUR/MWh,EUR,,primary
ember:monthly:day_ahead_price,SI,cost,wholesale,,,2016-12-01,2016-12-31,49.58,EUR/MWh,EUR,,primary
ember:monthly:day_ahead_price,SI,cost,wholesale,,,2017-01-01,2017-01-31,76.81,EUR/MWh,EUR,,primary
ember:monthly:day_ahead_price,SI,cost,wholesale,,,2017-02-01,2017-02-28,53.1,EUR/MWh,EUR,,primary
ember:monthly:day_ahead_price,SI,cost,wholesale,,,2017-03-01,2017-03-31,37.17,EUR/MWh,EUR,,primary
ember:monthly:day_ahead_price,SI,cost,wholesale,,,2017-04-01,2017-04-30,38.34,EUR/MWh,EUR,,primary
ember:monthly:day_ahead_price,SI,cost,wholesale,,,2017-05-01,2017-05-31,40.1,EUR/MWh,EUR,,primary
ember:monthly:day_ahead_price,SI,cost,wholesale,,,2017-06-01,2017-06-30,44.26,EUR/MWh,EUR,,primary
ember:monthly:day_ahead_price,SI,cost,wholesale,,,2017-07-01,2017-07-31,50.0,EUR/MWh,EUR,,primary
ember:monthly:day_ahead_price,SI,cost,wholesale,,,2017-08-01,2017-08-31,57.41,EUR/MWh,EUR,,primary
ember:monthly:day_ahead_price,SI,cost,wholesale,,,2017-09-01,2017-09-30,41.94,EUR/MWh,EUR,,primary
ember:monthly:day_ahead_price,SI,cost,wholesale,,,2017-10-01,2017-10-31,50.58,EUR/MWh,EUR,,primary
ember:monthly:day_ahead_price,SI,cost,wholesale,,,2017-11-01,2017-11-30,59.84,EUR/MWh,EUR,,primary
ember:monthly:day_ahead_price,SI,cost,wholesale,,,2017-12-01,2017-12-31,44.59,EUR/MWh,EUR,,primary
ember:monthly:day_ahead_price,SI,cost,wholesale,,,2018-01-01,2018-01-31,37.95,EUR/MWh,EUR,,primary
ember:monthly:day_ahead_price,SI,cost,wholesale,,,2018-02-01,2018-02-28,43.38,EUR/MWh,EUR,,primary
ember:monthly:day_ahead_price,SI,cost,wholesale,,,2018-03-01,2018-03-31,42.25,EUR/MWh,EUR,,primary
ember:monthly:day_ahead_price,SI,cost,wholesale,,,2018-04-01,2018-04-30,32.23,EUR/MWh,EUR,,primary
ember:monthly:day_ahead_price,SI,cost,wholesale,,,2018-05-01,2018-05-31,40.84,EUR/MWh,EUR,,primary
ember:monthly:day_ahead_price,SI,cost,wholesale,,,2018-06-01,2018-06-30,50.68,EUR/MWh,EUR,,primary
ember:monthly:day_ahead_price,SI,cost,wholesale,,,2018-07-01,2018-07-31,51.54,EUR/MWh,EUR,,primary
ember:monthly:day_ahead_price,SI,cost,wholesale,,,2018-08-01,2018-08-31,60.85,EUR/MWh,EUR,,primary
ember:monthly:day_ahead_price,SI,cost,wholesale,,,2018-09-01,2018-09-30,64.13,EUR/MWh,EUR,,primary
ember:monthly:day_ahead_price,SI,cost,wholesale,,,2018-10-01,2018-10-31,64.05,EUR/MWh,EUR,,primary
ember:monthly:day_ahead_price,SI,cost,wholesale,,,2018-11-01,2018-11-30,63.1,EUR/MWh,EUR,,primary
ember:monthly:day_ahead_price,SI,cost,wholesale,,,2018-12-01,2018-12-31,62.43,EUR/MWh,EUR,,primary
ember:monthly:day_ahead_price,SI,cost,wholesale,,,2019-01-01,2019-01-31,68.77,EUR/MWh,EUR,,primary
ember:monthly:day_ahead_price,SI,cost,wholesale,,,2019-02-01,2019-02-28,49.68,EUR/MWh,EUR,,primary
ember:monthly:day_ahead_price,SI,cost,wholesale,,,2019-03-01,2019-03-31,39.56,EUR/MWh,EUR,,primary
ember:monthly:day_ahead_price,SI,cost,wholesale,,,2019-04-01,2019-04-30,45.63,EUR/MWh,EUR,,primary
ember:monthly:day_ahead_price,SI,cost,wholesale,,,2019-05-01,2019-05-31,41.31,EUR/MWh,EUR,,primary
ember:monthly:day_ahead_price,SI,cost,wholesale,,,2019-06-01,2019-06-30,40.02,EUR/MWh,EUR,,primary
ember:monthly:day_ahead_price,SI,cost,wholesale,,,2019-07-01,2019-07-31,51.25,EUR/MWh,EUR,,primary
ember:monthly:day_ahead_price,SI,cost,wholesale,,,2019-08-01,2019-08-31,54.61,EUR/MWh,EUR,,primary
ember:monthly:day_ahead_price,SI,cost,wholesale,,,2019-09-01,2019-09-30,55.3,EUR/MWh,EUR,,primary
ember:monthly:day_ahead_price,SI,cost,wholesale,,,2019-10-01,2019-10-31,55.22,EUR/MWh,EUR,,primary
ember:monthly:day_ahead_price,SI,cost,wholesale,,,2019-11-01,2019-11-30,43.84,EUR/MWh,EUR,,primary
ember:monthly:day_ahead_price,SI,cost,wholesale,,,2019-12-01,2019-12-31,39.52,EUR/MWh,EUR,,primary
ember:monthly:day_ahead_price,SI,cost,wholesale,,,2020-01-01,2020-01-31,50.24,EUR/MWh,EUR,,primary
ember:monthly:day_ahead_price,SI,cost,wholesale,,,2020-02-01,2020-02-29,39.26,EUR/MWh,EUR,,primary
ember:monthly:day_ahead_price,SI,cost,wholesale,,,2020-03-01,2020-03-31,29.41,EUR/MWh,EUR,,primary
ember:monthly:day_ahead_price,SI,cost,wholesale,,,2020-04-01,2020-04-30,23.74,EUR/MWh,EUR,,primary
ember:monthly:day_ahead_price,SI,cost,wholesale,,,2020-05-01,2020-05-31,21.23,EUR/MWh,EUR,,primary
ember:monthly:day_ahead_price,SI,cost,wholesale,,,2020-06-01,2020-06-30,27.96,EUR/MWh,EUR,,primary
ember:monthly:day_ahead_price,SI,cost,wholesale,,,2020-07-01,2020-07-31,35.22,EUR/MWh,EUR,,primary
ember:monthly:day_ahead_price,SI,cost,wholesale,,,2020-08-01,2020-08-31,37.61,EUR/MWh,EUR,,primary
ember:monthly:day_ahead_price,SI,cost,wholesale,,,2020-09-01,2020-09-30,45.85,EUR/MWh,EUR,,primary
ember:monthly:day_ahead_price,SI,cost,wholesale,,,2020-10-01,2020-10-31,38.56,EUR/MWh,EUR,,primary
ember:monthly:day_ahead_price,SI,cost,wholesale,,,2020-11-01,2020-11-30,46.93,EUR/MWh,EUR,,primary
ember:monthly:day_ahead_price,SI,cost,wholesale,,,2020-12-01,2020-12-31,54.52,EUR/MWh,EUR,,primary
ember:monthly:day_ahead_price,SI,cost,wholesale,,,2021-01-01,2021-01-31,57.53,EUR/MWh,EUR,,primary
ember:monthly:day_ahead_price,SI,cost,wholesale,,,2021-02-01,2021-02-28,50.38,EUR/MWh,EUR,,primary
ember:monthly:day_ahead_price,SI,cost,wholesale,,,2021-03-01,2021-03-31,55.94,EUR/MWh,EUR,,primary
ember:monthly:day_ahead_price,SI,cost,wholesale,,,2021-04-01,2021-04-30,64.51,EUR/MWh,EUR,,primary
ember:monthly:day_ahead_price,SI,cost,wholesale,,,2021-05-01,2021-05-31,59.87,EUR/MWh,EUR,,primary
ember:monthly:day_ahead_price,SI,cost,wholesale,,,2021-06-01,2021-06-30,78.47,EUR/MWh,EUR,,primary
ember:monthly:day_ahead_price,SI,cost,wholesale,,,2021-07-01,2021-07-31,93.65,EUR/MWh,EUR,,primary
ember:monthly:day_ahead_price,SI,cost,wholesale,,,2021-08-01,2021-08-31,105.58,EUR/MWh,EUR,,primary
ember:monthly:day_ahead_price,SI,cost,wholesale,,,2021-09-01,2021-09-30,138.6,EUR/MWh,EUR,,primary
ember:monthly:day_ahead_price,SI,cost,wholesale,,,2021-10-01,2021-10-31,202.73,EUR/MWh,EUR,,primary
ember:monthly:day_ahead_price,SI,cost,wholesale,,,2021-11-01,2021-11-30,215.81,EUR/MWh,EUR,,primary
ember:monthly:day_ahead_price,SI,cost,wholesale,,,2021-12-01,2021-12-31,252.4,EUR/MWh,EUR,,primary
ember:monthly:day_ahead_price,SI,cost,wholesale,,,2022-01-01,2022-01-31,206.9,EUR/MWh,EUR,,primary
ember:monthly:day_ahead_price,SI,cost,wholesale,,,2022-02-01,2022-02-28,195.4,EUR/MWh,EUR,,primary
ember:monthly:day_ahead_price,SI,cost,wholesale,,,2022-03-01,2022-03-31,293.44,EUR/MWh,EUR,,primary
ember:monthly:day_ahead_price,SI,cost,wholesale,,,2022-04-01,2022-04-30,192.69,EUR/MWh,EUR,,primary
ember:monthly:day_ahead_price,SI,cost,wholesale,,,2022-05-01,2022-05-31,202.06,EUR/MWh,EUR,,primary
ember:monthly:day_ahead_price,SI,cost,wholesale,,,2022-06-01,2022-06-30,246.11,EUR/MWh,EUR,,primary
ember:monthly:day_ahead_price,SI,cost,wholesale,,,2022-07-01,2022-07-31,374.96,EUR/MWh,EUR,,primary
ember:monthly:day_ahead_price,SI,cost,wholesale,,,2022-08-01,2022-08-31,494.38,EUR/MWh,EUR,,primary
ember:monthly:day_ahead_price,SI,cost,wholesale,,,2022-09-01,2022-09-30,394.49,EUR/MWh,EUR,,primary
ember:monthly:day_ahead_price,SI,cost,wholesale,,,2022-10-01,2022-10-31,196.89,EUR/MWh,EUR,,primary
ember:monthly:day_ahead_price,SI,cost,wholesale,,,2022-11-01,2022-11-30,222.73,EUR/MWh,EUR,,primary
ember:monthly:day_ahead_price,SI,cost,wholesale,,,2022-12-01,2022-12-31,264.25,EUR/MWh,EUR,,primary
ember:monthly:day_ahead_price,SI,cost,wholesale,,,2023-01-01,2023-01-31,146.65,EUR/MWh,EUR,,primary
ember:monthly:day_ahead_price,SI,cost,wholesale,,,2023-02-01,2023-02-28,145.64,EUR/MWh,EUR,,primary
ember:monthly:day_ahead_price,SI,cost,wholesale,,,2023-03-01,2023-03-31,113.56,EUR/MWh,EUR,,primary
ember:monthly:day_ahead_price,SI,cost,wholesale,,,2023-04-01,2023-04-30,106.09,EUR/MWh,EUR,,primary
ember:monthly:day_ahead_price,SI,cost,wholesale,,,2023-05-01,2023-05-31,86.09,EUR/MWh,EUR,,primary
ember:monthly:day_ahead_price,SI,cost,wholesale,,,2023-06-01,2023-06-30,95.11,EUR/MWh,EUR,,primary
ember:monthly:day_ahead_price,SI,cost,wholesale,,,2023-07-01,2023-07-31,90.23,EUR/MWh,EUR,,primary
ember:monthly:day_ahead_price,SI,cost,wholesale,,,2023-08-01,2023-08-31,94.76,EUR/MWh,EUR,,primary
ember:monthly:day_ahead_price,SI,cost,wholesale,,,2023-09-01,2023-09-30,102.59,EUR/MWh,EUR,,primary
ember:monthly:day_ahead_price,SI,cost,wholesale,,,2023-10-01,2023-10-31,103.59,EUR/MWh,EUR,,primary
ember:monthly:day_ahead_price,SI,cost,wholesale,,,2023-11-01,2023-11-30,95.79,EUR/MWh,EUR,,primary
ember:monthly:day_ahead_price,SI,cost,wholesale,,,2023-12-01,2023-12-31,75.48,EUR/MWh,EUR,,primary
ember:monthly:day_ahead_price,SI,cost,wholesale,,,2024-01-01,2024-01-31,83.14,EUR/MWh,EUR,,primary
ember:monthly:day_ahead_price,SI,cost,wholesale,,,2024-02-01,2024-02-29,67.17,EUR/MWh,EUR,,primary
ember:monthly:day_ahead_price,SI,cost,wholesale,,,2024-03-01,2024-03-31,64.08,EUR/MWh,EUR,,primary
ember:monthly:day_ahead_price,SI,cost,wholesale,,,2024-04-01,2024-04-30,60.25,EUR/MWh,EUR,,primary
ember:monthly:day_ahead_price,SI,cost,wholesale,,,2024-05-01,2024-05-31,73.17,EUR/MWh,EUR,,primary
ember:monthly:day_ahead_price,SI,cost,wholesale,,,2024-06-01,2024-06-30,92.92,EUR/MWh,EUR,,primary
ember:monthly:day_ahead_price,SI,cost,wholesale,,,2024-07-01,2024-07-31,88.33,EUR/MWh,EUR,,primary
ember:monthly:day_ahead_price,SI,cost,wholesale,,,2024-08-01,2024-08-31,110.96,EUR/MWh,EUR,,primary
ember:monthly:day_ahead_price,SI,cost,wholesale,,,2024-09-01,2024-09-30,94.63,EUR/MWh,EUR,,primary
ember:monthly:day_ahead_price,SI,cost,wholesale,,,2024-10-01,2024-10-31,89.02,EUR/MWh,EUR,,primary
ember:monthly:day_ahead_price,SI,cost,wholesale,,,2024-11-01,2024-11-30,137.97,EUR/MWh,EUR,,primary
ember:monthly:day_ahead_price,SI,cost,wholesale,,,2024-12-01,2024-12-31,133.78,EUR/MWh,EUR,,primary
ember:monthly:day_ahead_price,SI,cost,wholesale,,,2025-01-01,2025-01-31,134.56,EUR/MWh,EUR,,primary
ember:monthly:day_ahead_price,SI,cost,wholesale,,,2025-02-01,2025-02-28,146.95,EUR/MWh,EUR,,primary
ember:monthly:day_ahead_price,SI,cost,wholesale,,,2025-03-01,2025-03-31,105.09,EUR/MWh,EUR,,primary
ember:monthly:day_ahead_price,SI,cost,wholesale,,,2025-04-01,2025-04-30,83.95,EUR/MWh,EUR,,primary
ember:monthly:day_ahead_price,SI,cost,wholesale,,,2025-05-01,2025-05-31,84.59,EUR/MWh,EUR,,primary
ember:monthly:day_ahead_price,SI,cost,wholesale,,,2025-06-01,2025-06-30,87.57,EUR/MWh,EUR,,primary
ember:monthly:day_ahead_price,SI,cost,wholesale,,,2025-07-01,2025-07-31,103.67,EUR/MWh,EUR,,primary
ember:monthly:day_ahead_price,SI,cost,wholesale,,,2025-08-01,2025-08-31,78.39,EUR/MWh,EUR,,primary
ember:monthly:day_ahead_price,SI,cost,wholesale,,,2025-09-01,2025-09-30,97.18,EUR/MWh,EUR,,primary
ember:monthly:day_ahead_price,SI,cost,wholesale,,,2025-10-01,2025-10-31,110.4,EUR/MWh,EUR,,primary
ember:monthly:day_ahead_price,SI,cost,wholesale,,,2025-11-01,2025-11-30,116.92,EUR/MWh,EUR,,primary
ember:monthly:day_ahead_price,SI,cost,wholesale,,,2025-12-01,2025-12-31,112.01,EUR/MWh,EUR,,primary
ember:monthly:day_ahead_price,SI,cost,wholesale,,,2026-01-01,2026-01-31,140.49,EUR/MWh,EUR,,primary
ember:monthly:day_ahead_price,SI,cost,wholesale,,,2026-02-01,2026-02-28,108.34,EUR/MWh,EUR,,primary
ember:monthly:day_ahead_price,SI,cost,wholesale,,,2026-03-01,2026-03-31,110.98,EUR/MWh,EUR,,primary
ember:monthly:day_ahead_price,SI,cost,wholesale,,,2026-04-01,2026-04-30,88.62,EUR/MWh,EUR,,primary
ember:monthly:day_ahead_price,SI,cost,wholesale,,,2026-05-01,2026-05-31,101.61,EUR/MWh,EUR,,primary
ember:monthly:day_ahead_price,SI,cost,wholesale,,,2026-06-01,2026-06-30,324.79,EUR/MWh,EUR,,primary
ember:monthly:day_ahead_price,SI,cost,wholesale,,,2026-07-01,2026-07-31,122.03,EUR/MWh,EUR,,primary
ember:monthly:day_ahead_price,SI,cost,wholesale,,,2026-08-01,2026-08-31,152.32,EUR/MWh,EUR,,primary
ember:monthly:day_ahead_price,SI,cost,wholesale,,,2026-09-01,2026-09-30,173.19,EUR/MWh,EUR,,primary
ember:monthly:day_ahead_price,SI,cost,wholesale,,,2026-10-01,2026-10-31,169.58,EUR/MWh,EUR,,primary
ember:monthly:day_ahead_price,SK,cost,wholesale,,,2015-01-01,2015-01-31,31.26,EUR/MWh,EUR,,primary
ember:monthly:day_ahead_price,SK,cost,wholesale,,,2015-02-01,2015-02-28,36.65,EUR/MWh,EUR,,primary
ember:monthly:day_ahead_price,SK,cost,wholesale,,,2015-03-01,2015-03-31,30.96,EUR/MWh,EUR,,primary
ember:monthly:day_ahead_price,SK,cost,wholesale,,,2015-04-01,2015-04-30,29.97,EUR/MWh,EUR,,primary
ember:monthly:day_ahead_price,SK,cost,wholesale,,,2015-05-01,2015-05-31,25.61,EUR/MWh,EUR,,primary
ember:monthly:day_ahead_price,SK,cost,wholesale,,,2015-06-01,2015-06-30,31.08,EUR/MWh,EUR,,primary
ember:monthly:day_ahead_price,SK,cost,wholesale,,,2015-07-01,2015-07-31,38.54,EUR/MWh,EUR,,primary
ember:monthly:day_ahead_price,SK,cost,wholesale,,,2015-08-01,2015-08-31,33.3,EUR/MWh,EUR,,primary
ember:monthly:day_ahead_price,SK,cost,wholesale,,,2015-09-01,2015-09-30,36.61,EUR/MWh,EUR,,primary
ember:monthly:day_ahead_price,SK,cost,wholesale,,,2015-10-01,2015-10-31,42.29,EUR/MWh,EUR,,primary
ember:monthly:day_ahead_price,SK,cost,wholesale,,,2015-11-01,2015-11-30,36.63,EUR/MWh,EUR,,primary
ember:monthly:day_ahead_price,SK,cost,wholesale,,,2015-12-01,2015-12-31,29.9,EUR/MWh,EUR,,primary
ember:monthly:day_ahead_price,SK,cost,wholesale,,,2016-01-01,2016-01-31,34.47,EUR/MWh,EUR,,primary
ember:monthly:day_ahead_price,SK,cost,wholesale,,,2016-02-01,2016-02-29,23.37,EUR/MWh,EUR,,primary
ember:monthly:day_ahead_price,SK,cost,wholesale,,,2016-03-01,2016-03-31,23.83,EUR/MWh,EUR,,primary
ember:monthly:day_ahead_price,SK,cost,wholesale,,,2016-04-01,2016-04-30,25.83,EUR/MWh,EUR,,primary
ember:monthly:day_ahead_price,SK,cost,wholesale,,,2016-05-01,2016-05-31,25.16,EUR/MWh,EUR,,primary
ember:monthly:day_ahead_price,SK,cost,wholesale,,,2016-06-01,2016-06-30,32.27,EUR/MWh,EUR,,primary
ember:monthly:day_ahead_price,SK,cost,wholesale,,,2016-07-01,2016-07-31,29.48,EUR/MWh,EUR,,primary
ember:monthly:day_ahead_price,SK,cost,wholesale,,,2016-08-01,2016-08-31,27.63,EUR/MWh,EUR,,primary
ember:monthly:day_ahead_price,SK,cost,wholesale,,,2016-09-01,2016-09-30,33.43,EUR/MWh,EUR,,primary
ember:monthly:day_ahead_price,SK,cost,wholesale,,,2016-10-01,2016-10-31,43.08,EUR/MWh,EUR,,primary
ember:monthly:day_ahead_price,SK,cost,wholesale,,,2016-11-01,2016-11-30,40.05,EUR/MWh,EUR,,primary
ember:monthly:day_ahead_price,SK,cost,wholesale,,,2016-12-01,2016-12-31,39.61,EUR/MWh,EUR,,primary
ember:monthly:day_ahead_price,SK,cost,wholesale,,,2017-01-01,2017-01-31,58.13,EUR/MWh,EUR,,primary
ember:monthly:day_ahead_price,SK,cost,wholesale,,,2017-02-01,2017-02-28,45.78,EUR/MWh,EUR,,primary
ember:monthly:day_ahead_price,SK,cost,wholesale,,,2017-03-01,2017-03-31,32.12,EUR/MWh,EUR,,primary
ember:monthly:day_ahead_price,SK,cost,wholesale,,,2017-04-01,2017-04-30,31.52,EUR/MWh,EUR,,primary
ember:monthly:day_ahead_price,SK,cost,wholesale,,,2017-05-01,2017-05-31,34.28,EUR/MWh,EUR,,primary
ember:monthly:day_ahead_price,SK,cost,wholesale,,,2017-06-01,2017-06-30,38.21,EUR/MWh,EUR,,primary
ember:monthly:day_ahead_price,SK,cost,wholesale,,,2017-07-01,2017-07-31,42.1,EUR/MWh,EUR,,primary
ember:monthly:day_ahead_price,SK,cost,wholesale,,,2017-08-01,2017-08-31,46.45,EUR/MWh,EUR,,primary
ember:monthly:day_ahead_price,SK,cost,wholesale,,,2017-09-01,2017-09-30,38.68,EUR/MWh,EUR,,primary
ember:monthly:day_ahead_price,SK,cost,wholesale,,,2017-10-01,2017-10-31,40.46,EUR/MWh,EUR,,primary
ember:monthly:day_ahead_price,SK,cost,wholesale,,,2017-11-01,2017-11-30,50.73,EUR/MWh,EUR,,primary
ember:monthly:day_ahead_price,SK,cost,wholesale,,,2017-12-01,2017-12-31,33.17,EUR/MWh,EUR,,primary
ember:monthly:day_ahead_price,SK,cost,wholesale,,,2018-01-01,2018-01-31,33.41,EUR/MWh,EUR,,primary
ember:monthly:day_ahead_price,SK,cost,wholesale,,,2018-02-01,2018-02-28,41.99,EUR/MWh,EUR,,primary
ember:monthly:day_ahead_price,SK,cost,wholesale,,,2018-03-01,2018-03-31,39.6,EUR/MWh,EUR,,primary
ember:monthly:day_ahead_price,SK,cost,wholesale,,,2018-04-01,2018-04-30,31.75,EUR/MWh,EUR,,primary
ember:monthly:day_ahead_price,SK,cost,wholesale,,,2018-05-01,2018-05-31,36.08,EUR/MWh,EUR,,primary
ember:monthly:day_ahead_price,SK,cost,wholesale,,,2018-06-01,2018-06-30,48.78,EUR/MWh,EUR,,primary
ember:monthly:day_ahead_price,SK,cost,wholesale,,,2018-07-01,2018-07-31,50.38,EUR/MWh,EUR,,primary
ember:monthly:day_ahead_price,SK,cost,wholesale,,,2018-08-01,2018-08-31,59.39,EUR/MWh,EUR,,primary
ember:monthly:day_ahead_price,SK,cost,wholesale,,,2018-09-01,2018-09-30,61.8,EUR/MWh,EUR,,primary
ember:monthly:day_ahead_price,SK,cost,wholesale,,,2018-10-01,2018-10-31,61.78,EUR/MWh,EUR,,primary
ember:monthly:day_ahead_price,SK,cost,wholesale,,,2018-11-01,2018-11-30,59.88,EUR/MWh,EUR,,primary
ember:monthly:day_ahead_price,SK,cost,wholesale,,,2018-12-01,2018-12-31,56.44,EUR/MWh,EUR,,primary
ember:monthly:day_ahead_price,SK,cost,wholesale,,,2019-01-01,2019-01-31,58.83,EUR/MWh,EUR,,primary
ember:monthly:day_ahead_price,SK,cost,wholesale,,,2019-02-01,2019-02-28,45.32,EUR/MWh,EUR,,primary
ember:monthly:day_ahead_price,SK,cost,wholesale,,,2019-03-01,2019-03-31,33.32,EUR/MWh,EUR,,primary
ember:monthly:day_ahead_price,SK,cost,wholesale,,,2019-04-01,2019-04-30,39.31,EUR/MWh,EUR,,primary
ember:monthly:day_ahead_price,SK,cost,wholesale,,,2019-05-01,2019-05-31,37.87,EUR/MWh,EUR,,primary
ember:monthly:day_ahead_price,SK,cost,wholesale,,,2019-06-01,2019-06-30,34.56,EUR/MWh,EUR,,primary
ember:monthly:day_ahead_price,SK,cost,wholesale,,,2019-07-01,2019-07-31,42.07,EUR/MWh,EUR,,primary
ember:monthly:day_ahead_price,SK,cost,wholesale,,,2019-08-01,2019-08-31,40.64,EUR/MWh,EUR,,primary
ember:monthly:day_ahead_price,SK,cost,wholesale,,,2019-09-01,2019-09-30,43.42,EUR/MWh,EUR,,primary
ember:monthly:day_ahead_price,SK,cost,wholesale,,,2019-10-01,2019-10-31,41.85,EUR/MWh,EUR,,primary
ember:monthly:day_ahead_price,SK,cost,wholesale,,,2019-11-01,2019-11-30,42.1,EUR/MWh,EUR,,primary
ember:monthly:day_ahead_price,SK,cost,wholesale,,,2019-12-01,2019-12-31,38.91,EUR/MWh,EUR,,primary
ember:monthly:day_ahead_price,SK,cost,wholesale,,,2020-01-01,2020-01-31,44.38,EUR/MWh,EUR,,primary
ember:monthly:day_ahead_price,SK,cost,wholesale,,,2020-02-01,2020-02-29,30.72,EUR/MWh,EUR,,primary
ember:monthly:day_ahead_price,SK,cost,wholesale,,,2020-03-01,2020-03-31,25.51,EUR/MWh,EUR,,primary
ember:monthly:day_ahead_price,SK,cost,wholesale,,,2020-04-01,2020-04-30,19.34,EUR/MWh,EUR,,primary
ember:monthly:day_ahead_price,SK,cost,wholesale,,,2020-05-01,2020-05-31,18.26,EUR/MWh,EUR,,primary
ember:monthly:day_ahead_price,SK,cost,wholesale,,,2020-06-01,2020-06-30,26.34,EUR/MWh,EUR,,primary
ember:monthly:day_ahead_price,SK,cost,wholesale,,,2020-07-01,2020-07-31,32.77,EUR/MWh,EUR,,primary
ember:monthly:day_ahead_price,SK,cost,wholesale,,,2020-08-01,2020-08-31,35.18,EUR/MWh,EUR,,primary
ember:monthly:day_ahead_price,SK,cost,wholesale,,,2020-09-01,2020-09-30,44.99,EUR/MWh,EUR,,primary
ember:monthly:day_ahead_price,SK,cost,wholesale,,,2020-10-01,2020-10-31,36.36,EUR/MWh,EUR,,primary
ember:monthly:day_ahead_price,SK,cost,wholesale,,,2020-11-01,2020-11-30,42.46,EUR/MWh,EUR,,primary
ember:monthly:day_ahead_price,SK,cost,wholesale,,,2020-12-01,2020-12-31,51.56,EUR/MWh,EUR,,primary
ember:monthly:day_ahead_price,SK,cost,wholesale,,,2021-01-01,2021-01-31,55.77,EUR/MWh,EUR,,primary
ember:monthly:day_ahead_price,SK,cost,wholesale,,,2021-02-01,2021-02-28,50.49,EUR/MWh,EUR,,primary
ember:monthly:day_ahead_price,SK,cost,wholesale,,,2021-03-01,2021-03-31,53.75,EUR/MWh,EUR,,primary
ember:monthly:day_ahead_price,SK,cost,wholesale,,,2021-04-01,2021-04-30,60.69,EUR/MWh,EUR,,primary
ember:monthly:day_ahead_price,SK,cost,wholesale,,,2021-05-01,2021-05-31,59.78,EUR/MWh,EUR,,primary
ember:monthly:day_ahead_price,SK,cost,wholesale,,,2021-06-01,2021-06-30,75.81,EUR/MWh,EUR,,primary
ember:monthly:day_ahead_price,SK,cost,wholesale,,,2021-07-01,2021-07-31,86.35,EUR/MWh,EUR,,primary
ember:monthly:day_ahead_price,SK,cost,wholesale,,,2021-08-01,2021-08-31,85.64,EUR/MWh,EUR,,primary
ember:monthly:day_ahead_price,SK,cost,wholesale,,,2021-09-01,2021-09-30,132.65,EUR/MWh,EUR,,primary
ember:monthly:day_ahead_price,SK,cost,wholesale,,,2021-10-01,2021-10-31,151.17,EUR/MWh,EUR,,primary
ember:monthly:day_ahead_price,SK,cost,wholesale,,,2021-11-01,2021-11-30,185.38,EUR/MWh,EUR,,primary
ember:monthly:day_ahead_price,SK,cost,wholesale,,,2021-12-01,2021-12-31,231.95,EUR/MWh,EUR,,primary
ember:monthly:day_ahead_price,SK,cost,wholesale,,,2022-01-01,2022-01-31,194.79,EUR/MWh,EUR,,primary
ember:monthly:day_ahead_price,SK,cost,wholesale,,,2022-02-01,2022-02-28,171.37,EUR/MWh,EUR,,primary
ember:monthly:day_ahead_price,SK,cost,wholesale,,,2022-03-01,2022-03-31,279.1,EUR/MWh,EUR,,primary
ember:monthly:day_ahead_price,SK,cost,wholesale,,,2022-04-01,2022-04-30,183.68,EUR/MWh,EUR,,primary
ember:monthly:day_ahead_price,SK,cost,wholesale,,,2022-05-01,2022-05-31,194.8,EUR/MWh,EUR,,primary
ember:monthly:day_ahead_price,SK,cost,wholesale,,,2022-06-01,2022-06-30,235.8,EUR/MWh,EUR,,primary
ember:monthly:day_ahead_price,SK,cost,wholesale,,,2022-07-01,2022-07-31,368.43,EUR/MWh,EUR,,primary
ember:monthly:day_ahead_price,SK,cost,wholesale,,,2022-08-01,2022-08-31,492.47,EUR/MWh,EUR,,primary
ember:monthly:day_ahead_price,SK,cost,wholesale,,,2022-09-01,2022-09-30,386.52,EUR/MWh,EUR,,primary
ember:monthly:day_ahead_price,SK,cost,wholesale,,,2022-10-01,2022-10-31,188.29,EUR/MWh,EUR,,primary
ember:monthly:day_ahead_price,SK,cost,wholesale,,,2022-11-01,2022-11-30,215.85,EUR/MWh,EUR,,primary
ember:monthly:day_ahead_price,SK,cost,wholesale,,,2022-12-01,2022-12-31,257.7,EUR/MWh,EUR,,primary
ember:monthly:day_ahead_price,SK,cost,wholesale,,,2023-01-01,2023-01-31,146.58,EUR/MWh,EUR,,primary
ember:monthly:day_ahead_price,SK,cost,wholesale,,,2023-02-01,2023-02-28,145.42,EUR/MWh,EUR,,primary
ember:monthly:day_ahead_price,SK,cost,wholesale,,,2023-03-01,2023-03-31,112.79,EUR/MWh,EUR,,primary
ember:monthly:day_ahead_price,SK,cost,wholesale,,,2023-04-01,2023-04-30,106.29,EUR/MWh,EUR,,primary
ember:monthly:day_ahead_price,SK,cost,wholesale,,,2023-05-01,2023-05-31,87.56,EUR/MWh,EUR,,primary
ember:monthly:day_ahead_price,SK,cost,wholesale,,,2023-06-01,2023-06-30,96.69,EUR/MWh,EUR,,primary
ember:monthly:day_ahead_price,SK,cost,wholesale,,,2023-07-01,2023-07-31,90.96,EUR/MWh,EUR,,primary
ember:monthly:day_ahead_price,SK,cost,wholesale,,,2023-08-01,2023-08-31,94.5,EUR/MWh,EUR,,primary
ember:monthly:day_ahead_price,SK,cost,wholesale,,,2023-09-01,2023-09-30,103.59,EUR/MWh,EUR,,primary
ember:monthly:day_ahead_price,SK,cost,wholesale,,,2023-10-01,2023-10-31,102.66,EUR/MWh,EUR,,primary
ember:monthly:day_ahead_price,SK,cost,wholesale,,,2023-11-01,2023-11-30,96.02,EUR/MWh,EUR,,primary
ember:monthly:day_ahead_price,SK,cost,wholesale,,,2023-12-01,2023-12-31,76.98,EUR/MWh,EUR,,primary
ember:monthly:day_ahead_price,SK,cost,wholesale,,,2024-01-01,2024-01-31,84.57,EUR/MWh,EUR,,primary
ember:monthly:day_ahead_price,SK,cost,wholesale,,,2024-02-01,2024-02-29,68.71,EUR/MWh,EUR,,primary
ember:monthly:day_ahead_price,SK,cost,wholesale,,,2024-03-01,2024-03-31,65.42,EUR/MWh,EUR,,primary
ember:monthly:day_ahead_price,SK,cost,wholesale,,,2024-04-01,2024-04-30,62.73,EUR/MWh,EUR,,primary
ember:monthly:day_ahead_price,SK,cost,wholesale,,,2024-05-01,2024-05-31,70.89,EUR/MWh,EUR,,primary
ember:monthly:day_ahead_price,SK,cost,wholesale,,,2024-06-01,2024-06-30,86.01,EUR/MWh,EUR,,primary
ember:monthly:day_ahead_price,SK,cost,wholesale,,,2024-07-01,2024-07-31,96.22,EUR/MWh,EUR,,primary
ember:monthly:day_ahead_price,SK,cost,wholesale,,,2024-08-01,2024-08-31,107.34,EUR/MWh,EUR,,primary
ember:monthly:day_ahead_price,SK,cost,wholesale,,,2024-09-01,2024-09-30,90.28,EUR/MWh,EUR,,primary
ember:monthly:day_ahead_price,SK,cost,wholesale,,,2024-10-01,2024-10-31,91.58,EUR/MWh,EUR,,primary
ember:monthly:day_ahead_price,SK,cost,wholesale,,,2024-11-01,2024-11-30,142.27,EUR/MWh,EUR,,primary
ember:monthly:day_ahead_price,SK,cost,wholesale,,,2024-12-01,2024-12-31,145.57,EUR/MWh,EUR,,primary
ember:monthly:day_ahead_price,SK,cost,wholesale,,,2025-01-01,2025-01-31,140.21,EUR/MWh,EUR,,primary
ember:monthly:day_ahead_price,SK,cost,wholesale,,,2025-02-01,2025-02-28,153.37,EUR/MWh,EUR,,primary
ember:monthly:day_ahead_price,SK,cost,wholesale,,,2025-03-01,2025-03-31,104.49,EUR/MWh,EUR,,primary
ember:monthly:day_ahead_price,SK,cost,wholesale,,,2025-04-01,2025-04-30,84.36,EUR/MWh,EUR,,primary
ember:monthly:day_ahead_price,SK,cost,wholesale,,,2025-05-01,2025-05-31,77.18,EUR/MWh,EUR,,primary
ember:monthly:day_ahead_price,SK,cost,wholesale,,,2025-06-01,2025-06-30,78.98,EUR/MWh,EUR,,primary
ember:monthly:day_ahead_price,SK,cost,wholesale,,,2025-07-01,2025-07-31,98.08,EUR/MWh,EUR,,primary
ember:monthly:day_ahead_price,SK,cost,wholesale,,,2025-08-01,2025-08-31,79.09,EUR/MWh,EUR,,primary
ember:monthly:day_ahead_price,SK,cost,wholesale,,,2025-09-01,2025-09-30,91.52,EUR/MWh,EUR,,primary
ember:monthly:day_ahead_price,SK,cost,wholesale,,,2025-10-01,2025-10-31,95.86,EUR/MWh,EUR,,primary
ember:monthly:day_ahead_price,SK,cost,wholesale,,,2025-11-01,2025-11-30,119.82,EUR/MWh,EUR,,primary
ember:monthly:day_ahead_price,SK,cost,wholesale,,,2025-12-01,2025-12-31,110.28,EUR/MWh,EUR,,primary
ember:monthly:day_ahead_price,SK,cost,wholesale,,,2026-01-01,2026-01-31,142.11,EUR/MWh,EUR,,primary
ember:monthly:day_ahead_price,SK,cost,wholesale,,,2026-02-01,2026-02-28,115.08,EUR/MWh,EUR,,primary
ember:monthly:day_ahead_price,SK,cost,wholesale,,,2026-03-01,2026-03-31,113.86,EUR/MWh,EUR,,primary
ember:monthly:day_ahead_price,SK,cost,wholesale,,,2026-04-01,2026-04-30,83.24,EUR/MWh,EUR,,primary
ember:monthly:day_ahead_price,SK,cost,wholesale,,,2026-05-01,2026-05-31,96.9,EUR/MWh,EUR,,primary
ember:monthly:day_ahead_price,SK,cost,wholesale,,,2026-06-01,2026-06-30,111.42,EUR/MWh,EUR,,primary
ember:monthly:day_ahead_price,SK,cost,wholesale,,,2026-07-01,2026-07-31,119.47,EUR/MWh,EUR,,primary
ember:monthly:day_ahead_price,SK,cost,wholesale,,,2026-08-01,2026-08-31,150.71,EUR/MWh,EUR,,primary
ember:monthly:day_ahead_price,SK,cost,wholesale,,,2026-09-01,2026-09-30,163.69,EUR/MWh,EUR,,primary
ember:monthly:day_ahead_price,SK,cost,wholesale,,,2026-10-01,2026-10-31,164.89,EUR/MWh,EUR,,primary
