series_id,region,layer,buyer_type,fuel,component,period_start,period_end,value,unit,currency,source_flag,confidence
nrg_pc_204_c:KWH2500-4999:EUR,AT,cost,household,,ALLOW_OTH,2022-01-01,2022-12-31,-0.0144,EUR/kWh,EUR,e,primary
nrg_pc_204_c:KWH2500-4999:EUR,AT,cost,household,,ALLOW_OTH,2023-01-01,2023-12-31,-0.0644,EUR/kWh,EUR,e,primary
nrg_pc_204_c:KWH2500-4999:EUR,AT,cost,household,,ALLOW_OTH,2024-01-01,2024-12-31,-0.0848,EUR/kWh,EUR,e,primary
nrg_pc_204_c:KWH2500-4999:EUR,AT,cost,household,,ALLOW_OTH,2025-01-01,2025-12-31,-0.0271,EUR/kWh,EUR,e,primary
nrg_pc_204_c:KWH2500-4999:EUR,AT,cost,household,,NETC,2017-01-01,2017-12-31,0.0606,EUR/kWh,EUR,,primary
nrg_pc_204_c:KWH2500-4999:EUR,AT,cost,household,,NETC,2018-01-01,2018-12-31,0.0626,EUR/kWh,EUR,,primary
nrg_pc_204_c:KWH2500-4999:EUR,AT,cost,household,,NETC,2019-01-01,2019-12-31,0.0645,EUR/kWh,EUR,,primary
nrg_pc_204_c:KWH2500-4999:EUR,AT,cost,household,,NETC,2020-01-01,2020-12-31,0.0639,EUR/kWh,EUR,,primary
nrg_pc_204_c:KWH2500-4999:EUR,AT,cost,household,,NETC,2021-01-01,2021-12-31,0.0676,EUR/kWh,EUR,,primary
nrg_pc_204_c:KWH2500-4999:EUR,AT,cost,household,,NETC,2022-01-01,2022-12-31,0.0687,EUR/kWh,EUR,,primary
nrg_pc_204_c:KWH2500-4999:EUR,AT,cost,household,,NETC,2023-01-01,2023-12-31,0.078,EUR/kWh,EUR,,primary
nrg_pc_204_c:KWH2500-4999:EUR,AT,cost,household,,NETC,2024-01-01,2024-12-31,0.0817,EUR/kWh,EUR,,primary
nrg_pc_204_c:KWH2500-4999:EUR,AT,cost,household,,NETC,2025-01-01,2025-12-31,0.0959,EUR/kWh,EUR,,primary
nrg_pc_204_c:KWH2500-4999:EUR,AT,cost,household,,NRG_SUP,2017-01-01,2017-12-31,0.0613,EUR/kWh,EUR,,primary
nrg_pc_204_c:KWH2500-4999:EUR,AT,cost,household,,NRG_SUP,2018-01-01,2018-12-31,0.0623,EUR/kWh,EUR,,primary
nrg_pc_204_c:KWH2500-4999:EUR,AT,cost,household,,NRG_SUP,2019-01-01,2019-12-31,0.0687,EUR/kWh,EUR,,primary
nrg_pc_204_c:KWH2500-4999:EUR,AT,cost,household,,NRG_SUP,2020-01-01,2020-12-31,0.0732,EUR/kWh,EUR,,primary
nrg_pc_204_c:KWH2500-4999:EUR,AT,cost,household,,NRG_SUP,2021-01-01,2021-12-31,0.0745,EUR/kWh,EUR,,primary
nrg_pc_204_c:KWH2500-4999:EUR,AT,cost,household,,NRG_SUP,2022-01-01,2022-12-31,0.1147,EUR/kWh,EUR,,primary
nrg_pc_204_c:KWH2500-4999:EUR,AT,cost,household,,NRG_SUP,2023-01-01,2023-12-31,0.206,EUR/kWh,EUR,,primary
nrg_pc_204_c:KWH2500-4999:EUR,AT,cost,household,,NRG_SUP,2024-01-01,2024-12-31,0.1995,EUR/kWh,EUR,,primary
nrg_pc_204_c:KWH2500-4999:EUR,AT,cost,household,,NRG_SUP,2025-01-01,2025-12-31,0.16,EUR/kWh,EUR,,primary
nrg_pc_204_c:KWH2500-4999:EUR,AT,cost,household,,OTH,2017-01-01,2017-12-31,0.0017,EUR/kWh,EUR,,primary
nrg_pc_204_c:KWH2500-4999:EUR,AT,cost,household,,OTH,2018-01-01,2018-12-31,0.0017,EUR/kWh,EUR,,primary
nrg_pc_204_c:KWH2500-4999:EUR,AT,cost,household,,OTH,2019-01-01,2019-12-31,0.0018,EUR/kWh,EUR,,primary
nrg_pc_204_c:KWH2500-4999:EUR,AT,cost,household,,OTH,2020-01-01,2020-12-31,0.0018,EUR/kWh,EUR,,primary
nrg_pc_204_c:KWH2500-4999:EUR,AT,cost,household,,OTH,2021-01-01,2021-12-31,0.0021,EUR/kWh,EUR,,primary
nrg_pc_204_c:KWH2500-4999:EUR,AT,cost,household,,OTH,2022-01-01,2022-12-31,-0.0119,EUR/kWh,EUR,e,primary
nrg_pc_204_c:KWH2500-4999:EUR,AT,cost,household,,OTH,2023-01-01,2023-12-31,-0.0608,EUR/kWh,EUR,e,primary
nrg_pc_204_c:KWH2500-4999:EUR,AT,cost,household,,OTH,2024-01-01,2024-12-31,-0.067,EUR/kWh,EUR,e,primary
nrg_pc_204_c:KWH2500-4999:EUR,AT,cost,household,,OTH,2025-01-01,2025-12-31,-0.0192,EUR/kWh,EUR,e,primary
nrg_pc_204_c:KWH2500-4999:EUR,AT,cost,household,,TAX_CAP,2017-01-01,2017-12-31,0.0,EUR/kWh,EUR,,primary
nrg_pc_204_c:KWH2500-4999:EUR,AT,cost,household,,TAX_CAP,2018-01-01,2018-12-31,0.0,EUR/kWh,EUR,,primary
nrg_pc_204_c:KWH2500-4999:EUR,AT,cost,household,,TAX_CAP,2019-01-01,2019-12-31,0.0,EUR/kWh,EUR,,primary
nrg_pc_204_c:KWH2500-4999:EUR,AT,cost,household,,TAX_CAP,2020-01-01,2020-12-31,0.0,EUR/kWh,EUR,,primary
nrg_pc_204_c:KWH2500-4999:EUR,AT,cost,household,,TAX_CAP,2021-01-01,2021-12-31,0.0,EUR/kWh,EUR,,primary
nrg_pc_204_c:KWH2500-4999:EUR,AT,cost,household,,TAX_CAP,2022-01-01,2022-12-31,0.0,EUR/kWh,EUR,,primary
nrg_pc_204_c:KWH2500-4999:EUR,AT,cost,household,,TAX_CAP,2023-01-01,2023-12-31,0.0,EUR/kWh,EUR,,primary
nrg_pc_204_c:KWH2500-4999:EUR,AT,cost,household,,TAX_CAP,2024-01-01,2024-12-31,0.0,EUR/kWh,EUR,,primary
nrg_pc_204_c:KWH2500-4999:EUR,AT,cost,household,,TAX_CAP,2025-01-01,2025-12-31,0.0,EUR/kWh,EUR,,primary
nrg_pc_204_c:KWH2500-4999:EUR,AT,cost,household,,TAX_CAP_ALLOW,2023-01-01,2023-12-31,0.0,EUR/kWh,EUR,,primary
nrg_pc_204_c:KWH2500-4999:EUR,AT,cost,household,,TAX_CAP_ALLOW,2024-01-01,2024-12-31,0.0,EUR/kWh,EUR,,primary
nrg_pc_204_c:KWH2500-4999:EUR,AT,cost,household,,TAX_CAP_ALLOW,2025-01-01,2025-12-31,0.0,EUR/kWh,EUR,,primary
nrg_pc_204_c:KWH2500-4999:EUR,AT,cost,household,,TAX_ENV,2017-01-01,2017-12-31,0.015,EUR/kWh,EUR,,primary
nrg_pc_204_c:KWH2500-4999:EUR,AT,cost,household,,TAX_ENV,2018-01-01,2018-12-31,0.015,EUR/kWh,EUR,,primary
nrg_pc_204_c:KWH2500-4999:EUR,AT,cost,household,,TAX_ENV,2019-01-01,2019-12-31,0.015,EUR/kWh,EUR,,primary
nrg_pc_204_c:KWH2500-4999:EUR,AT,cost,household,,TAX_ENV,2020-01-01,2020-12-31,0.015,EUR/kWh,EUR,,primary
nrg_pc_204_c:KWH2500-4999:EUR,AT,cost,household,,TAX_ENV,2021-01-01,2021-12-31,0.015,EUR/kWh,EUR,,primary
nrg_pc_204_c:KWH2500-4999:EUR,AT,cost,household,,TAX_ENV,2022-01-01,2022-12-31,0.0102,EUR/kWh,EUR,,primary
nrg_pc_204_c:KWH2500-4999:EUR,AT,cost,household,,TAX_ENV,2023-01-01,2023-12-31,0.0016,EUR/kWh,EUR,,primary
nrg_pc_204_c:KWH2500-4999:EUR,AT,cost,household,,TAX_ENV,2024-01-01,2024-12-31,0.0011,EUR/kWh,EUR,,primary
nrg_pc_204_c:KWH2500-4999:EUR,AT,cost,household,,TAX_ENV,2025-01-01,2025-12-31,0.0106,EUR/kWh,EUR,,primary
nrg_pc_204_c:KWH2500-4999:EUR,AT,cost,household,,TAX_ENV_ALLOW,2023-01-01,2023-12-31,0.0,EUR/kWh,EUR,,primary
nrg_pc_204_c:KWH2500-4999:EUR,AT,cost,household,,TAX_ENV_ALLOW,2024-01-01,2024-12-31,0.0,EUR/kWh,EUR,,primary
nrg_pc_204_c:KWH2500-4999:EUR,AT,cost,household,,TAX_ENV_ALLOW,2025-01-01,2025-12-31,0.0,EUR/kWh,EUR,,primary
nrg_pc_204_c:KWH2500-4999:EUR,AT,cost,household,,TAX_FEE_LEV_CHRG,2017-01-01,2017-12-31,0.076,EUR/kWh,EUR,,primary
nrg_pc_204_c:KWH2500-4999:EUR,AT,cost,household,,TAX_FEE_LEV_CHRG,2018-01-01,2018-12-31,0.0741,EUR/kWh,EUR,,primary
nrg_pc_204_c:KWH2500-4999:EUR,AT,cost,household,,TAX_FEE_LEV_CHRG,2019-01-01,2019-12-31,0.072,EUR/kWh,EUR,,primary
nrg_pc_204_c:KWH2500-4999:EUR,AT,cost,household,,TAX_FEE_LEV_CHRG,2020-01-01,2020-12-31,0.0768,EUR/kWh,EUR,,primary
nrg_pc_204_c:KWH2500-4999:EUR,AT,cost,household,,TAX_FEE_LEV_CHRG,2021-01-01,2021-12-31,0.0829,EUR/kWh,EUR,,primary
nrg_pc_204_c:KWH2500-4999:EUR,AT,cost,household,,TAX_FEE_LEV_CHRG,2022-01-01,2022-12-31,0.0475,EUR/kWh,EUR,,primary
nrg_pc_204_c:KWH2500-4999:EUR,AT,cost,household,,TAX_FEE_LEV_CHRG,2023-01-01,2023-12-31,-0.014,EUR/kWh,EUR,,primary
nrg_pc_204_c:KWH2500-4999:EUR,AT,cost,household,,TAX_FEE_LEV_CHRG,2024-01-01,2024-12-31,-0.0228,EUR/kWh,EUR,,primary
nrg_pc_204_c:KWH2500-4999:EUR,AT,cost,household,,TAX_FEE_LEV_CHRG,2025-01-01,2025-12-31,0.053,EUR/kWh,EUR,,primary
nrg_pc_204_c:KWH2500-4999:EUR,AT,cost,household,,TAX_FEE_LEV_CHRG_ALLOW,2025-01-01,2025-12-31,-0.0271,EUR/kWh,EUR,,primary
nrg_pc_204_c:KWH2500-4999:EUR,AT,cost,household,,TAX_NUC,2017-01-01,2017-12-31,0.0,EUR/kWh,EUR,,primary
nrg_pc_204_c:KWH2500-4999:EUR,AT,cost,household,,TAX_NUC,2018-01-01,2018-12-31,0.0,EUR/kWh,EUR,,primary
nrg_pc_204_c:KWH2500-4999:EUR,AT,cost,household,,TAX_NUC,2019-01-01,2019-12-31,0.0,EUR/kWh,EUR,,primary
nrg_pc_204_c:KWH2500-4999:EUR,AT,cost,household,,TAX_NUC,2020-01-01,2020-12-31,0.0,EUR/kWh,EUR,,primary
nrg_pc_204_c:KWH2500-4999:EUR,AT,cost,household,,TAX_NUC,2021-01-01,2021-12-31,0.0,EUR/kWh,EUR,,primary
nrg_pc_204_c:KWH2500-4999:EUR,AT,cost,household,,TAX_NUC,2022-01-01,2022-12-31,0.0,EUR/kWh,EUR,,primary
nrg_pc_204_c:KWH2500-4999:EUR,AT,cost,household,,TAX_NUC,2023-01-01,2023-12-31,0.0,EUR/kWh,EUR,,primary
nrg_pc_204_c:KWH2500-4999:EUR,AT,cost,household,,TAX_NUC,2024-01-01,2024-12-31,0.0,EUR/kWh,EUR,,primary
nrg_pc_204_c:KWH2500-4999:EUR,AT,cost,household,,TAX_NUC,2025-01-01,2025-12-31,0.0,EUR/kWh,EUR,,primary
nrg_pc_204_c:KWH2500-4999:EUR,AT,cost,household,,TAX_NUC_ALLOW,2023-01-01,2023-12-31,0.0,EUR/kWh,EUR,,primary
nrg_pc_204_c:KWH2500-4999:EUR,AT,cost,household,,TAX_NUC_ALLOW,2024-01-01,2024-12-31,0.0,EUR/kWh,EUR,,primary
nrg_pc_204_c:KWH2500-4999:EUR,AT,cost,household,,TAX_NUC_ALLOW,2025-01-01,2025-12-31,0.0,EUR/kWh,EUR,,primary
nrg_pc_204_c:KWH2500-4999:EUR,AT,cost,household,,TAX_RNW,2017-01-01,2017-12-31,0.0263,EUR/kWh,EUR,,primary
nrg_pc_204_c:KWH2500-4999:EUR,AT,cost,household,,TAX_RNW,2018-01-01,2018-12-31,0.0242,EUR/kWh,EUR,,primary
nrg_pc_204_c:KWH2500-4999:EUR,AT,cost,household,,TAX_RNW,2019-01-01,2019-12-31,0.0211,EUR/kWh,EUR,,primary
nrg_pc_204_c:KWH2500-4999:EUR,AT,cost,household,,TAX_RNW,2020-01-01,2020-12-31,0.0244,EUR/kWh,EUR,,primary
nrg_pc_204_c:KWH2500-4999:EUR,AT,cost,household,,TAX_RNW,2021-01-01,2021-12-31,0.0284,EUR/kWh,EUR,,primary
nrg_pc_204_c:KWH2500-4999:EUR,AT,cost,household,,TAX_RNW,2022-01-01,2022-12-31,0.0106,EUR/kWh,EUR,,primary
nrg_pc_204_c:KWH2500-4999:EUR,AT,cost,household,,TAX_RNW,2023-01-01,2023-12-31,0.0002,EUR/kWh,EUR,,primary
nrg_pc_204_c:KWH2500-4999:EUR,AT,cost,household,,TAX_RNW,2024-01-01,2024-12-31,0.0,EUR/kWh,EUR,,primary
nrg_pc_204_c:KWH2500-4999:EUR,AT,cost,household,,TAX_RNW,2025-01-01,2025-12-31,0.0101,EUR/kWh,EUR,,primary
nrg_pc_204_c:KWH2500-4999:EUR,AT,cost,household,,TAX_RNW_ALLOW,2023-01-01,2023-12-31,0.0,EUR/kWh,EUR,,primary
nrg_pc_204_c:KWH2500-4999:EUR,AT,cost,household,,TAX_RNW_ALLOW,2024-01-01,2024-12-31,0.0,EUR/kWh,EUR,,primary
nrg_pc_204_c:KWH2500-4999:EUR,AT,cost,household,,TAX_RNW_ALLOW,2025-01-01,2025-12-31,0.0,EUR/kWh,EUR,,primary
nrg_pc_204_c:KWH2500-4999:EUR,AT,cost,household,,VAT,2017-01-01,2017-12-31,0.033,EUR/kWh,EUR,,primary
nrg_pc_204_c:KWH2500-4999:EUR,AT,cost,household,,VAT,2018-01-01,2018-12-31,0.0332,EUR/kWh,EUR,,primary
nrg_pc_204_c:KWH2500-4999:EUR,AT,cost,household,,VAT,2019-01-01,2019-12-31,0.0341,EUR/kWh,EUR,,primary
nrg_pc_204_c:KWH2500-4999:EUR,AT,cost,household,,VAT,2020-01-01,2020-12-31,0.0357,EUR/kWh,EUR,,primary
nrg_pc_204_c:KWH2500-4999:EUR,AT,cost,household,,VAT,2021-01-01,2021-12-31,0.0375,EUR/kWh,EUR,,primary
nrg_pc_204_c:KWH2500-4999:EUR,AT,cost,household,,VAT,2022-01-01,2022-12-31,0.0385,EUR/kWh,EUR,e,primary
nrg_pc_204_c:KWH2500-4999:EUR,AT,cost,household,,VAT,2023-01-01,2023-12-31,0.045,EUR/kWh,EUR,e,primary
nrg_pc_204_c:KWH2500-4999:EUR,AT,cost,household,,VAT,2024-01-01,2024-12-31,0.0431,EUR/kWh,EUR,,primary
nrg_pc_204_c:KWH2500-4999:EUR,AT,cost,household,,VAT,2025-01-01,2025-12-31,0.0515,EUR/kWh,EUR,,primary
nrg_pc_204_c:KWH2500-4999:EUR,BE,cost,household,,ALLOW_OTH,2022-01-01,2022-12-31,0.0,EUR/kWh,EUR,,primary
nrg_pc_204_c:KWH2500-4999:EUR,BE,cost,household,,ALLOW_OTH,2023-01-01,2023-12-31,0.0,EUR/kWh,EUR,,primary
nrg_pc_204_c:KWH2500-4999:EUR,BE,cost,household,,ALLOW_OTH,2024-01-01,2024-12-31,0.0,EUR/kWh,EUR,,primary
nrg_pc_204_c:KWH2500-4999:EUR,BE,cost,household,,ALLOW_OTH,2025-01-01,2025-12-31,0.0,EUR/kWh,EUR,,primary
nrg_pc_204_c:KWH2500-4999:EUR,BE,cost,household,,NETC,2017-01-01,2017-12-31,0.1055,EUR/kWh,EUR,,primary
nrg_pc_204_c:KWH2500-4999:EUR,BE,cost,household,,NETC,2018-01-01,2018-12-31,0.1116,EUR/kWh,EUR,,primary
nrg_pc_204_c:KWH2500-4999:EUR,BE,cost,household,,NETC,2019-01-01,2019-12-31,0.1092,EUR/kWh,EUR,,primary
nrg_pc_204_c:KWH2500-4999:EUR,BE,cost,household,,NETC,2020-01-01,2020-12-31,0.1049,EUR/kWh,EUR,,primary
nrg_pc_204_c:KWH2500-4999:EUR,BE,cost,household,,NETC,2021-01-01,2021-12-31,0.1046,EUR/kWh,EUR,,primary
nrg_pc_204_c:KWH2500-4999:EUR,BE,cost,household,,NETC,2022-01-01,2022-12-31,0.0914,EUR/kWh,EUR,,primary
nrg_pc_204_c:KWH2500-4999:EUR,BE,cost,household,,NETC,2023-01-01,2023-12-31,0.0874,EUR/kWh,EUR,,primary
nrg_pc_204_c:KWH2500-4999:EUR,BE,cost,household,,NETC,2024-01-01,2024-12-31,0.0871,EUR/kWh,EUR,,primary
nrg_pc_204_c:KWH2500-4999:EUR,BE,cost,household,,NETC,2025-01-01,2025-12-31,0.1196,EUR/kWh,EUR,,primary
nrg_pc_204_c:KWH2500-4999:EUR,BE,cost,household,,NRG_SUP,2017-01-01,2017-12-31,0.0735,EUR/kWh,EUR,,primary
nrg_pc_204_c:KWH2500-4999:EUR,BE,cost,household,,NRG_SUP,2018-01-01,2018-12-31,0.0808,EUR/kWh,EUR,,primary
nrg_pc_204_c:KWH2500-4999:EUR,BE,cost,household,,NRG_SUP,2019-01-01,2019-12-31,0.0859,EUR/kWh,EUR,,primary
nrg_pc_204_c:KWH2500-4999:EUR,BE,cost,household,,NRG_SUP,2020-01-01,2020-12-31,0.0786,EUR/kWh,EUR,,primary
nrg_pc_204_c:KWH2500-4999:EUR,BE,cost,household,,NRG_SUP,2021-01-01,2021-12-31,0.0844,EUR/kWh,EUR,,primary
nrg_pc_204_c:KWH2500-4999:EUR,BE,cost,household,,NRG_SUP,2022-01-01,2022-12-31,0.2293,EUR/kWh,EUR,,primary
nrg_pc_204_c:KWH2500-4999:EUR,BE,cost,household,,NRG_SUP,2023-01-01,2023-12-31,0.2318,EUR/kWh,EUR,,primary
nrg_pc_204_c:KWH2500-4999:EUR,BE,cost,household,,NRG_SUP,2024-01-01,2024-12-31,0.1564,EUR/kWh,EUR,,primary
nrg_pc_204_c:KWH2500-4999:EUR,BE,cost,household,,NRG_SUP,2025-01-01,2025-12-31,0.1541,EUR/kWh,EUR,,primary
nrg_pc_204_c:KWH2500-4999:EUR,BE,cost,household,,OTH,2017-01-01,2017-12-31,0.049,EUR/kWh,EUR,e,primary
nrg_pc_204_c:KWH2500-4999:EUR,BE,cost,household,,OTH,2018-01-01,2018-12-31,0.0071,EUR/kWh,EUR,,primary
nrg_pc_204_c:KWH2500-4999:EUR,BE,cost,household,,OTH,2019-01-01,2019-12-31,0.0015,EUR/kWh,EUR,,primary
nrg_pc_204_c:KWH2500-4999:EUR,BE,cost,household,,OTH,2020-01-01,2020-12-31,0.002,EUR/kWh,EUR,,primary
nrg_pc_204_c:KWH2500-4999:EUR,BE,cost,household,,OTH,2021-01-01,2021-12-31,0.0022,EUR/kWh,EUR,,primary
nrg_pc_204_c:KWH2500-4999:EUR,BE,cost,household,,OTH,2022-01-01,2022-12-31,0.0,EUR/kWh,EUR,,primary
nrg_pc_204_c:KWH2500-4999:EUR,BE,cost,household,,OTH,2023-01-01,2023-12-31,0.0,EUR/kWh,EUR,,primary
nrg_pc_204_c:KWH2500-4999:EUR,BE,cost,household,,OTH,2024-01-01,2024-12-31,0.0,EUR/kWh,EUR,,primary
nrg_pc_204_c:KWH2500-4999:EUR,BE,cost,household,,OTH,2025-01-01,2025-12-31,0.0,EUR/kWh,EUR,,primary
nrg_pc_204_c:KWH2500-4999:EUR,BE,cost,household,,TAX_CAP,2017-01-01,2017-12-31,0.0009,EUR/kWh,EUR,e,primary
nrg_pc_204_c:KWH2500-4999:EUR,BE,cost,household,,TAX_CAP,2018-01-01,2018-12-31,0.0023,EUR/kWh,EUR,,primary
nrg_pc_204_c:KWH2500-4999:EUR,BE,cost,household,,TAX_CAP,2019-01-01,2019-12-31,0.0018,EUR/kWh,EUR,,primary
nrg_pc_204_c:KWH2500-4999:EUR,BE,cost,household,,TAX_CAP,2020-01-01,2020-12-31,0.0019,EUR/kWh,EUR,,primary
nrg_pc_204_c:KWH2500-4999:EUR,BE,cost,household,,TAX_CAP,2021-01-01,2021-12-31,0.0021,EUR/kWh,EUR,,primary
nrg_pc_204_c:KWH2500-4999:EUR,BE,cost,household,,TAX_CAP,2022-01-01,2022-12-31,0.0019,EUR/kWh,EUR,,primary
nrg_pc_204_c:KWH2500-4999:EUR,BE,cost,household,,TAX_CAP,2023-01-01,2023-12-31,0.0012,EUR/kWh,EUR,,primary
nrg_pc_204_c:KWH2500-4999:EUR,BE,cost,household,,TAX_CAP,2024-01-01,2024-12-31,0.0013,EUR/kWh,EUR,,primary
nrg_pc_204_c:KWH2500-4999:EUR,BE,cost,household,,TAX_CAP,2025-01-01,2025-12-31,0.0013,EUR/kWh,EUR,,primary
nrg_pc_204_c:KWH2500-4999:EUR,BE,cost,household,,TAX_CAP_ALLOW,2022-01-01,2022-12-31,0.0,EUR/kWh,EUR,,primary
nrg_pc_204_c:KWH2500-4999:EUR,BE,cost,household,,TAX_CAP_ALLOW,2023-01-01,2023-12-31,0.0,EUR/kWh,EUR,,primary
nrg_pc_204_c:KWH2500-4999:EUR,BE,cost,household,,TAX_CAP_ALLOW,2024-01-01,2024-12-31,0.0,EUR/kWh,EUR,,primary
nrg_pc_204_c:KWH2500-4999:EUR,BE,cost,household,,TAX_CAP_ALLOW,2025-01-01,2025-12-31,0.0,EUR/kWh,EUR,,primary
nrg_pc_204_c:KWH2500-4999:EUR,BE,cost,household,,TAX_ENV,2017-01-01,2017-12-31,0.0,EUR/kWh,EUR,e,primary
nrg_pc_204_c:KWH2500-4999:EUR,BE,cost,household,,TAX_ENV,2018-01-01,2018-12-31,0.0019,EUR/kWh,EUR,,primary
nrg_pc_204_c:KWH2500-4999:EUR,BE,cost,household,,TAX_ENV,2019-01-01,2019-12-31,0.0019,EUR/kWh,EUR,,primary
nrg_pc_204_c:KWH2500-4999:EUR,BE,cost,household,,TAX_ENV,2020-01-01,2020-12-31,0.0019,EUR/kWh,EUR,,primary
nrg_pc_204_c:KWH2500-4999:EUR,BE,cost,household,,TAX_ENV,2021-01-01,2021-12-31,0.0019,EUR/kWh,EUR,,primary
nrg_pc_204_c:KWH2500-4999:EUR,BE,cost,household,,TAX_ENV,2022-01-01,2022-12-31,0.0163,EUR/kWh,EUR,,primary
nrg_pc_204_c:KWH2500-4999:EUR,BE,cost,household,,TAX_ENV,2023-01-01,2023-12-31,0.0405,EUR/kWh,EUR,,primary
nrg_pc_204_c:KWH2500-4999:EUR,BE,cost,household,,TAX_ENV,2024-01-01,2024-12-31,0.0494,EUR/kWh,EUR,,primary
nrg_pc_204_c:KWH2500-4999:EUR,BE,cost,household,,TAX_ENV,2025-01-01,2025-12-31,0.0494,EUR/kWh,EUR,,primary
nrg_pc_204_c:KWH2500-4999:EUR,BE,cost,household,,TAX_ENV_ALLOW,2022-01-01,2022-12-31,0.0,EUR/kWh,EUR,,primary
nrg_pc_204_c:KWH2500-4999:EUR,BE,cost,household,,TAX_ENV_ALLOW,2023-01-01,2023-12-31,0.0,EUR/kWh,EUR,,primary
nrg_pc_204_c:KWH2500-4999:EUR,BE,cost,household,,TAX_ENV_ALLOW,2024-01-01,2024-12-31,0.0,EUR/kWh,EUR,,primary
nrg_pc_204_c:KWH2500-4999:EUR,BE,cost,household,,TAX_ENV_ALLOW,2025-01-01,2025-12-31,0.0,EUR/kWh,EUR,,primary
nrg_pc_204_c:KWH2500-4999:EUR,BE,cost,household,,TAX_FEE_LEV_CHRG,2017-01-01,2017-12-31,0.1088,EUR/kWh,EUR,,primary
nrg_pc_204_c:KWH2500-4999:EUR,BE,cost,household,,TAX_FEE_LEV_CHRG,2018-01-01,2018-12-31,0.0957,EUR/kWh,EUR,,primary
nrg_pc_204_c:KWH2500-4999:EUR,BE,cost,household,,TAX_FEE_LEV_CHRG,2019-01-01,2019-12-31,0.0898,EUR/kWh,EUR,,primary
nrg_pc_204_c:KWH2500-4999:EUR,BE,cost,household,,TAX_FEE_LEV_CHRG,2020-01-01,2020-12-31,0.0912,EUR/kWh,EUR,,primary
nrg_pc_204_c:KWH2500-4999:EUR,BE,cost,household,,TAX_FEE_LEV_CHRG,2021-01-01,2021-12-31,0.0957,EUR/kWh,EUR,,primary
nrg_pc_204_c:KWH2500-4999:EUR,BE,cost,household,,TAX_FEE_LEV_CHRG,2022-01-01,2022-12-31,0.0756,EUR/kWh,EUR,,primary
nrg_pc_204_c:KWH2500-4999:EUR,BE,cost,household,,TAX_FEE_LEV_CHRG,2023-01-01,2023-12-31,0.0872,EUR/kWh,EUR,,primary
nrg_pc_204_c:KWH2500-4999:EUR,BE,cost,household,,TAX_FEE_LEV_CHRG,2024-01-01,2024-12-31,0.0898,EUR/kWh,EUR,,primary
nrg_pc_204_c:KWH2500-4999:EUR,BE,cost,household,,TAX_FEE_LEV_CHRG,2025-01-01,2025-12-31,0.0799,EUR/kWh,EUR,,primary
nrg_pc_204_c:KWH2500-4999:EUR,BE,cost,household,,TAX_FEE_LEV_CHRG_ALLOW,2024-01-01,2024-12-31,0.0,EUR/kWh,EUR,,primary
nrg_pc_204_c:KWH2500-4999:EUR,BE,cost,household,,TAX_FEE_LEV_CHRG_ALLOW,2025-01-01,2025-12-31,0.0,EUR/kWh,EUR,,primary
nrg_pc_204_c:KWH2500-4999:EUR,BE,cost,household,,TAX_NUC,2017-01-01,2017-12-31,0.001,EUR/kWh,EUR,e,primary
nrg_pc_204_c:KWH2500-4999:EUR,BE,cost,household,,TAX_NUC,2018-01-01,2018-12-31,0.0011,EUR/kWh,EUR,,primary
nrg_pc_204_c:KWH2500-4999:EUR,BE,cost,household,,TAX_NUC,2019-01-01,2019-12-31,0.0007,EUR/kWh,EUR,,primary
nrg_pc_204_c:KWH2500-4999:EUR,BE,cost,household,,TAX_NUC,2020-01-01,2020-12-31,0.001,EUR/kWh,EUR,,primary
nrg_pc_204_c:KWH2500-4999:EUR,BE,cost,household,,TAX_NUC,2021-01-01,2021-12-31,0.0011,EUR/kWh,EUR,,primary
nrg_pc_204_c:KWH2500-4999:EUR,BE,cost,household,,TAX_NUC,2022-01-01,2022-12-31,0.0,EUR/kWh,EUR,,primary
nrg_pc_204_c:KWH2500-4999:EUR,BE,cost,household,,TAX_NUC,2023-01-01,2023-12-31,0.0,EUR/kWh,EUR,,primary
nrg_pc_204_c:KWH2500-4999:EUR,BE,cost,household,,TAX_NUC,2024-01-01,2024-12-31,0.0,EUR/kWh,EUR,,primary
nrg_pc_204_c:KWH2500-4999:EUR,BE,cost,household,,TAX_NUC,2025-01-01,2025-12-31,0.0,EUR/kWh,EUR,,primary
nrg_pc_204_c:KWH2500-4999:EUR,BE,cost,household,,TAX_NUC_ALLOW,2022-01-01,2022-12-31,0.0,EUR/kWh,EUR,,primary
nrg_pc_204_c:KWH2500-4999:EUR,BE,cost,household,,TAX_NUC_ALLOW,2023-01-01,2023-12-31,0.0,EUR/kWh,EUR,,primary
nrg_pc_204_c:KWH2500-4999:EUR,BE,cost,household,,TAX_NUC_ALLOW,2024-01-01,2024-12-31,0.0,EUR/kWh,EUR,,primary
nrg_pc_204_c:KWH2500-4999:EUR,BE,cost,household,,TAX_NUC_ALLOW,2025-01-01,2025-12-31,0.0,EUR/kWh,EUR,,primary
nrg_pc_204_c:KWH2500-4999:EUR,BE,cost,household,,TAX_RNW,2017-01-01,2017-12-31,0.0106,EUR/kWh,EUR,e,primary
nrg_pc_204_c:KWH2500-4999:EUR,BE,cost,household,,TAX_RNW,2018-01-01,2018-12-31,0.0342,EUR/kWh,EUR,,primary
nrg_pc_204_c:KWH2500-4999:EUR,BE,cost,household,,TAX_RNW,2019-01-01,2019-12-31,0.0352,EUR/kWh,EUR,,primary
nrg_pc_204_c:KWH2500-4999:EUR,BE,cost,household,,TAX_RNW,2020-01-01,2020-12-31,0.0376,EUR/kWh,EUR,,primary
nrg_pc_204_c:KWH2500-4999:EUR,BE,cost,household,,TAX_RNW,2021-01-01,2021-12-31,0.0401,EUR/kWh,EUR,,primary
nrg_pc_204_c:KWH2500-4999:EUR,BE,cost,household,,TAX_RNW,2022-01-01,2022-12-31,0.0262,EUR/kWh,EUR,,primary
nrg_pc_204_c:KWH2500-4999:EUR,BE,cost,household,,TAX_RNW,2023-01-01,2023-12-31,0.0226,EUR/kWh,EUR,,primary
nrg_pc_204_c:KWH2500-4999:EUR,BE,cost,household,,TAX_RNW,2024-01-01,2024-12-31,0.0203,EUR/kWh,EUR,,primary
nrg_pc_204_c:KWH2500-4999:EUR,BE,cost,household,,TAX_RNW,2025-01-01,2025-12-31,0.0092,EUR/kWh,EUR,,primary
nrg_pc_204_c:KWH2500-4999:EUR,BE,cost,household,,TAX_RNW_ALLOW,2022-01-01,2022-12-31,0.0,EUR/kWh,EUR,,primary
nrg_pc_204_c:KWH2500-4999:EUR,BE,cost,household,,TAX_RNW_ALLOW,2023-01-01,2023-12-31,0.0,EUR/kWh,EUR,,primary
nrg_pc_204_c:KWH2500-4999:EUR,BE,cost,household,,TAX_RNW_ALLOW,2024-01-01,2024-12-31,0.0,EUR/kWh,EUR,,primary
nrg_pc_204_c:KWH2500-4999:EUR,BE,cost,household,,TAX_RNW_ALLOW,2025-01-01,2025-12-31,0.0,EUR/kWh,EUR,,primary
nrg_pc_204_c:KWH2500-4999:EUR,BE,cost,household,,VAT,2017-01-01,2017-12-31,0.0472,EUR/kWh,EUR,,primary
nrg_pc_204_c:KWH2500-4999:EUR,BE,cost,household,,VAT,2018-01-01,2018-12-31,0.0491,EUR/kWh,EUR,,primary
nrg_pc_204_c:KWH2500-4999:EUR,BE,cost,household,,VAT,2019-01-01,2019-12-31,0.0487,EUR/kWh,EUR,,primary
nrg_pc_204_c:KWH2500-4999:EUR,BE,cost,household,,VAT,2020-01-01,2020-12-31,0.0468,EUR/kWh,EUR,,primary
nrg_pc_204_c:KWH2500-4999:EUR,BE,cost,household,,VAT,2021-01-01,2021-12-31,0.0485,EUR/kWh,EUR,,primary
nrg_pc_204_c:KWH2500-4999:EUR,BE,cost,household,,VAT,2022-01-01,2022-12-31,0.0312,EUR/kWh,EUR,,primary
nrg_pc_204_c:KWH2500-4999:EUR,BE,cost,household,,VAT,2023-01-01,2023-12-31,0.0228,EUR/kWh,EUR,,primary
nrg_pc_204_c:KWH2500-4999:EUR,BE,cost,household,,VAT,2024-01-01,2024-12-31,0.0187,EUR/kWh,EUR,,primary
nrg_pc_204_c:KWH2500-4999:EUR,BE,cost,household,,VAT,2025-01-01,2025-12-31,0.02,EUR/kWh,EUR,,primary
nrg_pc_204_c:KWH2500-4999:EUR,BG,cost,household,,ALLOW_OTH,2024-01-01,2024-12-31,0.0,EUR/kWh,EUR,,primary
nrg_pc_204_c:KWH2500-4999:EUR,BG,cost,household,,ALLOW_OTH,2025-01-01,2025-12-31,0.0,EUR/kWh,EUR,,primary
nrg_pc_204_c:KWH2500-4999:EUR,BG,cost,household,,NETC,2017-01-01,2017-12-31,0.0232,EUR/kWh,EUR,,primary
nrg_pc_204_c:KWH2500-4999:EUR,BG,cost,household,,NETC,2018-01-01,2018-12-31,0.0242,EUR/kWh,EUR,,primary
nrg_pc_204_c:KWH2500-4999:EUR,BG,cost,household,,NETC,2019-01-01,2019-12-31,0.0256,EUR/kWh,EUR,,primary
nrg_pc_204_c:KWH2500-4999:EUR,BG,cost,household,,NETC,2020-01-01,2020-12-31,0.0265,EUR/kWh,EUR,,primary
nrg_pc_204_c:KWH2500-4999:EUR,BG,cost,household,,NETC,2021-01-01,2021-12-31,0.0273,EUR/kWh,EUR,,primary
nrg_pc_204_c:KWH2500-4999:EUR,BG,cost,household,,NETC,2022-01-01,2022-12-31,0.0383,EUR/kWh,EUR,,primary
nrg_pc_204_c:KWH2500-4999:EUR,BG,cost,household,,NETC,2023-01-01,2023-12-31,0.0425,EUR/kWh,EUR,,primary
nrg_pc_204_c:KWH2500-4999:EUR,BG,cost,household,,NETC,2024-01-01,2024-12-31,0.0327,EUR/kWh,EUR,,primary
nrg_pc_204_c:KWH2500-4999:EUR,BG,cost,household,,NETC,2025-01-01,2025-12-31,0.0341,EUR/kWh,EUR,,primary
nrg_pc_204_c:KWH2500-4999:EUR,BG,cost,household,,NRG_SUP,2017-01-01,2017-12-31,0.0575,EUR/kWh,EUR,,primary
nrg_pc_204_c:KWH2500-4999:EUR,BG,cost,household,,NRG_SUP,2018-01-01,2018-12-31,0.0585,EUR/kWh,EUR,,primary
nrg_pc_204_c:KWH2500-4999:EUR,BG,cost,household,,NRG_SUP,2019-01-01,2019-12-31,0.0558,EUR/kWh,EUR,,primary
nrg_pc_204_c:KWH2500-4999:EUR,BG,cost,household,,NRG_SUP,2020-01-01,2020-12-31,0.056,EUR/kWh,EUR,,primary
nrg_pc_204_c:KWH2500-4999:EUR,BG,cost,household,,NRG_SUP,2021-01-01,2021-12-31,0.0608,EUR/kWh,EUR,,primary
nrg_pc_204_c:KWH2500-4999:EUR,BG,cost,household,,NRG_SUP,2022-01-01,2022-12-31,0.055,EUR/kWh,EUR,,primary
nrg_pc_204_c:KWH2500-4999:EUR,BG,cost,household,,NRG_SUP,2023-01-01,2023-12-31,0.0546,EUR/kWh,EUR,,primary
nrg_pc_204_c:KWH2500-4999:EUR,BG,cost,household,,NRG_SUP,2024-01-01,2024-12-31,0.0674,EUR/kWh,EUR,,primary
nrg_pc_204_c:KWH2500-4999:EUR,BG,cost,household,,NRG_SUP,2025-01-01,2025-12-31,0.0766,EUR/kWh,EUR,,primary
nrg_pc_204_c:KWH2500-4999:EUR,BG,cost,household,,OTH,2017-01-01,2017-12-31,0.0,EUR/kWh,EUR,,primary
nrg_pc_204_c:KWH2500-4999:EUR,BG,cost,household,,OTH,2018-01-01,2018-12-31,0.0,EUR/kWh,EUR,,primary
nrg_pc_204_c:KWH2500-4999:EUR,BG,cost,household,,OTH,2019-01-01,2019-12-31,0.0,EUR/kWh,EUR,,primary
nrg_pc_204_c:KWH2500-4999:EUR,BG,cost,household,,OTH,2020-01-01,2020-12-31,0.0,EUR/kWh,EUR,,primary
nrg_pc_204_c:KWH2500-4999:EUR,BG,cost,household,,OTH,2021-01-01,2021-12-31,0.0,EUR/kWh,EUR,,primary
nrg_pc_204_c:KWH2500-4999:EUR,BG,cost,household,,OTH,2024-01-01,2024-12-31,0.0,EUR/kWh,EUR,,primary
nrg_pc_204_c:KWH2500-4999:EUR,BG,cost,household,,OTH,2025-01-01,2025-12-31,0.0,EUR/kWh,EUR,,primary
nrg_pc_204_c:KWH2500-4999:EUR,BG,cost,household,,TAX_CAP,2017-01-01,2017-12-31,0.0,EUR/kWh,EUR,,primary
nrg_pc_204_c:KWH2500-4999:EUR,BG,cost,household,,TAX_CAP,2018-01-01,2018-12-31,0.0,EUR/kWh,EUR,,primary
nrg_pc_204_c:KWH2500-4999:EUR,BG,cost,household,,TAX_CAP,2019-01-01,2019-12-31,0.0,EUR/kWh,EUR,,primary
nrg_pc_204_c:KWH2500-4999:EUR,BG,cost,household,,TAX_CAP,2020-01-01,2020-12-31,0.0,EUR/kWh,EUR,,primary
nrg_pc_204_c:KWH2500-4999:EUR,BG,cost,household,,TAX_CAP,2021-01-01,2021-12-31,0.0,EUR/kWh,EUR,,primary
nrg_pc_204_c:KWH2500-4999:EUR,BG,cost,household,,TAX_CAP,2024-01-01,2024-12-31,0.0,EUR/kWh,EUR,,primary
nrg_pc_204_c:KWH2500-4999:EUR,BG,cost,household,,TAX_CAP,2025-01-01,2025-12-31,0.0,EUR/kWh,EUR,,primary
nrg_pc_204_c:KWH2500-4999:EUR,BG,cost,household,,TAX_CAP_ALLOW,2024-01-01,2024-12-31,0.0,EUR/kWh,EUR,,primary
nrg_pc_204_c:KWH2500-4999:EUR,BG,cost,household,,TAX_CAP_ALLOW,2025-01-01,2025-12-31,0.0,EUR/kWh,EUR,,primary
nrg_pc_204_c:KWH2500-4999:EUR,BG,cost,household,,TAX_ENV,2017-01-01,2017-12-31,0.0,EUR/kWh,EUR,,primary
nrg_pc_204_c:KWH2500-4999:EUR,BG,cost,household,,TAX_ENV,2018-01-01,2018-12-31,0.0,EUR/kWh,EUR,,primary
nrg_pc_204_c:KWH2500-4999:EUR,BG,cost,household,,TAX_ENV,2019-01-01,2019-12-31,0.0,EUR/kWh,EUR,,primary
nrg_pc_204_c:KWH2500-4999:EUR,BG,cost,household,,TAX_ENV,2020-01-01,2020-12-31,0.0,EUR/kWh,EUR,,primary
nrg_pc_204_c:KWH2500-4999:EUR,BG,cost,household,,TAX_ENV,2021-01-01,2021-12-31,0.0,EUR/kWh,EUR,,primary
nrg_pc_204_c:KWH2500-4999:EUR,BG,cost,household,,TAX_ENV,2024-01-01,2024-12-31,0.0,EUR/kWh,EUR,,primary
nrg_pc_204_c:KWH2500-4999:EUR,BG,cost,household,,TAX_ENV,2025-01-01,2025-12-31,0.0,EUR/kWh,EUR,,primary
nrg_pc_204_c:KWH2500-4999:EUR,BG,cost,household,,TAX_ENV_ALLOW,2024-01-01,2024-12-31,0.0,EUR/kWh,EUR,,primary
nrg_pc_204_c:KWH2500-4999:EUR,BG,cost,household,,TAX_ENV_ALLOW,2025-01-01,2025-12-31,0.0,EUR/kWh,EUR,,primary
nrg_pc_204_c:KWH2500-4999:EUR,BG,cost,household,,TAX_FEE_LEV_CHRG,2017-01-01,2017-12-31,0.0162,EUR/kWh,EUR,,primary
nrg_pc_204_c:KWH2500-4999:EUR,BG,cost,household,,TAX_FEE_LEV_CHRG,2018-01-01,2018-12-31,0.0165,EUR/kWh,EUR,,primary
nrg_pc_204_c:KWH2500-4999:EUR,BG,cost,household,,TAX_FEE_LEV_CHRG,2019-01-01,2019-12-31,0.0163,EUR/kWh,EUR,,primary
nrg_pc_204_c:KWH2500-4999:EUR,BG,cost,household,,TAX_FEE_LEV_CHRG,2020-01-01,2020-12-31,0.0165,EUR/kWh,EUR,,primary
nrg_pc_204_c:KWH2500-4999:EUR,BG,cost,household,,TAX_FEE_LEV_CHRG,2021-01-01,2021-12-31,0.0176,EUR/kWh,EUR,,primary
nrg_pc_204_c:KWH2500-4999:EUR,BG,cost,household,,TAX_FEE_LEV_CHRG,2022-01-01,2022-12-31,0.0187,EUR/kWh,EUR,,primary
nrg_pc_204_c:KWH2500-4999:EUR,BG,cost,household,,TAX_FEE_LEV_CHRG,2023-01-01,2023-12-31,0.0194,EUR/kWh,EUR,,primary
nrg_pc_204_c:KWH2500-4999:EUR,BG,cost,household,,TAX_FEE_LEV_CHRG,2024-01-01,2024-12-31,0.02,EUR/kWh,EUR,,primary
nrg_pc_204_c:KWH2500-4999:EUR,BG,cost,household,,TAX_FEE_LEV_CHRG,2025-01-01,2025-12-31,0.0221,EUR/kWh,EUR,,primary
nrg_pc_204_c:KWH2500-4999:EUR,BG,cost,household,,TAX_FEE_LEV_CHRG_ALLOW,2024-01-01,2024-12-31,0.0,EUR/kWh,EUR,,primary
nrg_pc_204_c:KWH2500-4999:EUR,BG,cost,household,,TAX_FEE_LEV_CHRG_ALLOW,2025-01-01,2025-12-31,0.0,EUR/kWh,EUR,,primary
nrg_pc_204_c:KWH2500-4999:EUR,BG,cost,household,,TAX_NUC,2017-01-01,2017-12-31,0.0,EUR/kWh,EUR,,primary
nrg_pc_204_c:KWH2500-4999:EUR,BG,cost,household,,TAX_NUC,2018-01-01,2018-12-31,0.0,EUR/kWh,EUR,,primary
nrg_pc_204_c:KWH2500-4999:EUR,BG,cost,household,,TAX_NUC,2019-01-01,2019-12-31,0.0,EUR/kWh,EUR,,primary
nrg_pc_204_c:KWH2500-4999:EUR,BG,cost,household,,TAX_NUC,2020-01-01,2020-12-31,0.0,EUR/kWh,EUR,,primary
nrg_pc_204_c:KWH2500-4999:EUR,BG,cost,household,,TAX_NUC,2021-01-01,2021-12-31,0.0,EUR/kWh,EUR,,primary
nrg_pc_204_c:KWH2500-4999:EUR,BG,cost,household,,TAX_NUC,2024-01-01,2024-12-31,0.0,EUR/kWh,EUR,,primary
nrg_pc_204_c:KWH2500-4999:EUR,BG,cost,household,,TAX_NUC,2025-01-01,2025-12-31,0.0,EUR/kWh,EUR,,primary
nrg_pc_204_c:KWH2500-4999:EUR,BG,cost,household,,TAX_NUC_ALLOW,2024-01-01,2024-12-31,0.0,EUR/kWh,EUR,,primary
nrg_pc_204_c:KWH2500-4999:EUR,BG,cost,household,,TAX_NUC_ALLOW,2025-01-01,2025-12-31,0.0,EUR/kWh,EUR,,primary
nrg_pc_204_c:KWH2500-4999:EUR,BG,cost,household,,TAX_RNW,2017-01-01,2017-12-31,0.0,EUR/kWh,EUR,,primary
nrg_pc_204_c:KWH2500-4999:EUR,BG,cost,household,,TAX_RNW,2018-01-01,2018-12-31,0.0,EUR/kWh,EUR,,primary
nrg_pc_204_c:KWH2500-4999:EUR,BG,cost,household,,TAX_RNW,2019-01-01,2019-12-31,0.0,EUR/kWh,EUR,,primary
nrg_pc_204_c:KWH2500-4999:EUR,BG,cost,household,,TAX_RNW,2020-01-01,2020-12-31,0.0,EUR/kWh,EUR,,primary
nrg_pc_204_c:KWH2500-4999:EUR,BG,cost,household,,TAX_RNW,2021-01-01,2021-12-31,0.0,EUR/kWh,EUR,,primary
nrg_pc_204_c:KWH2500-4999:EUR,BG,cost,household,,TAX_RNW,2024-01-01,2024-12-31,0.0,EUR/kWh,EUR,,primary
nrg_pc_204_c:KWH2500-4999:EUR,BG,cost,household,,TAX_RNW,2025-01-01,2025-12-31,0.0,EUR/kWh,EUR,,primary
nrg_pc_204_c:KWH2500-4999:EUR,BG,cost,household,,TAX_RNW_ALLOW,2024-01-01,2024-12-31,0.0,EUR/kWh,EUR,,primary
nrg_pc_204_c:KWH2500-4999:EUR,BG,cost,household,,TAX_RNW_ALLOW,2025-01-01,2025-12-31,0.0,EUR/kWh,EUR,,primary
nrg_pc_204_c:KWH2500-4999:EUR,BG,cost,household,,VAT,2017-01-01,2017-12-31,0.0162,EUR/kWh,EUR,,primary
nrg_pc_204_c:KWH2500-4999:EUR,BG,cost,household,,VAT,2018-01-01,2018-12-31,0.0165,EUR/kWh,EUR,,primary
nrg_pc_204_c:KWH2500-4999:EUR,BG,cost,household,,VAT,2019-01-01,2019-12-31,0.0163,EUR/kWh,EUR,,primary
nrg_pc_204_c:KWH2500-4999:EUR,BG,cost,household,,VAT,2020-01-01,2020-12-31,0.0165,EUR/kWh,EUR,,primary
nrg_pc_204_c:KWH2500-4999:EUR,BG,cost,household,,VAT,2021-01-01,2021-12-31,0.0176,EUR/kWh,EUR,,primary
nrg_pc_204_c:KWH2500-4999:EUR,BG,cost,household,,VAT,2022-01-01,2022-12-31,0.0187,EUR/kWh,EUR,,primary
nrg_pc_204_c:KWH2500-4999:EUR,BG,cost,household,,VAT,2023-01-01,2023-12-31,0.0194,EUR/kWh,EUR,,primary
nrg_pc_204_c:KWH2500-4999:EUR,BG,cost,household,,VAT,2024-01-01,2024-12-31,0.02,EUR/kWh,EUR,,primary
nrg_pc_204_c:KWH2500-4999:EUR,BG,cost,household,,VAT,2025-01-01,2025-12-31,0.0221,EUR/kWh,EUR,,primary
nrg_pc_204_c:KWH2500-4999:EUR,CY,cost,household,,ALLOW_OTH,2022-01-01,2022-12-31,0.0248,EUR/kWh,EUR,,primary
nrg_pc_204_c:KWH2500-4999:EUR,CY,cost,household,,ALLOW_OTH,2023-01-01,2023-12-31,0.0,EUR/kWh,EUR,,primary
nrg_pc_204_c:KWH2500-4999:EUR,CY,cost,household,,ALLOW_OTH,2024-01-01,2024-12-31,0.0,EUR/kWh,EUR,,primary
nrg_pc_204_c:KWH2500-4999:EUR,CY,cost,household,,ALLOW_OTH,2025-01-01,2025-12-31,0.0,EUR/kWh,EUR,,primary
nrg_pc_204_c:KWH2500-4999:EUR,CY,cost,household,,NETC,2017-01-01,2017-12-31,0.0313,EUR/kWh,EUR,d,primary
nrg_pc_204_c:KWH2500-4999:EUR,CY,cost,household,,NETC,2018-01-01,2018-12-31,0.0319,EUR/kWh,EUR,,primary
nrg_pc_204_c:KWH2500-4999:EUR,CY,cost,household,,NETC,2019-01-01,2019-12-31,0.032,EUR/kWh,EUR,,primary
nrg_pc_204_c:KWH2500-4999:EUR,CY,cost,household,,NETC,2020-01-01,2020-12-31,0.0296,EUR/kWh,EUR,,primary
nrg_pc_204_c:KWH2500-4999:EUR,CY,cost,household,,NETC,2021-01-01,2021-12-31,0.0272,EUR/kWh,EUR,,primary
nrg_pc_204_c:KWH2500-4999:EUR,CY,cost,household,,NETC,2022-01-01,2022-12-31,0.0259,EUR/kWh,EUR,,primary
nrg_pc_204_c:KWH2500-4999:EUR,CY,cost,household,,NETC,2023-01-01,2023-12-31,0.0311,EUR/kWh,EUR,,primary
nrg_pc_204_c:KWH2500-4999:EUR,CY,cost,household,,NETC,2024-01-01,2024-12-31,0.0318,EUR/kWh,EUR,,primary
nrg_pc_204_c:KWH2500-4999:EUR,CY,cost,household,,NETC,2025-01-01,2025-12-31,0.0338,EUR/kWh,EUR,,primary
nrg_pc_204_c:KWH2500-4999:EUR,CY,cost,household,,NRG_SUP,2017-01-01,2017-12-31,0.1036,EUR/kWh,EUR,d,primary
nrg_pc_204_c:KWH2500-4999:EUR,CY,cost,household,,NRG_SUP,2018-01-01,2018-12-31,0.1157,EUR/kWh,EUR,,primary
nrg_pc_204_c:KWH2500-4999:EUR,CY,cost,household,,NRG_SUP,2019-01-01,2019-12-31,0.1241,EUR/kWh,EUR,,primary
nrg_pc_204_c:KWH2500-4999:EUR,CY,cost,household,,NRG_SUP,2020-01-01,2020-12-31,0.1042,EUR/kWh,EUR,,primary
nrg_pc_204_c:KWH2500-4999:EUR,CY,cost,household,,NRG_SUP,2021-01-01,2021-12-31,0.1094,EUR/kWh,EUR,,primary
nrg_pc_204_c:KWH2500-4999:EUR,CY,cost,household,,NRG_SUP,2022-01-01,2022-12-31,0.1831,EUR/kWh,EUR,,primary
nrg_pc_204_c:KWH2500-4999:EUR,CY,cost,household,,NRG_SUP,2023-01-01,2023-12-31,0.189,EUR/kWh,EUR,,primary
nrg_pc_204_c:KWH2500-4999:EUR,CY,cost,household,,NRG_SUP,2024-01-01,2024-12-31,0.1776,EUR/kWh,EUR,,primary
nrg_pc_204_c:KWH2500-4999:EUR,CY,cost,household,,NRG_SUP,2025-01-01,2025-12-31,0.1573,EUR/kWh,EUR,,primary
nrg_pc_204_c:KWH2500-4999:EUR,CY,cost,household,,OTH,2017-01-01,2017-12-31,0.0007,EUR/kWh,EUR,d,primary
nrg_pc_204_c:KWH2500-4999:EUR,CY,cost,household,,OTH,2018-01-01,2018-12-31,0.0008,EUR/kWh,EUR,,primary
nrg_pc_204_c:KWH2500-4999:EUR,CY,cost,household,,OTH,2019-01-01,2019-12-31,0.0008,EUR/kWh,EUR,,primary
nrg_pc_204_c:KWH2500-4999:EUR,CY,cost,household,,OTH,2020-01-01,2020-12-31,0.0006,EUR/kWh,EUR,,primary
nrg_pc_204_c:KWH2500-4999:EUR,CY,cost,household,,OTH,2021-01-01,2021-12-31,0.0005,EUR/kWh,EUR,,primary
nrg_pc_204_c:KWH2500-4999:EUR,CY,cost,household,,OTH,2022-01-01,2022-12-31,-0.0244,EUR/kWh,EUR,,primary
nrg_pc_204_c:KWH2500-4999:EUR,CY,cost,household,,OTH,2023-01-01,2023-12-31,0.0005,EUR/kWh,EUR,,primary
nrg_pc_204_c:KWH2500-4999:EUR,CY,cost,household,,OTH,2024-01-01,2024-12-31,0.0011,EUR/kWh,EUR,,primary
nrg_pc_204_c:KWH2500-4999:EUR,CY,cost,household,,OTH,2025-01-01,2025-12-31,0.0005,EUR/kWh,EUR,,primary
nrg_pc_204_c:KWH2500-4999:EUR,CY,cost,household,,TAX_CAP,2017-01-01,2017-12-31,0.0067,EUR/kWh,EUR,d,primary
nrg_pc_204_c:KWH2500-4999:EUR,CY,cost,household,,TAX_CAP,2018-01-01,2018-12-31,0.0067,EUR/kWh,EUR,,primary
nrg_pc_204_c:KWH2500-4999:EUR,CY,cost,household,,TAX_CAP,2019-01-01,2019-12-31,0.0065,EUR/kWh,EUR,,primary
nrg_pc_204_c:KWH2500-4999:EUR,CY,cost,household,,TAX_CAP,2020-01-01,2020-12-31,0.0063,EUR/kWh,EUR,,primary
nrg_pc_204_c:KWH2500-4999:EUR,CY,cost,household,,TAX_CAP,2021-01-01,2021-12-31,0.0065,EUR/kWh,EUR,,primary
nrg_pc_204_c:KWH2500-4999:EUR,CY,cost,household,,TAX_CAP,2022-01-01,2022-12-31,0.0064,EUR/kWh,EUR,,primary
nrg_pc_204_c:KWH2500-4999:EUR,CY,cost,household,,TAX_CAP,2023-01-01,2023-12-31,0.0064,EUR/kWh,EUR,,primary
nrg_pc_204_c:KWH2500-4999:EUR,CY,cost,household,,TAX_CAP,2024-01-01,2024-12-31,0.0065,EUR/kWh,EUR,,primary
nrg_pc_204_c:KWH2500-4999:EUR,CY,cost,household,,TAX_CAP,2025-01-01,2025-12-31,0.0064,EUR/kWh,EUR,,primary
nrg_pc_204_c:KWH2500-4999:EUR,CY,cost,household,,TAX_CAP_ALLOW,2022-01-01,2022-12-31,0.0,EUR/kWh,EUR,,primary
nrg_pc_204_c:KWH2500-4999:EUR,CY,cost,household,,TAX_CAP_ALLOW,2023-01-01,2023-12-31,0.0,EUR/kWh,EUR,,primary
nrg_pc_204_c:KWH2500-4999:EUR,CY,cost,household,,TAX_CAP_ALLOW,2024-01-01,2024-12-31,0.0,EUR/kWh,EUR,,primary
nrg_pc_204_c:KWH2500-4999:EUR,CY,cost,household,,TAX_CAP_ALLOW,2025-01-01,2025-12-31,0.0,EUR/kWh,EUR,,primary
nrg_pc_204_c:KWH2500-4999:EUR,CY,cost,household,,TAX_ENV,2017-01-01,2017-12-31,0.0027,EUR/kWh,EUR,d,primary
nrg_pc_204_c:KWH2500-4999:EUR,CY,cost,household,,TAX_ENV,2018-01-01,2018-12-31,0.0074,EUR/kWh,EUR,,primary
nrg_pc_204_c:KWH2500-4999:EUR,CY,cost,household,,TAX_ENV,2019-01-01,2019-12-31,0.015,EUR/kWh,EUR,,primary
nrg_pc_204_c:KWH2500-4999:EUR,CY,cost,household,,TAX_ENV,2020-01-01,2020-12-31,0.0154,EUR/kWh,EUR,,primary
nrg_pc_204_c:KWH2500-4999:EUR,CY,cost,household,,TAX_ENV,2021-01-01,2021-12-31,0.0324,EUR/kWh,EUR,,primary
nrg_pc_204_c:KWH2500-4999:EUR,CY,cost,household,,TAX_ENV,2022-01-01,2022-12-31,0.0598,EUR/kWh,EUR,,primary
nrg_pc_204_c:KWH2500-4999:EUR,CY,cost,household,,TAX_ENV,2023-01-01,2023-12-31,0.0706,EUR/kWh,EUR,,primary
nrg_pc_204_c:KWH2500-4999:EUR,CY,cost,household,,TAX_ENV,2024-01-01,2024-12-31,0.0518,EUR/kWh,EUR,,primary
nrg_pc_204_c:KWH2500-4999:EUR,CY,cost,household,,TAX_ENV,2025-01-01,2025-12-31,0.058,EUR/kWh,EUR,,primary
nrg_pc_204_c:KWH2500-4999:EUR,CY,cost,household,,TAX_ENV_ALLOW,2022-01-01,2022-12-31,0.0,EUR/kWh,EUR,,primary
nrg_pc_204_c:KWH2500-4999:EUR,CY,cost,household,,TAX_ENV_ALLOW,2023-01-01,2023-12-31,0.0,EUR/kWh,EUR,,primary
nrg_pc_204_c:KWH2500-4999:EUR,CY,cost,household,,TAX_ENV_ALLOW,2024-01-01,2024-12-31,0.0,EUR/kWh,EUR,,primary
nrg_pc_204_c:KWH2500-4999:EUR,CY,cost,household,,TAX_ENV_ALLOW,2025-01-01,2025-12-31,0.0,EUR/kWh,EUR,,primary
nrg_pc_204_c:KWH2500-4999:EUR,CY,cost,household,,TAX_FEE_LEV_CHRG,2017-01-01,2017-12-31,0.0477,EUR/kWh,EUR,d,primary
nrg_pc_204_c:KWH2500-4999:EUR,CY,cost,household,,TAX_FEE_LEV_CHRG,2018-01-01,2018-12-31,0.0554,EUR/kWh,EUR,,primary
nrg_pc_204_c:KWH2500-4999:EUR,CY,cost,household,,TAX_FEE_LEV_CHRG,2019-01-01,2019-12-31,0.0659,EUR/kWh,EUR,,primary
nrg_pc_204_c:KWH2500-4999:EUR,CY,cost,household,,TAX_FEE_LEV_CHRG,2020-01-01,2020-12-31,0.0573,EUR/kWh,EUR,,primary
nrg_pc_204_c:KWH2500-4999:EUR,CY,cost,household,,TAX_FEE_LEV_CHRG,2021-01-01,2021-12-31,0.0777,EUR/kWh,EUR,,primary
nrg_pc_204_c:KWH2500-4999:EUR,CY,cost,household,,TAX_FEE_LEV_CHRG,2022-01-01,2022-12-31,0.0829,EUR/kWh,EUR,,primary
nrg_pc_204_c:KWH2500-4999:EUR,CY,cost,household,,TAX_FEE_LEV_CHRG,2023-01-01,2023-12-31,0.1388,EUR/kWh,EUR,,primary
nrg_pc_204_c:KWH2500-4999:EUR,CY,cost,household,,TAX_FEE_LEV_CHRG,2024-01-01,2024-12-31,0.1152,EUR/kWh,EUR,,primary
nrg_pc_204_c:KWH2500-4999:EUR,CY,cost,household,,TAX_FEE_LEV_CHRG,2025-01-01,2025-12-31,0.1006,EUR/kWh,EUR,,primary
nrg_pc_204_c:KWH2500-4999:EUR,CY,cost,household,,TAX_FEE_LEV_CHRG_ALLOW,2024-01-01,2024-12-31,0.0,EUR/kWh,EUR,,primary
nrg_pc_204_c:KWH2500-4999:EUR,CY,cost,household,,TAX_FEE_LEV_CHRG_ALLOW,2025-01-01,2025-12-31,0.0,EUR/kWh,EUR,,primary
nrg_pc_204_c:KWH2500-4999:EUR,CY,cost,household,,TAX_NUC,2017-01-01,2017-12-31,0.0,EUR/kWh,EUR,,primary
nrg_pc_204_c:KWH2500-4999:EUR,CY,cost,household,,TAX_NUC,2018-01-01,2018-12-31,0.0,EUR/kWh,EUR,,primary
nrg_pc_204_c:KWH2500-4999:EUR,CY,cost,household,,TAX_NUC,2019-01-01,2019-12-31,0.0,EUR/kWh,EUR,,primary
nrg_pc_204_c:KWH2500-4999:EUR,CY,cost,household,,TAX_NUC,2020-01-01,2020-12-31,0.0,EUR/kWh,EUR,,primary
nrg_pc_204_c:KWH2500-4999:EUR,CY,cost,household,,TAX_NUC,2021-01-01,2021-12-31,0.0,EUR/kWh,EUR,,primary
nrg_pc_204_c:KWH2500-4999:EUR,CY,cost,household,,TAX_NUC,2022-01-01,2022-12-31,0.0,EUR/kWh,EUR,,primary
nrg_pc_204_c:KWH2500-4999:EUR,CY,cost,household,,TAX_NUC,2023-01-01,2023-12-31,0.0,EUR/kWh,EUR,,primary
nrg_pc_204_c:KWH2500-4999:EUR,CY,cost,household,,TAX_NUC,2024-01-01,2024-12-31,0.0,EUR/kWh,EUR,,primary
nrg_pc_204_c:KWH2500-4999:EUR,CY,cost,household,,TAX_NUC,2025-01-01,2025-12-31,0.0,EUR/kWh,EUR,,primary
nrg_pc_204_c:KWH2500-4999:EUR,CY,cost,household,,TAX_NUC_ALLOW,2022-01-01,2022-12-31,0.0,EUR/kWh,EUR,,primary
nrg_pc_204_c:KWH2500-4999:EUR,CY,cost,household,,TAX_NUC_ALLOW,2023-01-01,2023-12-31,0.0,EUR/kWh,EUR,,primary
nrg_pc_204_c:KWH2500-4999:EUR,CY,cost,household,,TAX_NUC_ALLOW,2024-01-01,2024-12-31,0.0,EUR/kWh,EUR,,primary
nrg_pc_204_c:KWH2500-4999:EUR,CY,cost,household,,TAX_NUC_ALLOW,2025-01-01,2025-12-31,0.0,EUR/kWh,EUR,,primary
nrg_pc_204_c:KWH2500-4999:EUR,CY,cost,household,,TAX_RNW,2017-01-01,2017-12-31,0.01,EUR/kWh,EUR,d,primary
nrg_pc_204_c:KWH2500-4999:EUR,CY,cost,household,,TAX_RNW,2018-01-01,2018-12-31,0.0097,EUR/kWh,EUR,,primary
nrg_pc_204_c:KWH2500-4999:EUR,CY,cost,household,,TAX_RNW,2019-01-01,2019-12-31,0.0097,EUR/kWh,EUR,,primary
nrg_pc_204_c:KWH2500-4999:EUR,CY,cost,household,,TAX_RNW,2020-01-01,2020-12-31,0.0054,EUR/kWh,EUR,,primary
nrg_pc_204_c:KWH2500-4999:EUR,CY,cost,household,,TAX_RNW,2021-01-01,2021-12-31,0.0049,EUR/kWh,EUR,,primary
nrg_pc_204_c:KWH2500-4999:EUR,CY,cost,household,,TAX_RNW,2022-01-01,2022-12-31,0.0049,EUR/kWh,EUR,,primary
nrg_pc_204_c:KWH2500-4999:EUR,CY,cost,household,,TAX_RNW,2023-01-01,2023-12-31,0.0049,EUR/kWh,EUR,,primary
nrg_pc_204_c:KWH2500-4999:EUR,CY,cost,household,,TAX_RNW,2024-01-01,2024-12-31,0.0049,EUR/kWh,EUR,,primary
nrg_pc_204_c:KWH2500-4999:EUR,CY,cost,household,,TAX_RNW,2025-01-01,2025-12-31,0.0048,EUR/kWh,EUR,,primary
nrg_pc_204_c:KWH2500-4999:EUR,CY,cost,household,,TAX_RNW_ALLOW,2022-01-01,2022-12-31,0.0,EUR/kWh,EUR,,primary
nrg_pc_204_c:KWH2500-4999:EUR,CY,cost,household,,TAX_RNW_ALLOW,2023-01-01,2023-12-31,0.0,EUR/kWh,EUR,,primary
nrg_pc_204_c:KWH2500-4999:EUR,CY,cost,household,,TAX_RNW_ALLOW,2024-01-01,2024-12-31,0.0,EUR/kWh,EUR,,primary
nrg_pc_204_c:KWH2500-4999:EUR,CY,cost,household,,TAX_RNW_ALLOW,2025-01-01,2025-12-31,0.0,EUR/kWh,EUR,,primary
nrg_pc_204_c:KWH2500-4999:EUR,CY,cost,household,,VAT,2017-01-01,2017-12-31,0.0276,EUR/kWh,EUR,d,primary
nrg_pc_204_c:KWH2500-4999:EUR,CY,cost,household,,VAT,2018-01-01,2018-12-31,0.0309,EUR/kWh,EUR,,primary
nrg_pc_204_c:KWH2500-4999:EUR,CY,cost,household,,VAT,2019-01-01,2019-12-31,0.0339,EUR/kWh,EUR,,primary
nrg_pc_204_c:KWH2500-4999:EUR,CY,cost,household,,VAT,2020-01-01,2020-12-31,0.0296,EUR/kWh,EUR,,primary
nrg_pc_204_c:KWH2500-4999:EUR,CY,cost,household,,VAT,2021-01-01,2021-12-31,0.0334,EUR/kWh,EUR,,primary
nrg_pc_204_c:KWH2500-4999:EUR,CY,cost,household,,VAT,2022-01-01,2022-12-31,0.0362,EUR/kWh,EUR,,primary
nrg_pc_204_c:KWH2500-4999:EUR,CY,cost,household,,VAT,2023-01-01,2023-12-31,0.0565,EUR/kWh,EUR,,primary
nrg_pc_204_c:KWH2500-4999:EUR,CY,cost,household,,VAT,2024-01-01,2024-12-31,0.051,EUR/kWh,EUR,,primary
nrg_pc_204_c:KWH2500-4999:EUR,CY,cost,household,,VAT,2025-01-01,2025-12-31,0.0308,EUR/kWh,EUR,,primary
nrg_pc_204_c:KWH2500-4999:EUR,CZ,cost,household,,ALLOW_OTH,2022-01-01,2022-12-31,-0.0232,EUR/kWh,EUR,,primary
nrg_pc_204_c:KWH2500-4999:EUR,CZ,cost,household,,ALLOW_OTH,2024-01-01,2024-12-31,0.0,EUR/kWh,EUR,,primary
nrg_pc_204_c:KWH2500-4999:EUR,CZ,cost,household,,ALLOW_OTH,2025-01-01,2025-12-31,0.0,EUR/kWh,EUR,,primary
nrg_pc_204_c:KWH2500-4999:EUR,CZ,cost,household,,NETC,2017-01-01,2017-12-31,0.0483,EUR/kWh,EUR,,primary
nrg_pc_204_c:KWH2500-4999:EUR,CZ,cost,household,,NETC,2018-01-01,2018-12-31,0.052,EUR/kWh,EUR,,primary
nrg_pc_204_c:KWH2500-4999:EUR,CZ,cost,household,,NETC,2019-01-01,2019-12-31,0.0557,EUR/kWh,EUR,,primary
nrg_pc_204_c:KWH2500-4999:EUR,CZ,cost,household,,NETC,2020-01-01,2020-12-31,0.0534,EUR/kWh,EUR,,primary
nrg_pc_204_c:KWH2500-4999:EUR,CZ,cost,household,,NETC,2021-01-01,2021-12-31,0.0425,EUR/kWh,EUR,,primary
nrg_pc_204_c:KWH2500-4999:EUR,CZ,cost,household,,NETC,2022-01-01,2022-12-31,0.0439,EUR/kWh,EUR,,primary
nrg_pc_204_c:KWH2500-4999:EUR,CZ,cost,household,,NETC,2023-01-01,2023-12-31,0.0719,EUR/kWh,EUR,,primary
nrg_pc_204_c:KWH2500-4999:EUR,CZ,cost,household,,NETC,2024-01-01,2024-12-31,0.0899,EUR/kWh,EUR,,primary
nrg_pc_204_c:KWH2500-4999:EUR,CZ,cost,household,,NETC,2025-01-01,2025-12-31,0.0947,EUR/kWh,EUR,,primary
nrg_pc_204_c:KWH2500-4999:EUR,CZ,cost,household,,NRG_SUP,2017-01-01,2017-12-31,0.0541,EUR/kWh,EUR,,primary
nrg_pc_204_c:KWH2500-4999:EUR,CZ,cost,household,,NRG_SUP,2018-01-01,2018-12-31,0.057,EUR/kWh,EUR,,primary
nrg_pc_204_c:KWH2500-4999:EUR,CZ,cost,household,,NRG_SUP,2019-01-01,2019-12-31,0.069,EUR/kWh,EUR,,primary
nrg_pc_204_c:KWH2500-4999:EUR,CZ,cost,household,,NRG_SUP,2020-01-01,2020-12-31,0.0749,EUR/kWh,EUR,,primary
nrg_pc_204_c:KWH2500-4999:EUR,CZ,cost,household,,NRG_SUP,2021-01-01,2021-12-31,0.0979,EUR/kWh,EUR,,primary
nrg_pc_204_c:KWH2500-4999:EUR,CZ,cost,household,,NRG_SUP,2022-01-01,2022-12-31,0.1232,EUR/kWh,EUR,,primary
nrg_pc_204_c:KWH2500-4999:EUR,CZ,cost,household,,NRG_SUP,2023-01-01,2023-12-31,0.1849,EUR/kWh,EUR,,primary
nrg_pc_204_c:KWH2500-4999:EUR,CZ,cost,household,,NRG_SUP,2024-01-01,2024-12-31,0.1634,EUR/kWh,EUR,,primary
nrg_pc_204_c:KWH2500-4999:EUR,CZ,cost,household,,NRG_SUP,2025-01-01,2025-12-31,0.1494,EUR/kWh,EUR,,primary
nrg_pc_204_c:KWH2500-4999:EUR,CZ,cost,household,,OTH,2017-01-01,2017-12-31,0.0,EUR/kWh,EUR,,primary
nrg_pc_204_c:KWH2500-4999:EUR,CZ,cost,household,,OTH,2018-01-01,2018-12-31,0.0,EUR/kWh,EUR,,primary
nrg_pc_204_c:KWH2500-4999:EUR,CZ,cost,household,,OTH,2019-01-01,2019-12-31,0.0,EUR/kWh,EUR,,primary
nrg_pc_204_c:KWH2500-4999:EUR,CZ,cost,household,,OTH,2020-01-01,2020-12-31,0.0,EUR/kWh,EUR,,primary
nrg_pc_204_c:KWH2500-4999:EUR,CZ,cost,household,,OTH,2021-01-01,2021-12-31,0.0003,EUR/kWh,EUR,,primary
nrg_pc_204_c:KWH2500-4999:EUR,CZ,cost,household,,OTH,2022-01-01,2022-12-31,-0.0232,EUR/kWh,EUR,,primary
nrg_pc_204_c:KWH2500-4999:EUR,CZ,cost,household,,OTH,2023-01-01,2023-12-31,0.0005,EUR/kWh,EUR,,primary
nrg_pc_204_c:KWH2500-4999:EUR,CZ,cost,household,,OTH,2024-01-01,2024-12-31,0.001,EUR/kWh,EUR,,primary
nrg_pc_204_c:KWH2500-4999:EUR,CZ,cost,household,,OTH,2025-01-01,2025-12-31,0.002,EUR/kWh,EUR,,primary
nrg_pc_204_c:KWH2500-4999:EUR,CZ,cost,household,,TAX_CAP,2017-01-01,2017-12-31,0.0,EUR/kWh,EUR,,primary
nrg_pc_204_c:KWH2500-4999:EUR,CZ,cost,household,,TAX_CAP,2018-01-01,2018-12-31,0.0,EUR/kWh,EUR,,primary
nrg_pc_204_c:KWH2500-4999:EUR,CZ,cost,household,,TAX_CAP,2019-01-01,2019-12-31,0.0,EUR/kWh,EUR,,primary
nrg_pc_204_c:KWH2500-4999:EUR,CZ,cost,household,,TAX_CAP,2020-01-01,2020-12-31,0.0,EUR/kWh,EUR,,primary
nrg_pc_204_c:KWH2500-4999:EUR,CZ,cost,household,,TAX_CAP,2021-01-01,2021-12-31,0.0,EUR/kWh,EUR,,primary
nrg_pc_204_c:KWH2500-4999:EUR,CZ,cost,household,,TAX_CAP,2024-01-01,2024-12-31,0.0,EUR/kWh,EUR,,primary
nrg_pc_204_c:KWH2500-4999:EUR,CZ,cost,household,,TAX_CAP,2025-01-01,2025-12-31,0.0,EUR/kWh,EUR,,primary
nrg_pc_204_c:KWH2500-4999:EUR,CZ,cost,household,,TAX_CAP_ALLOW,2024-01-01,2024-12-31,0.0,EUR/kWh,EUR,,primary
nrg_pc_204_c:KWH2500-4999:EUR,CZ,cost,household,,TAX_CAP_ALLOW,2025-01-01,2025-12-31,0.0,EUR/kWh,EUR,,primary
nrg_pc_204_c:KWH2500-4999:EUR,CZ,cost,household,,TAX_ENV,2017-01-01,2017-12-31,0.0012,EUR/kWh,EUR,,primary
nrg_pc_204_c:KWH2500-4999:EUR,CZ,cost,household,,TAX_ENV,2018-01-01,2018-12-31,0.0012,EUR/kWh,EUR,,primary
nrg_pc_204_c:KWH2500-4999:EUR,CZ,cost,household,,TAX_ENV,2019-01-01,2019-12-31,0.0012,EUR/kWh,EUR,,primary
nrg_pc_204_c:KWH2500-4999:EUR,CZ,cost,household,,TAX_ENV,2020-01-01,2020-12-31,0.0011,EUR/kWh,EUR,,primary
nrg_pc_204_c:KWH2500-4999:EUR,CZ,cost,household,,TAX_ENV,2021-01-01,2021-12-31,0.0011,EUR/kWh,EUR,,primary
nrg_pc_204_c:KWH2500-4999:EUR,CZ,cost,household,,TAX_ENV,2022-01-01,2022-12-31,0.0012,EUR/kWh,EUR,,primary
nrg_pc_204_c:KWH2500-4999:EUR,CZ,cost,household,,TAX_ENV,2023-01-01,2023-12-31,0.0012,EUR/kWh,EUR,,primary
nrg_pc_204_c:KWH2500-4999:EUR,CZ,cost,household,,TAX_ENV,2024-01-01,2024-12-31,0.0011,EUR/kWh,EUR,,primary
nrg_pc_204_c:KWH2500-4999:EUR,CZ,cost,household,,TAX_ENV,2025-01-01,2025-12-31,0.0012,EUR/kWh,EUR,,primary
nrg_pc_204_c:KWH2500-4999:EUR,CZ,cost,household,,TAX_ENV_ALLOW,2024-01-01,2024-12-31,0.0,EUR/kWh,EUR,,primary
nrg_pc_204_c:KWH2500-4999:EUR,CZ,cost,household,,TAX_ENV_ALLOW,2025-01-01,2025-12-31,0.0,EUR/kWh,EUR,,primary
nrg_pc_204_c:KWH2500-4999:EUR,CZ,cost,household,,TAX_FEE_LEV_CHRG,2017-01-01,2017-12-31,0.0464,EUR/kWh,EUR,,primary
nrg_pc_204_c:KWH2500-4999:EUR,CZ,cost,household,,TAX_FEE_LEV_CHRG,2018-01-01,2018-12-31,0.0477,EUR/kWh,EUR,,primary
nrg_pc_204_c:KWH2500-4999:EUR,CZ,cost,household,,TAX_FEE_LEV_CHRG,2019-01-01,2019-12-31,0.0507,EUR/kWh,EUR,,primary
nrg_pc_204_c:KWH2500-4999:EUR,CZ,cost,household,,TAX_FEE_LEV_CHRG,2020-01-01,2020-12-31,0.0512,EUR/kWh,EUR,,primary
nrg_pc_204_c:KWH2500-4999:EUR,CZ,cost,household,,TAX_FEE_LEV_CHRG,2021-01-01,2021-12-31,0.0424,EUR/kWh,EUR,,primary
nrg_pc_204_c:KWH2500-4999:EUR,CZ,cost,household,,TAX_FEE_LEV_CHRG,2022-01-01,2022-12-31,0.042,EUR/kWh,EUR,,primary
nrg_pc_204_c:KWH2500-4999:EUR,CZ,cost,household,,TAX_FEE_LEV_CHRG,2023-01-01,2023-12-31,0.0571,EUR/kWh,EUR,,primary
nrg_pc_204_c:KWH2500-4999:EUR,CZ,cost,household,,TAX_FEE_LEV_CHRG,2024-01-01,2024-12-31,0.0794,EUR/kWh,EUR,,primary
nrg_pc_204_c:KWH2500-4999:EUR,CZ,cost,household,,TAX_FEE_LEV_CHRG,2025-01-01,2025-12-31,0.0796,EUR/kWh,EUR,,primary
nrg_pc_204_c:KWH2500-4999:EUR,CZ,cost,household,,TAX_FEE_LEV_CHRG_ALLOW,2024-01-01,2024-12-31,0.0,EUR/kWh,EUR,,primary
nrg_pc_204_c:KWH2500-4999:EUR,CZ,cost,household,,TAX_FEE_LEV_CHRG_ALLOW,2025-01-01,2025-12-31,0.0,EUR/kWh,EUR,,primary
nrg_pc_204_c:KWH2500-4999:EUR,CZ,cost,household,,TAX_NUC,2017-01-01,2017-12-31,0.0,EUR/kWh,EUR,,primary
nrg_pc_204_c:KWH2500-4999:EUR,CZ,cost,household,,TAX_NUC,2018-01-01,2018-12-31,0.0,EUR/kWh,EUR,,primary
nrg_pc_204_c:KWH2500-4999:EUR,CZ,cost,household,,TAX_NUC,2019-01-01,2019-12-31,0.0,EUR/kWh,EUR,,primary
nrg_pc_204_c:KWH2500-4999:EUR,CZ,cost,household,,TAX_NUC,2020-01-01,2020-12-31,0.0,EUR/kWh,EUR,,primary
nrg_pc_204_c:KWH2500-4999:EUR,CZ,cost,household,,TAX_NUC,2021-01-01,2021-12-31,0.0,EUR/kWh,EUR,,primary
nrg_pc_204_c:KWH2500-4999:EUR,CZ,cost,household,,TAX_NUC,2024-01-01,2024-12-31,0.0,EUR/kWh,EUR,,primary
nrg_pc_204_c:KWH2500-4999:EUR,CZ,cost,household,,TAX_NUC,2025-01-01,2025-12-31,0.0,EUR/kWh,EUR,,primary
nrg_pc_204_c:KWH2500-4999:EUR,CZ,cost,household,,TAX_NUC_ALLOW,2024-01-01,2024-12-31,0.0,EUR/kWh,EUR,,primary
nrg_pc_204_c:KWH2500-4999:EUR,CZ,cost,household,,TAX_NUC_ALLOW,2025-01-01,2025-12-31,0.0,EUR/kWh,EUR,,primary
nrg_pc_204_c:KWH2500-4999:EUR,CZ,cost,household,,TAX_RNW,2017-01-01,2017-12-31,0.0193,EUR/kWh,EUR,,primary
nrg_pc_204_c:KWH2500-4999:EUR,CZ,cost,household,,TAX_RNW,2018-01-01,2018-12-31,0.0194,EUR/kWh,EUR,,primary
nrg_pc_204_c:KWH2500-4999:EUR,CZ,cost,household,,TAX_RNW,2019-01-01,2019-12-31,0.0195,EUR/kWh,EUR,,primary
nrg_pc_204_c:KWH2500-4999:EUR,CZ,cost,household,,TAX_RNW,2020-01-01,2020-12-31,0.0188,EUR/kWh,EUR,,primary
nrg_pc_204_c:KWH2500-4999:EUR,CZ,cost,household,,TAX_RNW,2021-01-01,2021-12-31,0.0138,EUR/kWh,EUR,,primary
nrg_pc_204_c:KWH2500-4999:EUR,CZ,cost,household,,TAX_RNW,2022-01-01,2022-12-31,0.0152,EUR/kWh,EUR,,primary
nrg_pc_204_c:KWH2500-4999:EUR,CZ,cost,household,,TAX_RNW,2024-01-01,2024-12-31,0.0197,EUR/kWh,EUR,,primary
nrg_pc_204_c:KWH2500-4999:EUR,CZ,cost,household,,TAX_RNW,2025-01-01,2025-12-31,0.0203,EUR/kWh,EUR,,primary
nrg_pc_204_c:KWH2500-4999:EUR,CZ,cost,household,,TAX_RNW_ALLOW,2024-01-01,2024-12-31,0.0,EUR/kWh,EUR,,primary
nrg_pc_204_c:KWH2500-4999:EUR,CZ,cost,household,,TAX_RNW_ALLOW,2025-01-01,2025-12-31,0.0,EUR/kWh,EUR,,primary
nrg_pc_204_c:KWH2500-4999:EUR,CZ,cost,household,,VAT,2017-01-01,2017-12-31,0.0259,EUR/kWh,EUR,,primary
nrg_pc_204_c:KWH2500-4999:EUR,CZ,cost,household,,VAT,2018-01-01,2018-12-31,0.0271,EUR/kWh,EUR,,primary
nrg_pc_204_c:KWH2500-4999:EUR,CZ,cost,household,,VAT,2019-01-01,2019-12-31,0.03,EUR/kWh,EUR,,primary
nrg_pc_204_c:KWH2500-4999:EUR,CZ,cost,household,,VAT,2020-01-01,2020-12-31,0.0312,EUR/kWh,EUR,,primary
nrg_pc_204_c:KWH2500-4999:EUR,CZ,cost,household,,VAT,2021-01-01,2021-12-31,0.0272,EUR/kWh,EUR,,primary
nrg_pc_204_c:KWH2500-4999:EUR,CZ,cost,household,,VAT,2022-01-01,2022-12-31,0.0488,EUR/kWh,EUR,,primary
nrg_pc_204_c:KWH2500-4999:EUR,CZ,cost,household,,VAT,2023-01-01,2023-12-31,0.0554,EUR/kWh,EUR,,primary
nrg_pc_204_c:KWH2500-4999:EUR,CZ,cost,household,,VAT,2024-01-01,2024-12-31,0.0576,EUR/kWh,EUR,,primary
nrg_pc_204_c:KWH2500-4999:EUR,CZ,cost,household,,VAT,2025-01-01,2025-12-31,0.0562,EUR/kWh,EUR,,primary
nrg_pc_204_c:KWH2500-4999:EUR,DE,cost,household,,ALLOW_OTH,2024-01-01,2024-12-31,0.0,EUR/kWh,EUR,,primary
nrg_pc_204_c:KWH2500-4999:EUR,DE,cost,household,,ALLOW_OTH,2025-01-01,2025-12-31,0.0,EUR/kWh,EUR,,primary
nrg_pc_204_c:KWH2500-4999:EUR,DE,cost,household,,NETC,2017-01-01,2017-12-31,0.0697,EUR/kWh,EUR,,primary
nrg_pc_204_c:KWH2500-4999:EUR,DE,cost,household,,NETC,2018-01-01,2018-12-31,0.0756,EUR/kWh,EUR,,primary
nrg_pc_204_c:KWH2500-4999:EUR,DE,cost,household,,NETC,2019-01-01,2019-12-31,0.074,EUR/kWh,EUR,,primary
nrg_pc_204_c:KWH2500-4999:EUR,DE,cost,household,,NETC,2020-01-01,2020-12-31,0.0864,EUR/kWh,EUR,,primary
nrg_pc_204_c:KWH2500-4999:EUR,DE,cost,household,,NETC,2021-01-01,2021-12-31,0.0776,EUR/kWh,EUR,,primary
nrg_pc_204_c:KWH2500-4999:EUR,DE,cost,household,,NETC,2022-01-01,2022-12-31,0.0804,EUR/kWh,EUR,,primary
nrg_pc_204_c:KWH2500-4999:EUR,DE,cost,household,,NETC,2023-01-01,2023-12-31,0.0937,EUR/kWh,EUR,,primary
nrg_pc_204_c:KWH2500-4999:EUR,DE,cost,household,,NETC,2024-01-01,2024-12-31,0.1147,EUR/kWh,EUR,,primary
nrg_pc_204_c:KWH2500-4999:EUR,DE,cost,household,,NETC,2025-01-01,2025-12-31,0.113,EUR/kWh,EUR,,primary
nrg_pc_204_c:KWH2500-4999:EUR,DE,cost,household,,NRG_SUP,2017-01-01,2017-12-31,0.0686,EUR/kWh,EUR,,primary
nrg_pc_204_c:KWH2500-4999:EUR,DE,cost,household,,NRG_SUP,2018-01-01,2018-12-31,0.0622,EUR/kWh,EUR,,primary
nrg_pc_204_c:KWH2500-4999:EUR,DE,cost,household,,NRG_SUP,2019-01-01,2019-12-31,0.0581,EUR/kWh,EUR,,primary
nrg_pc_204_c:KWH2500-4999:EUR,DE,cost,household,,NRG_SUP,2020-01-01,2020-12-31,0.0574,EUR/kWh,EUR,,primary
nrg_pc_204_c:KWH2500-4999:EUR,DE,cost,household,,NRG_SUP,2021-01-01,2021-12-31,0.0803,EUR/kWh,EUR,,primary
nrg_pc_204_c:KWH2500-4999:EUR,DE,cost,household,,NRG_SUP,2022-01-01,2022-12-31,0.1303,EUR/kWh,EUR,,primary
nrg_pc_204_c:KWH2500-4999:EUR,DE,cost,household,,NRG_SUP,2023-01-01,2023-12-31,0.1992,EUR/kWh,EUR,,primary
nrg_pc_204_c:KWH2500-4999:EUR,DE,cost,household,,NRG_SUP,2024-01-01,2024-12-31,0.1654,EUR/kWh,EUR,,primary
nrg_pc_204_c:KWH2500-4999:EUR,DE,cost,household,,NRG_SUP,2025-01-01,2025-12-31,0.1481,EUR/kWh,EUR,,primary
nrg_pc_204_c:KWH2500-4999:EUR,DE,cost,household,,OTH,2019-01-01,2019-12-31,0.0151,EUR/kWh,EUR,,primary
nrg_pc_204_c:KWH2500-4999:EUR,DE,cost,household,,OTH,2020-01-01,2020-12-31,0.0155,EUR/kWh,EUR,,primary
nrg_pc_204_c:KWH2500-4999:EUR,DE,cost,household,,OTH,2021-01-01,2021-12-31,0.0158,EUR/kWh,EUR,,primary
nrg_pc_204_c:KWH2500-4999:EUR,DE,cost,household,,OTH,2022-01-01,2022-12-31,0.0158,EUR/kWh,EUR,,primary
nrg_pc_204_c:KWH2500-4999:EUR,DE,cost,household,,OTH,2023-01-01,2023-12-31,0.0154,EUR/kWh,EUR,,primary
nrg_pc_204_c:KWH2500-4999:EUR,DE,cost,household,,OTH,2024-01-01,2024-12-31,0.0154,EUR/kWh,EUR,,primary
nrg_pc_204_c:KWH2500-4999:EUR,DE,cost,household,,OTH,2025-01-01,2025-12-31,0.0156,EUR/kWh,EUR,,primary
nrg_pc_204_c:KWH2500-4999:EUR,DE,cost,household,,TAX_CAP,2019-01-01,2019-12-31,0.0073,EUR/kWh,EUR,,primary
nrg_pc_204_c:KWH2500-4999:EUR,DE,cost,household,,TAX_CAP,2020-01-01,2020-12-31,0.0078,EUR/kWh,EUR,,primary
nrg_pc_204_c:KWH2500-4999:EUR,DE,cost,household,,TAX_CAP,2021-01-01,2021-12-31,0.0084,EUR/kWh,EUR,,primary
nrg_pc_204_c:KWH2500-4999:EUR,DE,cost,household,,TAX_CAP,2022-01-01,2022-12-31,0.0086,EUR/kWh,EUR,,primary
nrg_pc_204_c:KWH2500-4999:EUR,DE,cost,household,,TAX_CAP,2023-01-01,2023-12-31,0.0101,EUR/kWh,EUR,,primary
nrg_pc_204_c:KWH2500-4999:EUR,DE,cost,household,,TAX_CAP,2024-01-01,2024-12-31,0.013,EUR/kWh,EUR,,primary
nrg_pc_204_c:KWH2500-4999:EUR,DE,cost,household,,TAX_CAP,2025-01-01,2025-12-31,0.0237,EUR/kWh,EUR,,primary
nrg_pc_204_c:KWH2500-4999:EUR,DE,cost,household,,TAX_CAP_ALLOW,2024-01-01,2024-12-31,0.0,EUR/kWh,EUR,,primary
nrg_pc_204_c:KWH2500-4999:EUR,DE,cost,household,,TAX_CAP_ALLOW,2025-01-01,2025-12-31,0.0,EUR/kWh,EUR,,primary
nrg_pc_204_c:KWH2500-4999:EUR,DE,cost,household,,TAX_ENV,2019-01-01,2019-12-31,0.0205,EUR/kWh,EUR,,primary
nrg_pc_204_c:KWH2500-4999:EUR,DE,cost,household,,TAX_ENV,2020-01-01,2020-12-31,0.0205,EUR/kWh,EUR,,primary
nrg_pc_204_c:KWH2500-4999:EUR,DE,cost,household,,TAX_ENV,2021-01-01,2021-12-31,0.0205,EUR/kWh,EUR,,primary
nrg_pc_204_c:KWH2500-4999:EUR,DE,cost,household,,TAX_ENV,2022-01-01,2022-12-31,0.0205,EUR/kWh,EUR,,primary
nrg_pc_204_c:KWH2500-4999:EUR,DE,cost,household,,TAX_ENV,2023-01-01,2023-12-31,0.0205,EUR/kWh,EUR,,primary
nrg_pc_204_c:KWH2500-4999:EUR,DE,cost,household,,TAX_ENV,2024-01-01,2024-12-31,0.0205,EUR/kWh,EUR,,primary
nrg_pc_204_c:KWH2500-4999:EUR,DE,cost,household,,TAX_ENV,2025-01-01,2025-12-31,0.0205,EUR/kWh,EUR,,primary
nrg_pc_204_c:KWH2500-4999:EUR,DE,cost,household,,TAX_ENV_ALLOW,2024-01-01,2024-12-31,0.0,EUR/kWh,EUR,,primary
nrg_pc_204_c:KWH2500-4999:EUR,DE,cost,household,,TAX_ENV_ALLOW,2025-01-01,2025-12-31,0.0,EUR/kWh,EUR,,primary
nrg_pc_204_c:KWH2500-4999:EUR,DE,cost,household,,TAX_FEE_LEV_CHRG,2019-01-01,2019-12-31,0.1557,EUR/kWh,EUR,,primary
nrg_pc_204_c:KWH2500-4999:EUR,DE,cost,household,,TAX_FEE_LEV_CHRG,2020-01-01,2020-12-31,0.1588,EUR/kWh,EUR,,primary
nrg_pc_204_c:KWH2500-4999:EUR,DE,cost,household,,TAX_FEE_LEV_CHRG,2021-01-01,2021-12-31,0.1635,EUR/kWh,EUR,,primary
nrg_pc_204_c:KWH2500-4999:EUR,DE,cost,household,,TAX_FEE_LEV_CHRG,2022-01-01,2022-12-31,0.121,EUR/kWh,EUR,,primary
nrg_pc_204_c:KWH2500-4999:EUR,DE,cost,household,,TAX_FEE_LEV_CHRG,2023-01-01,2023-12-31,0.1146,EUR/kWh,EUR,,primary
nrg_pc_204_c:KWH2500-4999:EUR,DE,cost,household,,TAX_FEE_LEV_CHRG,2024-01-01,2024-12-31,0.1147,EUR/kWh,EUR,,primary
nrg_pc_204_c:KWH2500-4999:EUR,DE,cost,household,,TAX_FEE_LEV_CHRG,2025-01-01,2025-12-31,0.1241,EUR/kWh,EUR,,primary
nrg_pc_204_c:KWH2500-4999:EUR,DE,cost,household,,TAX_FEE_LEV_CHRG_ALLOW,2024-01-01,2024-12-31,0.0,EUR/kWh,EUR,,primary
nrg_pc_204_c:KWH2500-4999:EUR,DE,cost,household,,TAX_FEE_LEV_CHRG_ALLOW,2025-01-01,2025-12-31,0.0,EUR/kWh,EUR,,primary
nrg_pc_204_c:KWH2500-4999:EUR,DE,cost,household,,TAX_NUC,2019-01-01,2019-12-31,0.0,EUR/kWh,EUR,,primary
nrg_pc_204_c:KWH2500-4999:EUR,DE,cost,household,,TAX_NUC,2020-01-01,2020-12-31,0.0,EUR/kWh,EUR,,primary
nrg_pc_204_c:KWH2500-4999:EUR,DE,cost,household,,TAX_NUC,2021-01-01,2021-12-31,0.0,EUR/kWh,EUR,,primary
nrg_pc_204_c:KWH2500-4999:EUR,DE,cost,household,,TAX_NUC,2024-01-01,2024-12-31,0.0,EUR/kWh,EUR,,primary
nrg_pc_204_c:KWH2500-4999:EUR,DE,cost,household,,TAX_NUC,2025-01-01,2025-12-31,0.0,EUR/kWh,EUR,,primary
nrg_pc_204_c:KWH2500-4999:EUR,DE,cost,household,,TAX_NUC_ALLOW,2024-01-01,2024-12-31,0.0,EUR/kWh,EUR,,primary
nrg_pc_204_c:KWH2500-4999:EUR,DE,cost,household,,TAX_NUC_ALLOW,2025-01-01,2025-12-31,0.0,EUR/kWh,EUR,,primary
nrg_pc_204_c:KWH2500-4999:EUR,DE,cost,household,,TAX_RNW,2019-01-01,2019-12-31,0.0669,EUR/kWh,EUR,,primary
nrg_pc_204_c:KWH2500-4999:EUR,DE,cost,household,,TAX_RNW,2020-01-01,2020-12-31,0.0698,EUR/kWh,EUR,,primary
nrg_pc_204_c:KWH2500-4999:EUR,DE,cost,household,,TAX_RNW,2021-01-01,2021-12-31,0.0675,EUR/kWh,EUR,,primary
nrg_pc_204_c:KWH2500-4999:EUR,DE,cost,household,,TAX_RNW,2022-01-01,2022-12-31,0.0232,EUR/kWh,EUR,,primary
nrg_pc_204_c:KWH2500-4999:EUR,DE,cost,household,,TAX_RNW,2023-01-01,2023-12-31,0.0036,EUR/kWh,EUR,,primary
nrg_pc_204_c:KWH2500-4999:EUR,DE,cost,household,,TAX_RNW,2024-01-01,2024-12-31,0.0028,EUR/kWh,EUR,,primary
nrg_pc_204_c:KWH2500-4999:EUR,DE,cost,household,,TAX_RNW,2025-01-01,2025-12-31,0.0028,EUR/kWh,EUR,,primary
nrg_pc_204_c:KWH2500-4999:EUR,DE,cost,household,,TAX_RNW_ALLOW,2024-01-01,2024-12-31,0.0,EUR/kWh,EUR,,primary
nrg_pc_204_c:KWH2500-4999:EUR,DE,cost,household,,TAX_RNW_ALLOW,2025-01-01,2025-12-31,0.0,EUR/kWh,EUR,,primary
nrg_pc_204_c:KWH2500-4999:EUR,DE,cost,household,,VAT,2019-01-01,2019-12-31,0.0459,EUR/kWh,EUR,,primary
nrg_pc_204_c:KWH2500-4999:EUR,DE,cost,household,,VAT,2020-01-01,2020-12-31,0.0452,EUR/kWh,EUR,,primary
nrg_pc_204_c:KWH2500-4999:EUR,DE,cost,household,,VAT,2021-01-01,2021-12-31,0.0513,EUR/kWh,EUR,,primary
nrg_pc_204_c:KWH2500-4999:EUR,DE,cost,household,,VAT,2022-01-01,2022-12-31,0.0529,EUR/kWh,EUR,,primary
nrg_pc_204_c:KWH2500-4999:EUR,DE,cost,household,,VAT,2023-01-01,2023-12-31,0.065,EUR/kWh,EUR,,primary
nrg_pc_204_c:KWH2500-4999:EUR,DE,cost,household,,VAT,2024-01-01,2024-12-31,0.063,EUR/kWh,EUR,,primary
nrg_pc_204_c:KWH2500-4999:EUR,DE,cost,household,,VAT,2025-01-01,2025-12-31,0.0615,EUR/kWh,EUR,,primary
nrg_pc_204_c:KWH2500-4999:EUR,DK,cost,household,,ALLOW_OTH,2024-01-01,2024-12-31,0.0,EUR/kWh,EUR,,primary
nrg_pc_204_c:KWH2500-4999:EUR,DK,cost,household,,ALLOW_OTH,2025-01-01,2025-12-31,0.0,EUR/kWh,EUR,,primary
nrg_pc_204_c:KWH2500-4999:EUR,DK,cost,household,,NETC,2017-01-01,2017-12-31,0.0542,EUR/kWh,EUR,,primary
nrg_pc_204_c:KWH2500-4999:EUR,DK,cost,household,,NETC,2018-01-01,2018-12-31,0.056,EUR/kWh,EUR,,primary
nrg_pc_204_c:KWH2500-4999:EUR,DK,cost,household,,NETC,2019-01-01,2019-12-31,0.0524,EUR/kWh,EUR,,primary
nrg_pc_204_c:KWH2500-4999:EUR,DK,cost,household,,NETC,2020-01-01,2020-12-31,0.0522,EUR/kWh,EUR,,primary
nrg_pc_204_c:KWH2500-4999:EUR,DK,cost,household,,NETC,2021-01-01,2021-12-31,0.0515,EUR/kWh,EUR,,primary
nrg_pc_204_c:KWH2500-4999:EUR,DK,cost,household,,NETC,2022-01-01,2022-12-31,0.0569,EUR/kWh,EUR,,primary
nrg_pc_204_c:KWH2500-4999:EUR,DK,cost,household,,NETC,2023-01-01,2023-12-31,0.0764,EUR/kWh,EUR,,primary
nrg_pc_204_c:KWH2500-4999:EUR,DK,cost,household,,NETC,2024-01-01,2024-12-31,0.0824,EUR/kWh,EUR,,primary
nrg_pc_204_c:KWH2500-4999:EUR,DK,cost,household,,NETC,2025-01-01,2025-12-31,0.079,EUR/kWh,EUR,,primary
nrg_pc_204_c:KWH2500-4999:EUR,DK,cost,household,,NRG_SUP,2017-01-01,2017-12-31,0.0388,EUR/kWh,EUR,,primary
nrg_pc_204_c:KWH2500-4999:EUR,DK,cost,household,,NRG_SUP,2018-01-01,2018-12-31,0.0503,EUR/kWh,EUR,,primary
nrg_pc_204_c:KWH2500-4999:EUR,DK,cost,household,,NRG_SUP,2019-01-01,2019-12-31,0.0539,EUR/kWh,EUR,,primary
nrg_pc_204_c:KWH2500-4999:EUR,DK,cost,household,,NRG_SUP,2020-01-01,2020-12-31,0.0409,EUR/kWh,EUR,,primary
nrg_pc_204_c:KWH2500-4999:EUR,DK,cost,household,,NRG_SUP,2021-01-01,2021-12-31,0.0747,EUR/kWh,EUR,,primary
nrg_pc_204_c:KWH2500-4999:EUR,DK,cost,household,,NRG_SUP,2022-01-01,2022-12-31,0.2434,EUR/kWh,EUR,,primary
nrg_pc_204_c:KWH2500-4999:EUR,DK,cost,household,,NRG_SUP,2023-01-01,2023-12-31,0.1645,EUR/kWh,EUR,,primary
nrg_pc_204_c:KWH2500-4999:EUR,DK,cost,household,,NRG_SUP,2024-01-01,2024-12-31,0.1082,EUR/kWh,EUR,,primary
nrg_pc_204_c:KWH2500-4999:EUR,DK,cost,household,,NRG_SUP,2025-01-01,2025-12-31,0.0964,EUR/kWh,EUR,,primary
nrg_pc_204_c:KWH2500-4999:EUR,DK,cost,household,,OTH,2017-01-01,2017-12-31,0.0,EUR/kWh,EUR,,primary
nrg_pc_204_c:KWH2500-4999:EUR,DK,cost,household,,OTH,2018-01-01,2018-12-31,0.0,EUR/kWh,EUR,,primary
nrg_pc_204_c:KWH2500-4999:EUR,DK,cost,household,,OTH,2019-01-01,2019-12-31,0.0,EUR/kWh,EUR,,primary
nrg_pc_204_c:KWH2500-4999:EUR,DK,cost,household,,OTH,2020-01-01,2020-12-31,0.0,EUR/kWh,EUR,,primary
nrg_pc_204_c:KWH2500-4999:EUR,DK,cost,household,,OTH,2021-01-01,2021-12-31,0.0,EUR/kWh,EUR,,primary
nrg_pc_204_c:KWH2500-4999:EUR,DK,cost,household,,OTH,2024-01-01,2024-12-31,0.0,EUR/kWh,EUR,,primary
nrg_pc_204_c:KWH2500-4999:EUR,DK,cost,household,,OTH,2025-01-01,2025-12-31,0.0,EUR/kWh,EUR,,primary
nrg_pc_204_c:KWH2500-4999:EUR,DK,cost,household,,TAX_CAP,2017-01-01,2017-12-31,0.0,EUR/kWh,EUR,,primary
nrg_pc_204_c:KWH2500-4999:EUR,DK,cost,household,,TAX_CAP,2018-01-01,2018-12-31,0.0,EUR/kWh,EUR,,primary
nrg_pc_204_c:KWH2500-4999:EUR,DK,cost,household,,TAX_CAP,2019-01-01,2019-12-31,0.0,EUR/kWh,EUR,,primary
nrg_pc_204_c:KWH2500-4999:EUR,DK,cost,household,,TAX_CAP,2020-01-01,2020-12-31,0.0,EUR/kWh,EUR,,primary
nrg_pc_204_c:KWH2500-4999:EUR,DK,cost,household,,TAX_CAP,2021-01-01,2021-12-31,0.0,EUR/kWh,EUR,,primary
nrg_pc_204_c:KWH2500-4999:EUR,DK,cost,household,,TAX_CAP,2024-01-01,2024-12-31,0.0,EUR/kWh,EUR,,primary
nrg_pc_204_c:KWH2500-4999:EUR,DK,cost,household,,TAX_CAP,2025-01-01,2025-12-31,0.0,EUR/kWh,EUR,,primary
nrg_pc_204_c:KWH2500-4999:EUR,DK,cost,household,,TAX_CAP_ALLOW,2024-01-01,2024-12-31,0.0,EUR/kWh,EUR,,primary
nrg_pc_204_c:KWH2500-4999:EUR,DK,cost,household,,TAX_CAP_ALLOW,2025-01-01,2025-12-31,0.0,EUR/kWh,EUR,,primary
nrg_pc_204_c:KWH2500-4999:EUR,DK,cost,household,,TAX_ENV,2017-01-01,2017-12-31,0.1223,EUR/kWh,EUR,,primary
nrg_pc_204_c:KWH2500-4999:EUR,DK,cost,household,,TAX_ENV,2018-01-01,2018-12-31,0.1225,EUR/kWh,EUR,,primary
nrg_pc_204_c:KWH2500-4999:EUR,DK,cost,household,,TAX_ENV,2019-01-01,2019-12-31,0.1184,EUR/kWh,EUR,,primary
nrg_pc_204_c:KWH2500-4999:EUR,DK,cost,household,,TAX_ENV,2020-01-01,2020-12-31,0.1198,EUR/kWh,EUR,,primary
nrg_pc_204_c:KWH2500-4999:EUR,DK,cost,household,,TAX_ENV,2021-01-01,2021-12-31,0.121,EUR/kWh,EUR,,primary
nrg_pc_204_c:KWH2500-4999:EUR,DK,cost,household,,TAX_ENV,2022-01-01,2022-12-31,0.1106,EUR/kWh,EUR,,primary
nrg_pc_204_c:KWH2500-4999:EUR,DK,cost,household,,TAX_ENV,2023-01-01,2023-12-31,0.0473,EUR/kWh,EUR,,primary
nrg_pc_204_c:KWH2500-4999:EUR,DK,cost,household,,TAX_ENV,2024-01-01,2024-12-31,0.102,EUR/kWh,EUR,,primary
nrg_pc_204_c:KWH2500-4999:EUR,DK,cost,household,,TAX_ENV,2025-01-01,2025-12-31,0.0964,EUR/kWh,EUR,,primary
nrg_pc_204_c:KWH2500-4999:EUR,DK,cost,household,,TAX_ENV_ALLOW,2024-01-01,2024-12-31,0.0,EUR/kWh,EUR,,primary
nrg_pc_204_c:KWH2500-4999:EUR,DK,cost,household,,TAX_ENV_ALLOW,2025-01-01,2025-12-31,0.0,EUR/kWh,EUR,,primary
nrg_pc_204_c:KWH2500-4999:EUR,DK,cost,household,,TAX_FEE_LEV_CHRG,2017-01-01,2017-12-31,0.2098,EUR/kWh,EUR,,primary
nrg_pc_204_c:KWH2500-4999:EUR,DK,cost,household,,TAX_FEE_LEV_CHRG,2018-01-01,2018-12-31,0.2059,EUR/kWh,EUR,,primary
nrg_pc_204_c:KWH2500-4999:EUR,DK,cost,household,,TAX_FEE_LEV_CHRG,2019-01-01,2019-12-31,0.1891,EUR/kWh,EUR,,primary
nrg_pc_204_c:KWH2500-4999:EUR,DK,cost,household,,TAX_FEE_LEV_CHRG,2020-01-01,2020-12-31,0.1899,EUR/kWh,EUR,,primary
nrg_pc_204_c:KWH2500-4999:EUR,DK,cost,household,,TAX_FEE_LEV_CHRG,2021-01-01,2021-12-31,0.1911,EUR/kWh,EUR,,primary
nrg_pc_204_c:KWH2500-4999:EUR,DK,cost,household,,TAX_FEE_LEV_CHRG,2022-01-01,2022-12-31,0.2212,EUR/kWh,EUR,,primary
nrg_pc_204_c:KWH2500-4999:EUR,DK,cost,household,,TAX_FEE_LEV_CHRG,2023-01-01,2023-12-31,0.1272,EUR/kWh,EUR,,primary
nrg_pc_204_c:KWH2500-4999:EUR,DK,cost,household,,TAX_FEE_LEV_CHRG,2024-01-01,2024-12-31,0.183,EUR/kWh,EUR,,primary
nrg_pc_204_c:KWH2500-4999:EUR,DK,cost,household,,TAX_FEE_LEV_CHRG,2025-01-01,2025-12-31,0.1659,EUR/kWh,EUR,,primary
nrg_pc_204_c:KWH2500-4999:EUR,DK,cost,household,,TAX_FEE_LEV_CHRG_ALLOW,2024-01-01,2024-12-31,0.0,EUR/kWh,EUR,,primary
nrg_pc_204_c:KWH2500-4999:EUR,DK,cost,household,,TAX_FEE_LEV_CHRG_ALLOW,2025-01-01,2025-12-31,0.0,EUR/kWh,EUR,,primary
nrg_pc_204_c:KWH2500-4999:EUR,DK,cost,household,,TAX_NUC,2017-01-01,2017-12-31,0.0,EUR/kWh,EUR,,primary
nrg_pc_204_c:KWH2500-4999:EUR,DK,cost,household,,TAX_NUC,2018-01-01,2018-12-31,0.0,EUR/kWh,EUR,,primary
nrg_pc_204_c:KWH2500-4999:EUR,DK,cost,household,,TAX_NUC,2019-01-01,2019-12-31,0.0,EUR/kWh,EUR,,primary
nrg_pc_204_c:KWH2500-4999:EUR,DK,cost,household,,TAX_NUC,2020-01-01,2020-12-31,0.0,EUR/kWh,EUR,,primary
nrg_pc_204_c:KWH2500-4999:EUR,DK,cost,household,,TAX_NUC,2021-01-01,2021-12-31,0.0,EUR/kWh,EUR,,primary
nrg_pc_204_c:KWH2500-4999:EUR,DK,cost,household,,TAX_NUC,2024-01-01,2024-12-31,0.0,EUR/kWh,EUR,,primary
nrg_pc_204_c:KWH2500-4999:EUR,DK,cost,household,,TAX_NUC,2025-01-01,2025-12-31,0.0,EUR/kWh,EUR,,primary
nrg_pc_204_c:KWH2500-4999:EUR,DK,cost,household,,TAX_NUC_ALLOW,2024-01-01,2024-12-31,0.0,EUR/kWh,EUR,,primary
nrg_pc_204_c:KWH2500-4999:EUR,DK,cost,household,,TAX_NUC_ALLOW,2025-01-01,2025-12-31,0.0,EUR/kWh,EUR,,primary
nrg_pc_204_c:KWH2500-4999:EUR,DK,cost,household,,TAX_RNW,2017-01-01,2017-12-31,0.0269,EUR/kWh,EUR,,primary
nrg_pc_204_c:KWH2500-4999:EUR,DK,cost,household,,TAX_RNW,2018-01-01,2018-12-31,0.021,EUR/kWh,EUR,,primary
nrg_pc_204_c:KWH2500-4999:EUR,DK,cost,household,,TAX_RNW,2019-01-01,2019-12-31,0.0116,EUR/kWh,EUR,,primary
nrg_pc_204_c:KWH2500-4999:EUR,DK,cost,household,,TAX_RNW,2020-01-01,2020-12-31,0.0135,EUR/kWh,EUR,,primary
nrg_pc_204_c:KWH2500-4999:EUR,DK,cost,household,,TAX_RNW,2021-01-01,2021-12-31,0.0066,EUR/kWh,EUR,,primary
nrg_pc_204_c:KWH2500-4999:EUR,DK,cost,household,,TAX_RNW,2022-01-01,2022-12-31,0.0063,EUR/kWh,EUR,,primary
nrg_pc_204_c:KWH2500-4999:EUR,DK,cost,household,,TAX_RNW,2023-01-01,2023-12-31,0.0063,EUR/kWh,EUR,,primary
nrg_pc_204_c:KWH2500-4999:EUR,DK,cost,household,,TAX_RNW,2024-01-01,2024-12-31,0.0063,EUR/kWh,EUR,,primary
nrg_pc_204_c:KWH2500-4999:EUR,DK,cost,household,,TAX_RNW,2025-01-01,2025-12-31,0.0,EUR/kWh,EUR,,primary
nrg_pc_204_c:KWH2500-4999:EUR,DK,cost,household,,TAX_RNW_ALLOW,2024-01-01,2024-12-31,0.0,EUR/kWh,EUR,,primary
nrg_pc_204_c:KWH2500-4999:EUR,DK,cost,household,,TAX_RNW_ALLOW,2025-01-01,2025-12-31,0.0,EUR/kWh,EUR,,primary
nrg_pc_204_c:KWH2500-4999:EUR,DK,cost,household,,VAT,2017-01-01,2017-12-31,0.0606,EUR/kWh,EUR,,primary
nrg_pc_204_c:KWH2500-4999:EUR,DK,cost,household,,VAT,2018-01-01,2018-12-31,0.0625,EUR/kWh,EUR,,primary
nrg_pc_204_c:KWH2500-4999:EUR,DK,cost,household,,VAT,2019-01-01,2019-12-31,0.0591,EUR/kWh,EUR,,primary
nrg_pc_204_c:KWH2500-4999:EUR,DK,cost,household,,VAT,2020-01-01,2020-12-31,0.0566,EUR/kWh,EUR,,primary
nrg_pc_204_c:KWH2500-4999:EUR,DK,cost,household,,VAT,2021-01-01,2021-12-31,0.0635,EUR/kWh,EUR,,primary
nrg_pc_204_c:KWH2500-4999:EUR,DK,cost,household,,VAT,2022-01-01,2022-12-31,0.1043,EUR/kWh,EUR,,primary
nrg_pc_204_c:KWH2500-4999:EUR,DK,cost,household,,VAT,2023-01-01,2023-12-31,0.0736,EUR/kWh,EUR,,primary
nrg_pc_204_c:KWH2500-4999:EUR,DK,cost,household,,VAT,2024-01-01,2024-12-31,0.0747,EUR/kWh,EUR,,primary
nrg_pc_204_c:KWH2500-4999:EUR,DK,cost,household,,VAT,2025-01-01,2025-12-31,0.0695,EUR/kWh,EUR,,primary
nrg_pc_204_c:KWH2500-4999:EUR,EE,cost,household,,ALLOW_OTH,2022-01-01,2022-12-31,0.0,EUR/kWh,EUR,,primary
nrg_pc_204_c:KWH2500-4999:EUR,EE,cost,household,,ALLOW_OTH,2023-01-01,2023-12-31,0.0,EUR/kWh,EUR,,primary
nrg_pc_204_c:KWH2500-4999:EUR,EE,cost,household,,ALLOW_OTH,2024-01-01,2024-12-31,0.0,EUR/kWh,EUR,,primary
nrg_pc_204_c:KWH2500-4999:EUR,EE,cost,household,,ALLOW_OTH,2025-01-01,2025-12-31,0.0,EUR/kWh,EUR,,primary
nrg_pc_204_c:KWH2500-4999:EUR,EE,cost,household,,NETC,2017-01-01,2017-12-31,0.0496,EUR/kWh,EUR,,primary
nrg_pc_204_c:KWH2500-4999:EUR,EE,cost,household,,NETC,2018-01-01,2018-12-31,0.0501,EUR/kWh,EUR,,primary
nrg_pc_204_c:KWH2500-4999:EUR,EE,cost,household,,NETC,2019-01-01,2019-12-31,0.0472,EUR/kWh,EUR,,primary
nrg_pc_204_c:KWH2500-4999:EUR,EE,cost,household,,NETC,2020-01-01,2020-12-31,0.0474,EUR/kWh,EUR,,primary
nrg_pc_204_c:KWH2500-4999:EUR,EE,cost,household,,NETC,2021-01-01,2021-12-31,0.0472,EUR/kWh,EUR,,primary
nrg_pc_204_c:KWH2500-4999:EUR,EE,cost,household,,NETC,2022-01-01,2022-12-31,0.0518,EUR/kWh,EUR,,primary
nrg_pc_204_c:KWH2500-4999:EUR,EE,cost,household,,NETC,2023-01-01,2023-12-31,0.062,EUR/kWh,EUR,,primary
nrg_pc_204_c:KWH2500-4999:EUR,EE,cost,household,,NETC,2024-01-01,2024-12-31,0.0636,EUR/kWh,EUR,,primary
nrg_pc_204_c:KWH2500-4999:EUR,EE,cost,household,,NETC,2025-01-01,2025-12-31,0.0724,EUR/kWh,EUR,,primary
nrg_pc_204_c:KWH2500-4999:EUR,EE,cost,household,,NRG_SUP,2017-01-01,2017-12-31,0.0442,EUR/kWh,EUR,,primary
nrg_pc_204_c:KWH2500-4999:EUR,EE,cost,household,,NRG_SUP,2018-01-01,2018-12-31,0.0518,EUR/kWh,EUR,,primary
nrg_pc_204_c:KWH2500-4999:EUR,EE,cost,household,,NRG_SUP,2019-01-01,2019-12-31,0.0533,EUR/kWh,EUR,,primary
nrg_pc_204_c:KWH2500-4999:EUR,EE,cost,household,,NRG_SUP,2020-01-01,2020-12-31,0.0444,EUR/kWh,EUR,,primary
nrg_pc_204_c:KWH2500-4999:EUR,EE,cost,household,,NRG_SUP,2021-01-01,2021-12-31,0.0764,EUR/kWh,EUR,,primary
nrg_pc_204_c:KWH2500-4999:EUR,EE,cost,household,,NRG_SUP,2022-01-01,2022-12-31,0.132,EUR/kWh,EUR,,primary
nrg_pc_204_c:KWH2500-4999:EUR,EE,cost,household,,NRG_SUP,2023-01-01,2023-12-31,0.1126,EUR/kWh,EUR,,primary
nrg_pc_204_c:KWH2500-4999:EUR,EE,cost,household,,NRG_SUP,2024-01-01,2024-12-31,0.1096,EUR/kWh,EUR,,primary
nrg_pc_204_c:KWH2500-4999:EUR,EE,cost,household,,NRG_SUP,2025-01-01,2025-12-31,0.1029,EUR/kWh,EUR,,primary
nrg_pc_204_c:KWH2500-4999:EUR,EE,cost,household,,OTH,2017-01-01,2017-12-31,0.0,EUR/kWh,EUR,,primary
nrg_pc_204_c:KWH2500-4999:EUR,EE,cost,household,,OTH,2018-01-01,2018-12-31,0.0,EUR/kWh,EUR,,primary
nrg_pc_204_c:KWH2500-4999:EUR,EE,cost,household,,OTH,2019-01-01,2019-12-31,0.0,EUR/kWh,EUR,,primary
nrg_pc_204_c:KWH2500-4999:EUR,EE,cost,household,,OTH,2020-01-01,2020-12-31,0.0,EUR/kWh,EUR,,primary
nrg_pc_204_c:KWH2500-4999:EUR,EE,cost,household,,OTH,2021-01-01,2021-12-31,0.0,EUR/kWh,EUR,,primary
nrg_pc_204_c:KWH2500-4999:EUR,EE,cost,household,,OTH,2022-01-01,2022-12-31,0.0,EUR/kWh,EUR,,primary
nrg_pc_204_c:KWH2500-4999:EUR,EE,cost,household,,OTH,2023-01-01,2023-12-31,0.0,EUR/kWh,EUR,,primary
nrg_pc_204_c:KWH2500-4999:EUR,EE,cost,household,,OTH,2024-01-01,2024-12-31,0.0,EUR/kWh,EUR,,primary
nrg_pc_204_c:KWH2500-4999:EUR,EE,cost,household,,OTH,2025-01-01,2025-12-31,0.0,EUR/kWh,EUR,,primary
nrg_pc_204_c:KWH2500-4999:EUR,EE,cost,household,,TAX_CAP,2017-01-01,2017-12-31,0.0,EUR/kWh,EUR,,primary
nrg_pc_204_c:KWH2500-4999:EUR,EE,cost,household,,TAX_CAP,2018-01-01,2018-12-31,0.0,EUR/kWh,EUR,,primary
nrg_pc_204_c:KWH2500-4999:EUR,EE,cost,household,,TAX_CAP,2019-01-01,2019-12-31,0.0,EUR/kWh,EUR,,primary
nrg_pc_204_c:KWH2500-4999:EUR,EE,cost,household,,TAX_CAP,2020-01-01,2020-12-31,0.0,EUR/kWh,EUR,,primary
nrg_pc_204_c:KWH2500-4999:EUR,EE,cost,household,,TAX_CAP,2021-01-01,2021-12-31,0.0,EUR/kWh,EUR,,primary
nrg_pc_204_c:KWH2500-4999:EUR,EE,cost,household,,TAX_CAP,2022-01-01,2022-12-31,0.0,EUR/kWh,EUR,,primary
nrg_pc_204_c:KWH2500-4999:EUR,EE,cost,household,,TAX_CAP,2023-01-01,2023-12-31,0.0,EUR/kWh,EUR,,primary
nrg_pc_204_c:KWH2500-4999:EUR,EE,cost,household,,TAX_CAP,2024-01-01,2024-12-31,0.0,EUR/kWh,EUR,,primary
nrg_pc_204_c:KWH2500-4999:EUR,EE,cost,household,,TAX_CAP,2025-01-01,2025-12-31,0.0,EUR/kWh,EUR,,primary
nrg_pc_204_c:KWH2500-4999:EUR,EE,cost,household,,TAX_CAP_ALLOW,2022-01-01,2022-12-31,0.0,EUR/kWh,EUR,,primary
nrg_pc_204_c:KWH2500-4999:EUR,EE,cost,household,,TAX_CAP_ALLOW,2023-01-01,2023-12-31,0.0,EUR/kWh,EUR,,primary
nrg_pc_204_c:KWH2500-4999:EUR,EE,cost,household,,TAX_CAP_ALLOW,2024-01-01,2024-12-31,0.0,EUR/kWh,EUR,,primary
nrg_pc_204_c:KWH2500-4999:EUR,EE,cost,household,,TAX_CAP_ALLOW,2025-01-01,2025-12-31,0.0,EUR/kWh,EUR,,primary
nrg_pc_204_c:KWH2500-4999:EUR,EE,cost,household,,TAX_ENV,2017-01-01,2017-12-31,0.0045,EUR/kWh,EUR,,primary
nrg_pc_204_c:KWH2500-4999:EUR,EE,cost,household,,TAX_ENV,2018-01-01,2018-12-31,0.0045,EUR/kWh,EUR,,primary
nrg_pc_204_c:KWH2500-4999:EUR,EE,cost,household,,TAX_ENV,2019-01-01,2019-12-31,0.0045,EUR/kWh,EUR,,primary
nrg_pc_204_c:KWH2500-4999:EUR,EE,cost,household,,TAX_ENV,2020-01-01,2020-12-31,0.0023,EUR/kWh,EUR,,primary
nrg_pc_204_c:KWH2500-4999:EUR,EE,cost,household,,TAX_ENV,2021-01-01,2021-12-31,0.001,EUR/kWh,EUR,,primary
nrg_pc_204_c:KWH2500-4999:EUR,EE,cost,household,,TAX_ENV,2022-01-01,2022-12-31,0.001,EUR/kWh,EUR,,primary
nrg_pc_204_c:KWH2500-4999:EUR,EE,cost,household,,TAX_ENV,2023-01-01,2023-12-31,0.001,EUR/kWh,EUR,,primary
nrg_pc_204_c:KWH2500-4999:EUR,EE,cost,household,,TAX_ENV,2024-01-01,2024-12-31,0.0013,EUR/kWh,EUR,,primary
nrg_pc_204_c:KWH2500-4999:EUR,EE,cost,household,,TAX_ENV,2025-01-01,2025-12-31,0.0021,EUR/kWh,EUR,,primary
nrg_pc_204_c:KWH2500-4999:EUR,EE,cost,household,,TAX_ENV_ALLOW,2022-01-01,2022-12-31,0.0,EUR/kWh,EUR,,primary
nrg_pc_204_c:KWH2500-4999:EUR,EE,cost,household,,TAX_ENV_ALLOW,2023-01-01,2023-12-31,0.0,EUR/kWh,EUR,,primary
nrg_pc_204_c:KWH2500-4999:EUR,EE,cost,household,,TAX_ENV_ALLOW,2024-01-01,2024-12-31,0.0,EUR/kWh,EUR,,primary
nrg_pc_204_c:KWH2500-4999:EUR,EE,cost,household,,TAX_ENV_ALLOW,2025-01-01,2025-12-31,0.0,EUR/kWh,EUR,,primary
nrg_pc_204_c:KWH2500-4999:EUR,EE,cost,household,,TAX_FEE_LEV_CHRG,2017-01-01,2017-12-31,0.0366,EUR/kWh,EUR,,primary
nrg_pc_204_c:KWH2500-4999:EUR,EE,cost,household,,TAX_FEE_LEV_CHRG,2018-01-01,2018-12-31,0.0364,EUR/kWh,EUR,,primary
nrg_pc_204_c:KWH2500-4999:EUR,EE,cost,household,,TAX_FEE_LEV_CHRG,2019-01-01,2019-12-31,0.038,EUR/kWh,EUR,,primary
nrg_pc_204_c:KWH2500-4999:EUR,EE,cost,household,,TAX_FEE_LEV_CHRG,2020-01-01,2020-12-31,0.0346,EUR/kWh,EUR,,primary
nrg_pc_204_c:KWH2500-4999:EUR,EE,cost,household,,TAX_FEE_LEV_CHRG,2021-01-01,2021-12-31,0.0395,EUR/kWh,EUR,,primary
nrg_pc_204_c:KWH2500-4999:EUR,EE,cost,household,,TAX_FEE_LEV_CHRG,2022-01-01,2022-12-31,0.0515,EUR/kWh,EUR,,primary
nrg_pc_204_c:KWH2500-4999:EUR,EE,cost,household,,TAX_FEE_LEV_CHRG,2023-01-01,2023-12-31,0.0503,EUR/kWh,EUR,,primary
nrg_pc_204_c:KWH2500-4999:EUR,EE,cost,household,,TAX_FEE_LEV_CHRG,2024-01-01,2024-12-31,0.0525,EUR/kWh,EUR,,primary
nrg_pc_204_c:KWH2500-4999:EUR,EE,cost,household,,TAX_FEE_LEV_CHRG,2025-01-01,2025-12-31,0.0551,EUR/kWh,EUR,,primary
nrg_pc_204_c:KWH2500-4999:EUR,EE,cost,household,,TAX_FEE_LEV_CHRG_ALLOW,2024-01-01,2024-12-31,0.0,EUR/kWh,EUR,,primary
nrg_pc_204_c:KWH2500-4999:EUR,EE,cost,household,,TAX_FEE_LEV_CHRG_ALLOW,2025-01-01,2025-12-31,0.0,EUR/kWh,EUR,,primary
nrg_pc_204_c:KWH2500-4999:EUR,EE,cost,household,,TAX_NUC,2017-01-01,2017-12-31,0.0,EUR/kWh,EUR,,primary
nrg_pc_204_c:KWH2500-4999:EUR,EE,cost,household,,TAX_NUC,2018-01-01,2018-12-31,0.0,EUR/kWh,EUR,,primary
nrg_pc_204_c:KWH2500-4999:EUR,EE,cost,household,,TAX_NUC,2019-01-01,2019-12-31,0.0,EUR/kWh,EUR,,primary
nrg_pc_204_c:KWH2500-4999:EUR,EE,cost,household,,TAX_NUC,2020-01-01,2020-12-31,0.0,EUR/kWh,EUR,,primary
nrg_pc_204_c:KWH2500-4999:EUR,EE,cost,household,,TAX_NUC,2021-01-01,2021-12-31,0.0,EUR/kWh,EUR,,primary
nrg_pc_204_c:KWH2500-4999:EUR,EE,cost,household,,TAX_NUC,2022-01-01,2022-12-31,0.0,EUR/kWh,EUR,,primary
nrg_pc_204_c:KWH2500-4999:EUR,EE,cost,household,,TAX_NUC,2023-01-01,2023-12-31,0.0,EUR/kWh,EUR,,primary
nrg_pc_204_c:KWH2500-4999:EUR,EE,cost,household,,TAX_NUC,2024-01-01,2024-12-31,0.0,EUR/kWh,EUR,,primary
nrg_pc_204_c:KWH2500-4999:EUR,EE,cost,household,,TAX_NUC,2025-01-01,2025-12-31,0.0,EUR/kWh,EUR,,primary
nrg_pc_204_c:KWH2500-4999:EUR,EE,cost,household,,TAX_NUC_ALLOW,2022-01-01,2022-12-31,0.0,EUR/kWh,EUR,,primary
nrg_pc_204_c:KWH2500-4999:EUR,EE,cost,household,,TAX_NUC_ALLOW,2023-01-01,2023-12-31,0.0,EUR/kWh,EUR,,primary
nrg_pc_204_c:KWH2500-4999:EUR,EE,cost,household,,TAX_NUC_ALLOW,2024-01-01,2024-12-31,0.0,EUR/kWh,EUR,,primary
nrg_pc_204_c:KWH2500-4999:EUR,EE,cost,household,,TAX_NUC_ALLOW,2025-01-01,2025-12-31,0.0,EUR/kWh,EUR,,primary
nrg_pc_204_c:KWH2500-4999:EUR,EE,cost,household,,TAX_RNW,2017-01-01,2017-12-31,0.0104,EUR/kWh,EUR,,primary
nrg_pc_204_c:KWH2500-4999:EUR,EE,cost,household,,TAX_RNW,2018-01-01,2018-12-31,0.0089,EUR/kWh,EUR,,primary
nrg_pc_204_c:KWH2500-4999:EUR,EE,cost,household,,TAX_RNW,2019-01-01,2019-12-31,0.0104,EUR/kWh,EUR,,primary
nrg_pc_204_c:KWH2500-4999:EUR,EE,cost,household,,TAX_RNW,2020-01-01,2020-12-31,0.0113,EUR/kWh,EUR,,primary
nrg_pc_204_c:KWH2500-4999:EUR,EE,cost,household,,TAX_RNW,2021-01-01,2021-12-31,0.0113,EUR/kWh,EUR,,primary
nrg_pc_204_c:KWH2500-4999:EUR,EE,cost,household,,TAX_RNW,2022-01-01,2022-12-31,0.0113,EUR/kWh,EUR,,primary
nrg_pc_204_c:KWH2500-4999:EUR,EE,cost,household,,TAX_RNW,2023-01-01,2023-12-31,0.0119,EUR/kWh,EUR,,primary
nrg_pc_204_c:KWH2500-4999:EUR,EE,cost,household,,TAX_RNW,2024-01-01,2024-12-31,0.0105,EUR/kWh,EUR,,primary
nrg_pc_204_c:KWH2500-4999:EUR,EE,cost,household,,TAX_RNW,2025-01-01,2025-12-31,0.0084,EUR/kWh,EUR,,primary
nrg_pc_204_c:KWH2500-4999:EUR,EE,cost,household,,TAX_RNW_ALLOW,2022-01-01,2022-12-31,0.0,EUR/kWh,EUR,,primary
nrg_pc_204_c:KWH2500-4999:EUR,EE,cost,household,,TAX_RNW_ALLOW,2023-01-01,2023-12-31,0.0,EUR/kWh,EUR,,primary
nrg_pc_204_c:KWH2500-4999:EUR,EE,cost,household,,TAX_RNW_ALLOW,2024-01-01,2024-12-31,0.0,EUR/kWh,EUR,,primary
nrg_pc_204_c:KWH2500-4999:EUR,EE,cost,household,,TAX_RNW_ALLOW,2025-01-01,2025-12-31,0.0,EUR/kWh,EUR,,primary
nrg_pc_204_c:KWH2500-4999:EUR,EE,cost,household,,VAT,2017-01-01,2017-12-31,0.0217,EUR/kWh,EUR,,primary
nrg_pc_204_c:KWH2500-4999:EUR,EE,cost,household,,VAT,2018-01-01,2018-12-31,0.023,EUR/kWh,EUR,,primary
nrg_pc_204_c:KWH2500-4999:EUR,EE,cost,household,,VAT,2019-01-01,2019-12-31,0.0231,EUR/kWh,EUR,,primary
nrg_pc_204_c:KWH2500-4999:EUR,EE,cost,household,,VAT,2020-01-01,2020-12-31,0.0211,EUR/kWh,EUR,,primary
nrg_pc_204_c:KWH2500-4999:EUR,EE,cost,household,,VAT,2021-01-01,2021-12-31,0.0272,EUR/kWh,EUR,,primary
nrg_pc_204_c:KWH2500-4999:EUR,EE,cost,household,,VAT,2022-01-01,2022-12-31,0.0392,EUR/kWh,EUR,,primary
nrg_pc_204_c:KWH2500-4999:EUR,EE,cost,household,,VAT,2023-01-01,2023-12-31,0.0375,EUR/kWh,EUR,,primary
nrg_pc_204_c:KWH2500-4999:EUR,EE,cost,household,,VAT,2024-01-01,2024-12-31,0.0407,EUR/kWh,EUR,,primary
nrg_pc_204_c:KWH2500-4999:EUR,EE,cost,household,,VAT,2025-01-01,2025-12-31,0.0446,EUR/kWh,EUR,,primary
nrg_pc_204_c:KWH2500-4999:EUR,EL,cost,household,,ALLOW_OTH,2022-01-01,2022-12-31,0.1679,EUR/kWh,EUR,,primary
nrg_pc_204_c:KWH2500-4999:EUR,EL,cost,household,,ALLOW_OTH,2023-01-01,2023-12-31,0.093,EUR/kWh,EUR,,primary
nrg_pc_204_c:KWH2500-4999:EUR,EL,cost,household,,ALLOW_OTH,2024-01-01,2024-12-31,0.0066,EUR/kWh,EUR,,primary
nrg_pc_204_c:KWH2500-4999:EUR,EL,cost,household,,ALLOW_OTH,2025-01-01,2025-12-31,-0.004,EUR/kWh,EUR,,primary
nrg_pc_204_c:KWH2500-4999:EUR,EL,cost,household,,NETC,2017-01-01,2017-12-31,0.032,EUR/kWh,EUR,,primary
nrg_pc_204_c:KWH2500-4999:EUR,EL,cost,household,,NETC,2018-01-01,2018-12-31,0.0265,EUR/kWh,EUR,,primary
nrg_pc_204_c:KWH2500-4999:EUR,EL,cost,household,,NETC,2019-01-01,2019-12-31,0.0265,EUR/kWh,EUR,,primary
nrg_pc_204_c:KWH2500-4999:EUR,EL,cost,household,,NETC,2020-01-01,2020-12-31,0.0263,EUR/kWh,EUR,,primary
nrg_pc_204_c:KWH2500-4999:EUR,EL,cost,household,,NETC,2021-01-01,2021-12-31,0.0266,EUR/kWh,EUR,,primary
nrg_pc_204_c:KWH2500-4999:EUR,EL,cost,household,,NETC,2022-01-01,2022-12-31,0.027,EUR/kWh,EUR,,primary
nrg_pc_204_c:KWH2500-4999:EUR,EL,cost,household,,NETC,2023-01-01,2023-12-31,0.0335,EUR/kWh,EUR,,primary
nrg_pc_204_c:KWH2500-4999:EUR,EL,cost,household,,NETC,2024-01-01,2024-12-31,0.0337,EUR/kWh,EUR,,primary
nrg_pc_204_c:KWH2500-4999:EUR,EL,cost,household,,NETC,2025-01-01,2025-12-31,0.0334,EUR/kWh,EUR,,primary
nrg_pc_204_c:KWH2500-4999:EUR,EL,cost,household,,NRG_SUP,2017-01-01,2017-12-31,0.084,EUR/kWh,EUR,,primary
nrg_pc_204_c:KWH2500-4999:EUR,EL,cost,household,,NRG_SUP,2018-01-01,2018-12-31,0.0863,EUR/kWh,EUR,,primary
nrg_pc_204_c:KWH2500-4999:EUR,EL,cost,household,,NRG_SUP,2019-01-01,2019-12-31,0.09,EUR/kWh,EUR,,primary
nrg_pc_204_c:KWH2500-4999:EUR,EL,cost,household,,NRG_SUP,2020-01-01,2020-12-31,0.1021,EUR/kWh,EUR,,primary
nrg_pc_204_c:KWH2500-4999:EUR,EL,cost,household,,NRG_SUP,2021-01-01,2021-12-31,0.1182,EUR/kWh,EUR,,primary
nrg_pc_204_c:KWH2500-4999:EUR,EL,cost,household,,NRG_SUP,2022-01-01,2022-12-31,0.3397,EUR/kWh,EUR,,primary
nrg_pc_204_c:KWH2500-4999:EUR,EL,cost,household,,NRG_SUP,2023-01-01,2023-12-31,0.2504,EUR/kWh,EUR,,primary
nrg_pc_204_c:KWH2500-4999:EUR,EL,cost,household,,NRG_SUP,2024-01-01,2024-12-31,0.1571,EUR/kWh,EUR,,primary
nrg_pc_204_c:KWH2500-4999:EUR,EL,cost,household,,NRG_SUP,2025-01-01,2025-12-31,0.1611,EUR/kWh,EUR,,primary
nrg_pc_204_c:KWH2500-4999:EUR,EL,cost,household,,OTH,2017-01-01,2017-12-31,0.024,EUR/kWh,EUR,,primary
nrg_pc_204_c:KWH2500-4999:EUR,EL,cost,household,,OTH,2018-01-01,2018-12-31,0.0119,EUR/kWh,EUR,,primary
nrg_pc_204_c:KWH2500-4999:EUR,EL,cost,household,,OTH,2019-01-01,2019-12-31,0.009,EUR/kWh,EUR,,primary
nrg_pc_204_c:KWH2500-4999:EUR,EL,cost,household,,OTH,2020-01-01,2020-12-31,0.009,EUR/kWh,EUR,,primary
nrg_pc_204_c:KWH2500-4999:EUR,EL,cost,household,,OTH,2021-01-01,2021-12-31,0.0087,EUR/kWh,EUR,,primary
nrg_pc_204_c:KWH2500-4999:EUR,EL,cost,household,,OTH,2022-01-01,2022-12-31,-0.1567,EUR/kWh,EUR,,primary
nrg_pc_204_c:KWH2500-4999:EUR,EL,cost,household,,OTH,2023-01-01,2023-12-31,-0.0841,EUR/kWh,EUR,,primary
nrg_pc_204_c:KWH2500-4999:EUR,EL,cost,household,,OTH,2024-01-01,2024-12-31,0.0037,EUR/kWh,EUR,,primary
nrg_pc_204_c:KWH2500-4999:EUR,EL,cost,household,,OTH,2025-01-01,2025-12-31,0.0067,EUR/kWh,EUR,,primary
nrg_pc_204_c:KWH2500-4999:EUR,EL,cost,household,,TAX_CAP,2017-01-01,2017-12-31,0.0,EUR/kWh,EUR,,primary
nrg_pc_204_c:KWH2500-4999:EUR,EL,cost,household,,TAX_CAP,2018-01-01,2018-12-31,0.0,EUR/kWh,EUR,,primary
nrg_pc_204_c:KWH2500-4999:EUR,EL,cost,household,,TAX_CAP,2019-01-01,2019-12-31,0.0,EUR/kWh,EUR,,primary
nrg_pc_204_c:KWH2500-4999:EUR,EL,cost,household,,TAX_CAP,2020-01-01,2020-12-31,0.0,EUR/kWh,EUR,,primary
nrg_pc_204_c:KWH2500-4999:EUR,EL,cost,household,,TAX_CAP,2021-01-01,2021-12-31,0.0,EUR/kWh,EUR,,primary
nrg_pc_204_c:KWH2500-4999:EUR,EL,cost,household,,TAX_CAP,2022-01-01,2022-12-31,0.0,EUR/kWh,EUR,,primary
nrg_pc_204_c:KWH2500-4999:EUR,EL,cost,household,,TAX_CAP,2023-01-01,2023-12-31,0.0,EUR/kWh,EUR,,primary
nrg_pc_204_c:KWH2500-4999:EUR,EL,cost,household,,TAX_CAP,2024-01-01,2024-12-31,0.0,EUR/kWh,EUR,,primary
nrg_pc_204_c:KWH2500-4999:EUR,EL,cost,household,,TAX_CAP,2025-01-01,2025-12-31,0.0,EUR/kWh,EUR,,primary
nrg_pc_204_c:KWH2500-4999:EUR,EL,cost,household,,TAX_CAP_ALLOW,2024-01-01,2024-12-31,0.0,EUR/kWh,EUR,,primary
nrg_pc_204_c:KWH2500-4999:EUR,EL,cost,household,,TAX_CAP_ALLOW,2025-01-01,2025-12-31,0.0,EUR/kWh,EUR,,primary
nrg_pc_204_c:KWH2500-4999:EUR,EL,cost,household,,TAX_ENV,2017-01-01,2017-12-31,0.0,EUR/kWh,EUR,,primary
nrg_pc_204_c:KWH2500-4999:EUR,EL,cost,household,,TAX_ENV,2018-01-01,2018-12-31,0.0,EUR/kWh,EUR,,primary
nrg_pc_204_c:KWH2500-4999:EUR,EL,cost,household,,TAX_ENV,2019-01-01,2019-12-31,0.0022,EUR/kWh,EUR,,primary
nrg_pc_204_c:KWH2500-4999:EUR,EL,cost,household,,TAX_ENV,2020-01-01,2020-12-31,0.0021,EUR/kWh,EUR,,primary
nrg_pc_204_c:KWH2500-4999:EUR,EL,cost,household,,TAX_ENV,2021-01-01,2021-12-31,0.0022,EUR/kWh,EUR,,primary
nrg_pc_204_c:KWH2500-4999:EUR,EL,cost,household,,TAX_ENV,2022-01-01,2022-12-31,0.0022,EUR/kWh,EUR,,primary
nrg_pc_204_c:KWH2500-4999:EUR,EL,cost,household,,TAX_ENV,2023-01-01,2023-12-31,0.0022,EUR/kWh,EUR,,primary
nrg_pc_204_c:KWH2500-4999:EUR,EL,cost,household,,TAX_ENV,2024-01-01,2024-12-31,0.0022,EUR/kWh,EUR,,primary
nrg_pc_204_c:KWH2500-4999:EUR,EL,cost,household,,TAX_ENV,2025-01-01,2025-12-31,0.0022,EUR/kWh,EUR,,primary
nrg_pc_204_c:KWH2500-4999:EUR,EL,cost,household,,TAX_ENV_ALLOW,2024-01-01,2024-12-31,0.0,EUR/kWh,EUR,,primary
nrg_pc_204_c:KWH2500-4999:EUR,EL,cost,household,,TAX_ENV_ALLOW,2025-01-01,2025-12-31,0.0,EUR/kWh,EUR,,primary
nrg_pc_204_c:KWH2500-4999:EUR,EL,cost,household,,TAX_FEE_LEV_CHRG,2017-01-01,2017-12-31,0.065,EUR/kWh,EUR,,primary
nrg_pc_204_c:KWH2500-4999:EUR,EL,cost,household,,TAX_FEE_LEV_CHRG,2018-01-01,2018-12-31,0.0533,EUR/kWh,EUR,,primary
nrg_pc_204_c:KWH2500-4999:EUR,EL,cost,household,,TAX_FEE_LEV_CHRG,2019-01-01,2019-12-31,0.0407,EUR/kWh,EUR,,primary
nrg_pc_204_c:KWH2500-4999:EUR,EL,cost,household,,TAX_FEE_LEV_CHRG,2020-01-01,2020-12-31,0.0374,EUR/kWh,EUR,,primary
nrg_pc_204_c:KWH2500-4999:EUR,EL,cost,household,,TAX_FEE_LEV_CHRG,2021-01-01,2021-12-31,0.0382,EUR/kWh,EUR,,primary
nrg_pc_204_c:KWH2500-4999:EUR,EL,cost,household,,TAX_FEE_LEV_CHRG,2022-01-01,2022-12-31,-0.124,EUR/kWh,EUR,,primary
nrg_pc_204_c:KWH2500-4999:EUR,EL,cost,household,,TAX_FEE_LEV_CHRG,2023-01-01,2023-12-31,-0.0519,EUR/kWh,EUR,,primary
nrg_pc_204_c:KWH2500-4999:EUR,EL,cost,household,,TAX_FEE_LEV_CHRG,2024-01-01,2024-12-31,0.0357,EUR/kWh,EUR,,primary
nrg_pc_204_c:KWH2500-4999:EUR,EL,cost,household,,TAX_FEE_LEV_CHRG,2025-01-01,2025-12-31,0.0393,EUR/kWh,EUR,,primary
nrg_pc_204_c:KWH2500-4999:EUR,EL,cost,household,,TAX_FEE_LEV_CHRG_ALLOW,2024-01-01,2024-12-31,0.0066,EUR/kWh,EUR,,primary
nrg_pc_204_c:KWH2500-4999:EUR,EL,cost,household,,TAX_FEE_LEV_CHRG_ALLOW,2025-01-01,2025-12-31,-0.004,EUR/kWh,EUR,,primary
nrg_pc_204_c:KWH2500-4999:EUR,EL,cost,household,,TAX_NUC,2017-01-01,2017-12-31,0.0,EUR/kWh,EUR,,primary
nrg_pc_204_c:KWH2500-4999:EUR,EL,cost,household,,TAX_NUC,2018-01-01,2018-12-31,0.0,EUR/kWh,EUR,,primary
nrg_pc_204_c:KWH2500-4999:EUR,EL,cost,household,,TAX_NUC,2019-01-01,2019-12-31,0.0,EUR/kWh,EUR,,primary
nrg_pc_204_c:KWH2500-4999:EUR,EL,cost,household,,TAX_NUC,2020-01-01,2020-12-31,0.0,EUR/kWh,EUR,,primary
nrg_pc_204_c:KWH2500-4999:EUR,EL,cost,household,,TAX_NUC,2021-01-01,2021-12-31,0.0,EUR/kWh,EUR,,primary
nrg_pc_204_c:KWH2500-4999:EUR,EL,cost,household,,TAX_NUC,2022-01-01,2022-12-31,0.0,EUR/kWh,EUR,,primary
nrg_pc_204_c:KWH2500-4999:EUR,EL,cost,household,,TAX_NUC,2023-01-01,2023-12-31,0.0,EUR/kWh,EUR,,primary
nrg_pc_204_c:KWH2500-4999:EUR,EL,cost,household,,TAX_NUC,2024-01-01,2024-12-31,0.0,EUR/kWh,EUR,,primary
nrg_pc_204_c:KWH2500-4999:EUR,EL,cost,household,,TAX_NUC,2025-01-01,2025-12-31,0.0,EUR/kWh,EUR,,primary
nrg_pc_204_c:KWH2500-4999:EUR,EL,cost,household,,TAX_NUC_ALLOW,2024-01-01,2024-12-31,0.0,EUR/kWh,EUR,,primary
nrg_pc_204_c:KWH2500-4999:EUR,EL,cost,household,,TAX_NUC_ALLOW,2025-01-01,2025-12-31,0.0,EUR/kWh,EUR,,primary
nrg_pc_204_c:KWH2500-4999:EUR,EL,cost,household,,TAX_RNW,2017-01-01,2017-12-31,0.024,EUR/kWh,EUR,,primary
nrg_pc_204_c:KWH2500-4999:EUR,EL,cost,household,,TAX_RNW,2018-01-01,2018-12-31,0.0227,EUR/kWh,EUR,,primary
nrg_pc_204_c:KWH2500-4999:EUR,EL,cost,household,,TAX_RNW,2019-01-01,2019-12-31,0.017,EUR/kWh,EUR,,primary
nrg_pc_204_c:KWH2500-4999:EUR,EL,cost,household,,TAX_RNW,2020-01-01,2020-12-31,0.017,EUR/kWh,EUR,,primary
nrg_pc_204_c:KWH2500-4999:EUR,EL,cost,household,,TAX_RNW,2021-01-01,2021-12-31,0.017,EUR/kWh,EUR,,primary
nrg_pc_204_c:KWH2500-4999:EUR,EL,cost,household,,TAX_RNW,2022-01-01,2022-12-31,0.017,EUR/kWh,EUR,,primary
nrg_pc_204_c:KWH2500-4999:EUR,EL,cost,household,,TAX_RNW,2023-01-01,2023-12-31,0.017,EUR/kWh,EUR,,primary
nrg_pc_204_c:KWH2500-4999:EUR,EL,cost,household,,TAX_RNW,2024-01-01,2024-12-31,0.017,EUR/kWh,EUR,,primary
nrg_pc_204_c:KWH2500-4999:EUR,EL,cost,household,,TAX_RNW,2025-01-01,2025-12-31,0.017,EUR/kWh,EUR,,primary
nrg_pc_204_c:KWH2500-4999:EUR,EL,cost,household,,TAX_RNW_ALLOW,2024-01-01,2024-12-31,0.0,EUR/kWh,EUR,,primary
nrg_pc_204_c:KWH2500-4999:EUR,EL,cost,household,,TAX_RNW_ALLOW,2025-01-01,2025-12-31,0.0,EUR/kWh,EUR,,primary
nrg_pc_204_c:KWH2500-4999:EUR,EL,cost,household,,VAT,2017-01-01,2017-12-31,0.017,EUR/kWh,EUR,,primary
nrg_pc_204_c:KWH2500-4999:EUR,EL,cost,household,,VAT,2018-01-01,2018-12-31,0.0187,EUR/kWh,EUR,,primary
nrg_pc_204_c:KWH2500-4999:EUR,EL,cost,household,,VAT,2019-01-01,2019-12-31,0.0125,EUR/kWh,EUR,,primary
nrg_pc_204_c:KWH2500-4999:EUR,EL,cost,household,,VAT,2020-01-01,2020-12-31,0.0093,EUR/kWh,EUR,,primary
nrg_pc_204_c:KWH2500-4999:EUR,EL,cost,household,,VAT,2021-01-01,2021-12-31,0.0103,EUR/kWh,EUR,,primary
nrg_pc_204_c:KWH2500-4999:EUR,EL,cost,household,,VAT,2022-01-01,2022-12-31,0.0135,EUR/kWh,EUR,,primary
nrg_pc_204_c:KWH2500-4999:EUR,EL,cost,household,,VAT,2023-01-01,2023-12-31,0.0131,EUR/kWh,EUR,,primary
nrg_pc_204_c:KWH2500-4999:EUR,EL,cost,household,,VAT,2024-01-01,2024-12-31,0.0128,EUR/kWh,EUR,,primary
nrg_pc_204_c:KWH2500-4999:EUR,EL,cost,household,,VAT,2025-01-01,2025-12-31,0.0134,EUR/kWh,EUR,,primary
nrg_pc_204_c:KWH2500-4999:EUR,ES,cost,household,,ALLOW_OTH,2023-01-01,2023-12-31,0.0,EUR/kWh,EUR,,primary
nrg_pc_204_c:KWH2500-4999:EUR,ES,cost,household,,ALLOW_OTH,2024-01-01,2024-12-31,0.0,EUR/kWh,EUR,,primary
nrg_pc_204_c:KWH2500-4999:EUR,ES,cost,household,,ALLOW_OTH,2025-01-01,2025-12-31,0.0,EUR/kWh,EUR,,primary
nrg_pc_204_c:KWH2500-4999:EUR,ES,cost,household,,NETC,2017-01-01,2017-12-31,0.0512,EUR/kWh,EUR,d,primary
nrg_pc_204_c:KWH2500-4999:EUR,ES,cost,household,,NETC,2018-01-01,2018-12-31,0.0489,EUR/kWh,EUR,d,primary
nrg_pc_204_c:KWH2500-4999:EUR,ES,cost,household,,NETC,2019-01-01,2019-12-31,0.062,EUR/kWh,EUR,,primary
nrg_pc_204_c:KWH2500-4999:EUR,ES,cost,household,,NETC,2020-01-01,2020-12-31,0.0719,EUR/kWh,EUR,,primary
nrg_pc_204_c:KWH2500-4999:EUR,ES,cost,household,,NETC,2021-01-01,2021-12-31,0.0677,EUR/kWh,EUR,,primary
nrg_pc_204_c:KWH2500-4999:EUR,ES,cost,household,,NETC,2022-01-01,2022-12-31,0.0758,EUR/kWh,EUR,,primary
nrg_pc_204_c:KWH2500-4999:EUR,ES,cost,household,,NETC,2023-01-01,2023-12-31,0.0805,EUR/kWh,EUR,,primary
nrg_pc_204_c:KWH2500-4999:EUR,ES,cost,household,,NETC,2024-01-01,2024-12-31,0.0701,EUR/kWh,EUR,,primary
nrg_pc_204_c:KWH2500-4999:EUR,ES,cost,household,,NETC,2025-01-01,2025-12-31,0.0712,EUR/kWh,EUR,,primary
nrg_pc_204_c:KWH2500-4999:EUR,ES,cost,household,,NRG_SUP,2017-01-01,2017-12-31,0.1199,EUR/kWh,EUR,d,primary
nrg_pc_204_c:KWH2500-4999:EUR,ES,cost,household,,NRG_SUP,2018-01-01,2018-12-31,0.1458,EUR/kWh,EUR,d,primary
nrg_pc_204_c:KWH2500-4999:EUR,ES,cost,household,,NRG_SUP,2019-01-01,2019-12-31,0.0668,EUR/kWh,EUR,,primary
nrg_pc_204_c:KWH2500-4999:EUR,ES,cost,household,,NRG_SUP,2020-01-01,2020-12-31,0.0541,EUR/kWh,EUR,,primary
nrg_pc_204_c:KWH2500-4999:EUR,ES,cost,household,,NRG_SUP,2021-01-01,2021-12-31,0.1304,EUR/kWh,EUR,,primary
nrg_pc_204_c:KWH2500-4999:EUR,ES,cost,household,,NRG_SUP,2022-01-01,2022-12-31,0.1737,EUR/kWh,EUR,,primary
nrg_pc_204_c:KWH2500-4999:EUR,ES,cost,household,,NRG_SUP,2023-01-01,2023-12-31,0.1295,EUR/kWh,EUR,,primary
nrg_pc_204_c:KWH2500-4999:EUR,ES,cost,household,,NRG_SUP,2024-01-01,2024-12-31,0.1108,EUR/kWh,EUR,,primary
nrg_pc_204_c:KWH2500-4999:EUR,ES,cost,household,,NRG_SUP,2025-01-01,2025-12-31,0.1108,EUR/kWh,EUR,,primary
nrg_pc_204_c:KWH2500-4999:EUR,ES,cost,household,,OTH,2017-01-01,2017-12-31,0.0088,EUR/kWh,EUR,d,primary
nrg_pc_204_c:KWH2500-4999:EUR,ES,cost,household,,OTH,2018-01-01,2018-12-31,0.01,EUR/kWh,EUR,d,primary
nrg_pc_204_c:KWH2500-4999:EUR,ES,cost,household,,OTH,2019-01-01,2019-12-31,0.0228,EUR/kWh,EUR,,primary
nrg_pc_204_c:KWH2500-4999:EUR,ES,cost,household,,OTH,2020-01-01,2020-12-31,0.026,EUR/kWh,EUR,,primary
nrg_pc_204_c:KWH2500-4999:EUR,ES,cost,household,,OTH,2021-01-01,2021-12-31,0.0205,EUR/kWh,EUR,,primary
nrg_pc_204_c:KWH2500-4999:EUR,ES,cost,household,,OTH,2022-01-01,2022-12-31,0.0184,EUR/kWh,EUR,,primary
nrg_pc_204_c:KWH2500-4999:EUR,ES,cost,household,,OTH,2023-01-01,2023-12-31,0.008,EUR/kWh,EUR,,primary
nrg_pc_204_c:KWH2500-4999:EUR,ES,cost,household,,OTH,2024-01-01,2024-12-31,0.0178,EUR/kWh,EUR,,primary
nrg_pc_204_c:KWH2500-4999:EUR,ES,cost,household,,OTH,2025-01-01,2025-12-31,0.0236,EUR/kWh,EUR,,primary
nrg_pc_204_c:KWH2500-4999:EUR,ES,cost,household,,TAX_CAP,2019-01-01,2019-12-31,0.0032,EUR/kWh,EUR,,primary
nrg_pc_204_c:KWH2500-4999:EUR,ES,cost,household,,TAX_CAP,2020-01-01,2020-12-31,0.0038,EUR/kWh,EUR,,primary
nrg_pc_204_c:KWH2500-4999:EUR,ES,cost,household,,TAX_CAP,2021-01-01,2021-12-31,0.0011,EUR/kWh,EUR,,primary
nrg_pc_204_c:KWH2500-4999:EUR,ES,cost,household,,TAX_CAP,2022-01-01,2022-12-31,0.0009,EUR/kWh,EUR,,primary
nrg_pc_204_c:KWH2500-4999:EUR,ES,cost,household,,TAX_CAP,2023-01-01,2023-12-31,0.0006,EUR/kWh,EUR,,primary
nrg_pc_204_c:KWH2500-4999:EUR,ES,cost,household,,TAX_CAP,2024-01-01,2024-12-31,0.0006,EUR/kWh,EUR,,primary
nrg_pc_204_c:KWH2500-4999:EUR,ES,cost,household,,TAX_CAP,2025-01-01,2025-12-31,0.0005,EUR/kWh,EUR,,primary
nrg_pc_204_c:KWH2500-4999:EUR,ES,cost,household,,TAX_CAP_ALLOW,2023-01-01,2023-12-31,0.0,EUR/kWh,EUR,,primary
nrg_pc_204_c:KWH2500-4999:EUR,ES,cost,household,,TAX_CAP_ALLOW,2024-01-01,2024-12-31,0.0,EUR/kWh,EUR,,primary
nrg_pc_204_c:KWH2500-4999:EUR,ES,cost,household,,TAX_CAP_ALLOW,2025-01-01,2025-12-31,0.0,EUR/kWh,EUR,,primary
nrg_pc_204_c:KWH2500-4999:EUR,ES,cost,household,,TAX_ENV,2019-01-01,2019-12-31,0.0096,EUR/kWh,EUR,,primary
nrg_pc_204_c:KWH2500-4999:EUR,ES,cost,household,,TAX_ENV,2020-01-01,2020-12-31,0.0092,EUR/kWh,EUR,,primary
nrg_pc_204_c:KWH2500-4999:EUR,ES,cost,household,,TAX_ENV,2021-01-01,2021-12-31,0.0142,EUR/kWh,EUR,,primary
nrg_pc_204_c:KWH2500-4999:EUR,ES,cost,household,,TAX_ENV,2022-01-01,2022-12-31,0.0059,EUR/kWh,EUR,,primary
nrg_pc_204_c:KWH2500-4999:EUR,ES,cost,household,,TAX_ENV,2023-01-01,2023-12-31,0.0011,EUR/kWh,EUR,,primary
nrg_pc_204_c:KWH2500-4999:EUR,ES,cost,household,,TAX_ENV,2024-01-01,2024-12-31,0.008,EUR/kWh,EUR,,primary
nrg_pc_204_c:KWH2500-4999:EUR,ES,cost,household,,TAX_ENV,2025-01-01,2025-12-31,0.0103,EUR/kWh,EUR,,primary
nrg_pc_204_c:KWH2500-4999:EUR,ES,cost,household,,TAX_ENV_ALLOW,2023-01-01,2023-12-31,0.0,EUR/kWh,EUR,,primary
nrg_pc_204_c:KWH2500-4999:EUR,ES,cost,household,,TAX_ENV_ALLOW,2024-01-01,2024-12-31,0.0,EUR/kWh,EUR,,primary
nrg_pc_204_c:KWH2500-4999:EUR,ES,cost,household,,TAX_ENV_ALLOW,2025-01-01,2025-12-31,0.0,EUR/kWh,EUR,,primary
nrg_pc_204_c:KWH2500-4999:EUR,ES,cost,household,,TAX_FEE_LEV_CHRG,2017-01-01,2017-12-31,0.0465,EUR/kWh,EUR,,primary
nrg_pc_204_c:KWH2500-4999:EUR,ES,cost,household,,TAX_FEE_LEV_CHRG,2018-01-01,2018-12-31,0.0529,EUR/kWh,EUR,,primary
nrg_pc_204_c:KWH2500-4999:EUR,ES,cost,household,,TAX_FEE_LEV_CHRG,2019-01-01,2019-12-31,0.1107,EUR/kWh,EUR,,primary
nrg_pc_204_c:KWH2500-4999:EUR,ES,cost,household,,TAX_FEE_LEV_CHRG,2020-01-01,2020-12-31,0.1038,EUR/kWh,EUR,,primary
nrg_pc_204_c:KWH2500-4999:EUR,ES,cost,household,,TAX_FEE_LEV_CHRG,2021-01-01,2021-12-31,0.0842,EUR/kWh,EUR,,primary
nrg_pc_204_c:KWH2500-4999:EUR,ES,cost,household,,TAX_FEE_LEV_CHRG,2022-01-01,2022-12-31,0.0587,EUR/kWh,EUR,,primary
nrg_pc_204_c:KWH2500-4999:EUR,ES,cost,household,,TAX_FEE_LEV_CHRG,2023-01-01,2023-12-31,0.0286,EUR/kWh,EUR,,primary
nrg_pc_204_c:KWH2500-4999:EUR,ES,cost,household,,TAX_FEE_LEV_CHRG,2024-01-01,2024-12-31,0.0574,EUR/kWh,EUR,,primary
nrg_pc_204_c:KWH2500-4999:EUR,ES,cost,household,,TAX_FEE_LEV_CHRG,2025-01-01,2025-12-31,0.0818,EUR/kWh,EUR,,primary
nrg_pc_204_c:KWH2500-4999:EUR,ES,cost,household,,TAX_FEE_LEV_CHRG_ALLOW,2024-01-01,2024-12-31,0.0,EUR/kWh,EUR,,primary
nrg_pc_204_c:KWH2500-4999:EUR,ES,cost,household,,TAX_FEE_LEV_CHRG_ALLOW,2025-01-01,2025-12-31,0.0,EUR/kWh,EUR,,primary
nrg_pc_204_c:KWH2500-4999:EUR,ES,cost,household,,TAX_NUC,2019-01-01,2019-12-31,0.0,EUR/kWh,EUR,,primary
nrg_pc_204_c:KWH2500-4999:EUR,ES,cost,household,,TAX_NUC,2020-01-01,2020-12-31,0.0,EUR/kWh,EUR,,primary
nrg_pc_204_c:KWH2500-4999:EUR,ES,cost,household,,TAX_NUC,2021-01-01,2021-12-31,0.0,EUR/kWh,EUR,,primary
nrg_pc_204_c:KWH2500-4999:EUR,ES,cost,household,,TAX_NUC,2022-01-01,2022-12-31,0.0,EUR/kWh,EUR,,primary
nrg_pc_204_c:KWH2500-4999:EUR,ES,cost,household,,TAX_NUC,2023-01-01,2023-12-31,0.0,EUR/kWh,EUR,,primary
nrg_pc_204_c:KWH2500-4999:EUR,ES,cost,household,,TAX_NUC,2024-01-01,2024-12-31,0.0,EUR/kWh,EUR,,primary
nrg_pc_204_c:KWH2500-4999:EUR,ES,cost,household,,TAX_NUC,2025-01-01,2025-12-31,0.0,EUR/kWh,EUR,,primary
nrg_pc_204_c:KWH2500-4999:EUR,ES,cost,household,,TAX_NUC_ALLOW,2023-01-01,2023-12-31,0.0,EUR/kWh,EUR,,primary
nrg_pc_204_c:KWH2500-4999:EUR,ES,cost,household,,TAX_NUC_ALLOW,2024-01-01,2024-12-31,0.0,EUR/kWh,EUR,,primary
nrg_pc_204_c:KWH2500-4999:EUR,ES,cost,household,,TAX_NUC_ALLOW,2025-01-01,2025-12-31,0.0,EUR/kWh,EUR,,primary
nrg_pc_204_c:KWH2500-4999:EUR,ES,cost,household,,TAX_RNW,2019-01-01,2019-12-31,0.0335,EUR/kWh,EUR,,primary
nrg_pc_204_c:KWH2500-4999:EUR,ES,cost,household,,TAX_RNW,2020-01-01,2020-12-31,0.0249,EUR/kWh,EUR,,primary
nrg_pc_204_c:KWH2500-4999:EUR,ES,cost,household,,TAX_RNW,2021-01-01,2021-12-31,0.0186,EUR/kWh,EUR,,primary
nrg_pc_204_c:KWH2500-4999:EUR,ES,cost,household,,TAX_RNW,2022-01-01,2022-12-31,0.0127,EUR/kWh,EUR,,primary
nrg_pc_204_c:KWH2500-4999:EUR,ES,cost,household,,TAX_RNW,2023-01-01,2023-12-31,0.0062,EUR/kWh,EUR,,primary
nrg_pc_204_c:KWH2500-4999:EUR,ES,cost,household,,TAX_RNW,2024-01-01,2024-12-31,0.0035,EUR/kWh,EUR,,primary
nrg_pc_204_c:KWH2500-4999:EUR,ES,cost,household,,TAX_RNW,2025-01-01,2025-12-31,0.0034,EUR/kWh,EUR,,primary
nrg_pc_204_c:KWH2500-4999:EUR,ES,cost,household,,TAX_RNW_ALLOW,2023-01-01,2023-12-31,0.0,EUR/kWh,EUR,,primary
nrg_pc_204_c:KWH2500-4999:EUR,ES,cost,household,,TAX_RNW_ALLOW,2024-01-01,2024-12-31,0.0,EUR/kWh,EUR,,primary
nrg_pc_204_c:KWH2500-4999:EUR,ES,cost,household,,TAX_RNW_ALLOW,2025-01-01,2025-12-31,0.0,EUR/kWh,EUR,,primary
nrg_pc_204_c:KWH2500-4999:EUR,ES,cost,household,,VAT,2017-01-01,2017-12-31,0.0378,EUR/kWh,EUR,d,primary
nrg_pc_204_c:KWH2500-4999:EUR,ES,cost,household,,VAT,2018-01-01,2018-12-31,0.043,EUR/kWh,EUR,d,primary
nrg_pc_204_c:KWH2500-4999:EUR,ES,cost,household,,VAT,2019-01-01,2019-12-31,0.0415,EUR/kWh,EUR,,primary
nrg_pc_204_c:KWH2500-4999:EUR,ES,cost,household,,VAT,2020-01-01,2020-12-31,0.0399,EUR/kWh,EUR,,primary
nrg_pc_204_c:KWH2500-4999:EUR,ES,cost,household,,VAT,2021-01-01,2021-12-31,0.0299,EUR/kWh,EUR,,primary
nrg_pc_204_c:KWH2500-4999:EUR,ES,cost,household,,VAT,2022-01-01,2022-12-31,0.0208,EUR/kWh,EUR,,primary
nrg_pc_204_c:KWH2500-4999:EUR,ES,cost,household,,VAT,2023-01-01,2023-12-31,0.0127,EUR/kWh,EUR,,primary
nrg_pc_204_c:KWH2500-4999:EUR,ES,cost,household,,VAT,2024-01-01,2024-12-31,0.0275,EUR/kWh,EUR,,primary
nrg_pc_204_c:KWH2500-4999:EUR,ES,cost,household,,VAT,2025-01-01,2025-12-31,0.044,EUR/kWh,EUR,,primary
nrg_pc_204_c:KWH2500-4999:EUR,EU,cost,household,,NETC,2017-01-01,2017-12-31,0.0559,EUR/kWh,EUR,,primary
nrg_pc_204_c:KWH2500-4999:EUR,EU,cost,household,,NETC,2018-01-01,2018-12-31,0.0572,EUR/kWh,EUR,,primary
nrg_pc_204_c:KWH2500-4999:EUR,EU,cost,household,,NETC,2019-01-01,2019-12-31,0.0596,EUR/kWh,EUR,,primary
nrg_pc_204_c:KWH2500-4999:EUR,EU,cost,household,,NETC,2020-01-01,2020-12-31,0.0632,EUR/kWh,EUR,,primary
nrg_pc_204_c:KWH2500-4999:EUR,EU,cost,household,,NETC,2021-01-01,2021-12-31,0.0641,EUR/kWh,EUR,,primary
nrg_pc_204_c:KWH2500-4999:EUR,EU,cost,household,,NETC,2022-01-01,2022-12-31,0.0664,EUR/kWh,EUR,,primary
nrg_pc_204_c:KWH2500-4999:EUR,EU,cost,household,,NETC,2023-01-01,2023-12-31,0.0724,EUR/kWh,EUR,,primary
nrg_pc_204_c:KWH2500-4999:EUR,EU,cost,household,,NETC,2024-01-01,2024-12-31,0.0775,EUR/kWh,EUR,,primary
nrg_pc_204_c:KWH2500-4999:EUR,EU,cost,household,,NETC,2025-01-01,2025-12-31,0.0815,EUR/kWh,EUR,,primary
nrg_pc_204_c:KWH2500-4999:EUR,EU,cost,household,,NRG_SUP,2017-01-01,2017-12-31,0.07,EUR/kWh,EUR,,primary
nrg_pc_204_c:KWH2500-4999:EUR,EU,cost,household,,NRG_SUP,2018-01-01,2018-12-31,0.0741,EUR/kWh,EUR,,primary
nrg_pc_204_c:KWH2500-4999:EUR,EU,cost,household,,NRG_SUP,2019-01-01,2019-12-31,0.0668,EUR/kWh,EUR,,primary
nrg_pc_204_c:KWH2500-4999:EUR,EU,cost,household,,NRG_SUP,2020-01-01,2020-12-31,0.0656,EUR/kWh,EUR,,primary
nrg_pc_204_c:KWH2500-4999:EUR,EU,cost,household,,NRG_SUP,2021-01-01,2021-12-31,0.0864,EUR/kWh,EUR,,primary
nrg_pc_204_c:KWH2500-4999:EUR,EU,cost,household,,NRG_SUP,2022-01-01,2022-12-31,0.1415,EUR/kWh,EUR,,primary
nrg_pc_204_c:KWH2500-4999:EUR,EU,cost,household,,NRG_SUP,2023-01-01,2023-12-31,0.1656,EUR/kWh,EUR,,primary
nrg_pc_204_c:KWH2500-4999:EUR,EU,cost,household,,NRG_SUP,2024-01-01,2024-12-31,0.141,EUR/kWh,EUR,,primary
nrg_pc_204_c:KWH2500-4999:EUR,EU,cost,household,,NRG_SUP,2025-01-01,2025-12-31,0.1246,EUR/kWh,EUR,,primary
nrg_pc_204_c:KWH2500-4999:EUR,EU,cost,household,,OTH,2019-01-01,2019-12-31,0.0063,EUR/kWh,EUR,,primary
nrg_pc_204_c:KWH2500-4999:EUR,EU,cost,household,,OTH,2020-01-01,2020-12-31,0.0069,EUR/kWh,EUR,,primary
nrg_pc_204_c:KWH2500-4999:EUR,EU,cost,household,,OTH,2021-01-01,2021-12-31,0.007,EUR/kWh,EUR,,primary
nrg_pc_204_c:KWH2500-4999:EUR,EU,cost,household,,OTH,2022-01-01,2022-12-31,-0.0063,EUR/kWh,EUR,,primary
nrg_pc_204_c:KWH2500-4999:EUR,EU,cost,household,,OTH,2023-01-01,2023-12-31,-0.0037,EUR/kWh,EUR,,primary
nrg_pc_204_c:KWH2500-4999:EUR,EU,cost,household,,OTH,2024-01-01,2024-12-31,0.004,EUR/kWh,EUR,,primary
nrg_pc_204_c:KWH2500-4999:EUR,EU,cost,household,,OTH,2025-01-01,2025-12-31,0.0052,EUR/kWh,EUR,,primary
nrg_pc_204_c:KWH2500-4999:EUR,EU,cost,household,,TAX_CAP,2019-01-01,2019-12-31,0.0034,EUR/kWh,EUR,,primary
nrg_pc_204_c:KWH2500-4999:EUR,EU,cost,household,,TAX_CAP,2020-01-01,2020-12-31,0.0038,EUR/kWh,EUR,,primary
nrg_pc_204_c:KWH2500-4999:EUR,EU,cost,household,,TAX_CAP,2021-01-01,2021-12-31,0.0043,EUR/kWh,EUR,,primary
nrg_pc_204_c:KWH2500-4999:EUR,EU,cost,household,,TAX_CAP,2022-01-01,2022-12-31,0.0049,EUR/kWh,EUR,,primary
nrg_pc_204_c:KWH2500-4999:EUR,EU,cost,household,,TAX_CAP,2023-01-01,2023-12-31,0.0049,EUR/kWh,EUR,,primary
nrg_pc_204_c:KWH2500-4999:EUR,EU,cost,household,,TAX_CAP,2024-01-01,2024-12-31,0.0052,EUR/kWh,EUR,,primary
nrg_pc_204_c:KWH2500-4999:EUR,EU,cost,household,,TAX_CAP,2025-01-01,2025-12-31,0.0078,EUR/kWh,EUR,,primary
nrg_pc_204_c:KWH2500-4999:EUR,EU,cost,household,,TAX_ENV,2019-01-01,2019-12-31,0.0199,EUR/kWh,EUR,,primary
nrg_pc_204_c:KWH2500-4999:EUR,EU,cost,household,,TAX_ENV,2020-01-01,2020-12-31,0.0184,EUR/kWh,EUR,,primary
nrg_pc_204_c:KWH2500-4999:EUR,EU,cost,household,,TAX_ENV,2021-01-01,2021-12-31,0.0186,EUR/kWh,EUR,,primary
nrg_pc_204_c:KWH2500-4999:EUR,EU,cost,household,,TAX_ENV,2022-01-01,2022-12-31,0.0098,EUR/kWh,EUR,,primary
nrg_pc_204_c:KWH2500-4999:EUR,EU,cost,household,,TAX_ENV,2023-01-01,2023-12-31,0.0091,EUR/kWh,EUR,,primary
nrg_pc_204_c:KWH2500-4999:EUR,EU,cost,household,,TAX_ENV,2024-01-01,2024-12-31,0.0139,EUR/kWh,EUR,,primary
nrg_pc_204_c:KWH2500-4999:EUR,EU,cost,household,,TAX_ENV,2025-01-01,2025-12-31,0.0191,EUR/kWh,EUR,,primary
nrg_pc_204_c:KWH2500-4999:EUR,EU,cost,household,,TAX_FEE_LEV_CHRG,2019-01-01,2019-12-31,0.0886,EUR/kWh,EUR,,primary
nrg_pc_204_c:KWH2500-4999:EUR,EU,cost,household,,TAX_FEE_LEV_CHRG,2020-01-01,2020-12-31,0.0862,EUR/kWh,EUR,,primary
nrg_pc_204_c:KWH2500-4999:EUR,EU,cost,household,,TAX_FEE_LEV_CHRG,2021-01-01,2021-12-31,0.0858,EUR/kWh,EUR,,primary
nrg_pc_204_c:KWH2500-4999:EUR,EU,cost,household,,TAX_FEE_LEV_CHRG,2022-01-01,2022-12-31,0.0528,EUR/kWh,EUR,,primary
nrg_pc_204_c:KWH2500-4999:EUR,EU,cost,household,,TAX_FEE_LEV_CHRG,2023-01-01,2023-12-31,0.0536,EUR/kWh,EUR,,primary
nrg_pc_204_c:KWH2500-4999:EUR,EU,cost,household,,TAX_FEE_LEV_CHRG,2024-01-01,2024-12-31,0.0713,EUR/kWh,EUR,,primary
nrg_pc_204_c:KWH2500-4999:EUR,EU,cost,household,,TAX_FEE_LEV_CHRG,2025-01-01,2025-12-31,0.0826,EUR/kWh,EUR,,primary
nrg_pc_204_c:KWH2500-4999:EUR,EU,cost,household,,TAX_NUC,2019-01-01,2019-12-31,0.0003,EUR/kWh,EUR,,primary
nrg_pc_204_c:KWH2500-4999:EUR,EU,cost,household,,TAX_NUC,2020-01-01,2020-12-31,0.0004,EUR/kWh,EUR,,primary
nrg_pc_204_c:KWH2500-4999:EUR,EU,cost,household,,TAX_NUC,2021-01-01,2021-12-31,0.0003,EUR/kWh,EUR,,primary
nrg_pc_204_c:KWH2500-4999:EUR,EU,cost,household,,TAX_NUC,2022-01-01,2022-12-31,0.0001,EUR/kWh,EUR,,primary
nrg_pc_204_c:KWH2500-4999:EUR,EU,cost,household,,TAX_NUC,2023-01-01,2023-12-31,0.0,EUR/kWh,EUR,,primary
nrg_pc_204_c:KWH2500-4999:EUR,EU,cost,household,,TAX_NUC,2024-01-01,2024-12-31,0.0,EUR/kWh,EUR,,primary
nrg_pc_204_c:KWH2500-4999:EUR,EU,cost,household,,TAX_NUC,2025-01-01,2025-12-31,0.0,EUR/kWh,EUR,,primary
nrg_pc_204_c:KWH2500-4999:EUR,EU,cost,household,,TAX_RNW,2019-01-01,2019-12-31,0.0253,EUR/kWh,EUR,,primary
nrg_pc_204_c:KWH2500-4999:EUR,EU,cost,household,,TAX_RNW,2020-01-01,2020-12-31,0.0247,EUR/kWh,EUR,,primary
nrg_pc_204_c:KWH2500-4999:EUR,EU,cost,household,,TAX_RNW,2021-01-01,2021-12-31,0.023,EUR/kWh,EUR,,primary
nrg_pc_204_c:KWH2500-4999:EUR,EU,cost,household,,TAX_RNW,2022-01-01,2022-12-31,0.0114,EUR/kWh,EUR,,primary
nrg_pc_204_c:KWH2500-4999:EUR,EU,cost,household,,TAX_RNW,2023-01-01,2023-12-31,0.0046,EUR/kWh,EUR,,primary
nrg_pc_204_c:KWH2500-4999:EUR,EU,cost,household,,TAX_RNW,2024-01-01,2024-12-31,0.0067,EUR/kWh,EUR,,primary
nrg_pc_204_c:KWH2500-4999:EUR,EU,cost,household,,TAX_RNW,2025-01-01,2025-12-31,0.0069,EUR/kWh,EUR,,primary
nrg_pc_204_c:KWH2500-4999:EUR,EU,cost,household,,VAT,2019-01-01,2019-12-31,0.0333,EUR/kWh,EUR,,primary
nrg_pc_204_c:KWH2500-4999:EUR,EU,cost,household,,VAT,2020-01-01,2020-12-31,0.0327,EUR/kWh,EUR,,primary
nrg_pc_204_c:KWH2500-4999:EUR,EU,cost,household,,VAT,2021-01-01,2021-12-31,0.0339,EUR/kWh,EUR,,primary
nrg_pc_204_c:KWH2500-4999:EUR,EU,cost,household,,VAT,2022-01-01,2022-12-31,0.035,EUR/kWh,EUR,,primary
nrg_pc_204_c:KWH2500-4999:EUR,EU,cost,household,,VAT,2023-01-01,2023-12-31,0.0394,EUR/kWh,EUR,,primary
nrg_pc_204_c:KWH2500-4999:EUR,EU,cost,household,,VAT,2024-01-01,2024-12-31,0.0416,EUR/kWh,EUR,,primary
nrg_pc_204_c:KWH2500-4999:EUR,EU,cost,household,,VAT,2025-01-01,2025-12-31,0.0436,EUR/kWh,EUR,,primary
nrg_pc_204_c:KWH2500-4999:EUR,FI,cost,household,,ALLOW_OTH,2022-01-01,2022-12-31,0.0031,EUR/kWh,EUR,e,primary
nrg_pc_204_c:KWH2500-4999:EUR,FI,cost,household,,ALLOW_OTH,2023-01-01,2023-12-31,0.0031,EUR/kWh,EUR,,primary
nrg_pc_204_c:KWH2500-4999:EUR,FI,cost,household,,ALLOW_OTH,2024-01-01,2024-12-31,0.0,EUR/kWh,EUR,,primary
nrg_pc_204_c:KWH2500-4999:EUR,FI,cost,household,,ALLOW_OTH,2025-01-01,2025-12-31,0.0,EUR/kWh,EUR,,primary
nrg_pc_204_c:KWH2500-4999:EUR,FI,cost,household,,NETC,2017-01-01,2017-12-31,0.0574,EUR/kWh,EUR,,primary
nrg_pc_204_c:KWH2500-4999:EUR,FI,cost,household,,NETC,2018-01-01,2018-12-31,0.0612,EUR/kWh,EUR,,primary
nrg_pc_204_c:KWH2500-4999:EUR,FI,cost,household,,NETC,2019-01-01,2019-12-31,0.0637,EUR/kWh,EUR,,primary
nrg_pc_204_c:KWH2500-4999:EUR,FI,cost,household,,NETC,2020-01-01,2020-12-31,0.0659,EUR/kWh,EUR,,primary
nrg_pc_204_c:KWH2500-4999:EUR,FI,cost,household,,NETC,2021-01-01,2021-12-31,0.0673,EUR/kWh,EUR,,primary
nrg_pc_204_c:KWH2500-4999:EUR,FI,cost,household,,NETC,2022-01-01,2022-12-31,0.0663,EUR/kWh,EUR,,primary
nrg_pc_204_c:KWH2500-4999:EUR,FI,cost,household,,NETC,2023-01-01,2023-12-31,0.0796,EUR/kWh,EUR,,primary
nrg_pc_204_c:KWH2500-4999:EUR,FI,cost,household,,NETC,2024-01-01,2024-12-31,0.0843,EUR/kWh,EUR,,primary
nrg_pc_204_c:KWH2500-4999:EUR,FI,cost,household,,NETC,2025-01-01,2025-12-31,0.0842,EUR/kWh,EUR,,primary
nrg_pc_204_c:KWH2500-4999:EUR,FI,cost,household,,NRG_SUP,2017-01-01,2017-12-31,0.0483,EUR/kWh,EUR,,primary
nrg_pc_204_c:KWH2500-4999:EUR,FI,cost,household,,NRG_SUP,2018-01-01,2018-12-31,0.0498,EUR/kWh,EUR,,primary
nrg_pc_204_c:KWH2500-4999:EUR,FI,cost,household,,NRG_SUP,2019-01-01,2019-12-31,0.0554,EUR/kWh,EUR,,primary
nrg_pc_204_c:KWH2500-4999:EUR,FI,cost,household,,NRG_SUP,2020-01-01,2020-12-31,0.0532,EUR/kWh,EUR,,primary
nrg_pc_204_c:KWH2500-4999:EUR,FI,cost,household,,NRG_SUP,2021-01-01,2021-12-31,0.0557,EUR/kWh,EUR,,primary
nrg_pc_204_c:KWH2500-4999:EUR,FI,cost,household,,NRG_SUP,2022-01-01,2022-12-31,0.0921,EUR/kWh,EUR,,primary
nrg_pc_204_c:KWH2500-4999:EUR,FI,cost,household,,NRG_SUP,2023-01-01,2023-12-31,0.1057,EUR/kWh,EUR,,primary
nrg_pc_204_c:KWH2500-4999:EUR,FI,cost,household,,NRG_SUP,2024-01-01,2024-12-31,0.0867,EUR/kWh,EUR,,primary
nrg_pc_204_c:KWH2500-4999:EUR,FI,cost,household,,NRG_SUP,2025-01-01,2025-12-31,0.0738,EUR/kWh,EUR,,primary
nrg_pc_204_c:KWH2500-4999:EUR,FI,cost,household,,OTH,2017-01-01,2017-12-31,0.0,EUR/kWh,EUR,,primary
nrg_pc_204_c:KWH2500-4999:EUR,FI,cost,household,,OTH,2018-01-01,2018-12-31,0.0,EUR/kWh,EUR,,primary
nrg_pc_204_c:KWH2500-4999:EUR,FI,cost,household,,OTH,2019-01-01,2019-12-31,0.0,EUR/kWh,EUR,,primary
nrg_pc_204_c:KWH2500-4999:EUR,FI,cost,household,,OTH,2020-01-01,2020-12-31,0.0,EUR/kWh,EUR,,primary
nrg_pc_204_c:KWH2500-4999:EUR,FI,cost,household,,OTH,2021-01-01,2021-12-31,0.0,EUR/kWh,EUR,,primary
nrg_pc_204_c:KWH2500-4999:EUR,FI,cost,household,,OTH,2022-01-01,2022-12-31,-0.0031,EUR/kWh,EUR,e,primary
nrg_pc_204_c:KWH2500-4999:EUR,FI,cost,household,,OTH,2023-01-01,2023-12-31,-0.0031,EUR/kWh,EUR,,primary
nrg_pc_204_c:KWH2500-4999:EUR,FI,cost,household,,OTH,2024-01-01,2024-12-31,0.0,EUR/kWh,EUR,,primary
nrg_pc_204_c:KWH2500-4999:EUR,FI,cost,household,,OTH,2025-01-01,2025-12-31,0.0,EUR/kWh,EUR,,primary
nrg_pc_204_c:KWH2500-4999:EUR,FI,cost,household,,TAX_CAP,2017-01-01,2017-12-31,0.0001,EUR/kWh,EUR,,primary
nrg_pc_204_c:KWH2500-4999:EUR,FI,cost,household,,TAX_CAP,2018-01-01,2018-12-31,0.0001,EUR/kWh,EUR,,primary
nrg_pc_204_c:KWH2500-4999:EUR,FI,cost,household,,TAX_CAP,2019-01-01,2019-12-31,0.0001,EUR/kWh,EUR,,primary
nrg_pc_204_c:KWH2500-4999:EUR,FI,cost,household,,TAX_CAP,2020-01-01,2020-12-31,0.0001,EUR/kWh,EUR,,primary
nrg_pc_204_c:KWH2500-4999:EUR,FI,cost,household,,TAX_CAP,2021-01-01,2021-12-31,0.0001,EUR/kWh,EUR,,primary
nrg_pc_204_c:KWH2500-4999:EUR,FI,cost,household,,TAX_CAP,2022-01-01,2022-12-31,0.0001,EUR/kWh,EUR,,primary
nrg_pc_204_c:KWH2500-4999:EUR,FI,cost,household,,TAX_CAP,2023-01-01,2023-12-31,0.0001,EUR/kWh,EUR,,primary
nrg_pc_204_c:KWH2500-4999:EUR,FI,cost,household,,TAX_CAP,2024-01-01,2024-12-31,0.0001,EUR/kWh,EUR,,primary
nrg_pc_204_c:KWH2500-4999:EUR,FI,cost,household,,TAX_CAP,2025-01-01,2025-12-31,0.0001,EUR/kWh,EUR,,primary
nrg_pc_204_c:KWH2500-4999:EUR,FI,cost,household,,TAX_CAP_ALLOW,2022-01-01,2022-12-31,0.0,EUR/kWh,EUR,,primary
nrg_pc_204_c:KWH2500-4999:EUR,FI,cost,household,,TAX_CAP_ALLOW,2023-01-01,2023-12-31,0.0,EUR/kWh,EUR,,primary
nrg_pc_204_c:KWH2500-4999:EUR,FI,cost,household,,TAX_CAP_ALLOW,2024-01-01,2024-12-31,0.0,EUR/kWh,EUR,,primary
nrg_pc_204_c:KWH2500-4999:EUR,FI,cost,household,,TAX_CAP_ALLOW,2025-01-01,2025-12-31,0.0,EUR/kWh,EUR,,primary
nrg_pc_204_c:KWH2500-4999:EUR,FI,cost,household,,TAX_ENV,2017-01-01,2017-12-31,0.0224,EUR/kWh,EUR,,primary
nrg_pc_204_c:KWH2500-4999:EUR,FI,cost,household,,TAX_ENV,2018-01-01,2018-12-31,0.0224,EUR/kWh,EUR,,primary
nrg_pc_204_c:KWH2500-4999:EUR,FI,cost,household,,TAX_ENV,2019-01-01,2019-12-31,0.0224,EUR/kWh,EUR,,primary
nrg_pc_204_c:KWH2500-4999:EUR,FI,cost,household,,TAX_ENV,2020-01-01,2020-12-31,0.0224,EUR/kWh,EUR,,primary
nrg_pc_204_c:KWH2500-4999:EUR,FI,cost,household,,TAX_ENV,2021-01-01,2021-12-31,0.0224,EUR/kWh,EUR,,primary
nrg_pc_204_c:KWH2500-4999:EUR,FI,cost,household,,TAX_ENV,2022-01-01,2022-12-31,0.0224,EUR/kWh,EUR,,primary
nrg_pc_204_c:KWH2500-4999:EUR,FI,cost,household,,TAX_ENV,2023-01-01,2023-12-31,0.0224,EUR/kWh,EUR,,primary
nrg_pc_204_c:KWH2500-4999:EUR,FI,cost,household,,TAX_ENV,2024-01-01,2024-12-31,0.0224,EUR/kWh,EUR,,primary
nrg_pc_204_c:KWH2500-4999:EUR,FI,cost,household,,TAX_ENV,2025-01-01,2025-12-31,0.0224,EUR/kWh,EUR,,primary
nrg_pc_204_c:KWH2500-4999:EUR,FI,cost,household,,TAX_ENV_ALLOW,2022-01-01,2022-12-31,0.0,EUR/kWh,EUR,,primary
nrg_pc_204_c:KWH2500-4999:EUR,FI,cost,household,,TAX_ENV_ALLOW,2023-01-01,2023-12-31,0.0,EUR/kWh,EUR,,primary
nrg_pc_204_c:KWH2500-4999:EUR,FI,cost,household,,TAX_ENV_ALLOW,2024-01-01,2024-12-31,0.0,EUR/kWh,EUR,,primary
nrg_pc_204_c:KWH2500-4999:EUR,FI,cost,household,,TAX_ENV_ALLOW,2025-01-01,2025-12-31,0.0,EUR/kWh,EUR,,primary
nrg_pc_204_c:KWH2500-4999:EUR,FI,cost,household,,TAX_FEE_LEV_CHRG,2017-01-01,2017-12-31,0.0533,EUR/kWh,EUR,,primary
nrg_pc_204_c:KWH2500-4999:EUR,FI,cost,household,,TAX_FEE_LEV_CHRG,2018-01-01,2018-12-31,0.0546,EUR/kWh,EUR,,primary
nrg_pc_204_c:KWH2500-4999:EUR,FI,cost,household,,TAX_FEE_LEV_CHRG,2019-01-01,2019-12-31,0.0565,EUR/kWh,EUR,,primary
nrg_pc_204_c:KWH2500-4999:EUR,FI,cost,household,,TAX_FEE_LEV_CHRG,2020-01-01,2020-12-31,0.0565,EUR/kWh,EUR,,primary
nrg_pc_204_c:KWH2500-4999:EUR,FI,cost,household,,TAX_FEE_LEV_CHRG,2021-01-01,2021-12-31,0.0574,EUR/kWh,EUR,,primary
nrg_pc_204_c:KWH2500-4999:EUR,FI,cost,household,,TAX_FEE_LEV_CHRG,2022-01-01,2022-12-31,0.0605,EUR/kWh,EUR,,primary
nrg_pc_204_c:KWH2500-4999:EUR,FI,cost,household,,TAX_FEE_LEV_CHRG,2023-01-01,2023-12-31,0.0629,EUR/kWh,EUR,,primary
nrg_pc_204_c:KWH2500-4999:EUR,FI,cost,household,,TAX_FEE_LEV_CHRG,2024-01-01,2024-12-31,0.0699,EUR/kWh,EUR,,primary
nrg_pc_204_c:KWH2500-4999:EUR,FI,cost,household,,TAX_FEE_LEV_CHRG,2025-01-01,2025-12-31,0.0686,EUR/kWh,EUR,,primary
nrg_pc_204_c:KWH2500-4999:EUR,FI,cost,household,,TAX_FEE_LEV_CHRG_ALLOW,2024-01-01,2024-12-31,0.0,EUR/kWh,EUR,,primary
nrg_pc_204_c:KWH2500-4999:EUR,FI,cost,household,,TAX_FEE_LEV_CHRG_ALLOW,2025-01-01,2025-12-31,0.0,EUR/kWh,EUR,,primary
nrg_pc_204_c:KWH2500-4999:EUR,FI,cost,household,,TAX_NUC,2017-01-01,2017-12-31,0.0,EUR/kWh,EUR,,primary
nrg_pc_204_c:KWH2500-4999:EUR,FI,cost,household,,TAX_NUC,2018-01-01,2018-12-31,0.0,EUR/kWh,EUR,,primary
nrg_pc_204_c:KWH2500-4999:EUR,FI,cost,household,,TAX_NUC,2019-01-01,2019-12-31,0.0,EUR/kWh,EUR,,primary
nrg_pc_204_c:KWH2500-4999:EUR,FI,cost,household,,TAX_NUC,2020-01-01,2020-12-31,0.0,EUR/kWh,EUR,,primary
nrg_pc_204_c:KWH2500-4999:EUR,FI,cost,household,,TAX_NUC,2021-01-01,2021-12-31,0.0,EUR/kWh,EUR,,primary
nrg_pc_204_c:KWH2500-4999:EUR,FI,cost,household,,TAX_NUC,2022-01-01,2022-12-31,0.0,EUR/kWh,EUR,,primary
nrg_pc_204_c:KWH2500-4999:EUR,FI,cost,household,,TAX_NUC,2023-01-01,2023-12-31,0.0,EUR/kWh,EUR,,primary
nrg_pc_204_c:KWH2500-4999:EUR,FI,cost,household,,TAX_NUC,2024-01-01,2024-12-31,0.0,EUR/kWh,EUR,,primary
nrg_pc_204_c:KWH2500-4999:EUR,FI,cost,household,,TAX_NUC,2025-01-01,2025-12-31,0.0,EUR/kWh,EUR,,primary
nrg_pc_204_c:KWH2500-4999:EUR,FI,cost,household,,TAX_NUC_ALLOW,2022-01-01,2022-12-31,0.0,EUR/kWh,EUR,,primary
nrg_pc_204_c:KWH2500-4999:EUR,FI,cost,household,,TAX_NUC_ALLOW,2023-01-01,2023-12-31,0.0,EUR/kWh,EUR,,primary
nrg_pc_204_c:KWH2500-4999:EUR,FI,cost,household,,TAX_NUC_ALLOW,2024-01-01,2024-12-31,0.0,EUR/kWh,EUR,,primary
nrg_pc_204_c:KWH2500-4999:EUR,FI,cost,household,,TAX_NUC_ALLOW,2025-01-01,2025-12-31,0.0,EUR/kWh,EUR,,primary
nrg_pc_204_c:KWH2500-4999:EUR,FI,cost,household,,TAX_RNW,2017-01-01,2017-12-31,0.0,EUR/kWh,EUR,,primary
nrg_pc_204_c:KWH2500-4999:EUR,FI,cost,household,,TAX_RNW,2018-01-01,2018-12-31,0.0,EUR/kWh,EUR,,primary
nrg_pc_204_c:KWH2500-4999:EUR,FI,cost,household,,TAX_RNW,2019-01-01,2019-12-31,0.0,EUR/kWh,EUR,,primary
nrg_pc_204_c:KWH2500-4999:EUR,FI,cost,household,,TAX_RNW,2020-01-01,2020-12-31,0.0,EUR/kWh,EUR,,primary
nrg_pc_204_c:KWH2500-4999:EUR,FI,cost,household,,TAX_RNW,2021-01-01,2021-12-31,0.0,EUR/kWh,EUR,,primary
nrg_pc_204_c:KWH2500-4999:EUR,FI,cost,household,,TAX_RNW,2022-01-01,2022-12-31,0.0,EUR/kWh,EUR,,primary
nrg_pc_204_c:KWH2500-4999:EUR,FI,cost,household,,TAX_RNW,2023-01-01,2023-12-31,0.0,EUR/kWh,EUR,,primary
nrg_pc_204_c:KWH2500-4999:EUR,FI,cost,household,,TAX_RNW,2024-01-01,2024-12-31,0.0,EUR/kWh,EUR,,primary
nrg_pc_204_c:KWH2500-4999:EUR,FI,cost,household,,TAX_RNW,2025-01-01,2025-12-31,0.0,EUR/kWh,EUR,,primary
nrg_pc_204_c:KWH2500-4999:EUR,FI,cost,household,,TAX_RNW_ALLOW,2022-01-01,2022-12-31,0.0,EUR/kWh,EUR,,primary
nrg_pc_204_c:KWH2500-4999:EUR,FI,cost,household,,TAX_RNW_ALLOW,2023-01-01,2023-12-31,0.0,EUR/kWh,EUR,,primary
nrg_pc_204_c:KWH2500-4999:EUR,FI,cost,household,,TAX_RNW_ALLOW,2024-01-01,2024-12-31,0.0,EUR/kWh,EUR,,primary
nrg_pc_204_c:KWH2500-4999:EUR,FI,cost,household,,TAX_RNW_ALLOW,2025-01-01,2025-12-31,0.0,EUR/kWh,EUR,,primary
nrg_pc_204_c:KWH2500-4999:EUR,FI,cost,household,,VAT,2017-01-01,2017-12-31,0.0308,EUR/kWh,EUR,,primary
nrg_pc_204_c:KWH2500-4999:EUR,FI,cost,household,,VAT,2018-01-01,2018-12-31,0.032,EUR/kWh,EUR,,primary
nrg_pc_204_c:KWH2500-4999:EUR,FI,cost,household,,VAT,2019-01-01,2019-12-31,0.034,EUR/kWh,EUR,,primary
nrg_pc_204_c:KWH2500-4999:EUR,FI,cost,household,,VAT,2020-01-01,2020-12-31,0.034,EUR/kWh,EUR,,primary
nrg_pc_204_c:KWH2500-4999:EUR,FI,cost,household,,VAT,2021-01-01,2021-12-31,0.0349,EUR/kWh,EUR,,primary
nrg_pc_204_c:KWH2500-4999:EUR,FI,cost,household,,VAT,2022-01-01,2022-12-31,0.0411,EUR/kWh,EUR,e,primary
nrg_pc_204_c:KWH2500-4999:EUR,FI,cost,household,,VAT,2023-01-01,2023-12-31,0.0435,EUR/kWh,EUR,,primary
nrg_pc_204_c:KWH2500-4999:EUR,FI,cost,household,,VAT,2024-01-01,2024-12-31,0.0474,EUR/kWh,EUR,,primary
nrg_pc_204_c:KWH2500-4999:EUR,FI,cost,household,,VAT,2025-01-01,2025-12-31,0.046,EUR/kWh,EUR,,primary
nrg_pc_204_c:KWH2500-4999:EUR,FR,cost,household,,ALLOW_OTH,2023-01-01,2023-12-31,0.0,EUR/kWh,EUR,,primary
nrg_pc_204_c:KWH2500-4999:EUR,FR,cost,household,,ALLOW_OTH,2024-01-01,2024-12-31,0.0,EUR/kWh,EUR,,primary
nrg_pc_204_c:KWH2500-4999:EUR,FR,cost,household,,ALLOW_OTH,2025-01-01,2025-12-31,0.0,EUR/kWh,EUR,,primary
nrg_pc_204_c:KWH2500-4999:EUR,FR,cost,household,,NETC,2017-01-01,2017-12-31,0.0502,EUR/kWh,EUR,,primary
nrg_pc_204_c:KWH2500-4999:EUR,FR,cost,household,,NETC,2018-01-01,2018-12-31,0.0536,EUR/kWh,EUR,,primary
nrg_pc_204_c:KWH2500-4999:EUR,FR,cost,household,,NETC,2019-01-01,2019-12-31,0.0552,EUR/kWh,EUR,,primary
nrg_pc_204_c:KWH2500-4999:EUR,FR,cost,household,,NETC,2020-01-01,2020-12-31,0.0565,EUR/kWh,EUR,,primary
nrg_pc_204_c:KWH2500-4999:EUR,FR,cost,household,,NETC,2021-01-01,2021-12-31,0.0592,EUR/kWh,EUR,,primary
nrg_pc_204_c:KWH2500-4999:EUR,FR,cost,household,,NETC,2022-01-01,2022-12-31,0.064,EUR/kWh,EUR,,primary
nrg_pc_204_c:KWH2500-4999:EUR,FR,cost,household,,NETC,2023-01-01,2023-12-31,0.0659,EUR/kWh,EUR,,primary
nrg_pc_204_c:KWH2500-4999:EUR,FR,cost,household,,NETC,2024-01-01,2024-12-31,0.0698,EUR/kWh,EUR,,primary
nrg_pc_204_c:KWH2500-4999:EUR,FR,cost,household,,NETC,2025-01-01,2025-12-31,0.0759,EUR/kWh,EUR,,primary
nrg_pc_204_c:KWH2500-4999:EUR,FR,cost,household,,NRG_SUP,2017-01-01,2017-12-31,0.0606,EUR/kWh,EUR,,primary
nrg_pc_204_c:KWH2500-4999:EUR,FR,cost,household,,NRG_SUP,2018-01-01,2018-12-31,0.0612,EUR/kWh,EUR,,primary
nrg_pc_204_c:KWH2500-4999:EUR,FR,cost,household,,NRG_SUP,2019-01-01,2019-12-31,0.0655,EUR/kWh,EUR,,primary
nrg_pc_204_c:KWH2500-4999:EUR,FR,cost,household,,NRG_SUP,2020-01-01,2020-12-31,0.0701,EUR/kWh,EUR,,primary
nrg_pc_204_c:KWH2500-4999:EUR,FR,cost,household,,NRG_SUP,2021-01-01,2021-12-31,0.0727,EUR/kWh,EUR,,primary
nrg_pc_204_c:KWH2500-4999:EUR,FR,cost,household,,NRG_SUP,2022-01-01,2022-12-31,0.0998,EUR/kWh,EUR,,primary
nrg_pc_204_c:KWH2500-4999:EUR,FR,cost,household,,NRG_SUP,2023-01-01,2023-12-31,0.136,EUR/kWh,EUR,,primary
nrg_pc_204_c:KWH2500-4999:EUR,FR,cost,household,,NRG_SUP,2024-01-01,2024-12-31,0.1523,EUR/kWh,EUR,,primary
nrg_pc_204_c:KWH2500-4999:EUR,FR,cost,household,,NRG_SUP,2025-01-01,2025-12-31,0.1088,EUR/kWh,EUR,,primary
nrg_pc_204_c:KWH2500-4999:EUR,FR,cost,household,,OTH,2017-01-01,2017-12-31,0.0,EUR/kWh,EUR,,primary
nrg_pc_204_c:KWH2500-4999:EUR,FR,cost,household,,OTH,2018-01-01,2018-12-31,0.0,EUR/kWh,EUR,,primary
nrg_pc_204_c:KWH2500-4999:EUR,FR,cost,household,,OTH,2019-01-01,2019-12-31,0.0,EUR/kWh,EUR,,primary
nrg_pc_204_c:KWH2500-4999:EUR,FR,cost,household,,OTH,2020-01-01,2020-12-31,0.0,EUR/kWh,EUR,,primary
nrg_pc_204_c:KWH2500-4999:EUR,FR,cost,household,,OTH,2021-01-01,2021-12-31,0.0,EUR/kWh,EUR,,primary
nrg_pc_204_c:KWH2500-4999:EUR,FR,cost,household,,OTH,2023-01-01,2023-12-31,0.0,EUR/kWh,EUR,,primary
nrg_pc_204_c:KWH2500-4999:EUR,FR,cost,household,,OTH,2024-01-01,2024-12-31,0.0,EUR/kWh,EUR,,primary
nrg_pc_204_c:KWH2500-4999:EUR,FR,cost,household,,OTH,2025-01-01,2025-12-31,0.0,EUR/kWh,EUR,,primary
nrg_pc_204_c:KWH2500-4999:EUR,FR,cost,household,,TAX_CAP,2017-01-01,2017-12-31,0.0047,EUR/kWh,EUR,,primary
nrg_pc_204_c:KWH2500-4999:EUR,FR,cost,household,,TAX_CAP,2018-01-01,2018-12-31,0.0045,EUR/kWh,EUR,,primary
nrg_pc_204_c:KWH2500-4999:EUR,FR,cost,household,,TAX_CAP,2019-01-01,2019-12-31,0.0057,EUR/kWh,EUR,,primary
nrg_pc_204_c:KWH2500-4999:EUR,FR,cost,household,,TAX_CAP,2020-01-01,2020-12-31,0.006,EUR/kWh,EUR,,primary
nrg_pc_204_c:KWH2500-4999:EUR,FR,cost,household,,TAX_CAP,2021-01-01,2021-12-31,0.0062,EUR/kWh,EUR,,primary
nrg_pc_204_c:KWH2500-4999:EUR,FR,cost,household,,TAX_CAP,2022-01-01,2022-12-31,0.006,EUR/kWh,EUR,,primary
nrg_pc_204_c:KWH2500-4999:EUR,FR,cost,household,,TAX_CAP,2023-01-01,2023-12-31,0.0062,EUR/kWh,EUR,,primary
nrg_pc_204_c:KWH2500-4999:EUR,FR,cost,household,,TAX_CAP,2024-01-01,2024-12-31,0.0068,EUR/kWh,EUR,,primary
nrg_pc_204_c:KWH2500-4999:EUR,FR,cost,household,,TAX_CAP,2025-01-01,2025-12-31,0.0067,EUR/kWh,EUR,,primary
nrg_pc_204_c:KWH2500-4999:EUR,FR,cost,household,,TAX_CAP_ALLOW,2023-01-01,2023-12-31,0.0,EUR/kWh,EUR,,primary
nrg_pc_204_c:KWH2500-4999:EUR,FR,cost,household,,TAX_CAP_ALLOW,2024-01-01,2024-12-31,0.0,EUR/kWh,EUR,,primary
nrg_pc_204_c:KWH2500-4999:EUR,FR,cost,household,,TAX_CAP_ALLOW,2025-01-01,2025-12-31,0.0,EUR/kWh,EUR,,primary
nrg_pc_204_c:KWH2500-4999:EUR,FR,cost,household,,TAX_ENV,2017-01-01,2017-12-31,0.0317,EUR/kWh,EUR,,primary
nrg_pc_204_c:KWH2500-4999:EUR,FR,cost,household,,TAX_ENV,2018-01-01,2018-12-31,0.0317,EUR/kWh,EUR,,primary
nrg_pc_204_c:KWH2500-4999:EUR,FR,cost,household,,TAX_ENV,2019-01-01,2019-12-31,0.0318,EUR/kWh,EUR,,primary
nrg_pc_204_c:KWH2500-4999:EUR,FR,cost,household,,TAX_ENV,2020-01-01,2020-12-31,0.032,EUR/kWh,EUR,,primary
nrg_pc_204_c:KWH2500-4999:EUR,FR,cost,household,,TAX_ENV,2021-01-01,2021-12-31,0.0319,EUR/kWh,EUR,,primary
nrg_pc_204_c:KWH2500-4999:EUR,FR,cost,household,,TAX_ENV,2022-01-01,2022-12-31,0.0131,EUR/kWh,EUR,,primary
nrg_pc_204_c:KWH2500-4999:EUR,FR,cost,household,,TAX_ENV,2023-01-01,2023-12-31,0.0011,EUR/kWh,EUR,,primary
nrg_pc_204_c:KWH2500-4999:EUR,FR,cost,household,,TAX_ENV,2024-01-01,2024-12-31,0.0182,EUR/kWh,EUR,,primary
nrg_pc_204_c:KWH2500-4999:EUR,FR,cost,household,,TAX_ENV,2025-01-01,2025-12-31,0.0304,EUR/kWh,EUR,,primary
nrg_pc_204_c:KWH2500-4999:EUR,FR,cost,household,,TAX_ENV_ALLOW,2023-01-01,2023-12-31,0.0,EUR/kWh,EUR,,primary
nrg_pc_204_c:KWH2500-4999:EUR,FR,cost,household,,TAX_ENV_ALLOW,2024-01-01,2024-12-31,0.0,EUR/kWh,EUR,,primary
nrg_pc_204_c:KWH2500-4999:EUR,FR,cost,household,,TAX_ENV_ALLOW,2025-01-01,2025-12-31,0.0,EUR/kWh,EUR,,primary
nrg_pc_204_c:KWH2500-4999:EUR,FR,cost,household,,TAX_FEE_LEV_CHRG,2017-01-01,2017-12-31,0.0618,EUR/kWh,EUR,,primary
nrg_pc_204_c:KWH2500-4999:EUR,FR,cost,household,,TAX_FEE_LEV_CHRG,2018-01-01,2018-12-31,0.062,EUR/kWh,EUR,,primary
nrg_pc_204_c:KWH2500-4999:EUR,FR,cost,household,,TAX_FEE_LEV_CHRG,2019-01-01,2019-12-31,0.0642,EUR/kWh,EUR,,primary
nrg_pc_204_c:KWH2500-4999:EUR,FR,cost,household,,TAX_FEE_LEV_CHRG,2020-01-01,2020-12-31,0.0658,EUR/kWh,EUR,,primary
nrg_pc_204_c:KWH2500-4999:EUR,FR,cost,household,,TAX_FEE_LEV_CHRG,2021-01-01,2021-12-31,0.0661,EUR/kWh,EUR,,primary
nrg_pc_204_c:KWH2500-4999:EUR,FR,cost,household,,TAX_FEE_LEV_CHRG,2022-01-01,2022-12-31,0.0492,EUR/kWh,EUR,,primary
nrg_pc_204_c:KWH2500-4999:EUR,FR,cost,household,,TAX_FEE_LEV_CHRG,2023-01-01,2023-12-31,0.0419,EUR/kWh,EUR,,primary
nrg_pc_204_c:KWH2500-4999:EUR,FR,cost,household,,TAX_FEE_LEV_CHRG,2024-01-01,2024-12-31,0.0665,EUR/kWh,EUR,,primary
nrg_pc_204_c:KWH2500-4999:EUR,FR,cost,household,,TAX_FEE_LEV_CHRG,2025-01-01,2025-12-31,0.0773,EUR/kWh,EUR,,primary
nrg_pc_204_c:KWH2500-4999:EUR,FR,cost,household,,TAX_FEE_LEV_CHRG_ALLOW,2023-01-01,2023-12-31,0.0,EUR/kWh,EUR,,primary
nrg_pc_204_c:KWH2500-4999:EUR,FR,cost,household,,TAX_FEE_LEV_CHRG_ALLOW,2024-01-01,2024-12-31,0.0,EUR/kWh,EUR,,primary
nrg_pc_204_c:KWH2500-4999:EUR,FR,cost,household,,TAX_FEE_LEV_CHRG_ALLOW,2025-01-01,2025-12-31,0.0,EUR/kWh,EUR,,primary
nrg_pc_204_c:KWH2500-4999:EUR,FR,cost,household,,TAX_NUC,2017-01-01,2017-12-31,0.0,EUR/kWh,EUR,,primary
nrg_pc_204_c:KWH2500-4999:EUR,FR,cost,household,,TAX_NUC,2018-01-01,2018-12-31,0.0,EUR/kWh,EUR,,primary
nrg_pc_204_c:KWH2500-4999:EUR,FR,cost,household,,TAX_NUC,2019-01-01,2019-12-31,0.0,EUR/kWh,EUR,,primary
nrg_pc_204_c:KWH2500-4999:EUR,FR,cost,household,,TAX_NUC,2020-01-01,2020-12-31,0.0,EUR/kWh,EUR,,primary
nrg_pc_204_c:KWH2500-4999:EUR,FR,cost,household,,TAX_NUC,2021-01-01,2021-12-31,0.0,EUR/kWh,EUR,,primary
nrg_pc_204_c:KWH2500-4999:EUR,FR,cost,household,,TAX_NUC,2023-01-01,2023-12-31,0.0,EUR/kWh,EUR,,primary
nrg_pc_204_c:KWH2500-4999:EUR,FR,cost,household,,TAX_NUC,2024-01-01,2024-12-31,0.0,EUR/kWh,EUR,,primary
nrg_pc_204_c:KWH2500-4999:EUR,FR,cost,household,,TAX_NUC,2025-01-01,2025-12-31,0.0,EUR/kWh,EUR,,primary
nrg_pc_204_c:KWH2500-4999:EUR,FR,cost,household,,TAX_NUC_ALLOW,2023-01-01,2023-12-31,0.0,EUR/kWh,EUR,,primary
nrg_pc_204_c:KWH2500-4999:EUR,FR,cost,household,,TAX_NUC_ALLOW,2024-01-01,2024-12-31,0.0,EUR/kWh,EUR,,primary
nrg_pc_204_c:KWH2500-4999:EUR,FR,cost,household,,TAX_NUC_ALLOW,2025-01-01,2025-12-31,0.0,EUR/kWh,EUR,,primary
nrg_pc_204_c:KWH2500-4999:EUR,FR,cost,household,,TAX_RNW,2017-01-01,2017-12-31,0.0,EUR/kWh,EUR,,primary
nrg_pc_204_c:KWH2500-4999:EUR,FR,cost,household,,TAX_RNW,2018-01-01,2018-12-31,0.0,EUR/kWh,EUR,,primary
nrg_pc_204_c:KWH2500-4999:EUR,FR,cost,household,,TAX_RNW,2019-01-01,2019-12-31,0.0,EUR/kWh,EUR,,primary
nrg_pc_204_c:KWH2500-4999:EUR,FR,cost,household,,TAX_RNW,2020-01-01,2020-12-31,0.0,EUR/kWh,EUR,,primary
nrg_pc_204_c:KWH2500-4999:EUR,FR,cost,household,,TAX_RNW,2021-01-01,2021-12-31,0.0,EUR/kWh,EUR,,primary
nrg_pc_204_c:KWH2500-4999:EUR,FR,cost,household,,TAX_RNW,2023-01-01,2023-12-31,0.0,EUR/kWh,EUR,,primary
nrg_pc_204_c:KWH2500-4999:EUR,FR,cost,household,,TAX_RNW,2024-01-01,2024-12-31,0.0,EUR/kWh,EUR,,primary
nrg_pc_204_c:KWH2500-4999:EUR,FR,cost,household,,TAX_RNW,2025-01-01,2025-12-31,0.0,EUR/kWh,EUR,,primary
nrg_pc_204_c:KWH2500-4999:EUR,FR,cost,household,,TAX_RNW_ALLOW,2023-01-01,2023-12-31,0.0,EUR/kWh,EUR,,primary
nrg_pc_204_c:KWH2500-4999:EUR,FR,cost,household,,TAX_RNW_ALLOW,2024-01-01,2024-12-31,0.0,EUR/kWh,EUR,,primary
nrg_pc_204_c:KWH2500-4999:EUR,FR,cost,household,,TAX_RNW_ALLOW,2025-01-01,2025-12-31,0.0,EUR/kWh,EUR,,primary
nrg_pc_204_c:KWH2500-4999:EUR,FR,cost,household,,VAT,2017-01-01,2017-12-31,0.0255,EUR/kWh,EUR,,primary
nrg_pc_204_c:KWH2500-4999:EUR,FR,cost,household,,VAT,2018-01-01,2018-12-31,0.0258,EUR/kWh,EUR,,primary
nrg_pc_204_c:KWH2500-4999:EUR,FR,cost,household,,VAT,2019-01-01,2019-12-31,0.0267,EUR/kWh,EUR,,primary
nrg_pc_204_c:KWH2500-4999:EUR,FR,cost,household,,VAT,2020-01-01,2020-12-31,0.0278,EUR/kWh,EUR,,primary
nrg_pc_204_c:KWH2500-4999:EUR,FR,cost,household,,VAT,2021-01-01,2021-12-31,0.028,EUR/kWh,EUR,,primary
nrg_pc_204_c:KWH2500-4999:EUR,FR,cost,household,,VAT,2022-01-01,2022-12-31,0.0301,EUR/kWh,EUR,,primary
nrg_pc_204_c:KWH2500-4999:EUR,FR,cost,household,,VAT,2023-01-01,2023-12-31,0.0346,EUR/kWh,EUR,,primary
nrg_pc_204_c:KWH2500-4999:EUR,FR,cost,household,,VAT,2024-01-01,2024-12-31,0.0415,EUR/kWh,EUR,,primary
nrg_pc_204_c:KWH2500-4999:EUR,FR,cost,household,,VAT,2025-01-01,2025-12-31,0.0401,EUR/kWh,EUR,,primary
nrg_pc_204_c:KWH2500-4999:EUR,HR,cost,household,,ALLOW_OTH,2023-01-01,2023-12-31,0.0,EUR/kWh,EUR,,primary
nrg_pc_204_c:KWH2500-4999:EUR,HR,cost,household,,ALLOW_OTH,2024-01-01,2024-12-31,0.0,EUR/kWh,EUR,,primary
nrg_pc_204_c:KWH2500-4999:EUR,HR,cost,household,,ALLOW_OTH,2025-01-01,2025-12-31,0.0,EUR/kWh,EUR,,primary
nrg_pc_204_c:KWH2500-4999:EUR,HR,cost,household,,NETC,2017-01-01,2017-12-31,0.0435,EUR/kWh,EUR,,primary
nrg_pc_204_c:KWH2500-4999:EUR,HR,cost,household,,NETC,2018-01-01,2018-12-31,0.0441,EUR/kWh,EUR,,primary
nrg_pc_204_c:KWH2500-4999:EUR,HR,cost,household,,NETC,2019-01-01,2019-12-31,0.044,EUR/kWh,EUR,,primary
nrg_pc_204_c:KWH2500-4999:EUR,HR,cost,household,,NETC,2020-01-01,2020-12-31,0.0434,EUR/kWh,EUR,,primary
nrg_pc_204_c:KWH2500-4999:EUR,HR,cost,household,,NETC,2021-01-01,2021-12-31,0.0437,EUR/kWh,EUR,,primary
nrg_pc_204_c:KWH2500-4999:EUR,HR,cost,household,,NETC,2022-01-01,2022-12-31,0.0461,EUR/kWh,EUR,,primary
nrg_pc_204_c:KWH2500-4999:EUR,HR,cost,household,,NETC,2023-01-01,2023-12-31,0.0468,EUR/kWh,EUR,,primary
nrg_pc_204_c:KWH2500-4999:EUR,HR,cost,household,,NETC,2024-01-01,2024-12-31,0.0467,EUR/kWh,EUR,,primary
nrg_pc_204_c:KWH2500-4999:EUR,HR,cost,household,,NETC,2025-01-01,2025-12-31,0.0523,EUR/kWh,EUR,p,primary
nrg_pc_204_c:KWH2500-4999:EUR,HR,cost,household,,NRG_SUP,2017-01-01,2017-12-31,0.0575,EUR/kWh,EUR,,primary
nrg_pc_204_c:KWH2500-4999:EUR,HR,cost,household,,NRG_SUP,2018-01-01,2018-12-31,0.0583,EUR/kWh,EUR,,primary
nrg_pc_204_c:KWH2500-4999:EUR,HR,cost,household,,NRG_SUP,2019-01-01,2019-12-31,0.0589,EUR/kWh,EUR,,primary
nrg_pc_204_c:KWH2500-4999:EUR,HR,cost,household,,NRG_SUP,2020-01-01,2020-12-31,0.058,EUR/kWh,EUR,,primary
nrg_pc_204_c:KWH2500-4999:EUR,HR,cost,household,,NRG_SUP,2021-01-01,2021-12-31,0.0579,EUR/kWh,EUR,,primary
nrg_pc_204_c:KWH2500-4999:EUR,HR,cost,household,,NRG_SUP,2022-01-01,2022-12-31,0.0655,EUR/kWh,EUR,,primary
nrg_pc_204_c:KWH2500-4999:EUR,HR,cost,household,,NRG_SUP,2023-01-01,2023-12-31,0.0703,EUR/kWh,EUR,,primary
nrg_pc_204_c:KWH2500-4999:EUR,HR,cost,household,,NRG_SUP,2024-01-01,2024-12-31,0.0707,EUR/kWh,EUR,,primary
nrg_pc_204_c:KWH2500-4999:EUR,HR,cost,household,,NRG_SUP,2025-01-01,2025-12-31,0.0794,EUR/kWh,EUR,p,primary
nrg_pc_204_c:KWH2500-4999:EUR,HR,cost,household,,OTH,2017-01-01,2017-12-31,0.0,EUR/kWh,EUR,,primary
nrg_pc_204_c:KWH2500-4999:EUR,HR,cost,household,,OTH,2018-01-01,2018-12-31,0.0,EUR/kWh,EUR,,primary
nrg_pc_204_c:KWH2500-4999:EUR,HR,cost,household,,OTH,2019-01-01,2019-12-31,0.0,EUR/kWh,EUR,,primary
nrg_pc_204_c:KWH2500-4999:EUR,HR,cost,household,,OTH,2020-01-01,2020-12-31,0.0,EUR/kWh,EUR,,primary
nrg_pc_204_c:KWH2500-4999:EUR,HR,cost,household,,OTH,2021-01-01,2021-12-31,0.0,EUR/kWh,EUR,,primary
nrg_pc_204_c:KWH2500-4999:EUR,HR,cost,household,,OTH,2022-01-01,2022-12-31,0.0,EUR/kWh,EUR,,primary
nrg_pc_204_c:KWH2500-4999:EUR,HR,cost,household,,OTH,2023-01-01,2023-12-31,0.0,EUR/kWh,EUR,,primary
nrg_pc_204_c:KWH2500-4999:EUR,HR,cost,household,,OTH,2024-01-01,2024-12-31,0.0,EUR/kWh,EUR,,primary
nrg_pc_204_c:KWH2500-4999:EUR,HR,cost,household,,OTH,2025-01-01,2025-12-31,0.0,EUR/kWh,EUR,,primary
nrg_pc_204_c:KWH2500-4999:EUR,HR,cost,household,,TAX_CAP,2017-01-01,2017-12-31,0.0,EUR/kWh,EUR,,primary
nrg_pc_204_c:KWH2500-4999:EUR,HR,cost,household,,TAX_CAP,2018-01-01,2018-12-31,0.0,EUR/kWh,EUR,,primary
nrg_pc_204_c:KWH2500-4999:EUR,HR,cost,household,,TAX_CAP,2019-01-01,2019-12-31,0.0,EUR/kWh,EUR,,primary
nrg_pc_204_c:KWH2500-4999:EUR,HR,cost,household,,TAX_CAP,2020-01-01,2020-12-31,0.0,EUR/kWh,EUR,,primary
nrg_pc_204_c:KWH2500-4999:EUR,HR,cost,household,,TAX_CAP,2021-01-01,2021-12-31,0.0,EUR/kWh,EUR,,primary
nrg_pc_204_c:KWH2500-4999:EUR,HR,cost,household,,TAX_CAP,2022-01-01,2022-12-31,0.0,EUR/kWh,EUR,,primary
nrg_pc_204_c:KWH2500-4999:EUR,HR,cost,household,,TAX_CAP,2023-01-01,2023-12-31,0.0,EUR/kWh,EUR,,primary
nrg_pc_204_c:KWH2500-4999:EUR,HR,cost,household,,TAX_CAP,2024-01-01,2024-12-31,0.0,EUR/kWh,EUR,,primary
nrg_pc_204_c:KWH2500-4999:EUR,HR,cost,household,,TAX_CAP,2025-01-01,2025-12-31,0.0,EUR/kWh,EUR,,primary
nrg_pc_204_c:KWH2500-4999:EUR,HR,cost,household,,TAX_CAP_ALLOW,2023-01-01,2023-12-31,0.0,EUR/kWh,EUR,,primary
nrg_pc_204_c:KWH2500-4999:EUR,HR,cost,household,,TAX_CAP_ALLOW,2024-01-01,2024-12-31,0.0,EUR/kWh,EUR,,primary
nrg_pc_204_c:KWH2500-4999:EUR,HR,cost,household,,TAX_CAP_ALLOW,2025-01-01,2025-12-31,0.0,EUR/kWh,EUR,,primary
nrg_pc_204_c:KWH2500-4999:EUR,HR,cost,household,,TAX_ENV,2017-01-01,2017-12-31,0.0,EUR/kWh,EUR,,primary
nrg_pc_204_c:KWH2500-4999:EUR,HR,cost,household,,TAX_ENV,2018-01-01,2018-12-31,0.0,EUR/kWh,EUR,,primary
nrg_pc_204_c:KWH2500-4999:EUR,HR,cost,household,,TAX_ENV,2019-01-01,2019-12-31,0.0,EUR/kWh,EUR,,primary
nrg_pc_204_c:KWH2500-4999:EUR,HR,cost,household,,TAX_ENV,2020-01-01,2020-12-31,0.0,EUR/kWh,EUR,,primary
nrg_pc_204_c:KWH2500-4999:EUR,HR,cost,household,,TAX_ENV,2021-01-01,2021-12-31,0.0,EUR/kWh,EUR,,primary
nrg_pc_204_c:KWH2500-4999:EUR,HR,cost,household,,TAX_ENV,2022-01-01,2022-12-31,0.0,EUR/kWh,EUR,,primary
nrg_pc_204_c:KWH2500-4999:EUR,HR,cost,household,,TAX_ENV,2023-01-01,2023-12-31,0.0,EUR/kWh,EUR,,primary
nrg_pc_204_c:KWH2500-4999:EUR,HR,cost,household,,TAX_ENV,2024-01-01,2024-12-31,0.0,EUR/kWh,EUR,,primary
nrg_pc_204_c:KWH2500-4999:EUR,HR,cost,household,,TAX_ENV,2025-01-01,2025-12-31,0.0,EUR/kWh,EUR,,primary
nrg_pc_204_c:KWH2500-4999:EUR,HR,cost,household,,TAX_ENV_ALLOW,2023-01-01,2023-12-31,0.0,EUR/kWh,EUR,,primary
nrg_pc_204_c:KWH2500-4999:EUR,HR,cost,household,,TAX_ENV_ALLOW,2024-01-01,2024-12-31,0.0,EUR/kWh,EUR,,primary
nrg_pc_204_c:KWH2500-4999:EUR,HR,cost,household,,TAX_ENV_ALLOW,2025-01-01,2025-12-31,0.0,EUR/kWh,EUR,,primary
nrg_pc_204_c:KWH2500-4999:EUR,HR,cost,household,,TAX_FEE_LEV_CHRG,2017-01-01,2017-12-31,0.0204,EUR/kWh,EUR,,primary
nrg_pc_204_c:KWH2500-4999:EUR,HR,cost,household,,TAX_FEE_LEV_CHRG,2018-01-01,2018-12-31,0.0292,EUR/kWh,EUR,,primary
nrg_pc_204_c:KWH2500-4999:EUR,HR,cost,household,,TAX_FEE_LEV_CHRG,2019-01-01,2019-12-31,0.0294,EUR/kWh,EUR,,primary
nrg_pc_204_c:KWH2500-4999:EUR,HR,cost,household,,TAX_FEE_LEV_CHRG,2020-01-01,2020-12-31,0.0289,EUR/kWh,EUR,,primary
nrg_pc_204_c:KWH2500-4999:EUR,HR,cost,household,,TAX_FEE_LEV_CHRG,2021-01-01,2021-12-31,0.029,EUR/kWh,EUR,,primary
nrg_pc_204_c:KWH2500-4999:EUR,HR,cost,household,,TAX_FEE_LEV_CHRG,2022-01-01,2022-12-31,0.03,EUR/kWh,EUR,,primary
nrg_pc_204_c:KWH2500-4999:EUR,HR,cost,household,,TAX_FEE_LEV_CHRG,2023-01-01,2023-12-31,0.031,EUR/kWh,EUR,,primary
nrg_pc_204_c:KWH2500-4999:EUR,HR,cost,household,,TAX_FEE_LEV_CHRG,2024-01-01,2024-12-31,0.0304,EUR/kWh,EUR,,primary
nrg_pc_204_c:KWH2500-4999:EUR,HR,cost,household,,TAX_FEE_LEV_CHRG,2025-01-01,2025-12-31,0.0321,EUR/kWh,EUR,p,primary
nrg_pc_204_c:KWH2500-4999:EUR,HR,cost,household,,TAX_FEE_LEV_CHRG_ALLOW,2024-01-01,2024-12-31,0.0,EUR/kWh,EUR,,primary
nrg_pc_204_c:KWH2500-4999:EUR,HR,cost,household,,TAX_FEE_LEV_CHRG_ALLOW,2025-01-01,2025-12-31,0.0,EUR/kWh,EUR,,primary
nrg_pc_204_c:KWH2500-4999:EUR,HR,cost,household,,TAX_NUC,2017-01-01,2017-12-31,0.0,EUR/kWh,EUR,,primary
nrg_pc_204_c:KWH2500-4999:EUR,HR,cost,household,,TAX_NUC,2018-01-01,2018-12-31,0.0,EUR/kWh,EUR,,primary
nrg_pc_204_c:KWH2500-4999:EUR,HR,cost,household,,TAX_NUC,2019-01-01,2019-12-31,0.0,EUR/kWh,EUR,,primary
nrg_pc_204_c:KWH2500-4999:EUR,HR,cost,household,,TAX_NUC,2020-01-01,2020-12-31,0.0,EUR/kWh,EUR,,primary
nrg_pc_204_c:KWH2500-4999:EUR,HR,cost,household,,TAX_NUC,2021-01-01,2021-12-31,0.0,EUR/kWh,EUR,,primary
nrg_pc_204_c:KWH2500-4999:EUR,HR,cost,household,,TAX_NUC,2022-01-01,2022-12-31,0.0,EUR/kWh,EUR,,primary
nrg_pc_204_c:KWH2500-4999:EUR,HR,cost,household,,TAX_NUC,2023-01-01,2023-12-31,0.0,EUR/kWh,EUR,,primary
nrg_pc_204_c:KWH2500-4999:EUR,HR,cost,household,,TAX_NUC,2024-01-01,2024-12-31,0.0,EUR/kWh,EUR,,primary
nrg_pc_204_c:KWH2500-4999:EUR,HR,cost,household,,TAX_NUC,2025-01-01,2025-12-31,0.0,EUR/kWh,EUR,,primary
nrg_pc_204_c:KWH2500-4999:EUR,HR,cost,household,,TAX_NUC_ALLOW,2023-01-01,2023-12-31,0.0,EUR/kWh,EUR,,primary
nrg_pc_204_c:KWH2500-4999:EUR,HR,cost,household,,TAX_NUC_ALLOW,2024-01-01,2024-12-31,0.0,EUR/kWh,EUR,,primary
nrg_pc_204_c:KWH2500-4999:EUR,HR,cost,household,,TAX_NUC_ALLOW,2025-01-01,2025-12-31,0.0,EUR/kWh,EUR,,primary
nrg_pc_204_c:KWH2500-4999:EUR,HR,cost,household,,TAX_RNW,2017-01-01,2017-12-31,0.0064,EUR/kWh,EUR,,primary
nrg_pc_204_c:KWH2500-4999:EUR,HR,cost,household,,TAX_RNW,2018-01-01,2018-12-31,0.0141,EUR/kWh,EUR,,primary
nrg_pc_204_c:KWH2500-4999:EUR,HR,cost,household,,TAX_RNW,2019-01-01,2019-12-31,0.0142,EUR/kWh,EUR,,primary
nrg_pc_204_c:KWH2500-4999:EUR,HR,cost,household,,TAX_RNW,2020-01-01,2020-12-31,0.0139,EUR/kWh,EUR,,primary
nrg_pc_204_c:KWH2500-4999:EUR,HR,cost,household,,TAX_RNW,2021-01-01,2021-12-31,0.014,EUR/kWh,EUR,,primary
nrg_pc_204_c:KWH2500-4999:EUR,HR,cost,household,,TAX_RNW,2022-01-01,2022-12-31,0.0139,EUR/kWh,EUR,,primary
nrg_pc_204_c:KWH2500-4999:EUR,HR,cost,household,,TAX_RNW,2023-01-01,2023-12-31,0.0139,EUR/kWh,EUR,,primary
nrg_pc_204_c:KWH2500-4999:EUR,HR,cost,household,,TAX_RNW,2024-01-01,2024-12-31,0.0134,EUR/kWh,EUR,,primary
nrg_pc_204_c:KWH2500-4999:EUR,HR,cost,household,,TAX_RNW,2025-01-01,2025-12-31,0.0133,EUR/kWh,EUR,p,primary
nrg_pc_204_c:KWH2500-4999:EUR,HR,cost,household,,TAX_RNW_ALLOW,2023-01-01,2023-12-31,0.0,EUR/kWh,EUR,,primary
nrg_pc_204_c:KWH2500-4999:EUR,HR,cost,household,,TAX_RNW_ALLOW,2024-01-01,2024-12-31,0.0,EUR/kWh,EUR,,primary
nrg_pc_204_c:KWH2500-4999:EUR,HR,cost,household,,TAX_RNW_ALLOW,2025-01-01,2025-12-31,0.0,EUR/kWh,EUR,,primary
nrg_pc_204_c:KWH2500-4999:EUR,HR,cost,household,,VAT,2017-01-01,2017-12-31,0.014,EUR/kWh,EUR,,primary
nrg_pc_204_c:KWH2500-4999:EUR,HR,cost,household,,VAT,2018-01-01,2018-12-31,0.0151,EUR/kWh,EUR,,primary
nrg_pc_204_c:KWH2500-4999:EUR,HR,cost,household,,VAT,2019-01-01,2019-12-31,0.0152,EUR/kWh,EUR,,primary
nrg_pc_204_c:KWH2500-4999:EUR,HR,cost,household,,VAT,2020-01-01,2020-12-31,0.015,EUR/kWh,EUR,,primary
nrg_pc_204_c:KWH2500-4999:EUR,HR,cost,household,,VAT,2021-01-01,2021-12-31,0.015,EUR/kWh,EUR,,primary
nrg_pc_204_c:KWH2500-4999:EUR,HR,cost,household,,VAT,2022-01-01,2022-12-31,0.0161,EUR/kWh,EUR,,primary
nrg_pc_204_c:KWH2500-4999:EUR,HR,cost,household,,VAT,2023-01-01,2023-12-31,0.017,EUR/kWh,EUR,,primary
nrg_pc_204_c:KWH2500-4999:EUR,HR,cost,household,,VAT,2024-01-01,2024-12-31,0.017,EUR/kWh,EUR,,primary
nrg_pc_204_c:KWH2500-4999:EUR,HR,cost,household,,VAT,2025-01-01,2025-12-31,0.0188,EUR/kWh,EUR,p,primary
nrg_pc_204_c:KWH2500-4999:EUR,HU,cost,household,,ALLOW_OTH,2024-01-01,2024-12-31,0.0,EUR/kWh,EUR,,primary
nrg_pc_204_c:KWH2500-4999:EUR,HU,cost,household,,ALLOW_OTH,2025-01-01,2025-12-31,0.0,EUR/kWh,EUR,,primary
nrg_pc_204_c:KWH2500-4999:EUR,HU,cost,household,,NETC,2017-01-01,2017-12-31,0.043,EUR/kWh,EUR,,primary
nrg_pc_204_c:KWH2500-4999:EUR,HU,cost,household,,NETC,2018-01-01,2018-12-31,0.0422,EUR/kWh,EUR,,primary
nrg_pc_204_c:KWH2500-4999:EUR,HU,cost,household,,NETC,2019-01-01,2019-12-31,0.0441,EUR/kWh,EUR,,primary
nrg_pc_204_c:KWH2500-4999:EUR,HU,cost,household,,NETC,2020-01-01,2020-12-31,0.0438,EUR/kWh,EUR,,primary
nrg_pc_204_c:KWH2500-4999:EUR,HU,cost,household,,NETC,2021-01-01,2021-12-31,0.0447,EUR/kWh,EUR,,primary
nrg_pc_204_c:KWH2500-4999:EUR,HU,cost,household,,NETC,2022-01-01,2022-12-31,0.0499,EUR/kWh,EUR,,primary
nrg_pc_204_c:KWH2500-4999:EUR,HU,cost,household,,NETC,2023-01-01,2023-12-31,0.0598,EUR/kWh,EUR,,primary
nrg_pc_204_c:KWH2500-4999:EUR,HU,cost,household,,NETC,2024-01-01,2024-12-31,0.0578,EUR/kWh,EUR,,primary
nrg_pc_204_c:KWH2500-4999:EUR,HU,cost,household,,NETC,2025-01-01,2025-12-31,0.0596,EUR/kWh,EUR,,primary
nrg_pc_204_c:KWH2500-4999:EUR,HU,cost,household,,NRG_SUP,2017-01-01,2017-12-31,0.0462,EUR/kWh,EUR,,primary
nrg_pc_204_c:KWH2500-4999:EUR,HU,cost,household,,NRG_SUP,2018-01-01,2018-12-31,0.0448,EUR/kWh,EUR,,primary
nrg_pc_204_c:KWH2500-4999:EUR,HU,cost,household,,NRG_SUP,2019-01-01,2019-12-31,0.0419,EUR/kWh,EUR,,primary
nrg_pc_204_c:KWH2500-4999:EUR,HU,cost,household,,NRG_SUP,2020-01-01,2020-12-31,0.0352,EUR/kWh,EUR,,primary
nrg_pc_204_c:KWH2500-4999:EUR,HU,cost,household,,NRG_SUP,2021-01-01,2021-12-31,0.0344,EUR/kWh,EUR,,primary
nrg_pc_204_c:KWH2500-4999:EUR,HU,cost,household,,NRG_SUP,2022-01-01,2022-12-31,0.0269,EUR/kWh,EUR,,primary
nrg_pc_204_c:KWH2500-4999:EUR,HU,cost,household,,NRG_SUP,2023-01-01,2023-12-31,0.03,EUR/kWh,EUR,,primary
nrg_pc_204_c:KWH2500-4999:EUR,HU,cost,household,,NRG_SUP,2024-01-01,2024-12-31,0.0244,EUR/kWh,EUR,,primary
nrg_pc_204_c:KWH2500-4999:EUR,HU,cost,household,,NRG_SUP,2025-01-01,2025-12-31,0.0253,EUR/kWh,EUR,,primary
nrg_pc_204_c:KWH2500-4999:EUR,HU,cost,household,,OTH,2017-01-01,2017-12-31,0.0,EUR/kWh,EUR,,primary
nrg_pc_204_c:KWH2500-4999:EUR,HU,cost,household,,OTH,2018-01-01,2018-12-31,0.0,EUR/kWh,EUR,,primary
nrg_pc_204_c:KWH2500-4999:EUR,HU,cost,household,,OTH,2019-01-01,2019-12-31,0.0,EUR/kWh,EUR,,primary
nrg_pc_204_c:KWH2500-4999:EUR,HU,cost,household,,OTH,2020-01-01,2020-12-31,0.0,EUR/kWh,EUR,,primary
nrg_pc_204_c:KWH2500-4999:EUR,HU,cost,household,,OTH,2021-01-01,2021-12-31,0.0,EUR/kWh,EUR,,primary
nrg_pc_204_c:KWH2500-4999:EUR,HU,cost,household,,OTH,2022-01-01,2022-12-31,0.0,EUR/kWh,EUR,,primary
nrg_pc_204_c:KWH2500-4999:EUR,HU,cost,household,,OTH,2023-01-01,2023-12-31,0.0,EUR/kWh,EUR,,primary
nrg_pc_204_c:KWH2500-4999:EUR,HU,cost,household,,OTH,2024-01-01,2024-12-31,0.0,EUR/kWh,EUR,,primary
nrg_pc_204_c:KWH2500-4999:EUR,HU,cost,household,,OTH,2025-01-01,2025-12-31,0.0,EUR/kWh,EUR,,primary
nrg_pc_204_c:KWH2500-4999:EUR,HU,cost,household,,TAX_CAP,2017-01-01,2017-12-31,0.0,EUR/kWh,EUR,,primary
nrg_pc_204_c:KWH2500-4999:EUR,HU,cost,household,,TAX_CAP,2018-01-01,2018-12-31,0.0,EUR/kWh,EUR,,primary
nrg_pc_204_c:KWH2500-4999:EUR,HU,cost,household,,TAX_CAP,2019-01-01,2019-12-31,0.0,EUR/kWh,EUR,,primary
nrg_pc_204_c:KWH2500-4999:EUR,HU,cost,household,,TAX_CAP,2020-01-01,2020-12-31,0.0,EUR/kWh,EUR,,primary
nrg_pc_204_c:KWH2500-4999:EUR,HU,cost,household,,TAX_CAP,2021-01-01,2021-12-31,0.0,EUR/kWh,EUR,,primary
nrg_pc_204_c:KWH2500-4999:EUR,HU,cost,household,,TAX_CAP,2022-01-01,2022-12-31,0.0,EUR/kWh,EUR,,primary
nrg_pc_204_c:KWH2500-4999:EUR,HU,cost,household,,TAX_CAP,2023-01-01,2023-12-31,0.0,EUR/kWh,EUR,,primary
nrg_pc_204_c:KWH2500-4999:EUR,HU,cost,household,,TAX_CAP,2024-01-01,2024-12-31,0.0,EUR/kWh,EUR,,primary
nrg_pc_204_c:KWH2500-4999:EUR,HU,cost,household,,TAX_CAP,2025-01-01,2025-12-31,0.0,EUR/kWh,EUR,,primary
nrg_pc_204_c:KWH2500-4999:EUR,HU,cost,household,,TAX_CAP_ALLOW,2024-01-01,2024-12-31,0.0,EUR/kWh,EUR,,primary
nrg_pc_204_c:KWH2500-4999:EUR,HU,cost,household,,TAX_CAP_ALLOW,2025-01-01,2025-12-31,0.0,EUR/kWh,EUR,,primary
nrg_pc_204_c:KWH2500-4999:EUR,HU,cost,household,,TAX_ENV,2017-01-01,2017-12-31,0.0,EUR/kWh,EUR,,primary
nrg_pc_204_c:KWH2500-4999:EUR,HU,cost,household,,TAX_ENV,2018-01-01,2018-12-31,0.0,EUR/kWh,EUR,,primary
nrg_pc_204_c:KWH2500-4999:EUR,HU,cost,household,,TAX_ENV,2019-01-01,2019-12-31,0.0,EUR/kWh,EUR,,primary
nrg_pc_204_c:KWH2500-4999:EUR,HU,cost,household,,TAX_ENV,2020-01-01,2020-12-31,0.0,EUR/kWh,EUR,,primary
nrg_pc_204_c:KWH2500-4999:EUR,HU,cost,household,,TAX_ENV,2021-01-01,2021-12-31,0.0,EUR/kWh,EUR,,primary
nrg_pc_204_c:KWH2500-4999:EUR,HU,cost,household,,TAX_ENV,2022-01-01,2022-12-31,0.0,EUR/kWh,EUR,,primary
nrg_pc_204_c:KWH2500-4999:EUR,HU,cost,household,,TAX_ENV,2023-01-01,2023-12-31,0.0,EUR/kWh,EUR,,primary
nrg_pc_204_c:KWH2500-4999:EUR,HU,cost,household,,TAX_ENV,2024-01-01,2024-12-31,0.0,EUR/kWh,EUR,,primary
nrg_pc_204_c:KWH2500-4999:EUR,HU,cost,household,,TAX_ENV,2025-01-01,2025-12-31,0.0,EUR/kWh,EUR,,primary
nrg_pc_204_c:KWH2500-4999:EUR,HU,cost,household,,TAX_ENV_ALLOW,2024-01-01,2024-12-31,0.0,EUR/kWh,EUR,,primary
nrg_pc_204_c:KWH2500-4999:EUR,HU,cost,household,,TAX_ENV_ALLOW,2025-01-01,2025-12-31,0.0,EUR/kWh,EUR,,primary
nrg_pc_204_c:KWH2500-4999:EUR,HU,cost,household,,TAX_FEE_LEV_CHRG,2017-01-01,2017-12-31,0.024,EUR/kWh,EUR,,primary
nrg_pc_204_c:KWH2500-4999:EUR,HU,cost,household,,TAX_FEE_LEV_CHRG,2018-01-01,2018-12-31,0.0235,EUR/kWh,EUR,,primary
nrg_pc_204_c:KWH2500-4999:EUR,HU,cost,household,,TAX_FEE_LEV_CHRG,2019-01-01,2019-12-31,0.0232,EUR/kWh,EUR,,primary
nrg_pc_204_c:KWH2500-4999:EUR,HU,cost,household,,TAX_FEE_LEV_CHRG,2020-01-01,2020-12-31,0.0213,EUR/kWh,EUR,,primary
nrg_pc_204_c:KWH2500-4999:EUR,HU,cost,household,,TAX_FEE_LEV_CHRG,2021-01-01,2021-12-31,0.0214,EUR/kWh,EUR,,primary
nrg_pc_204_c:KWH2500-4999:EUR,HU,cost,household,,TAX_FEE_LEV_CHRG,2022-01-01,2022-12-31,0.0207,EUR/kWh,EUR,,primary
nrg_pc_204_c:KWH2500-4999:EUR,HU,cost,household,,TAX_FEE_LEV_CHRG,2023-01-01,2023-12-31,0.0243,EUR/kWh,EUR,,primary
nrg_pc_204_c:KWH2500-4999:EUR,HU,cost,household,,TAX_FEE_LEV_CHRG,2024-01-01,2024-12-31,0.0222,EUR/kWh,EUR,,primary
nrg_pc_204_c:KWH2500-4999:EUR,HU,cost,household,,TAX_FEE_LEV_CHRG,2025-01-01,2025-12-31,0.0229,EUR/kWh,EUR,,primary
nrg_pc_204_c:KWH2500-4999:EUR,HU,cost,household,,TAX_FEE_LEV_CHRG_ALLOW,2024-01-01,2024-12-31,0.0,EUR/kWh,EUR,,primary
nrg_pc_204_c:KWH2500-4999:EUR,HU,cost,household,,TAX_FEE_LEV_CHRG_ALLOW,2025-01-01,2025-12-31,0.0,EUR/kWh,EUR,,primary
nrg_pc_204_c:KWH2500-4999:EUR,HU,cost,household,,TAX_NUC,2017-01-01,2017-12-31,0.0,EUR/kWh,EUR,,primary
nrg_pc_204_c:KWH2500-4999:EUR,HU,cost,household,,TAX_NUC,2018-01-01,2018-12-31,0.0,EUR/kWh,EUR,,primary
nrg_pc_204_c:KWH2500-4999:EUR,HU,cost,household,,TAX_NUC,2019-01-01,2019-12-31,0.0,EUR/kWh,EUR,,primary
nrg_pc_204_c:KWH2500-4999:EUR,HU,cost,household,,TAX_NUC,2020-01-01,2020-12-31,0.0,EUR/kWh,EUR,,primary
nrg_pc_204_c:KWH2500-4999:EUR,HU,cost,household,,TAX_NUC,2021-01-01,2021-12-31,0.0,EUR/kWh,EUR,,primary
nrg_pc_204_c:KWH2500-4999:EUR,HU,cost,household,,TAX_NUC,2022-01-01,2022-12-31,0.0,EUR/kWh,EUR,,primary
nrg_pc_204_c:KWH2500-4999:EUR,HU,cost,household,,TAX_NUC,2023-01-01,2023-12-31,0.0,EUR/kWh,EUR,,primary
nrg_pc_204_c:KWH2500-4999:EUR,HU,cost,household,,TAX_NUC,2024-01-01,2024-12-31,0.0,EUR/kWh,EUR,,primary
nrg_pc_204_c:KWH2500-4999:EUR,HU,cost,household,,TAX_NUC,2025-01-01,2025-12-31,0.0,EUR/kWh,EUR,,primary
nrg_pc_204_c:KWH2500-4999:EUR,HU,cost,household,,TAX_NUC_ALLOW,2024-01-01,2024-12-31,0.0,EUR/kWh,EUR,,primary
nrg_pc_204_c:KWH2500-4999:EUR,HU,cost,household,,TAX_NUC_ALLOW,2025-01-01,2025-12-31,0.0,EUR/kWh,EUR,,primary
nrg_pc_204_c:KWH2500-4999:EUR,HU,cost,household,,TAX_RNW,2017-01-01,2017-12-31,0.0,EUR/kWh,EUR,,primary
nrg_pc_204_c:KWH2500-4999:EUR,HU,cost,household,,TAX_RNW,2018-01-01,2018-12-31,0.0,EUR/kWh,EUR,,primary
nrg_pc_204_c:KWH2500-4999:EUR,HU,cost,household,,TAX_RNW,2019-01-01,2019-12-31,0.0,EUR/kWh,EUR,,primary
nrg_pc_204_c:KWH2500-4999:EUR,HU,cost,household,,TAX_RNW,2020-01-01,2020-12-31,0.0,EUR/kWh,EUR,,primary
nrg_pc_204_c:KWH2500-4999:EUR,HU,cost,household,,TAX_RNW,2021-01-01,2021-12-31,0.0,EUR/kWh,EUR,,primary
nrg_pc_204_c:KWH2500-4999:EUR,HU,cost,household,,TAX_RNW,2022-01-01,2022-12-31,0.0,EUR/kWh,EUR,,primary
nrg_pc_204_c:KWH2500-4999:EUR,HU,cost,household,,TAX_RNW,2023-01-01,2023-12-31,0.0,EUR/kWh,EUR,,primary
nrg_pc_204_c:KWH2500-4999:EUR,HU,cost,household,,TAX_RNW,2024-01-01,2024-12-31,0.0,EUR/kWh,EUR,,primary
nrg_pc_204_c:KWH2500-4999:EUR,HU,cost,household,,TAX_RNW,2025-01-01,2025-12-31,0.0,EUR/kWh,EUR,,primary
nrg_pc_204_c:KWH2500-4999:EUR,HU,cost,household,,TAX_RNW_ALLOW,2024-01-01,2024-12-31,0.0,EUR/kWh,EUR,,primary
nrg_pc_204_c:KWH2500-4999:EUR,HU,cost,household,,TAX_RNW_ALLOW,2025-01-01,2025-12-31,0.0,EUR/kWh,EUR,,primary
nrg_pc_204_c:KWH2500-4999:EUR,HU,cost,household,,VAT,2017-01-01,2017-12-31,0.024,EUR/kWh,EUR,,primary
nrg_pc_204_c:KWH2500-4999:EUR,HU,cost,household,,VAT,2018-01-01,2018-12-31,0.0235,EUR/kWh,EUR,,primary
nrg_pc_204_c:KWH2500-4999:EUR,HU,cost,household,,VAT,2019-01-01,2019-12-31,0.0232,EUR/kWh,EUR,,primary
nrg_pc_204_c:KWH2500-4999:EUR,HU,cost,household,,VAT,2020-01-01,2020-12-31,0.0213,EUR/kWh,EUR,,primary
nrg_pc_204_c:KWH2500-4999:EUR,HU,cost,household,,VAT,2021-01-01,2021-12-31,0.0214,EUR/kWh,EUR,,primary
nrg_pc_204_c:KWH2500-4999:EUR,HU,cost,household,,VAT,2022-01-01,2022-12-31,0.0207,EUR/kWh,EUR,,primary
nrg_pc_204_c:KWH2500-4999:EUR,HU,cost,household,,VAT,2023-01-01,2023-12-31,0.0243,EUR/kWh,EUR,,primary
nrg_pc_204_c:KWH2500-4999:EUR,HU,cost,household,,VAT,2024-01-01,2024-12-31,0.0222,EUR/kWh,EUR,,primary
nrg_pc_204_c:KWH2500-4999:EUR,HU,cost,household,,VAT,2025-01-01,2025-12-31,0.0229,EUR/kWh,EUR,,primary
nrg_pc_204_c:KWH2500-4999:EUR,IE,cost,household,,ALLOW_OTH,2022-01-01,2022-12-31,0.0971,EUR/kWh,EUR,,primary
nrg_pc_204_c:KWH2500-4999:EUR,IE,cost,household,,ALLOW_OTH,2023-01-01,2023-12-31,0.1533,EUR/kWh,EUR,,primary
nrg_pc_204_c:KWH2500-4999:EUR,IE,cost,household,,ALLOW_OTH,2024-01-01,2024-12-31,0.1216,EUR/kWh,EUR,,primary
nrg_pc_204_c:KWH2500-4999:EUR,IE,cost,household,,ALLOW_OTH,2025-01-01,2025-12-31,0.0618,EUR/kWh,EUR,,primary
nrg_pc_204_c:KWH2500-4999:EUR,IE,cost,household,,NETC,2017-01-01,2017-12-31,0.0721,EUR/kWh,EUR,,primary
nrg_pc_204_c:KWH2500-4999:EUR,IE,cost,household,,NETC,2018-01-01,2018-12-31,0.078,EUR/kWh,EUR,,primary
nrg_pc_204_c:KWH2500-4999:EUR,IE,cost,household,,NETC,2019-01-01,2019-12-31,0.0799,EUR/kWh,EUR,,primary
nrg_pc_204_c:KWH2500-4999:EUR,IE,cost,household,,NETC,2020-01-01,2020-12-31,0.0934,EUR/kWh,EUR,,primary
nrg_pc_204_c:KWH2500-4999:EUR,IE,cost,household,,NETC,2021-01-01,2021-12-31,0.0936,EUR/kWh,EUR,,primary
nrg_pc_204_c:KWH2500-4999:EUR,IE,cost,household,,NETC,2022-01-01,2022-12-31,0.1025,EUR/kWh,EUR,,primary
nrg_pc_204_c:KWH2500-4999:EUR,IE,cost,household,,NETC,2023-01-01,2023-12-31,0.079,EUR/kWh,EUR,,primary
nrg_pc_204_c:KWH2500-4999:EUR,IE,cost,household,,NETC,2024-01-01,2024-12-31,0.0789,EUR/kWh,EUR,,primary
nrg_pc_204_c:KWH2500-4999:EUR,IE,cost,household,,NETC,2025-01-01,2025-12-31,0.1245,EUR/kWh,EUR,,primary
nrg_pc_204_c:KWH2500-4999:EUR,IE,cost,household,,NRG_SUP,2017-01-01,2017-12-31,0.1039,EUR/kWh,EUR,,primary
nrg_pc_204_c:KWH2500-4999:EUR,IE,cost,household,,NRG_SUP,2018-01-01,2018-12-31,0.1146,EUR/kWh,EUR,,primary
nrg_pc_204_c:KWH2500-4999:EUR,IE,cost,household,,NRG_SUP,2019-01-01,2019-12-31,0.1252,EUR/kWh,EUR,,primary
nrg_pc_204_c:KWH2500-4999:EUR,IE,cost,household,,NRG_SUP,2020-01-01,2020-12-31,0.1078,EUR/kWh,EUR,,primary
nrg_pc_204_c:KWH2500-4999:EUR,IE,cost,household,,NRG_SUP,2021-01-01,2021-12-31,0.1223,EUR/kWh,EUR,,primary
nrg_pc_204_c:KWH2500-4999:EUR,IE,cost,household,,NRG_SUP,2022-01-01,2022-12-31,0.2307,EUR/kWh,EUR,,primary
nrg_pc_204_c:KWH2500-4999:EUR,IE,cost,household,,NRG_SUP,2023-01-01,2023-12-31,0.3839,EUR/kWh,EUR,,primary
nrg_pc_204_c:KWH2500-4999:EUR,IE,cost,household,,NRG_SUP,2024-01-01,2024-12-31,0.3001,EUR/kWh,EUR,,primary
nrg_pc_204_c:KWH2500-4999:EUR,IE,cost,household,,NRG_SUP,2025-01-01,2025-12-31,0.229,EUR/kWh,EUR,,primary
nrg_pc_204_c:KWH2500-4999:EUR,IE,cost,household,,OTH,2017-01-01,2017-12-31,0.0006,EUR/kWh,EUR,,primary
nrg_pc_204_c:KWH2500-4999:EUR,IE,cost,household,,OTH,2018-01-01,2018-12-31,0.0046,EUR/kWh,EUR,,primary
nrg_pc_204_c:KWH2500-4999:EUR,IE,cost,household,,OTH,2019-01-01,2019-12-31,0.0035,EUR/kWh,EUR,,primary
nrg_pc_204_c:KWH2500-4999:EUR,IE,cost,household,,OTH,2020-01-01,2020-12-31,0.004,EUR/kWh,EUR,,primary
nrg_pc_204_c:KWH2500-4999:EUR,IE,cost,household,,OTH,2021-01-01,2021-12-31,0.0033,EUR/kWh,EUR,,primary
nrg_pc_204_c:KWH2500-4999:EUR,IE,cost,household,,OTH,2022-01-01,2022-12-31,-0.083,EUR/kWh,EUR,,primary
nrg_pc_204_c:KWH2500-4999:EUR,IE,cost,household,,OTH,2023-01-01,2023-12-31,-0.143,EUR/kWh,EUR,,primary
nrg_pc_204_c:KWH2500-4999:EUR,IE,cost,household,,OTH,2024-01-01,2024-12-31,-0.1151,EUR/kWh,EUR,,primary
nrg_pc_204_c:KWH2500-4999:EUR,IE,cost,household,,OTH,2025-01-01,2025-12-31,-0.0526,EUR/kWh,EUR,,primary
nrg_pc_204_c:KWH2500-4999:EUR,IE,cost,household,,TAX_CAP,2017-01-01,2017-12-31,0.0053,EUR/kWh,EUR,,primary
nrg_pc_204_c:KWH2500-4999:EUR,IE,cost,household,,TAX_CAP,2018-01-01,2018-12-31,0.0062,EUR/kWh,EUR,,primary
nrg_pc_204_c:KWH2500-4999:EUR,IE,cost,household,,TAX_CAP,2019-01-01,2019-12-31,0.0027,EUR/kWh,EUR,,primary
nrg_pc_204_c:KWH2500-4999:EUR,IE,cost,household,,TAX_CAP,2020-01-01,2020-12-31,0.0021,EUR/kWh,EUR,,primary
nrg_pc_204_c:KWH2500-4999:EUR,IE,cost,household,,TAX_CAP,2021-01-01,2021-12-31,0.0021,EUR/kWh,EUR,,primary
nrg_pc_204_c:KWH2500-4999:EUR,IE,cost,household,,TAX_CAP,2022-01-01,2022-12-31,0.0021,EUR/kWh,EUR,,primary
nrg_pc_204_c:KWH2500-4999:EUR,IE,cost,household,,TAX_CAP,2023-01-01,2023-12-31,-0.0027,EUR/kWh,EUR,,primary
nrg_pc_204_c:KWH2500-4999:EUR,IE,cost,household,,TAX_CAP,2024-01-01,2024-12-31,0.0002,EUR/kWh,EUR,,primary
nrg_pc_204_c:KWH2500-4999:EUR,IE,cost,household,,TAX_CAP,2025-01-01,2025-12-31,0.0011,EUR/kWh,EUR,,primary
nrg_pc_204_c:KWH2500-4999:EUR,IE,cost,household,,TAX_CAP_ALLOW,2024-01-01,2024-12-31,0.0,EUR/kWh,EUR,,primary
nrg_pc_204_c:KWH2500-4999:EUR,IE,cost,household,,TAX_CAP_ALLOW,2025-01-01,2025-12-31,0.0,EUR/kWh,EUR,,primary
nrg_pc_204_c:KWH2500-4999:EUR,IE,cost,household,,TAX_ENV,2017-01-01,2017-12-31,0.0,EUR/kWh,EUR,,primary
nrg_pc_204_c:KWH2500-4999:EUR,IE,cost,household,,TAX_ENV,2018-01-01,2018-12-31,0.0,EUR/kWh,EUR,,primary
nrg_pc_204_c:KWH2500-4999:EUR,IE,cost,household,,TAX_ENV,2019-01-01,2019-12-31,0.0,EUR/kWh,EUR,,primary
nrg_pc_204_c:KWH2500-4999:EUR,IE,cost,household,,TAX_ENV,2020-01-01,2020-12-31,0.0003,EUR/kWh,EUR,,primary
nrg_pc_204_c:KWH2500-4999:EUR,IE,cost,household,,TAX_ENV,2021-01-01,2021-12-31,0.0,EUR/kWh,EUR,,primary
nrg_pc_204_c:KWH2500-4999:EUR,IE,cost,household,,TAX_ENV,2024-01-01,2024-12-31,0.0,EUR/kWh,EUR,,primary
nrg_pc_204_c:KWH2500-4999:EUR,IE,cost,household,,TAX_ENV,2025-01-01,2025-12-31,0.0,EUR/kWh,EUR,,primary
nrg_pc_204_c:KWH2500-4999:EUR,IE,cost,household,,TAX_ENV_ALLOW,2024-01-01,2024-12-31,0.0,EUR/kWh,EUR,,primary
nrg_pc_204_c:KWH2500-4999:EUR,IE,cost,household,,TAX_ENV_ALLOW,2025-01-01,2025-12-31,0.0,EUR/kWh,EUR,,primary
nrg_pc_204_c:KWH2500-4999:EUR,IE,cost,household,,TAX_FEE_LEV_CHRG,2017-01-01,2017-12-31,0.0455,EUR/kWh,EUR,,primary
nrg_pc_204_c:KWH2500-4999:EUR,IE,cost,household,,TAX_FEE_LEV_CHRG,2018-01-01,2018-12-31,0.0552,EUR/kWh,EUR,,primary
nrg_pc_204_c:KWH2500-4999:EUR,IE,cost,household,,TAX_FEE_LEV_CHRG,2019-01-01,2019-12-31,0.0433,EUR/kWh,EUR,,primary
nrg_pc_204_c:KWH2500-4999:EUR,IE,cost,household,,TAX_FEE_LEV_CHRG,2020-01-01,2020-12-31,0.0453,EUR/kWh,EUR,,primary
nrg_pc_204_c:KWH2500-4999:EUR,IE,cost,household,,TAX_FEE_LEV_CHRG,2021-01-01,2021-12-31,0.0688,EUR/kWh,EUR,,primary
nrg_pc_204_c:KWH2500-4999:EUR,IE,cost,household,,TAX_FEE_LEV_CHRG,2022-01-01,2022-12-31,-0.0376,EUR/kWh,EUR,,primary
nrg_pc_204_c:KWH2500-4999:EUR,IE,cost,household,,TAX_FEE_LEV_CHRG,2023-01-01,2023-12-31,-0.1319,EUR/kWh,EUR,,primary
nrg_pc_204_c:KWH2500-4999:EUR,IE,cost,household,,TAX_FEE_LEV_CHRG,2024-01-01,2024-12-31,-0.0895,EUR/kWh,EUR,,primary
nrg_pc_204_c:KWH2500-4999:EUR,IE,cost,household,,TAX_FEE_LEV_CHRG,2025-01-01,2025-12-31,-0.0159,EUR/kWh,EUR,,primary
nrg_pc_204_c:KWH2500-4999:EUR,IE,cost,household,,TAX_FEE_LEV_CHRG_ALLOW,2024-01-01,2024-12-31,0.1216,EUR/kWh,EUR,,primary
nrg_pc_204_c:KWH2500-4999:EUR,IE,cost,household,,TAX_FEE_LEV_CHRG_ALLOW,2025-01-01,2025-12-31,0.0618,EUR/kWh,EUR,,primary
nrg_pc_204_c:KWH2500-4999:EUR,IE,cost,household,,TAX_NUC,2017-01-01,2017-12-31,0.0,EUR/kWh,EUR,,primary
nrg_pc_204_c:KWH2500-4999:EUR,IE,cost,household,,TAX_NUC,2018-01-01,2018-12-31,0.0,EUR/kWh,EUR,,primary
nrg_pc_204_c:KWH2500-4999:EUR,IE,cost,household,,TAX_NUC,2019-01-01,2019-12-31,0.0,EUR/kWh,EUR,,primary
nrg_pc_204_c:KWH2500-4999:EUR,IE,cost,household,,TAX_NUC,2021-01-01,2021-12-31,0.0,EUR/kWh,EUR,,primary
nrg_pc_204_c:KWH2500-4999:EUR,IE,cost,household,,TAX_NUC,2024-01-01,2024-12-31,0.0,EUR/kWh,EUR,,primary
nrg_pc_204_c:KWH2500-4999:EUR,IE,cost,household,,TAX_NUC,2025-01-01,2025-12-31,0.0,EUR/kWh,EUR,,primary
nrg_pc_204_c:KWH2500-4999:EUR,IE,cost,household,,TAX_NUC_ALLOW,2024-01-01,2024-12-31,0.0,EUR/kWh,EUR,,primary
nrg_pc_204_c:KWH2500-4999:EUR,IE,cost,household,,TAX_NUC_ALLOW,2025-01-01,2025-12-31,0.0,EUR/kWh,EUR,,primary
nrg_pc_204_c:KWH2500-4999:EUR,IE,cost,household,,TAX_RNW,2017-01-01,2017-12-31,0.0132,EUR/kWh,EUR,,primary
nrg_pc_204_c:KWH2500-4999:EUR,IE,cost,household,,TAX_RNW,2018-01-01,2018-12-31,0.0154,EUR/kWh,EUR,,primary
nrg_pc_204_c:KWH2500-4999:EUR,IE,cost,household,,TAX_RNW,2019-01-01,2019-12-31,0.0076,EUR/kWh,EUR,,primary
nrg_pc_204_c:KWH2500-4999:EUR,IE,cost,household,,TAX_RNW,2020-01-01,2020-12-31,0.0099,EUR/kWh,EUR,,primary
nrg_pc_204_c:KWH2500-4999:EUR,IE,cost,household,,TAX_RNW,2021-01-01,2021-12-31,0.0311,EUR/kWh,EUR,,primary
nrg_pc_204_c:KWH2500-4999:EUR,IE,cost,household,,TAX_RNW,2022-01-01,2022-12-31,0.0109,EUR/kWh,EUR,,primary
nrg_pc_204_c:KWH2500-4999:EUR,IE,cost,household,,TAX_RNW,2023-01-01,2023-12-31,-0.0236,EUR/kWh,EUR,,primary
nrg_pc_204_c:KWH2500-4999:EUR,IE,cost,household,,TAX_RNW,2024-01-01,2024-12-31,0.0004,EUR/kWh,EUR,,primary
nrg_pc_204_c:KWH2500-4999:EUR,IE,cost,household,,TAX_RNW,2025-01-01,2025-12-31,0.0038,EUR/kWh,EUR,,primary
nrg_pc_204_c:KWH2500-4999:EUR,IE,cost,household,,TAX_RNW_ALLOW,2024-01-01,2024-12-31,0.0,EUR/kWh,EUR,,primary
nrg_pc_204_c:KWH2500-4999:EUR,IE,cost,household,,TAX_RNW_ALLOW,2025-01-01,2025-12-31,0.0,EUR/kWh,EUR,,primary
nrg_pc_204_c:KWH2500-4999:EUR,IE,cost,household,,VAT,2017-01-01,2017-12-31,0.0265,EUR/kWh,EUR,,primary
nrg_pc_204_c:KWH2500-4999:EUR,IE,cost,household,,VAT,2018-01-01,2018-12-31,0.0291,EUR/kWh,EUR,,primary
nrg_pc_204_c:KWH2500-4999:EUR,IE,cost,household,,VAT,2019-01-01,2019-12-31,0.0294,EUR/kWh,EUR,,primary
nrg_pc_204_c:KWH2500-4999:EUR,IE,cost,household,,VAT,2020-01-01,2020-12-31,0.0291,EUR/kWh,EUR,,primary
nrg_pc_204_c:KWH2500-4999:EUR,IE,cost,household,,VAT,2021-01-01,2021-12-31,0.0322,EUR/kWh,EUR,,primary
nrg_pc_204_c:KWH2500-4999:EUR,IE,cost,household,,VAT,2022-01-01,2022-12-31,0.0323,EUR/kWh,EUR,,primary
nrg_pc_204_c:KWH2500-4999:EUR,IE,cost,household,,VAT,2023-01-01,2023-12-31,0.0374,EUR/kWh,EUR,,primary
nrg_pc_204_c:KWH2500-4999:EUR,IE,cost,household,,VAT,2024-01-01,2024-12-31,0.0251,EUR/kWh,EUR,,primary
nrg_pc_204_c:KWH2500-4999:EUR,IE,cost,household,,VAT,2025-01-01,2025-12-31,0.0318,EUR/kWh,EUR,,primary
nrg_pc_204_c:KWH2500-4999:EUR,IT,cost,household,,ALLOW_OTH,2023-01-01,2023-12-31,0.0368,EUR/kWh,EUR,e,primary
nrg_pc_204_c:KWH2500-4999:EUR,IT,cost,household,,ALLOW_OTH,2024-01-01,2024-12-31,0.0145,EUR/kWh,EUR,,primary
nrg_pc_204_c:KWH2500-4999:EUR,IT,cost,household,,ALLOW_OTH,2025-01-01,2025-12-31,0.0239,EUR/kWh,EUR,,primary
nrg_pc_204_c:KWH2500-4999:EUR,IT,cost,household,,NETC,2017-01-01,2017-12-31,0.0369,EUR/kWh,EUR,d,primary
nrg_pc_204_c:KWH2500-4999:EUR,IT,cost,household,,NETC,2018-01-01,2018-12-31,0.0373,EUR/kWh,EUR,d,primary
nrg_pc_204_c:KWH2500-4999:EUR,IT,cost,household,,NETC,2019-01-01,2019-12-31,0.0465,EUR/kWh,EUR,,primary
nrg_pc_204_c:KWH2500-4999:EUR,IT,cost,household,,NETC,2020-01-01,2020-12-31,0.0432,EUR/kWh,EUR,,primary
nrg_pc_204_c:KWH2500-4999:EUR,IT,cost,household,,NETC,2021-01-01,2021-12-31,0.0461,EUR/kWh,EUR,,primary
nrg_pc_204_c:KWH2500-4999:EUR,IT,cost,household,,NETC,2022-01-01,2022-12-31,0.0576,EUR/kWh,EUR,,primary
nrg_pc_204_c:KWH2500-4999:EUR,IT,cost,household,,NETC,2023-01-01,2023-12-31,0.0492,EUR/kWh,EUR,,primary
nrg_pc_204_c:KWH2500-4999:EUR,IT,cost,household,,NETC,2024-01-01,2024-12-31,0.048,EUR/kWh,EUR,,primary
nrg_pc_204_c:KWH2500-4999:EUR,IT,cost,household,,NETC,2025-01-01,2025-12-31,0.0444,EUR/kWh,EUR,,primary
nrg_pc_204_c:KWH2500-4999:EUR,IT,cost,household,,NRG_SUP,2017-01-01,2017-12-31,0.0958,EUR/kWh,EUR,d,primary
nrg_pc_204_c:KWH2500-4999:EUR,IT,cost,household,,NRG_SUP,2018-01-01,2018-12-31,0.1043,EUR/kWh,EUR,d,primary
nrg_pc_204_c:KWH2500-4999:EUR,IT,cost,household,,NRG_SUP,2019-01-01,2019-12-31,0.0964,EUR/kWh,EUR,,primary
nrg_pc_204_c:KWH2500-4999:EUR,IT,cost,household,,NRG_SUP,2020-01-01,2020-12-31,0.0925,EUR/kWh,EUR,,primary
nrg_pc_204_c:KWH2500-4999:EUR,IT,cost,household,,NRG_SUP,2021-01-01,2021-12-31,0.1127,EUR/kWh,EUR,,primary
nrg_pc_204_c:KWH2500-4999:EUR,IT,cost,household,,NRG_SUP,2022-01-01,2022-12-31,0.2295,EUR/kWh,EUR,,primary
nrg_pc_204_c:KWH2500-4999:EUR,IT,cost,household,,NRG_SUP,2023-01-01,2023-12-31,0.2359,EUR/kWh,EUR,,primary
nrg_pc_204_c:KWH2500-4999:EUR,IT,cost,household,,NRG_SUP,2024-01-01,2024-12-31,0.18,EUR/kWh,EUR,,primary
nrg_pc_204_c:KWH2500-4999:EUR,IT,cost,household,,NRG_SUP,2025-01-01,2025-12-31,0.18,EUR/kWh,EUR,,primary
nrg_pc_204_c:KWH2500-4999:EUR,IT,cost,household,,OTH,2017-01-01,2017-12-31,0.0564,EUR/kWh,EUR,d,primary
nrg_pc_204_c:KWH2500-4999:EUR,IT,cost,household,,OTH,2018-01-01,2018-12-31,0.0548,EUR/kWh,EUR,d,primary
nrg_pc_204_c:KWH2500-4999:EUR,IT,cost,household,,OTH,2019-01-01,2019-12-31,0.003,EUR/kWh,EUR,,primary
nrg_pc_204_c:KWH2500-4999:EUR,IT,cost,household,,OTH,2020-01-01,2020-12-31,0.0033,EUR/kWh,EUR,,primary
nrg_pc_204_c:KWH2500-4999:EUR,IT,cost,household,,OTH,2021-01-01,2021-12-31,0.0026,EUR/kWh,EUR,,primary
nrg_pc_204_c:KWH2500-4999:EUR,IT,cost,household,,OTH,2022-01-01,2022-12-31,0.0,EUR/kWh,EUR,,primary
nrg_pc_204_c:KWH2500-4999:EUR,IT,cost,household,,OTH,2023-01-01,2023-12-31,0.0024,EUR/kWh,EUR,,primary
nrg_pc_204_c:KWH2500-4999:EUR,IT,cost,household,,OTH,2024-01-01,2024-12-31,0.007,EUR/kWh,EUR,,primary
nrg_pc_204_c:KWH2500-4999:EUR,IT,cost,household,,OTH,2025-01-01,2025-12-31,0.0027,EUR/kWh,EUR,,primary
nrg_pc_204_c:KWH2500-4999:EUR,IT,cost,household,,TAX_CAP,2019-01-01,2019-12-31,0.0,EUR/kWh,EUR,,primary
nrg_pc_204_c:KWH2500-4999:EUR,IT,cost,household,,TAX_CAP,2020-01-01,2020-12-31,0.0,EUR/kWh,EUR,,primary
nrg_pc_204_c:KWH2500-4999:EUR,IT,cost,household,,TAX_CAP,2021-01-01,2021-12-31,0.0,EUR/kWh,EUR,,primary
nrg_pc_204_c:KWH2500-4999:EUR,IT,cost,household,,TAX_CAP,2022-01-01,2022-12-31,0.0047,EUR/kWh,EUR,e,primary
nrg_pc_204_c:KWH2500-4999:EUR,IT,cost,household,,TAX_CAP,2023-01-01,2023-12-31,0.0057,EUR/kWh,EUR,,primary
nrg_pc_204_c:KWH2500-4999:EUR,IT,cost,household,,TAX_CAP,2024-01-01,2024-12-31,0.0062,EUR/kWh,EUR,,primary
nrg_pc_204_c:KWH2500-4999:EUR,IT,cost,household,,TAX_CAP,2025-01-01,2025-12-31,0.0083,EUR/kWh,EUR,,primary
nrg_pc_204_c:KWH2500-4999:EUR,IT,cost,household,,TAX_CAP_ALLOW,2024-01-01,2024-12-31,0.0,EUR/kWh,EUR,,primary
nrg_pc_204_c:KWH2500-4999:EUR,IT,cost,household,,TAX_CAP_ALLOW,2025-01-01,2025-12-31,0.0,EUR/kWh,EUR,,primary
nrg_pc_204_c:KWH2500-4999:EUR,IT,cost,household,,TAX_ENV,2019-01-01,2019-12-31,0.0163,EUR/kWh,EUR,,primary
nrg_pc_204_c:KWH2500-4999:EUR,IT,cost,household,,TAX_ENV,2020-01-01,2020-12-31,0.0166,EUR/kWh,EUR,,primary
nrg_pc_204_c:KWH2500-4999:EUR,IT,cost,household,,TAX_ENV,2021-01-01,2021-12-31,0.0167,EUR/kWh,EUR,,primary
nrg_pc_204_c:KWH2500-4999:EUR,IT,cost,household,,TAX_ENV,2022-01-01,2022-12-31,0.0162,EUR/kWh,EUR,,primary
nrg_pc_204_c:KWH2500-4999:EUR,IT,cost,household,,TAX_ENV,2023-01-01,2023-12-31,0.016,EUR/kWh,EUR,,primary
nrg_pc_204_c:KWH2500-4999:EUR,IT,cost,household,,TAX_ENV,2024-01-01,2024-12-31,0.0168,EUR/kWh,EUR,,primary
nrg_pc_204_c:KWH2500-4999:EUR,IT,cost,household,,TAX_ENV,2025-01-01,2025-12-31,0.0168,EUR/kWh,EUR,,primary
nrg_pc_204_c:KWH2500-4999:EUR,IT,cost,household,,TAX_ENV_ALLOW,2024-01-01,2024-12-31,0.0,EUR/kWh,EUR,,primary
nrg_pc_204_c:KWH2500-4999:EUR,IT,cost,household,,TAX_ENV_ALLOW,2025-01-01,2025-12-31,0.0,EUR/kWh,EUR,,primary
nrg_pc_204_c:KWH2500-4999:EUR,IT,cost,household,,TAX_FEE_LEV_CHRG,2017-01-01,2017-12-31,0.0754,EUR/kWh,EUR,d,primary
nrg_pc_204_c:KWH2500-4999:EUR,IT,cost,household,,TAX_FEE_LEV_CHRG,2018-01-01,2018-12-31,0.0745,EUR/kWh,EUR,d,primary
nrg_pc_204_c:KWH2500-4999:EUR,IT,cost,household,,TAX_FEE_LEV_CHRG,2019-01-01,2019-12-31,0.0891,EUR/kWh,EUR,,primary
nrg_pc_204_c:KWH2500-4999:EUR,IT,cost,household,,TAX_FEE_LEV_CHRG,2020-01-01,2020-12-31,0.0833,EUR/kWh,EUR,,primary
nrg_pc_204_c:KWH2500-4999:EUR,IT,cost,household,,TAX_FEE_LEV_CHRG,2021-01-01,2021-12-31,0.0719,EUR/kWh,EUR,,primary
nrg_pc_204_c:KWH2500-4999:EUR,IT,cost,household,,TAX_FEE_LEV_CHRG,2022-01-01,2022-12-31,0.05,EUR/kWh,EUR,,primary
nrg_pc_204_c:KWH2500-4999:EUR,IT,cost,household,,TAX_FEE_LEV_CHRG,2023-01-01,2023-12-31,0.072,EUR/kWh,EUR,,primary
nrg_pc_204_c:KWH2500-4999:EUR,IT,cost,household,,TAX_FEE_LEV_CHRG,2024-01-01,2024-12-31,0.0913,EUR/kWh,EUR,,primary
nrg_pc_204_c:KWH2500-4999:EUR,IT,cost,household,,TAX_FEE_LEV_CHRG,2025-01-01,2025-12-31,0.0888,EUR/kWh,EUR,,primary
nrg_pc_204_c:KWH2500-4999:EUR,IT,cost,household,,TAX_FEE_LEV_CHRG_ALLOW,2024-01-01,2024-12-31,0.0145,EUR/kWh,EUR,,primary
nrg_pc_204_c:KWH2500-4999:EUR,IT,cost,household,,TAX_FEE_LEV_CHRG_ALLOW,2025-01-01,2025-12-31,0.0239,EUR/kWh,EUR,,primary
nrg_pc_204_c:KWH2500-4999:EUR,IT,cost,household,,TAX_NUC,2019-01-01,2019-12-31,0.0026,EUR/kWh,EUR,,primary
nrg_pc_204_c:KWH2500-4999:EUR,IT,cost,household,,TAX_NUC,2020-01-01,2020-12-31,0.0031,EUR/kWh,EUR,,primary
nrg_pc_204_c:KWH2500-4999:EUR,IT,cost,household,,TAX_NUC,2021-01-01,2021-12-31,0.0016,EUR/kWh,EUR,,primary
nrg_pc_204_c:KWH2500-4999:EUR,IT,cost,household,,TAX_NUC,2022-01-01,2022-12-31,0.0,EUR/kWh,EUR,,primary
nrg_pc_204_c:KWH2500-4999:EUR,IT,cost,household,,TAX_NUC,2023-01-01,2023-12-31,0.0,EUR/kWh,EUR,,primary
nrg_pc_204_c:KWH2500-4999:EUR,IT,cost,household,,TAX_NUC,2024-01-01,2024-12-31,0.0,EUR/kWh,EUR,,primary
nrg_pc_204_c:KWH2500-4999:EUR,IT,cost,household,,TAX_NUC,2025-01-01,2025-12-31,0.0,EUR/kWh,EUR,,primary
nrg_pc_204_c:KWH2500-4999:EUR,IT,cost,household,,TAX_NUC_ALLOW,2024-01-01,2024-12-31,0.0,EUR/kWh,EUR,,primary
nrg_pc_204_c:KWH2500-4999:EUR,IT,cost,household,,TAX_NUC_ALLOW,2025-01-01,2025-12-31,0.0,EUR/kWh,EUR,,primary
nrg_pc_204_c:KWH2500-4999:EUR,IT,cost,household,,TAX_RNW,2019-01-01,2019-12-31,0.046,EUR/kWh,EUR,,primary
nrg_pc_204_c:KWH2500-4999:EUR,IT,cost,household,,TAX_RNW,2020-01-01,2020-12-31,0.0404,EUR/kWh,EUR,,primary
nrg_pc_204_c:KWH2500-4999:EUR,IT,cost,household,,TAX_RNW,2021-01-01,2021-12-31,0.03,EUR/kWh,EUR,,primary
nrg_pc_204_c:KWH2500-4999:EUR,IT,cost,household,,TAX_RNW,2022-01-01,2022-12-31,0.0,EUR/kWh,EUR,,primary
nrg_pc_204_c:KWH2500-4999:EUR,IT,cost,household,,TAX_RNW,2023-01-01,2023-12-31,0.017,EUR/kWh,EUR,,primary
nrg_pc_204_c:KWH2500-4999:EUR,IT,cost,household,,TAX_RNW,2024-01-01,2024-12-31,0.0315,EUR/kWh,EUR,,primary
nrg_pc_204_c:KWH2500-4999:EUR,IT,cost,household,,TAX_RNW,2025-01-01,2025-12-31,0.0322,EUR/kWh,EUR,,primary
nrg_pc_204_c:KWH2500-4999:EUR,IT,cost,household,,TAX_RNW_ALLOW,2024-01-01,2024-12-31,0.0,EUR/kWh,EUR,,primary
nrg_pc_204_c:KWH2500-4999:EUR,IT,cost,household,,TAX_RNW_ALLOW,2025-01-01,2025-12-31,0.0,EUR/kWh,EUR,,primary
nrg_pc_204_c:KWH2500-4999:EUR,IT,cost,household,,VAT,2017-01-01,2017-12-31,0.019,EUR/kWh,EUR,d,primary
nrg_pc_204_c:KWH2500-4999:EUR,IT,cost,household,,VAT,2018-01-01,2018-12-31,0.0197,EUR/kWh,EUR,d,primary
nrg_pc_204_c:KWH2500-4999:EUR,IT,cost,household,,VAT,2019-01-01,2019-12-31,0.0212,EUR/kWh,EUR,,primary
nrg_pc_204_c:KWH2500-4999:EUR,IT,cost,household,,VAT,2020-01-01,2020-12-31,0.02,EUR/kWh,EUR,,primary
nrg_pc_204_c:KWH2500-4999:EUR,IT,cost,household,,VAT,2021-01-01,2021-12-31,0.0209,EUR/kWh,EUR,,primary
nrg_pc_204_c:KWH2500-4999:EUR,IT,cost,household,,VAT,2022-01-01,2022-12-31,0.0291,EUR/kWh,EUR,,primary
nrg_pc_204_c:KWH2500-4999:EUR,IT,cost,household,,VAT,2023-01-01,2023-12-31,0.0309,EUR/kWh,EUR,,primary
nrg_pc_204_c:KWH2500-4999:EUR,IT,cost,household,,VAT,2024-01-01,2024-12-31,0.0298,EUR/kWh,EUR,,primary
nrg_pc_204_c:KWH2500-4999:EUR,IT,cost,household,,VAT,2025-01-01,2025-12-31,0.0288,EUR/kWh,EUR,,primary
nrg_pc_204_c:KWH2500-4999:EUR,LT,cost,household,,ALLOW_OTH,2025-01-01,2025-12-31,0.0,EUR/kWh,EUR,,primary
nrg_pc_204_c:KWH2500-4999:EUR,LT,cost,household,,NETC,2017-01-01,2017-12-31,0.0398,EUR/kWh,EUR,,primary
nrg_pc_204_c:KWH2500-4999:EUR,LT,cost,household,,NETC,2018-01-01,2018-12-31,0.0421,EUR/kWh,EUR,,primary
nrg_pc_204_c:KWH2500-4999:EUR,LT,cost,household,,NETC,2019-01-01,2019-12-31,0.0469,EUR/kWh,EUR,,primary
nrg_pc_204_c:KWH2500-4999:EUR,LT,cost,household,,NETC,2020-01-01,2020-12-31,0.0548,EUR/kWh,EUR,,primary
nrg_pc_204_c:KWH2500-4999:EUR,LT,cost,household,,NETC,2021-01-01,2021-12-31,0.0557,EUR/kWh,EUR,,primary
nrg_pc_204_c:KWH2500-4999:EUR,LT,cost,household,,NETC,2022-01-01,2022-12-31,0.0539,EUR/kWh,EUR,,primary
nrg_pc_204_c:KWH2500-4999:EUR,LT,cost,household,,NETC,2023-01-01,2023-12-31,0.0613,EUR/kWh,EUR,,primary
nrg_pc_204_c:KWH2500-4999:EUR,LT,cost,household,,NETC,2024-01-01,2024-12-31,0.0719,EUR/kWh,EUR,,primary
nrg_pc_204_c:KWH2500-4999:EUR,LT,cost,household,,NETC,2025-01-01,2025-12-31,0.0692,EUR/kWh,EUR,,primary
nrg_pc_204_c:KWH2500-4999:EUR,LT,cost,household,,NRG_SUP,2017-01-01,2017-12-31,0.0382,EUR/kWh,EUR,,primary
nrg_pc_204_c:KWH2500-4999:EUR,LT,cost,household,,NRG_SUP,2018-01-01,2018-12-31,0.035,EUR/kWh,EUR,,primary
nrg_pc_204_c:KWH2500-4999:EUR,LT,cost,household,,NRG_SUP,2019-01-01,2019-12-31,0.0478,EUR/kWh,EUR,,primary
nrg_pc_204_c:KWH2500-4999:EUR,LT,cost,household,,NRG_SUP,2020-01-01,2020-12-31,0.0484,EUR/kWh,EUR,,primary
nrg_pc_204_c:KWH2500-4999:EUR,LT,cost,household,,NRG_SUP,2021-01-01,2021-12-31,0.0505,EUR/kWh,EUR,,primary
nrg_pc_204_c:KWH2500-4999:EUR,LT,cost,household,,NRG_SUP,2022-01-01,2022-12-31,0.1061,EUR/kWh,EUR,,primary
nrg_pc_204_c:KWH2500-4999:EUR,LT,cost,household,,NRG_SUP,2023-01-01,2023-12-31,0.141,EUR/kWh,EUR,,primary
nrg_pc_204_c:KWH2500-4999:EUR,LT,cost,household,,NRG_SUP,2024-01-01,2024-12-31,0.1123,EUR/kWh,EUR,,primary
nrg_pc_204_c:KWH2500-4999:EUR,LT,cost,household,,NRG_SUP,2025-01-01,2025-12-31,0.0989,EUR/kWh,EUR,,primary
nrg_pc_204_c:KWH2500-4999:EUR,LT,cost,household,,OTH,2017-01-01,2017-12-31,0.0,EUR/kWh,EUR,,primary
nrg_pc_204_c:KWH2500-4999:EUR,LT,cost,household,,OTH,2018-01-01,2018-12-31,0.0,EUR/kWh,EUR,,primary
nrg_pc_204_c:KWH2500-4999:EUR,LT,cost,household,,OTH,2019-01-01,2019-12-31,0.0,EUR/kWh,EUR,,primary
nrg_pc_204_c:KWH2500-4999:EUR,LT,cost,household,,OTH,2020-01-01,2020-12-31,0.0,EUR/kWh,EUR,,primary
nrg_pc_204_c:KWH2500-4999:EUR,LT,cost,household,,OTH,2021-01-01,2021-12-31,0.0,EUR/kWh,EUR,,primary
nrg_pc_204_c:KWH2500-4999:EUR,LT,cost,household,,OTH,2025-01-01,2025-12-31,0.0,EUR/kWh,EUR,,primary
nrg_pc_204_c:KWH2500-4999:EUR,LT,cost,household,,TAX_CAP,2017-01-01,2017-12-31,0.0033,EUR/kWh,EUR,,primary
nrg_pc_204_c:KWH2500-4999:EUR,LT,cost,household,,TAX_CAP,2018-01-01,2018-12-31,0.0022,EUR/kWh,EUR,,primary
nrg_pc_204_c:KWH2500-4999:EUR,LT,cost,household,,TAX_CAP,2019-01-01,2019-12-31,0.0,EUR/kWh,EUR,,primary
nrg_pc_204_c:KWH2500-4999:EUR,LT,cost,household,,TAX_CAP,2020-01-01,2020-12-31,0.0,EUR/kWh,EUR,,primary
nrg_pc_204_c:KWH2500-4999:EUR,LT,cost,household,,TAX_CAP,2021-01-01,2021-12-31,0.0,EUR/kWh,EUR,,primary
nrg_pc_204_c:KWH2500-4999:EUR,LT,cost,household,,TAX_CAP,2025-01-01,2025-12-31,0.0,EUR/kWh,EUR,,primary
nrg_pc_204_c:KWH2500-4999:EUR,LT,cost,household,,TAX_CAP_ALLOW,2025-01-01,2025-12-31,0.0,EUR/kWh,EUR,,primary
nrg_pc_204_c:KWH2500-4999:EUR,LT,cost,household,,TAX_ENV,2017-01-01,2017-12-31,0.0,EUR/kWh,EUR,,primary
nrg_pc_204_c:KWH2500-4999:EUR,LT,cost,household,,TAX_ENV,2018-01-01,2018-12-31,0.0,EUR/kWh,EUR,,primary
nrg_pc_204_c:KWH2500-4999:EUR,LT,cost,household,,TAX_ENV,2019-01-01,2019-12-31,0.0,EUR/kWh,EUR,,primary
nrg_pc_204_c:KWH2500-4999:EUR,LT,cost,household,,TAX_ENV,2020-01-01,2020-12-31,0.0,EUR/kWh,EUR,,primary
nrg_pc_204_c:KWH2500-4999:EUR,LT,cost,household,,TAX_ENV,2021-01-01,2021-12-31,0.0,EUR/kWh,EUR,,primary
nrg_pc_204_c:KWH2500-4999:EUR,LT,cost,household,,TAX_ENV,2025-01-01,2025-12-31,0.0,EUR/kWh,EUR,,primary
nrg_pc_204_c:KWH2500-4999:EUR,LT,cost,household,,TAX_ENV_ALLOW,2025-01-01,2025-12-31,0.0,EUR/kWh,EUR,,primary
nrg_pc_204_c:KWH2500-4999:EUR,LT,cost,household,,TAX_FEE_LEV_CHRG,2017-01-01,2017-12-31,0.0332,EUR/kWh,EUR,,primary
nrg_pc_204_c:KWH2500-4999:EUR,LT,cost,household,,TAX_FEE_LEV_CHRG,2018-01-01,2018-12-31,0.0326,EUR/kWh,EUR,,primary
nrg_pc_204_c:KWH2500-4999:EUR,LT,cost,household,,TAX_FEE_LEV_CHRG,2019-01-01,2019-12-31,0.0307,EUR/kWh,EUR,,primary
nrg_pc_204_c:KWH2500-4999:EUR,LT,cost,household,,TAX_FEE_LEV_CHRG,2020-01-01,2020-12-31,0.0332,EUR/kWh,EUR,,primary
nrg_pc_204_c:KWH2500-4999:EUR,LT,cost,household,,TAX_FEE_LEV_CHRG,2021-01-01,2021-12-31,0.0343,EUR/kWh,EUR,,primary
nrg_pc_204_c:KWH2500-4999:EUR,LT,cost,household,,TAX_FEE_LEV_CHRG,2022-01-01,2022-12-31,0.0357,EUR/kWh,EUR,,primary
nrg_pc_204_c:KWH2500-4999:EUR,LT,cost,household,,TAX_FEE_LEV_CHRG,2023-01-01,2023-12-31,0.0339,EUR/kWh,EUR,,primary
nrg_pc_204_c:KWH2500-4999:EUR,LT,cost,household,,TAX_FEE_LEV_CHRG,2024-01-01,2024-12-31,0.0387,EUR/kWh,EUR,,primary
nrg_pc_204_c:KWH2500-4999:EUR,LT,cost,household,,TAX_FEE_LEV_CHRG,2025-01-01,2025-12-31,0.0349,EUR/kWh,EUR,,primary
nrg_pc_204_c:KWH2500-4999:EUR,LT,cost,household,,TAX_FEE_LEV_CHRG_ALLOW,2025-01-01,2025-12-31,0.0,EUR/kWh,EUR,,primary
nrg_pc_204_c:KWH2500-4999:EUR,LT,cost,household,,TAX_NUC,2017-01-01,2017-12-31,0.0,EUR/kWh,EUR,,primary
nrg_pc_204_c:KWH2500-4999:EUR,LT,cost,household,,TAX_NUC,2018-01-01,2018-12-31,0.0,EUR/kWh,EUR,,primary
nrg_pc_204_c:KWH2500-4999:EUR,LT,cost,household,,TAX_NUC,2019-01-01,2019-12-31,0.0,EUR/kWh,EUR,,primary
nrg_pc_204_c:KWH2500-4999:EUR,LT,cost,household,,TAX_NUC,2020-01-01,2020-12-31,0.0,EUR/kWh,EUR,,primary
nrg_pc_204_c:KWH2500-4999:EUR,LT,cost,household,,TAX_NUC,2021-01-01,2021-12-31,0.0,EUR/kWh,EUR,,primary
nrg_pc_204_c:KWH2500-4999:EUR,LT,cost,household,,TAX_NUC,2025-01-01,2025-12-31,0.0,EUR/kWh,EUR,,primary
nrg_pc_204_c:KWH2500-4999:EUR,LT,cost,household,,TAX_NUC_ALLOW,2025-01-01,2025-12-31,0.0,EUR/kWh,EUR,,primary
nrg_pc_204_c:KWH2500-4999:EUR,LT,cost,household,,TAX_RNW,2017-01-01,2017-12-31,0.0106,EUR/kWh,EUR,,primary
nrg_pc_204_c:KWH2500-4999:EUR,LT,cost,household,,TAX_RNW,2018-01-01,2018-12-31,0.0113,EUR/kWh,EUR,,primary
nrg_pc_204_c:KWH2500-4999:EUR,LT,cost,household,,TAX_RNW,2019-01-01,2019-12-31,0.009,EUR/kWh,EUR,,primary
nrg_pc_204_c:KWH2500-4999:EUR,LT,cost,household,,TAX_RNW,2020-01-01,2020-12-31,0.0095,EUR/kWh,EUR,,primary
nrg_pc_204_c:KWH2500-4999:EUR,LT,cost,household,,TAX_RNW,2021-01-01,2021-12-31,0.01,EUR/kWh,EUR,,primary
nrg_pc_204_c:KWH2500-4999:EUR,LT,cost,household,,TAX_RNW,2022-01-01,2022-12-31,0.0017,EUR/kWh,EUR,,primary
nrg_pc_204_c:KWH2500-4999:EUR,LT,cost,household,,TAX_RNW,2023-01-01,2023-12-31,-0.0071,EUR/kWh,EUR,,primary
nrg_pc_204_c:KWH2500-4999:EUR,LT,cost,household,,TAX_RNW,2024-01-01,2024-12-31,0.0,EUR/kWh,EUR,,primary
nrg_pc_204_c:KWH2500-4999:EUR,LT,cost,household,,TAX_RNW,2025-01-01,2025-12-31,0.0,EUR/kWh,EUR,,primary
nrg_pc_204_c:KWH2500-4999:EUR,LT,cost,household,,TAX_RNW_ALLOW,2025-01-01,2025-12-31,0.0,EUR/kWh,EUR,,primary
nrg_pc_204_c:KWH2500-4999:EUR,LT,cost,household,,VAT,2017-01-01,2017-12-31,0.0193,EUR/kWh,EUR,,primary
nrg_pc_204_c:KWH2500-4999:EUR,LT,cost,household,,VAT,2018-01-01,2018-12-31,0.0191,EUR/kWh,EUR,,primary
nrg_pc_204_c:KWH2500-4999:EUR,LT,cost,household,,VAT,2019-01-01,2019-12-31,0.0217,EUR/kWh,EUR,,primary
nrg_pc_204_c:KWH2500-4999:EUR,LT,cost,household,,VAT,2020-01-01,2020-12-31,0.0237,EUR/kWh,EUR,,primary
nrg_pc_204_c:KWH2500-4999:EUR,LT,cost,household,,VAT,2021-01-01,2021-12-31,0.0243,EUR/kWh,EUR,,primary
nrg_pc_204_c:KWH2500-4999:EUR,LT,cost,household,,VAT,2022-01-01,2022-12-31,0.034,EUR/kWh,EUR,,primary
nrg_pc_204_c:KWH2500-4999:EUR,LT,cost,household,,VAT,2023-01-01,2023-12-31,0.041,EUR/kWh,EUR,,primary
nrg_pc_204_c:KWH2500-4999:EUR,LT,cost,household,,VAT,2024-01-01,2024-12-31,0.0387,EUR/kWh,EUR,,primary
nrg_pc_204_c:KWH2500-4999:EUR,LT,cost,household,,VAT,2025-01-01,2025-12-31,0.0349,EUR/kWh,EUR,,primary
nrg_pc_204_c:KWH2500-4999:EUR,LU,cost,household,,ALLOW_OTH,2022-01-01,2022-12-31,0.0,EUR/kWh,EUR,,primary
nrg_pc_204_c:KWH2500-4999:EUR,LU,cost,household,,ALLOW_OTH,2023-01-01,2023-12-31,0.0,EUR/kWh,EUR,,primary
nrg_pc_204_c:KWH2500-4999:EUR,LU,cost,household,,ALLOW_OTH,2025-01-01,2025-12-31,0.0,EUR/kWh,EUR,,primary
nrg_pc_204_c:KWH2500-4999:EUR,LU,cost,household,,NETC,2017-01-01,2017-12-31,0.0639,EUR/kWh,EUR,,primary
nrg_pc_204_c:KWH2500-4999:EUR,LU,cost,household,,NETC,2018-01-01,2018-12-31,0.0754,EUR/kWh,EUR,,primary
nrg_pc_204_c:KWH2500-4999:EUR,LU,cost,household,,NETC,2019-01-01,2019-12-31,0.0745,EUR/kWh,EUR,,primary
nrg_pc_204_c:KWH2500-4999:EUR,LU,cost,household,,NETC,2020-01-01,2020-12-31,0.0797,EUR/kWh,EUR,,primary
nrg_pc_204_c:KWH2500-4999:EUR,LU,cost,household,,NETC,2021-01-01,2021-12-31,0.0786,EUR/kWh,EUR,,primary
nrg_pc_204_c:KWH2500-4999:EUR,LU,cost,household,,NETC,2022-01-01,2022-12-31,0.0784,EUR/kWh,EUR,,primary
nrg_pc_204_c:KWH2500-4999:EUR,LU,cost,household,,NETC,2023-01-01,2023-12-31,0.123,EUR/kWh,EUR,,primary
nrg_pc_204_c:KWH2500-4999:EUR,LU,cost,household,,NETC,2025-01-01,2025-12-31,0.1225,EUR/kWh,EUR,,primary
nrg_pc_204_c:KWH2500-4999:EUR,LU,cost,household,,NRG_SUP,2017-01-01,2017-12-31,0.053,EUR/kWh,EUR,,primary
nrg_pc_204_c:KWH2500-4999:EUR,LU,cost,household,,NRG_SUP,2018-01-01,2018-12-31,0.0548,EUR/kWh,EUR,,primary
nrg_pc_204_c:KWH2500-4999:EUR,LU,cost,household,,NRG_SUP,2019-01-01,2019-12-31,0.0581,EUR/kWh,EUR,,primary
nrg_pc_204_c:KWH2500-4999:EUR,LU,cost,household,,NRG_SUP,2020-01-01,2020-12-31,0.0668,EUR/kWh,EUR,,primary
nrg_pc_204_c:KWH2500-4999:EUR,LU,cost,household,,NRG_SUP,2021-01-01,2021-12-31,0.0682,EUR/kWh,EUR,,primary
nrg_pc_204_c:KWH2500-4999:EUR,LU,cost,household,,NRG_SUP,2022-01-01,2022-12-31,0.09,EUR/kWh,EUR,,primary
nrg_pc_204_c:KWH2500-4999:EUR,LU,cost,household,,NRG_SUP,2023-01-01,2023-12-31,0.1714,EUR/kWh,EUR,,primary
nrg_pc_204_c:KWH2500-4999:EUR,LU,cost,household,,NRG_SUP,2025-01-01,2025-12-31,0.1609,EUR/kWh,EUR,,primary
nrg_pc_204_c:KWH2500-4999:EUR,LU,cost,household,,OTH,2017-01-01,2017-12-31,0.0,EUR/kWh,EUR,,primary
nrg_pc_204_c:KWH2500-4999:EUR,LU,cost,household,,OTH,2018-01-01,2018-12-31,0.0,EUR/kWh,EUR,,primary
nrg_pc_204_c:KWH2500-4999:EUR,LU,cost,household,,OTH,2019-01-01,2019-12-31,0.0,EUR/kWh,EUR,,primary
nrg_pc_204_c:KWH2500-4999:EUR,LU,cost,household,,OTH,2020-01-01,2020-12-31,0.0,EUR/kWh,EUR,,primary
nrg_pc_204_c:KWH2500-4999:EUR,LU,cost,household,,OTH,2021-01-01,2021-12-31,0.0011,EUR/kWh,EUR,,primary
nrg_pc_204_c:KWH2500-4999:EUR,LU,cost,household,,OTH,2022-01-01,2022-12-31,0.001,EUR/kWh,EUR,,primary
nrg_pc_204_c:KWH2500-4999:EUR,LU,cost,household,,OTH,2023-01-01,2023-12-31,0.001,EUR/kWh,EUR,,primary
nrg_pc_204_c:KWH2500-4999:EUR,LU,cost,household,,OTH,2025-01-01,2025-12-31,0.001,EUR/kWh,EUR,,primary
nrg_pc_204_c:KWH2500-4999:EUR,LU,cost,household,,TAX_CAP,2017-01-01,2017-12-31,0.0,EUR/kWh,EUR,,primary
nrg_pc_204_c:KWH2500-4999:EUR,LU,cost,household,,TAX_CAP,2018-01-01,2018-12-31,0.0,EUR/kWh,EUR,,primary
nrg_pc_204_c:KWH2500-4999:EUR,LU,cost,household,,TAX_CAP,2019-01-01,2019-12-31,0.0,EUR/kWh,EUR,,primary
nrg_pc_204_c:KWH2500-4999:EUR,LU,cost,household,,TAX_CAP,2020-01-01,2020-12-31,0.0,EUR/kWh,EUR,,primary
nrg_pc_204_c:KWH2500-4999:EUR,LU,cost,household,,TAX_CAP,2021-01-01,2021-12-31,0.0,EUR/kWh,EUR,,primary
nrg_pc_204_c:KWH2500-4999:EUR,LU,cost,household,,TAX_CAP,2022-01-01,2022-12-31,0.0,EUR/kWh,EUR,,primary
nrg_pc_204_c:KWH2500-4999:EUR,LU,cost,household,,TAX_CAP,2023-01-01,2023-12-31,0.0,EUR/kWh,EUR,,primary
nrg_pc_204_c:KWH2500-4999:EUR,LU,cost,household,,TAX_CAP,2025-01-01,2025-12-31,0.0,EUR/kWh,EUR,,primary
nrg_pc_204_c:KWH2500-4999:EUR,LU,cost,household,,TAX_CAP_ALLOW,2022-01-01,2022-12-31,0.0,EUR/kWh,EUR,,primary
nrg_pc_204_c:KWH2500-4999:EUR,LU,cost,household,,TAX_CAP_ALLOW,2023-01-01,2023-12-31,0.0,EUR/kWh,EUR,,primary
nrg_pc_204_c:KWH2500-4999:EUR,LU,cost,household,,TAX_CAP_ALLOW,2025-01-01,2025-12-31,0.0,EUR/kWh,EUR,,primary
nrg_pc_204_c:KWH2500-4999:EUR,LU,cost,household,,TAX_ENV,2017-01-01,2017-12-31,0.001,EUR/kWh,EUR,,primary
nrg_pc_204_c:KWH2500-4999:EUR,LU,cost,household,,TAX_ENV,2018-01-01,2018-12-31,0.001,EUR/kWh,EUR,,primary
nrg_pc_204_c:KWH2500-4999:EUR,LU,cost,household,,TAX_ENV,2019-01-01,2019-12-31,0.001,EUR/kWh,EUR,,primary
nrg_pc_204_c:KWH2500-4999:EUR,LU,cost,household,,TAX_ENV,2020-01-01,2020-12-31,0.001,EUR/kWh,EUR,,primary
nrg_pc_204_c:KWH2500-4999:EUR,LU,cost,household,,TAX_ENV,2021-01-01,2021-12-31,0.0,EUR/kWh,EUR,,primary
nrg_pc_204_c:KWH2500-4999:EUR,LU,cost,household,,TAX_ENV,2022-01-01,2022-12-31,0.0,EUR/kWh,EUR,,primary
nrg_pc_204_c:KWH2500-4999:EUR,LU,cost,household,,TAX_ENV,2023-01-01,2023-12-31,0.0,EUR/kWh,EUR,,primary
nrg_pc_204_c:KWH2500-4999:EUR,LU,cost,household,,TAX_ENV,2025-01-01,2025-12-31,0.0,EUR/kWh,EUR,,primary
nrg_pc_204_c:KWH2500-4999:EUR,LU,cost,household,,TAX_ENV_ALLOW,2022-01-01,2022-12-31,0.0,EUR/kWh,EUR,,primary
nrg_pc_204_c:KWH2500-4999:EUR,LU,cost,household,,TAX_ENV_ALLOW,2023-01-01,2023-12-31,0.0,EUR/kWh,EUR,,primary
nrg_pc_204_c:KWH2500-4999:EUR,LU,cost,household,,TAX_ENV_ALLOW,2025-01-01,2025-12-31,0.0,EUR/kWh,EUR,,primary
nrg_pc_204_c:KWH2500-4999:EUR,LU,cost,household,,TAX_FEE_LEV_CHRG,2017-01-01,2017-12-31,0.0448,EUR/kWh,EUR,,primary
nrg_pc_204_c:KWH2500-4999:EUR,LU,cost,household,,TAX_FEE_LEV_CHRG,2018-01-01,2018-12-31,0.0389,EUR/kWh,EUR,,primary
nrg_pc_204_c:KWH2500-4999:EUR,LU,cost,household,,TAX_FEE_LEV_CHRG,2019-01-01,2019-12-31,0.0473,EUR/kWh,EUR,,primary
nrg_pc_204_c:KWH2500-4999:EUR,LU,cost,household,,TAX_FEE_LEV_CHRG,2020-01-01,2020-12-31,0.052,EUR/kWh,EUR,,primary
nrg_pc_204_c:KWH2500-4999:EUR,LU,cost,household,,TAX_FEE_LEV_CHRG,2021-01-01,2021-12-31,0.052,EUR/kWh,EUR,,primary
nrg_pc_204_c:KWH2500-4999:EUR,LU,cost,household,,TAX_FEE_LEV_CHRG,2022-01-01,2022-12-31,0.0345,EUR/kWh,EUR,,primary
nrg_pc_204_c:KWH2500-4999:EUR,LU,cost,household,,TAX_FEE_LEV_CHRG,2023-01-01,2023-12-31,-0.0931,EUR/kWh,EUR,,primary
nrg_pc_204_c:KWH2500-4999:EUR,LU,cost,household,,TAX_FEE_LEV_CHRG,2025-01-01,2025-12-31,-0.0169,EUR/kWh,EUR,,primary
nrg_pc_204_c:KWH2500-4999:EUR,LU,cost,household,,TAX_FEE_LEV_CHRG_ALLOW,2025-01-01,2025-12-31,-0.0376,EUR/kWh,EUR,,primary
nrg_pc_204_c:KWH2500-4999:EUR,LU,cost,household,,TAX_NUC,2017-01-01,2017-12-31,0.0,EUR/kWh,EUR,,primary
nrg_pc_204_c:KWH2500-4999:EUR,LU,cost,household,,TAX_NUC,2018-01-01,2018-12-31,0.0,EUR/kWh,EUR,,primary
nrg_pc_204_c:KWH2500-4999:EUR,LU,cost,household,,TAX_NUC,2019-01-01,2019-12-31,0.0,EUR/kWh,EUR,,primary
nrg_pc_204_c:KWH2500-4999:EUR,LU,cost,household,,TAX_NUC,2020-01-01,2020-12-31,0.0,EUR/kWh,EUR,,primary
nrg_pc_204_c:KWH2500-4999:EUR,LU,cost,household,,TAX_NUC,2021-01-01,2021-12-31,0.0,EUR/kWh,EUR,,primary
nrg_pc_204_c:KWH2500-4999:EUR,LU,cost,household,,TAX_NUC,2022-01-01,2022-12-31,0.0,EUR/kWh,EUR,,primary
nrg_pc_204_c:KWH2500-4999:EUR,LU,cost,household,,TAX_NUC,2023-01-01,2023-12-31,0.0,EUR/kWh,EUR,,primary
nrg_pc_204_c:KWH2500-4999:EUR,LU,cost,household,,TAX_NUC,2025-01-01,2025-12-31,0.0,EUR/kWh,EUR,,primary
nrg_pc_204_c:KWH2500-4999:EUR,LU,cost,household,,TAX_NUC_ALLOW,2022-01-01,2022-12-31,0.0,EUR/kWh,EUR,,primary
nrg_pc_204_c:KWH2500-4999:EUR,LU,cost,household,,TAX_NUC_ALLOW,2023-01-01,2023-12-31,0.0,EUR/kWh,EUR,,primary
nrg_pc_204_c:KWH2500-4999:EUR,LU,cost,household,,TAX_NUC_ALLOW,2025-01-01,2025-12-31,0.0,EUR/kWh,EUR,,primary
nrg_pc_204_c:KWH2500-4999:EUR,LU,cost,household,,TAX_RNW,2017-01-01,2017-12-31,0.0318,EUR/kWh,EUR,,primary
nrg_pc_204_c:KWH2500-4999:EUR,LU,cost,household,,TAX_RNW,2018-01-01,2018-12-31,0.0254,EUR/kWh,EUR,,primary
nrg_pc_204_c:KWH2500-4999:EUR,LU,cost,household,,TAX_RNW,2019-01-01,2019-12-31,0.033,EUR/kWh,EUR,,primary
nrg_pc_204_c:KWH2500-4999:EUR,LU,cost,household,,TAX_RNW,2020-01-01,2020-12-31,0.0363,EUR/kWh,EUR,,primary
nrg_pc_204_c:KWH2500-4999:EUR,LU,cost,household,,TAX_RNW,2021-01-01,2021-12-31,0.0362,EUR/kWh,EUR,,primary
nrg_pc_204_c:KWH2500-4999:EUR,LU,cost,household,,TAX_RNW,2022-01-01,2022-12-31,0.0185,EUR/kWh,EUR,,primary
nrg_pc_204_c:KWH2500-4999:EUR,LU,cost,household,,TAX_RNW,2023-01-01,2023-12-31,-0.1073,EUR/kWh,EUR,,primary
nrg_pc_204_c:KWH2500-4999:EUR,LU,cost,household,,TAX_RNW,2025-01-01,2025-12-31,-0.0376,EUR/kWh,EUR,,primary
nrg_pc_204_c:KWH2500-4999:EUR,LU,cost,household,,TAX_RNW_ALLOW,2022-01-01,2022-12-31,0.0,EUR/kWh,EUR,,primary
nrg_pc_204_c:KWH2500-4999:EUR,LU,cost,household,,TAX_RNW_ALLOW,2023-01-01,2023-12-31,-0.1073,EUR/kWh,EUR,,primary
nrg_pc_204_c:KWH2500-4999:EUR,LU,cost,household,,TAX_RNW_ALLOW,2025-01-01,2025-12-31,-0.0376,EUR/kWh,EUR,,primary
nrg_pc_204_c:KWH2500-4999:EUR,LU,cost,household,,VAT,2017-01-01,2017-12-31,0.012,EUR/kWh,EUR,,primary
nrg_pc_204_c:KWH2500-4999:EUR,LU,cost,household,,VAT,2018-01-01,2018-12-31,0.0125,EUR/kWh,EUR,,primary
nrg_pc_204_c:KWH2500-4999:EUR,LU,cost,household,,VAT,2019-01-01,2019-12-31,0.0133,EUR/kWh,EUR,,primary
nrg_pc_204_c:KWH2500-4999:EUR,LU,cost,household,,VAT,2020-01-01,2020-12-31,0.0147,EUR/kWh,EUR,,primary
nrg_pc_204_c:KWH2500-4999:EUR,LU,cost,household,,VAT,2021-01-01,2021-12-31,0.0147,EUR/kWh,EUR,,primary
nrg_pc_204_c:KWH2500-4999:EUR,LU,cost,household,,VAT,2022-01-01,2022-12-31,0.015,EUR/kWh,EUR,,primary
nrg_pc_204_c:KWH2500-4999:EUR,LU,cost,household,,VAT,2023-01-01,2023-12-31,0.0132,EUR/kWh,EUR,,primary
nrg_pc_204_c:KWH2500-4999:EUR,LU,cost,household,,VAT,2025-01-01,2025-12-31,0.0197,EUR/kWh,EUR,,primary
nrg_pc_204_c:KWH2500-4999:EUR,LV,cost,household,,ALLOW_OTH,2024-01-01,2024-12-31,-0.0206,EUR/kWh,EUR,,primary
nrg_pc_204_c:KWH2500-4999:EUR,LV,cost,household,,ALLOW_OTH,2025-01-01,2025-12-31,0.0,EUR/kWh,EUR,,primary
nrg_pc_204_c:KWH2500-4999:EUR,LV,cost,household,,NETC,2017-01-01,2017-12-31,0.0567,EUR/kWh,EUR,,primary
nrg_pc_204_c:KWH2500-4999:EUR,LV,cost,household,,NETC,2018-01-01,2018-12-31,0.0546,EUR/kWh,EUR,,primary
nrg_pc_204_c:KWH2500-4999:EUR,LV,cost,household,,NETC,2019-01-01,2019-12-31,0.0547,EUR/kWh,EUR,,primary
nrg_pc_204_c:KWH2500-4999:EUR,LV,cost,household,,NETC,2020-01-01,2020-12-31,0.0434,EUR/kWh,EUR,,primary
nrg_pc_204_c:KWH2500-4999:EUR,LV,cost,household,,NETC,2021-01-01,2021-12-31,0.0475,EUR/kWh,EUR,,primary
nrg_pc_204_c:KWH2500-4999:EUR,LV,cost,household,,NETC,2022-01-01,2022-12-31,0.0518,EUR/kWh,EUR,,primary
nrg_pc_204_c:KWH2500-4999:EUR,LV,cost,household,,NETC,2023-01-01,2023-12-31,0.0725,EUR/kWh,EUR,,primary
nrg_pc_204_c:KWH2500-4999:EUR,LV,cost,household,,NETC,2024-01-01,2024-12-31,0.0852,EUR/kWh,EUR,,primary
nrg_pc_204_c:KWH2500-4999:EUR,LV,cost,household,,NETC,2025-01-01,2025-12-31,0.085,EUR/kWh,EUR,,primary
nrg_pc_204_c:KWH2500-4999:EUR,LV,cost,household,,NRG_SUP,2017-01-01,2017-12-31,0.0474,EUR/kWh,EUR,,primary
nrg_pc_204_c:KWH2500-4999:EUR,LV,cost,household,,NRG_SUP,2018-01-01,2018-12-31,0.0492,EUR/kWh,EUR,,primary
nrg_pc_204_c:KWH2500-4999:EUR,LV,cost,household,,NRG_SUP,2019-01-01,2019-12-31,0.0593,EUR/kWh,EUR,,primary
nrg_pc_204_c:KWH2500-4999:EUR,LV,cost,household,,NRG_SUP,2020-01-01,2020-12-31,0.0567,EUR/kWh,EUR,,primary
nrg_pc_204_c:KWH2500-4999:EUR,LV,cost,household,,NRG_SUP,2021-01-01,2021-12-31,0.0725,EUR/kWh,EUR,,primary
nrg_pc_204_c:KWH2500-4999:EUR,LV,cost,household,,NRG_SUP,2022-01-01,2022-12-31,0.1588,EUR/kWh,EUR,,primary
nrg_pc_204_c:KWH2500-4999:EUR,LV,cost,household,,NRG_SUP,2023-01-01,2023-12-31,0.1784,EUR/kWh,EUR,,primary
nrg_pc_204_c:KWH2500-4999:EUR,LV,cost,household,,NRG_SUP,2024-01-01,2024-12-31,0.1307,EUR/kWh,EUR,,primary
nrg_pc_204_c:KWH2500-4999:EUR,LV,cost,household,,NRG_SUP,2025-01-01,2025-12-31,0.1166,EUR/kWh,EUR,,primary
nrg_pc_204_c:KWH2500-4999:EUR,LV,cost,household,,OTH,2017-01-01,2017-12-31,0.0,EUR/kWh,EUR,,primary
nrg_pc_204_c:KWH2500-4999:EUR,LV,cost,household,,OTH,2018-01-01,2018-12-31,0.0,EUR/kWh,EUR,,primary
nrg_pc_204_c:KWH2500-4999:EUR,LV,cost,household,,OTH,2019-01-01,2019-12-31,0.0002,EUR/kWh,EUR,,primary
nrg_pc_204_c:KWH2500-4999:EUR,LV,cost,household,,OTH,2020-01-01,2020-12-31,0.0001,EUR/kWh,EUR,,primary
nrg_pc_204_c:KWH2500-4999:EUR,LV,cost,household,,OTH,2021-01-01,2021-12-31,0.0002,EUR/kWh,EUR,,primary
nrg_pc_204_c:KWH2500-4999:EUR,LV,cost,household,,OTH,2022-01-01,2022-12-31,0.0002,EUR/kWh,EUR,,primary
nrg_pc_204_c:KWH2500-4999:EUR,LV,cost,household,,OTH,2023-01-01,2023-12-31,0.0003,EUR/kWh,EUR,,primary
nrg_pc_204_c:KWH2500-4999:EUR,LV,cost,household,,OTH,2024-01-01,2024-12-31,-0.0196,EUR/kWh,EUR,,primary
nrg_pc_204_c:KWH2500-4999:EUR,LV,cost,household,,OTH,2025-01-01,2025-12-31,0.0006,EUR/kWh,EUR,,primary
nrg_pc_204_c:KWH2500-4999:EUR,LV,cost,household,,TAX_CAP,2017-01-01,2017-12-31,0.0,EUR/kWh,EUR,,primary
nrg_pc_204_c:KWH2500-4999:EUR,LV,cost,household,,TAX_CAP,2018-01-01,2018-12-31,0.0,EUR/kWh,EUR,,primary
nrg_pc_204_c:KWH2500-4999:EUR,LV,cost,household,,TAX_CAP,2019-01-01,2019-12-31,0.0,EUR/kWh,EUR,,primary
nrg_pc_204_c:KWH2500-4999:EUR,LV,cost,household,,TAX_CAP,2020-01-01,2020-12-31,0.0,EUR/kWh,EUR,,primary
nrg_pc_204_c:KWH2500-4999:EUR,LV,cost,household,,TAX_CAP,2021-01-01,2021-12-31,0.0,EUR/kWh,EUR,,primary
nrg_pc_204_c:KWH2500-4999:EUR,LV,cost,household,,TAX_CAP,2022-01-01,2022-12-31,0.0,EUR/kWh,EUR,,primary
nrg_pc_204_c:KWH2500-4999:EUR,LV,cost,household,,TAX_CAP,2023-01-01,2023-12-31,0.0,EUR/kWh,EUR,,primary
nrg_pc_204_c:KWH2500-4999:EUR,LV,cost,household,,TAX_CAP,2024-01-01,2024-12-31,0.0,EUR/kWh,EUR,,primary
nrg_pc_204_c:KWH2500-4999:EUR,LV,cost,household,,TAX_CAP,2025-01-01,2025-12-31,0.0,EUR/kWh,EUR,,primary
nrg_pc_204_c:KWH2500-4999:EUR,LV,cost,household,,TAX_CAP_ALLOW,2024-01-01,2024-12-31,0.0,EUR/kWh,EUR,,primary
nrg_pc_204_c:KWH2500-4999:EUR,LV,cost,household,,TAX_CAP_ALLOW,2025-01-01,2025-12-31,0.0,EUR/kWh,EUR,,primary
nrg_pc_204_c:KWH2500-4999:EUR,LV,cost,household,,TAX_ENV,2017-01-01,2017-12-31,0.0,EUR/kWh,EUR,,primary
nrg_pc_204_c:KWH2500-4999:EUR,LV,cost,household,,TAX_ENV,2018-01-01,2018-12-31,0.0,EUR/kWh,EUR,,primary
nrg_pc_204_c:KWH2500-4999:EUR,LV,cost,household,,TAX_ENV,2019-01-01,2019-12-31,0.0,EUR/kWh,EUR,,primary
nrg_pc_204_c:KWH2500-4999:EUR,LV,cost,household,,TAX_ENV,2020-01-01,2020-12-31,0.0,EUR/kWh,EUR,,primary
nrg_pc_204_c:KWH2500-4999:EUR,LV,cost,household,,TAX_ENV,2021-01-01,2021-12-31,0.0,EUR/kWh,EUR,,primary
nrg_pc_204_c:KWH2500-4999:EUR,LV,cost,household,,TAX_ENV,2022-01-01,2022-12-31,0.0,EUR/kWh,EUR,,primary
nrg_pc_204_c:KWH2500-4999:EUR,LV,cost,household,,TAX_ENV,2023-01-01,2023-12-31,0.0,EUR/kWh,EUR,,primary
nrg_pc_204_c:KWH2500-4999:EUR,LV,cost,household,,TAX_ENV,2024-01-01,2024-12-31,0.0,EUR/kWh,EUR,,primary
nrg_pc_204_c:KWH2500-4999:EUR,LV,cost,household,,TAX_ENV,2025-01-01,2025-12-31,0.0,EUR/kWh,EUR,,primary
nrg_pc_204_c:KWH2500-4999:EUR,LV,cost,household,,TAX_ENV_ALLOW,2024-01-01,2024-12-31,0.0,EUR/kWh,EUR,,primary
nrg_pc_204_c:KWH2500-4999:EUR,LV,cost,household,,TAX_ENV_ALLOW,2025-01-01,2025-12-31,0.0,EUR/kWh,EUR,,primary
nrg_pc_204_c:KWH2500-4999:EUR,LV,cost,household,,TAX_FEE_LEV_CHRG,2017-01-01,2017-12-31,0.0543,EUR/kWh,EUR,,primary
nrg_pc_204_c:KWH2500-4999:EUR,LV,cost,household,,TAX_FEE_LEV_CHRG,2018-01-01,2018-12-31,0.0484,EUR/kWh,EUR,,primary
nrg_pc_204_c:KWH2500-4999:EUR,LV,cost,household,,TAX_FEE_LEV_CHRG,2019-01-01,2019-12-31,0.0495,EUR/kWh,EUR,,primary
nrg_pc_204_c:KWH2500-4999:EUR,LV,cost,household,,TAX_FEE_LEV_CHRG,2020-01-01,2020-12-31,0.0425,EUR/kWh,EUR,,primary
nrg_pc_204_c:KWH2500-4999:EUR,LV,cost,household,,TAX_FEE_LEV_CHRG,2021-01-01,2021-12-31,0.0428,EUR/kWh,EUR,,primary
nrg_pc_204_c:KWH2500-4999:EUR,LV,cost,household,,TAX_FEE_LEV_CHRG,2022-01-01,2022-12-31,0.0526,EUR/kWh,EUR,,primary
nrg_pc_204_c:KWH2500-4999:EUR,LV,cost,household,,TAX_FEE_LEV_CHRG,2023-01-01,2023-12-31,0.0531,EUR/kWh,EUR,,primary
nrg_pc_204_c:KWH2500-4999:EUR,LV,cost,household,,TAX_FEE_LEV_CHRG,2024-01-01,2024-12-31,0.0259,EUR/kWh,EUR,,primary
nrg_pc_204_c:KWH2500-4999:EUR,LV,cost,household,,TAX_FEE_LEV_CHRG,2025-01-01,2025-12-31,0.043,EUR/kWh,EUR,,primary
nrg_pc_204_c:KWH2500-4999:EUR,LV,cost,household,,TAX_FEE_LEV_CHRG_ALLOW,2024-01-01,2024-12-31,-0.0206,EUR/kWh,EUR,,primary
nrg_pc_204_c:KWH2500-4999:EUR,LV,cost,household,,TAX_FEE_LEV_CHRG_ALLOW,2025-01-01,2025-12-31,0.0,EUR/kWh,EUR,,primary
nrg_pc_204_c:KWH2500-4999:EUR,LV,cost,household,,TAX_NUC,2017-01-01,2017-12-31,0.0,EUR/kWh,EUR,,primary
nrg_pc_204_c:KWH2500-4999:EUR,LV,cost,household,,TAX_NUC,2018-01-01,2018-12-31,0.0,EUR/kWh,EUR,,primary
nrg_pc_204_c:KWH2500-4999:EUR,LV,cost,household,,TAX_NUC,2019-01-01,2019-12-31,0.0,EUR/kWh,EUR,,primary
nrg_pc_204_c:KWH2500-4999:EUR,LV,cost,household,,TAX_NUC,2020-01-01,2020-12-31,0.0,EUR/kWh,EUR,,primary
nrg_pc_204_c:KWH2500-4999:EUR,LV,cost,household,,TAX_NUC,2021-01-01,2021-12-31,0.0,EUR/kWh,EUR,,primary
nrg_pc_204_c:KWH2500-4999:EUR,LV,cost,household,,TAX_NUC,2022-01-01,2022-12-31,0.0,EUR/kWh,EUR,,primary
nrg_pc_204_c:KWH2500-4999:EUR,LV,cost,household,,TAX_NUC,2023-01-01,2023-12-31,0.0,EUR/kWh,EUR,,primary
nrg_pc_204_c:KWH2500-4999:EUR,LV,cost,household,,TAX_NUC,2024-01-01,2024-12-31,0.0,EUR/kWh,EUR,,primary
nrg_pc_204_c:KWH2500-4999:EUR,LV,cost,household,,TAX_NUC,2025-01-01,2025-12-31,0.0,EUR/kWh,EUR,,primary
nrg_pc_204_c:KWH2500-4999:EUR,LV,cost,household,,TAX_NUC_ALLOW,2024-01-01,2024-12-31,0.0,EUR/kWh,EUR,,primary
nrg_pc_204_c:KWH2500-4999:EUR,LV,cost,household,,TAX_NUC_ALLOW,2025-01-01,2025-12-31,0.0,EUR/kWh,EUR,,primary
nrg_pc_204_c:KWH2500-4999:EUR,LV,cost,household,,TAX_RNW,2017-01-01,2017-12-31,0.0268,EUR/kWh,EUR,,primary
nrg_pc_204_c:KWH2500-4999:EUR,LV,cost,household,,TAX_RNW,2018-01-01,2018-12-31,0.022,EUR/kWh,EUR,,primary
nrg_pc_204_c:KWH2500-4999:EUR,LV,cost,household,,TAX_RNW,2019-01-01,2019-12-31,0.0209,EUR/kWh,EUR,,primary
nrg_pc_204_c:KWH2500-4999:EUR,LV,cost,household,,TAX_RNW,2020-01-01,2020-12-31,0.0176,EUR/kWh,EUR,,primary
nrg_pc_204_c:KWH2500-4999:EUR,LV,cost,household,,TAX_RNW,2021-01-01,2021-12-31,0.0144,EUR/kWh,EUR,,primary
nrg_pc_204_c:KWH2500-4999:EUR,LV,cost,household,,TAX_RNW,2022-01-01,2022-12-31,0.0067,EUR/kWh,EUR,,primary
nrg_pc_204_c:KWH2500-4999:EUR,LV,cost,household,,TAX_RNW,2023-01-01,2023-12-31,0.0,EUR/kWh,EUR,,primary
nrg_pc_204_c:KWH2500-4999:EUR,LV,cost,household,,TAX_RNW,2024-01-01,2024-12-31,0.0,EUR/kWh,EUR,,primary
nrg_pc_204_c:KWH2500-4999:EUR,LV,cost,household,,TAX_RNW,2025-01-01,2025-12-31,0.0,EUR/kWh,EUR,,primary
nrg_pc_204_c:KWH2500-4999:EUR,LV,cost,household,,TAX_RNW_ALLOW,2024-01-01,2024-12-31,0.0,EUR/kWh,EUR,,primary
nrg_pc_204_c:KWH2500-4999:EUR,LV,cost,household,,TAX_RNW_ALLOW,2025-01-01,2025-12-31,0.0,EUR/kWh,EUR,,primary
nrg_pc_204_c:KWH2500-4999:EUR,LV,cost,household,,VAT,2017-01-01,2017-12-31,0.0275,EUR/kWh,EUR,,primary
nrg_pc_204_c:KWH2500-4999:EUR,LV,cost,household,,VAT,2018-01-01,2018-12-31,0.0264,EUR/kWh,EUR,,primary
nrg_pc_204_c:KWH2500-4999:EUR,LV,cost,household,,VAT,2019-01-01,2019-12-31,0.0284,EUR/kWh,EUR,,primary
nrg_pc_204_c:KWH2500-4999:EUR,LV,cost,household,,VAT,2020-01-01,2020-12-31,0.0248,EUR/kWh,EUR,,primary
nrg_pc_204_c:KWH2500-4999:EUR,LV,cost,household,,VAT,2021-01-01,2021-12-31,0.0283,EUR/kWh,EUR,,primary
nrg_pc_204_c:KWH2500-4999:EUR,LV,cost,household,,VAT,2022-01-01,2022-12-31,0.0457,EUR/kWh,EUR,,primary
nrg_pc_204_c:KWH2500-4999:EUR,LV,cost,household,,VAT,2023-01-01,2023-12-31,0.0528,EUR/kWh,EUR,,primary
nrg_pc_204_c:KWH2500-4999:EUR,LV,cost,household,,VAT,2024-01-01,2024-12-31,0.0456,EUR/kWh,EUR,,primary
nrg_pc_204_c:KWH2500-4999:EUR,LV,cost,household,,VAT,2025-01-01,2025-12-31,0.0425,EUR/kWh,EUR,,primary
nrg_pc_204_c:KWH2500-4999:EUR,MT,cost,household,,ALLOW_OTH,2022-01-01,2022-12-31,0.0,EUR/kWh,EUR,,primary
nrg_pc_204_c:KWH2500-4999:EUR,MT,cost,household,,ALLOW_OTH,2023-01-01,2023-12-31,0.0,EUR/kWh,EUR,,primary
nrg_pc_204_c:KWH2500-4999:EUR,MT,cost,household,,ALLOW_OTH,2024-01-01,2024-12-31,0.0,EUR/kWh,EUR,,primary
nrg_pc_204_c:KWH2500-4999:EUR,MT,cost,household,,ALLOW_OTH,2025-01-01,2025-12-31,0.0,EUR/kWh,EUR,,primary
nrg_pc_204_c:KWH2500-4999:EUR,MT,cost,household,,NETC,2017-01-01,2017-12-31,0.025,EUR/kWh,EUR,,primary
nrg_pc_204_c:KWH2500-4999:EUR,MT,cost,household,,NETC,2018-01-01,2018-12-31,0.024,EUR/kWh,EUR,,primary
nrg_pc_204_c:KWH2500-4999:EUR,MT,cost,household,,NETC,2019-01-01,2019-12-31,0.025,EUR/kWh,EUR,,primary
nrg_pc_204_c:KWH2500-4999:EUR,MT,cost,household,,NETC,2020-01-01,2020-12-31,0.031,EUR/kWh,EUR,,primary
nrg_pc_204_c:KWH2500-4999:EUR,MT,cost,household,,NETC,2021-01-01,2021-12-31,0.027,EUR/kWh,EUR,,primary
nrg_pc_204_c:KWH2500-4999:EUR,MT,cost,household,,NETC,2022-01-01,2022-12-31,0.027,EUR/kWh,EUR,,primary
nrg_pc_204_c:KWH2500-4999:EUR,MT,cost,household,,NETC,2023-01-01,2023-12-31,0.028,EUR/kWh,EUR,,primary
nrg_pc_204_c:KWH2500-4999:EUR,MT,cost,household,,NETC,2024-01-01,2024-12-31,0.044,EUR/kWh,EUR,,primary
nrg_pc_204_c:KWH2500-4999:EUR,MT,cost,household,,NETC,2025-01-01,2025-12-31,0.047,EUR/kWh,EUR,p,primary
nrg_pc_204_c:KWH2500-4999:EUR,MT,cost,household,,NRG_SUP,2017-01-01,2017-12-31,0.0985,EUR/kWh,EUR,,primary
nrg_pc_204_c:KWH2500-4999:EUR,MT,cost,household,,NRG_SUP,2018-01-01,2018-12-31,0.098,EUR/kWh,EUR,,primary
nrg_pc_204_c:KWH2500-4999:EUR,MT,cost,household,,NRG_SUP,2019-01-01,2019-12-31,0.0971,EUR/kWh,EUR,,primary
nrg_pc_204_c:KWH2500-4999:EUR,MT,cost,household,,NRG_SUP,2020-01-01,2020-12-31,0.0906,EUR/kWh,EUR,,primary
nrg_pc_204_c:KWH2500-4999:EUR,MT,cost,household,,NRG_SUP,2021-01-01,2021-12-31,0.0954,EUR/kWh,EUR,,primary
nrg_pc_204_c:KWH2500-4999:EUR,MT,cost,household,,NRG_SUP,2022-01-01,2022-12-31,0.0944,EUR/kWh,EUR,,primary
nrg_pc_204_c:KWH2500-4999:EUR,MT,cost,household,,NRG_SUP,2023-01-01,2023-12-31,0.0915,EUR/kWh,EUR,,primary
nrg_pc_204_c:KWH2500-4999:EUR,MT,cost,household,,NRG_SUP,2024-01-01,2024-12-31,0.0771,EUR/kWh,EUR,,primary
nrg_pc_204_c:KWH2500-4999:EUR,MT,cost,household,,NRG_SUP,2025-01-01,2025-12-31,0.0726,EUR/kWh,EUR,p,primary
nrg_pc_204_c:KWH2500-4999:EUR,MT,cost,household,,OTH,2017-01-01,2017-12-31,0.0,EUR/kWh,EUR,,primary
nrg_pc_204_c:KWH2500-4999:EUR,MT,cost,household,,OTH,2018-01-01,2018-12-31,0.0,EUR/kWh,EUR,,primary
nrg_pc_204_c:KWH2500-4999:EUR,MT,cost,household,,OTH,2019-01-01,2019-12-31,0.0,EUR/kWh,EUR,,primary
nrg_pc_204_c:KWH2500-4999:EUR,MT,cost,household,,OTH,2020-01-01,2020-12-31,0.0,EUR/kWh,EUR,,primary
nrg_pc_204_c:KWH2500-4999:EUR,MT,cost,household,,OTH,2021-01-01,2021-12-31,0.0,EUR/kWh,EUR,,primary
nrg_pc_204_c:KWH2500-4999:EUR,MT,cost,household,,OTH,2022-01-01,2022-12-31,0.0,EUR/kWh,EUR,,primary
nrg_pc_204_c:KWH2500-4999:EUR,MT,cost,household,,OTH,2023-01-01,2023-12-31,0.0,EUR/kWh,EUR,,primary
nrg_pc_204_c:KWH2500-4999:EUR,MT,cost,household,,OTH,2024-01-01,2024-12-31,0.0,EUR/kWh,EUR,,primary
nrg_pc_204_c:KWH2500-4999:EUR,MT,cost,household,,OTH,2025-01-01,2025-12-31,0.0,EUR/kWh,EUR,,primary
nrg_pc_204_c:KWH2500-4999:EUR,MT,cost,household,,TAX_CAP,2017-01-01,2017-12-31,0.0,EUR/kWh,EUR,,primary
nrg_pc_204_c:KWH2500-4999:EUR,MT,cost,household,,TAX_CAP,2018-01-01,2018-12-31,0.0,EUR/kWh,EUR,,primary
nrg_pc_204_c:KWH2500-4999:EUR,MT,cost,household,,TAX_CAP,2019-01-01,2019-12-31,0.0,EUR/kWh,EUR,,primary
nrg_pc_204_c:KWH2500-4999:EUR,MT,cost,household,,TAX_CAP,2020-01-01,2020-12-31,0.0,EUR/kWh,EUR,,primary
nrg_pc_204_c:KWH2500-4999:EUR,MT,cost,household,,TAX_CAP,2021-01-01,2021-12-31,0.0,EUR/kWh,EUR,,primary
nrg_pc_204_c:KWH2500-4999:EUR,MT,cost,household,,TAX_CAP,2022-01-01,2022-12-31,0.0,EUR/kWh,EUR,,primary
nrg_pc_204_c:KWH2500-4999:EUR,MT,cost,household,,TAX_CAP,2023-01-01,2023-12-31,0.0,EUR/kWh,EUR,,primary
nrg_pc_204_c:KWH2500-4999:EUR,MT,cost,household,,TAX_CAP,2024-01-01,2024-12-31,0.0,EUR/kWh,EUR,,primary
nrg_pc_204_c:KWH2500-4999:EUR,MT,cost,household,,TAX_CAP,2025-01-01,2025-12-31,0.0,EUR/kWh,EUR,,primary
nrg_pc_204_c:KWH2500-4999:EUR,MT,cost,household,,TAX_CAP_ALLOW,2022-01-01,2022-12-31,0.0,EUR/kWh,EUR,,primary
nrg_pc_204_c:KWH2500-4999:EUR,MT,cost,household,,TAX_CAP_ALLOW,2023-01-01,2023-12-31,0.0,EUR/kWh,EUR,,primary
nrg_pc_204_c:KWH2500-4999:EUR,MT,cost,household,,TAX_CAP_ALLOW,2024-01-01,2024-12-31,0.0,EUR/kWh,EUR,,primary
nrg_pc_204_c:KWH2500-4999:EUR,MT,cost,household,,TAX_CAP_ALLOW,2025-01-01,2025-12-31,0.0,EUR/kWh,EUR,,primary
nrg_pc_204_c:KWH2500-4999:EUR,MT,cost,household,,TAX_ENV,2017-01-01,2017-12-31,0.0015,EUR/kWh,EUR,,primary
nrg_pc_204_c:KWH2500-4999:EUR,MT,cost,household,,TAX_ENV,2018-01-01,2018-12-31,0.0015,EUR/kWh,EUR,,primary
nrg_pc_204_c:KWH2500-4999:EUR,MT,cost,household,,TAX_ENV,2019-01-01,2019-12-31,0.0015,EUR/kWh,EUR,,primary
nrg_pc_204_c:KWH2500-4999:EUR,MT,cost,household,,TAX_ENV,2020-01-01,2020-12-31,0.0015,EUR/kWh,EUR,,primary
nrg_pc_204_c:KWH2500-4999:EUR,MT,cost,household,,TAX_ENV,2021-01-01,2021-12-31,0.0015,EUR/kWh,EUR,,primary
nrg_pc_204_c:KWH2500-4999:EUR,MT,cost,household,,TAX_ENV,2022-01-01,2022-12-31,0.0015,EUR/kWh,EUR,,primary
nrg_pc_204_c:KWH2500-4999:EUR,MT,cost,household,,TAX_ENV,2023-01-01,2023-12-31,0.0015,EUR/kWh,EUR,,primary
nrg_pc_204_c:KWH2500-4999:EUR,MT,cost,household,,TAX_ENV,2024-01-01,2024-12-31,0.0015,EUR/kWh,EUR,,primary
nrg_pc_204_c:KWH2500-4999:EUR,MT,cost,household,,TAX_ENV,2025-01-01,2025-12-31,0.0015,EUR/kWh,EUR,p,primary
nrg_pc_204_c:KWH2500-4999:EUR,MT,cost,household,,TAX_ENV_ALLOW,2022-01-01,2022-12-31,0.0,EUR/kWh,EUR,,primary
nrg_pc_204_c:KWH2500-4999:EUR,MT,cost,household,,TAX_ENV_ALLOW,2023-01-01,2023-12-31,0.0,EUR/kWh,EUR,,primary
nrg_pc_204_c:KWH2500-4999:EUR,MT,cost,household,,TAX_ENV_ALLOW,2024-01-01,2024-12-31,0.0,EUR/kWh,EUR,,primary
nrg_pc_204_c:KWH2500-4999:EUR,MT,cost,household,,TAX_ENV_ALLOW,2025-01-01,2025-12-31,0.0,EUR/kWh,EUR,,primary
nrg_pc_204_c:KWH2500-4999:EUR,MT,cost,household,,TAX_FEE_LEV_CHRG,2017-01-01,2017-12-31,0.0078,EUR/kWh,EUR,,primary
nrg_pc_204_c:KWH2500-4999:EUR,MT,cost,household,,TAX_FEE_LEV_CHRG,2018-01-01,2018-12-31,0.0077,EUR/kWh,EUR,,primary
nrg_pc_204_c:KWH2500-4999:EUR,MT,cost,household,,TAX_FEE_LEV_CHRG,2019-01-01,2019-12-31,0.0077,EUR/kWh,EUR,,primary
nrg_pc_204_c:KWH2500-4999:EUR,MT,cost,household,,TAX_FEE_LEV_CHRG,2020-01-01,2020-12-31,0.0077,EUR/kWh,EUR,,primary
nrg_pc_204_c:KWH2500-4999:EUR,MT,cost,household,,TAX_FEE_LEV_CHRG,2021-01-01,2021-12-31,0.0077,EUR/kWh,EUR,,primary
nrg_pc_204_c:KWH2500-4999:EUR,MT,cost,household,,TAX_FEE_LEV_CHRG,2022-01-01,2022-12-31,0.0076,EUR/kWh,EUR,,primary
nrg_pc_204_c:KWH2500-4999:EUR,MT,cost,household,,TAX_FEE_LEV_CHRG,2023-01-01,2023-12-31,0.0076,EUR/kWh,EUR,,primary
nrg_pc_204_c:KWH2500-4999:EUR,MT,cost,household,,TAX_FEE_LEV_CHRG,2024-01-01,2024-12-31,0.0076,EUR/kWh,EUR,,primary
nrg_pc_204_c:KWH2500-4999:EUR,MT,cost,household,,TAX_FEE_LEV_CHRG,2025-01-01,2025-12-31,0.0076,EUR/kWh,EUR,p,primary
nrg_pc_204_c:KWH2500-4999:EUR,MT,cost,household,,TAX_FEE_LEV_CHRG_ALLOW,2023-01-01,2023-12-31,0.0,EUR/kWh,EUR,,primary
nrg_pc_204_c:KWH2500-4999:EUR,MT,cost,household,,TAX_FEE_LEV_CHRG_ALLOW,2024-01-01,2024-12-31,0.0,EUR/kWh,EUR,,primary
nrg_pc_204_c:KWH2500-4999:EUR,MT,cost,household,,TAX_FEE_LEV_CHRG_ALLOW,2025-01-01,2025-12-31,0.0,EUR/kWh,EUR,,primary
nrg_pc_204_c:KWH2500-4999:EUR,MT,cost,household,,TAX_NUC,2017-01-01,2017-12-31,0.0,EUR/kWh,EUR,,primary
nrg_pc_204_c:KWH2500-4999:EUR,MT,cost,household,,TAX_NUC,2018-01-01,2018-12-31,0.0,EUR/kWh,EUR,,primary
nrg_pc_204_c:KWH2500-4999:EUR,MT,cost,household,,TAX_NUC,2019-01-01,2019-12-31,0.0,EUR/kWh,EUR,,primary
nrg_pc_204_c:KWH2500-4999:EUR,MT,cost,household,,TAX_NUC,2020-01-01,2020-12-31,0.0,EUR/kWh,EUR,,primary
nrg_pc_204_c:KWH2500-4999:EUR,MT,cost,household,,TAX_NUC,2021-01-01,2021-12-31,0.0,EUR/kWh,EUR,,primary
nrg_pc_204_c:KWH2500-4999:EUR,MT,cost,household,,TAX_NUC,2022-01-01,2022-12-31,0.0,EUR/kWh,EUR,,primary
nrg_pc_204_c:KWH2500-4999:EUR,MT,cost,household,,TAX_NUC,2023-01-01,2023-12-31,0.0,EUR/kWh,EUR,,primary
nrg_pc_204_c:KWH2500-4999:EUR,MT,cost,household,,TAX_NUC,2024-01-01,2024-12-31,0.0,EUR/kWh,EUR,,primary
nrg_pc_204_c:KWH2500-4999:EUR,MT,cost,household,,TAX_NUC,2025-01-01,2025-12-31,0.0,EUR/kWh,EUR,,primary
nrg_pc_204_c:KWH2500-4999:EUR,MT,cost,household,,TAX_NUC_ALLOW,2022-01-01,2022-12-31,0.0,EUR/kWh,EUR,,primary
nrg_pc_204_c:KWH2500-4999:EUR,MT,cost,household,,TAX_NUC_ALLOW,2023-01-01,2023-12-31,0.0,EUR/kWh,EUR,,primary
nrg_pc_204_c:KWH2500-4999:EUR,MT,cost,household,,TAX_NUC_ALLOW,2024-01-01,2024-12-31,0.0,EUR/kWh,EUR,,primary
nrg_pc_204_c:KWH2500-4999:EUR,MT,cost,household,,TAX_NUC_ALLOW,2025-01-01,2025-12-31,0.0,EUR/kWh,EUR,,primary
nrg_pc_204_c:KWH2500-4999:EUR,MT,cost,household,,TAX_RNW,2017-01-01,2017-12-31,0.0,EUR/kWh,EUR,,primary
nrg_pc_204_c:KWH2500-4999:EUR,MT,cost,household,,TAX_RNW,2018-01-01,2018-12-31,0.0,EUR/kWh,EUR,,primary
nrg_pc_204_c:KWH2500-4999:EUR,MT,cost,household,,TAX_RNW,2019-01-01,2019-12-31,0.0,EUR/kWh,EUR,,primary
nrg_pc_204_c:KWH2500-4999:EUR,MT,cost,household,,TAX_RNW,2020-01-01,2020-12-31,0.0,EUR/kWh,EUR,,primary
nrg_pc_204_c:KWH2500-4999:EUR,MT,cost,household,,TAX_RNW,2021-01-01,2021-12-31,0.0,EUR/kWh,EUR,,primary
nrg_pc_204_c:KWH2500-4999:EUR,MT,cost,household,,TAX_RNW,2022-01-01,2022-12-31,0.0,EUR/kWh,EUR,,primary
nrg_pc_204_c:KWH2500-4999:EUR,MT,cost,household,,TAX_RNW,2023-01-01,2023-12-31,0.0,EUR/kWh,EUR,,primary
nrg_pc_204_c:KWH2500-4999:EUR,MT,cost,household,,TAX_RNW,2024-01-01,2024-12-31,0.0,EUR/kWh,EUR,,primary
nrg_pc_204_c:KWH2500-4999:EUR,MT,cost,household,,TAX_RNW,2025-01-01,2025-12-31,0.0,EUR/kWh,EUR,,primary
nrg_pc_204_c:KWH2500-4999:EUR,MT,cost,household,,TAX_RNW_ALLOW,2022-01-01,2022-12-31,0.0,EUR/kWh,EUR,,primary
nrg_pc_204_c:KWH2500-4999:EUR,MT,cost,household,,TAX_RNW_ALLOW,2023-01-01,2023-12-31,0.0,EUR/kWh,EUR,,primary
nrg_pc_204_c:KWH2500-4999:EUR,MT,cost,household,,TAX_RNW_ALLOW,2024-01-01,2024-12-31,0.0,EUR/kWh,EUR,,primary
nrg_pc_204_c:KWH2500-4999:EUR,MT,cost,household,,TAX_RNW_ALLOW,2025-01-01,2025-12-31,0.0,EUR/kWh,EUR,,primary
nrg_pc_204_c:KWH2500-4999:EUR,MT,cost,household,,VAT,2017-01-01,2017-12-31,0.0063,EUR/kWh,EUR,,primary
nrg_pc_204_c:KWH2500-4999:EUR,MT,cost,household,,VAT,2018-01-01,2018-12-31,0.0062,EUR/kWh,EUR,,primary
nrg_pc_204_c:KWH2500-4999:EUR,MT,cost,household,,VAT,2019-01-01,2019-12-31,0.0062,EUR/kWh,EUR,,primary
nrg_pc_204_c:KWH2500-4999:EUR,MT,cost,household,,VAT,2020-01-01,2020-12-31,0.0062,EUR/kWh,EUR,,primary
nrg_pc_204_c:KWH2500-4999:EUR,MT,cost,household,,VAT,2021-01-01,2021-12-31,0.0062,EUR/kWh,EUR,,primary
nrg_pc_204_c:KWH2500-4999:EUR,MT,cost,household,,VAT,2022-01-01,2022-12-31,0.0061,EUR/kWh,EUR,,primary
nrg_pc_204_c:KWH2500-4999:EUR,MT,cost,household,,VAT,2023-01-01,2023-12-31,0.0061,EUR/kWh,EUR,,primary
nrg_pc_204_c:KWH2500-4999:EUR,MT,cost,household,,VAT,2024-01-01,2024-12-31,0.0061,EUR/kWh,EUR,,primary
nrg_pc_204_c:KWH2500-4999:EUR,MT,cost,household,,VAT,2025-01-01,2025-12-31,0.0061,EUR/kWh,EUR,p,primary
nrg_pc_204_c:KWH2500-4999:EUR,NL,cost,household,,ALLOW_OTH,2017-01-01,2017-12-31,0.0,EUR/kWh,EUR,,primary
nrg_pc_204_c:KWH2500-4999:EUR,NL,cost,household,,ALLOW_OTH,2018-01-01,2018-12-31,0.0,EUR/kWh,EUR,,primary
nrg_pc_204_c:KWH2500-4999:EUR,NL,cost,household,,ALLOW_OTH,2019-01-01,2019-12-31,0.0,EUR/kWh,EUR,,primary
nrg_pc_204_c:KWH2500-4999:EUR,NL,cost,household,,ALLOW_OTH,2020-01-01,2020-12-31,0.0,EUR/kWh,EUR,,primary
nrg_pc_204_c:KWH2500-4999:EUR,NL,cost,household,,ALLOW_OTH,2021-01-01,2021-12-31,0.0,EUR/kWh,EUR,,primary
nrg_pc_204_c:KWH2500-4999:EUR,NL,cost,household,,ALLOW_OTH,2022-01-01,2022-12-31,0.0165,EUR/kWh,EUR,,primary
nrg_pc_204_c:KWH2500-4999:EUR,NL,cost,household,,ALLOW_OTH,2023-01-01,2023-12-31,0.0506,EUR/kWh,EUR,,primary
nrg_pc_204_c:KWH2500-4999:EUR,NL,cost,household,,ALLOW_OTH,2024-01-01,2024-12-31,0.0,EUR/kWh,EUR,,primary
nrg_pc_204_c:KWH2500-4999:EUR,NL,cost,household,,ALLOW_OTH,2025-01-01,2025-12-31,0.0,EUR/kWh,EUR,,primary
nrg_pc_204_c:KWH2500-4999:EUR,NL,cost,household,,NETC,2017-01-01,2017-12-31,0.058,EUR/kWh,EUR,,primary
nrg_pc_204_c:KWH2500-4999:EUR,NL,cost,household,,NETC,2018-01-01,2018-12-31,0.061,EUR/kWh,EUR,,primary
nrg_pc_204_c:KWH2500-4999:EUR,NL,cost,household,,NETC,2019-01-01,2019-12-31,0.057,EUR/kWh,EUR,,primary
nrg_pc_204_c:KWH2500-4999:EUR,NL,cost,household,,NETC,2020-01-01,2020-12-31,0.059,EUR/kWh,EUR,,primary
nrg_pc_204_c:KWH2500-4999:EUR,NL,cost,household,,NETC,2021-01-01,2021-12-31,0.0628,EUR/kWh,EUR,,primary
nrg_pc_204_c:KWH2500-4999:EUR,NL,cost,household,,NETC,2022-01-01,2022-12-31,0.0661,EUR/kWh,EUR,,primary
nrg_pc_204_c:KWH2500-4999:EUR,NL,cost,household,,NETC,2023-01-01,2023-12-31,0.0835,EUR/kWh,EUR,,primary
nrg_pc_204_c:KWH2500-4999:EUR,NL,cost,household,,NETC,2024-01-01,2024-12-31,0.1015,EUR/kWh,EUR,,primary
nrg_pc_204_c:KWH2500-4999:EUR,NL,cost,household,,NETC,2025-01-01,2025-12-31,0.1135,EUR/kWh,EUR,,primary
nrg_pc_204_c:KWH2500-4999:EUR,NL,cost,household,,NRG_SUP,2017-01-01,2017-12-31,0.062,EUR/kWh,EUR,,primary
nrg_pc_204_c:KWH2500-4999:EUR,NL,cost,household,,NRG_SUP,2018-01-01,2018-12-31,0.064,EUR/kWh,EUR,,primary
nrg_pc_204_c:KWH2500-4999:EUR,NL,cost,household,,NRG_SUP,2019-01-01,2019-12-31,0.078,EUR/kWh,EUR,,primary
nrg_pc_204_c:KWH2500-4999:EUR,NL,cost,household,,NRG_SUP,2020-01-01,2020-12-31,0.0779,EUR/kWh,EUR,,primary
nrg_pc_204_c:KWH2500-4999:EUR,NL,cost,household,,NRG_SUP,2021-01-01,2021-12-31,0.0793,EUR/kWh,EUR,,primary
nrg_pc_204_c:KWH2500-4999:EUR,NL,cost,household,,NRG_SUP,2022-01-01,2022-12-31,0.2011,EUR/kWh,EUR,,primary
nrg_pc_204_c:KWH2500-4999:EUR,NL,cost,household,,NRG_SUP,2023-01-01,2023-12-31,0.2629,EUR/kWh,EUR,,primary
nrg_pc_204_c:KWH2500-4999:EUR,NL,cost,household,,NRG_SUP,2024-01-01,2024-12-31,0.1702,EUR/kWh,EUR,,primary
nrg_pc_204_c:KWH2500-4999:EUR,NL,cost,household,,NRG_SUP,2025-01-01,2025-12-31,0.1467,EUR/kWh,EUR,,primary
nrg_pc_204_c:KWH2500-4999:EUR,NL,cost,household,,OTH,2017-01-01,2017-12-31,0.0,EUR/kWh,EUR,,primary
nrg_pc_204_c:KWH2500-4999:EUR,NL,cost,household,,OTH,2018-01-01,2018-12-31,0.0,EUR/kWh,EUR,,primary
nrg_pc_204_c:KWH2500-4999:EUR,NL,cost,household,,OTH,2019-01-01,2019-12-31,0.0,EUR/kWh,EUR,,primary
nrg_pc_204_c:KWH2500-4999:EUR,NL,cost,household,,OTH,2020-01-01,2020-12-31,0.0,EUR/kWh,EUR,,primary
nrg_pc_204_c:KWH2500-4999:EUR,NL,cost,household,,OTH,2021-01-01,2021-12-31,0.0,EUR/kWh,EUR,,primary
nrg_pc_204_c:KWH2500-4999:EUR,NL,cost,household,,OTH,2022-01-01,2022-12-31,-0.0165,EUR/kWh,EUR,,primary
nrg_pc_204_c:KWH2500-4999:EUR,NL,cost,household,,OTH,2023-01-01,2023-12-31,-0.0506,EUR/kWh,EUR,,primary
nrg_pc_204_c:KWH2500-4999:EUR,NL,cost,household,,OTH,2024-01-01,2024-12-31,0.0,EUR/kWh,EUR,,primary
nrg_pc_204_c:KWH2500-4999:EUR,NL,cost,household,,OTH,2025-01-01,2025-12-31,0.0,EUR/kWh,EUR,,primary
nrg_pc_204_c:KWH2500-4999:EUR,NL,cost,household,,TAX_CAP,2017-01-01,2017-12-31,0.0,EUR/kWh,EUR,,primary
nrg_pc_204_c:KWH2500-4999:EUR,NL,cost,household,,TAX_CAP,2018-01-01,2018-12-31,0.0,EUR/kWh,EUR,,primary
nrg_pc_204_c:KWH2500-4999:EUR,NL,cost,household,,TAX_CAP,2019-01-01,2019-12-31,0.0,EUR/kWh,EUR,,primary
nrg_pc_204_c:KWH2500-4999:EUR,NL,cost,household,,TAX_CAP,2020-01-01,2020-12-31,0.0,EUR/kWh,EUR,,primary
nrg_pc_204_c:KWH2500-4999:EUR,NL,cost,household,,TAX_CAP,2021-01-01,2021-12-31,0.0,EUR/kWh,EUR,,primary
nrg_pc_204_c:KWH2500-4999:EUR,NL,cost,household,,TAX_CAP,2022-01-01,2022-12-31,0.0,EUR/kWh,EUR,,primary
nrg_pc_204_c:KWH2500-4999:EUR,NL,cost,household,,TAX_CAP,2023-01-01,2023-12-31,0.0,EUR/kWh,EUR,,primary
nrg_pc_204_c:KWH2500-4999:EUR,NL,cost,household,,TAX_CAP,2024-01-01,2024-12-31,0.0,EUR/kWh,EUR,,primary
nrg_pc_204_c:KWH2500-4999:EUR,NL,cost,household,,TAX_CAP,2025-01-01,2025-12-31,0.0,EUR/kWh,EUR,,primary
nrg_pc_204_c:KWH2500-4999:EUR,NL,cost,household,,TAX_CAP_ALLOW,2017-01-01,2017-12-31,0.0,EUR/kWh,EUR,,primary
nrg_pc_204_c:KWH2500-4999:EUR,NL,cost,household,,TAX_CAP_ALLOW,2018-01-01,2018-12-31,0.0,EUR/kWh,EUR,,primary
nrg_pc_204_c:KWH2500-4999:EUR,NL,cost,household,,TAX_CAP_ALLOW,2019-01-01,2019-12-31,0.0,EUR/kWh,EUR,,primary
nrg_pc_204_c:KWH2500-4999:EUR,NL,cost,household,,TAX_CAP_ALLOW,2020-01-01,2020-12-31,0.0,EUR/kWh,EUR,,primary
nrg_pc_204_c:KWH2500-4999:EUR,NL,cost,household,,TAX_CAP_ALLOW,2021-01-01,2021-12-31,0.0,EUR/kWh,EUR,,primary
nrg_pc_204_c:KWH2500-4999:EUR,NL,cost,household,,TAX_CAP_ALLOW,2022-01-01,2022-12-31,0.0,EUR/kWh,EUR,,primary
nrg_pc_204_c:KWH2500-4999:EUR,NL,cost,household,,TAX_CAP_ALLOW,2023-01-01,2023-12-31,0.0,EUR/kWh,EUR,,primary
nrg_pc_204_c:KWH2500-4999:EUR,NL,cost,household,,TAX_CAP_ALLOW,2024-01-01,2024-12-31,0.0,EUR/kWh,EUR,,primary
nrg_pc_204_c:KWH2500-4999:EUR,NL,cost,household,,TAX_CAP_ALLOW,2025-01-01,2025-12-31,0.0,EUR/kWh,EUR,,primary
nrg_pc_204_c:KWH2500-4999:EUR,NL,cost,household,,TAX_ENV,2017-01-01,2017-12-31,0.013,EUR/kWh,EUR,,primary
nrg_pc_204_c:KWH2500-4999:EUR,NL,cost,household,,TAX_ENV,2018-01-01,2018-12-31,0.022,EUR/kWh,EUR,,primary
nrg_pc_204_c:KWH2500-4999:EUR,NL,cost,household,,TAX_ENV,2019-01-01,2019-12-31,0.035,EUR/kWh,EUR,,primary
nrg_pc_204_c:KWH2500-4999:EUR,NL,cost,household,,TAX_ENV,2020-01-01,2020-12-31,-0.0219,EUR/kWh,EUR,,primary
nrg_pc_204_c:KWH2500-4999:EUR,NL,cost,household,,TAX_ENV,2021-01-01,2021-12-31,-0.0296,EUR/kWh,EUR,,primary
nrg_pc_204_c:KWH2500-4999:EUR,NL,cost,household,,TAX_ENV,2022-01-01,2022-12-31,-0.1725,EUR/kWh,EUR,,primary
nrg_pc_204_c:KWH2500-4999:EUR,NL,cost,household,,TAX_ENV,2023-01-01,2023-12-31,-0.0461,EUR/kWh,EUR,,primary
nrg_pc_204_c:KWH2500-4999:EUR,NL,cost,household,,TAX_ENV,2024-01-01,2024-12-31,-0.0779,EUR/kWh,EUR,,primary
nrg_pc_204_c:KWH2500-4999:EUR,NL,cost,household,,TAX_ENV,2025-01-01,2025-12-31,-0.0564,EUR/kWh,EUR,,primary
nrg_pc_204_c:KWH2500-4999:EUR,NL,cost,household,,TAX_ENV_ALLOW,2017-01-01,2017-12-31,0.104,EUR/kWh,EUR,,primary
nrg_pc_204_c:KWH2500-4999:EUR,NL,cost,household,,TAX_ENV_ALLOW,2018-01-01,2018-12-31,0.104,EUR/kWh,EUR,,primary
nrg_pc_204_c:KWH2500-4999:EUR,NL,cost,household,,TAX_ENV_ALLOW,2019-01-01,2019-12-31,0.0868,EUR/kWh,EUR,,primary
nrg_pc_204_c:KWH2500-4999:EUR,NL,cost,household,,TAX_ENV_ALLOW,2020-01-01,2020-12-31,0.1469,EUR/kWh,EUR,,primary
nrg_pc_204_c:KWH2500-4999:EUR,NL,cost,household,,TAX_ENV_ALLOW,2021-01-01,2021-12-31,0.1539,EUR/kWh,EUR,,primary
nrg_pc_204_c:KWH2500-4999:EUR,NL,cost,household,,TAX_ENV_ALLOW,2022-01-01,2022-12-31,0.2398,EUR/kWh,EUR,,primary
nrg_pc_204_c:KWH2500-4999:EUR,NL,cost,household,,TAX_ENV_ALLOW,2023-01-01,2023-12-31,0.1721,EUR/kWh,EUR,,primary
nrg_pc_204_c:KWH2500-4999:EUR,NL,cost,household,,TAX_ENV_ALLOW,2024-01-01,2024-12-31,0.1868,EUR/kWh,EUR,,primary
nrg_pc_204_c:KWH2500-4999:EUR,NL,cost,household,,TAX_ENV_ALLOW,2025-01-01,2025-12-31,0.1579,EUR/kWh,EUR,,primary
nrg_pc_204_c:KWH2500-4999:EUR,NL,cost,household,,TAX_FEE_LEV_CHRG,2017-01-01,2017-12-31,0.041,EUR/kWh,EUR,,primary
nrg_pc_204_c:KWH2500-4999:EUR,NL,cost,household,,TAX_FEE_LEV_CHRG,2018-01-01,2018-12-31,0.053,EUR/kWh,EUR,,primary
nrg_pc_204_c:KWH2500-4999:EUR,NL,cost,household,,TAX_FEE_LEV_CHRG,2019-01-01,2019-12-31,0.07,EUR/kWh,EUR,,primary
nrg_pc_204_c:KWH2500-4999:EUR,NL,cost,household,,TAX_FEE_LEV_CHRG,2020-01-01,2020-12-31,0.0023,EUR/kWh,EUR,,primary
nrg_pc_204_c:KWH2500-4999:EUR,NL,cost,household,,TAX_FEE_LEV_CHRG,2021-01-01,2021-12-31,-0.006,EUR/kWh,EUR,,primary
nrg_pc_204_c:KWH2500-4999:EUR,NL,cost,household,,TAX_FEE_LEV_CHRG,2022-01-01,2022-12-31,-0.1803,EUR/kWh,EUR,,primary
nrg_pc_204_c:KWH2500-4999:EUR,NL,cost,household,,TAX_FEE_LEV_CHRG,2023-01-01,2023-12-31,-0.0358,EUR/kWh,EUR,,primary
nrg_pc_204_c:KWH2500-4999:EUR,NL,cost,household,,TAX_FEE_LEV_CHRG,2024-01-01,2024-12-31,-0.0372,EUR/kWh,EUR,,primary
nrg_pc_204_c:KWH2500-4999:EUR,NL,cost,household,,TAX_FEE_LEV_CHRG,2025-01-01,2025-12-31,-0.0136,EUR/kWh,EUR,,primary
nrg_pc_204_c:KWH2500-4999:EUR,NL,cost,household,,TAX_FEE_LEV_CHRG_ALLOW,2017-01-01,2017-12-31,0.104,EUR/kWh,EUR,,primary
nrg_pc_204_c:KWH2500-4999:EUR,NL,cost,household,,TAX_FEE_LEV_CHRG_ALLOW,2018-01-01,2018-12-31,0.104,EUR/kWh,EUR,,primary
nrg_pc_204_c:KWH2500-4999:EUR,NL,cost,household,,TAX_FEE_LEV_CHRG_ALLOW,2019-01-01,2019-12-31,0.0868,EUR/kWh,EUR,,primary
nrg_pc_204_c:KWH2500-4999:EUR,NL,cost,household,,TAX_FEE_LEV_CHRG_ALLOW,2020-01-01,2020-12-31,0.1469,EUR/kWh,EUR,,primary
nrg_pc_204_c:KWH2500-4999:EUR,NL,cost,household,,TAX_FEE_LEV_CHRG_ALLOW,2021-01-01,2021-12-31,0.1539,EUR/kWh,EUR,,primary
nrg_pc_204_c:KWH2500-4999:EUR,NL,cost,household,,TAX_FEE_LEV_CHRG_ALLOW,2022-01-01,2022-12-31,0.2563,EUR/kWh,EUR,,primary
nrg_pc_204_c:KWH2500-4999:EUR,NL,cost,household,,TAX_FEE_LEV_CHRG_ALLOW,2023-01-01,2023-12-31,0.2227,EUR/kWh,EUR,,primary
nrg_pc_204_c:KWH2500-4999:EUR,NL,cost,household,,TAX_FEE_LEV_CHRG_ALLOW,2024-01-01,2024-12-31,0.1868,EUR/kWh,EUR,,primary
nrg_pc_204_c:KWH2500-4999:EUR,NL,cost,household,,TAX_FEE_LEV_CHRG_ALLOW,2025-01-01,2025-12-31,0.1579,EUR/kWh,EUR,,primary
nrg_pc_204_c:KWH2500-4999:EUR,NL,cost,household,,TAX_NUC,2017-01-01,2017-12-31,0.0,EUR/kWh,EUR,,primary
nrg_pc_204_c:KWH2500-4999:EUR,NL,cost,household,,TAX_NUC,2018-01-01,2018-12-31,0.0,EUR/kWh,EUR,,primary
nrg_pc_204_c:KWH2500-4999:EUR,NL,cost,household,,TAX_NUC,2019-01-01,2019-12-31,0.0,EUR/kWh,EUR,,primary
nrg_pc_204_c:KWH2500-4999:EUR,NL,cost,household,,TAX_NUC,2020-01-01,2020-12-31,0.0,EUR/kWh,EUR,,primary
nrg_pc_204_c:KWH2500-4999:EUR,NL,cost,household,,TAX_NUC,2021-01-01,2021-12-31,0.0,EUR/kWh,EUR,,primary
nrg_pc_204_c:KWH2500-4999:EUR,NL,cost,household,,TAX_NUC,2022-01-01,2022-12-31,0.0,EUR/kWh,EUR,,primary
nrg_pc_204_c:KWH2500-4999:EUR,NL,cost,household,,TAX_NUC,2023-01-01,2023-12-31,0.0,EUR/kWh,EUR,,primary
nrg_pc_204_c:KWH2500-4999:EUR,NL,cost,household,,TAX_NUC,2024-01-01,2024-12-31,0.0,EUR/kWh,EUR,,primary
nrg_pc_204_c:KWH2500-4999:EUR,NL,cost,household,,TAX_NUC,2025-01-01,2025-12-31,0.0,EUR/kWh,EUR,,primary
nrg_pc_204_c:KWH2500-4999:EUR,NL,cost,household,,TAX_NUC_ALLOW,2017-01-01,2017-12-31,0.0,EUR/kWh,EUR,,primary
nrg_pc_204_c:KWH2500-4999:EUR,NL,cost,household,,TAX_NUC_ALLOW,2018-01-01,2018-12-31,0.0,EUR/kWh,EUR,,primary
nrg_pc_204_c:KWH2500-4999:EUR,NL,cost,household,,TAX_NUC_ALLOW,2019-01-01,2019-12-31,0.0,EUR/kWh,EUR,,primary
nrg_pc_204_c:KWH2500-4999:EUR,NL,cost,household,,TAX_NUC_ALLOW,2020-01-01,2020-12-31,0.0,EUR/kWh,EUR,,primary
nrg_pc_204_c:KWH2500-4999:EUR,NL,cost,household,,TAX_NUC_ALLOW,2021-01-01,2021-12-31,0.0,EUR/kWh,EUR,,primary
nrg_pc_204_c:KWH2500-4999:EUR,NL,cost,household,,TAX_NUC_ALLOW,2022-01-01,2022-12-31,0.0,EUR/kWh,EUR,,primary
nrg_pc_204_c:KWH2500-4999:EUR,NL,cost,household,,TAX_NUC_ALLOW,2023-01-01,2023-12-31,0.0,EUR/kWh,EUR,,primary
nrg_pc_204_c:KWH2500-4999:EUR,NL,cost,household,,TAX_NUC_ALLOW,2024-01-01,2024-12-31,0.0,EUR/kWh,EUR,,primary
nrg_pc_204_c:KWH2500-4999:EUR,NL,cost,household,,TAX_NUC_ALLOW,2025-01-01,2025-12-31,0.0,EUR/kWh,EUR,,primary
nrg_pc_204_c:KWH2500-4999:EUR,NL,cost,household,,TAX_RNW,2017-01-01,2017-12-31,0.0,EUR/kWh,EUR,,primary
nrg_pc_204_c:KWH2500-4999:EUR,NL,cost,household,,TAX_RNW,2018-01-01,2018-12-31,0.0,EUR/kWh,EUR,,primary
nrg_pc_204_c:KWH2500-4999:EUR,NL,cost,household,,TAX_RNW,2019-01-01,2019-12-31,0.0,EUR/kWh,EUR,,primary
nrg_pc_204_c:KWH2500-4999:EUR,NL,cost,household,,TAX_RNW,2020-01-01,2020-12-31,0.0,EUR/kWh,EUR,,primary
nrg_pc_204_c:KWH2500-4999:EUR,NL,cost,household,,TAX_RNW,2021-01-01,2021-12-31,0.0,EUR/kWh,EUR,,primary
nrg_pc_204_c:KWH2500-4999:EUR,NL,cost,household,,TAX_RNW,2022-01-01,2022-12-31,0.0,EUR/kWh,EUR,,primary
nrg_pc_204_c:KWH2500-4999:EUR,NL,cost,household,,TAX_RNW,2023-01-01,2023-12-31,0.0,EUR/kWh,EUR,,primary
nrg_pc_204_c:KWH2500-4999:EUR,NL,cost,household,,TAX_RNW,2024-01-01,2024-12-31,0.0,EUR/kWh,EUR,,primary
nrg_pc_204_c:KWH2500-4999:EUR,NL,cost,household,,TAX_RNW,2025-01-01,2025-12-31,0.0,EUR/kWh,EUR,,primary
nrg_pc_204_c:KWH2500-4999:EUR,NL,cost,household,,TAX_RNW_ALLOW,2017-01-01,2017-12-31,0.0,EUR/kWh,EUR,,primary
nrg_pc_204_c:KWH2500-4999:EUR,NL,cost,household,,TAX_RNW_ALLOW,2018-01-01,2018-12-31,0.0,EUR/kWh,EUR,,primary
nrg_pc_204_c:KWH2500-4999:EUR,NL,cost,household,,TAX_RNW_ALLOW,2019-01-01,2019-12-31,0.0,EUR/kWh,EUR,,primary
nrg_pc_204_c:KWH2500-4999:EUR,NL,cost,household,,TAX_RNW_ALLOW,2020-01-01,2020-12-31,0.0,EUR/kWh,EUR,,primary
nrg_pc_204_c:KWH2500-4999:EUR,NL,cost,household,,TAX_RNW_ALLOW,2021-01-01,2021-12-31,0.0,EUR/kWh,EUR,,primary
nrg_pc_204_c:KWH2500-4999:EUR,NL,cost,household,,TAX_RNW_ALLOW,2022-01-01,2022-12-31,0.0,EUR/kWh,EUR,,primary
nrg_pc_204_c:KWH2500-4999:EUR,NL,cost,household,,TAX_RNW_ALLOW,2023-01-01,2023-12-31,0.0,EUR/kWh,EUR,,primary
nrg_pc_204_c:KWH2500-4999:EUR,NL,cost,household,,TAX_RNW_ALLOW,2024-01-01,2024-12-31,0.0,EUR/kWh,EUR,,primary
nrg_pc_204_c:KWH2500-4999:EUR,NL,cost,household,,TAX_RNW_ALLOW,2025-01-01,2025-12-31,0.0,EUR/kWh,EUR,,primary
nrg_pc_204_c:KWH2500-4999:EUR,NL,cost,household,,VAT,2017-01-01,2017-12-31,0.028,EUR/kWh,EUR,,primary
nrg_pc_204_c:KWH2500-4999:EUR,NL,cost,household,,VAT,2018-01-01,2018-12-31,0.031,EUR/kWh,EUR,,primary
nrg_pc_204_c:KWH2500-4999:EUR,NL,cost,household,,VAT,2019-01-01,2019-12-31,0.035,EUR/kWh,EUR,,primary
nrg_pc_204_c:KWH2500-4999:EUR,NL,cost,household,,VAT,2020-01-01,2020-12-31,0.0242,EUR/kWh,EUR,,primary
nrg_pc_204_c:KWH2500-4999:EUR,NL,cost,household,,VAT,2021-01-01,2021-12-31,0.0236,EUR/kWh,EUR,,primary
nrg_pc_204_c:KWH2500-4999:EUR,NL,cost,household,,VAT,2022-01-01,2022-12-31,0.0087,EUR/kWh,EUR,,primary
nrg_pc_204_c:KWH2500-4999:EUR,NL,cost,household,,VAT,2023-01-01,2023-12-31,0.0609,EUR/kWh,EUR,,primary
nrg_pc_204_c:KWH2500-4999:EUR,NL,cost,household,,VAT,2024-01-01,2024-12-31,0.0407,EUR/kWh,EUR,,primary
nrg_pc_204_c:KWH2500-4999:EUR,NL,cost,household,,VAT,2025-01-01,2025-12-31,0.0428,EUR/kWh,EUR,,primary
nrg_pc_204_c:KWH2500-4999:EUR,PL,cost,household,,ALLOW_OTH,2022-01-01,2022-12-31,0.0,EUR/kWh,EUR,,primary
nrg_pc_204_c:KWH2500-4999:EUR,PL,cost,household,,ALLOW_OTH,2024-01-01,2024-12-31,0.0,EUR/kWh,EUR,,primary
nrg_pc_204_c:KWH2500-4999:EUR,PL,cost,household,,ALLOW_OTH,2025-01-01,2025-12-31,0.0,EUR/kWh,EUR,,primary
nrg_pc_204_c:KWH2500-4999:EUR,PL,cost,household,,NETC,2017-01-01,2017-12-31,0.0494,EUR/kWh,EUR,,primary
nrg_pc_204_c:KWH2500-4999:EUR,PL,cost,household,,NETC,2018-01-01,2018-12-31,0.0446,EUR/kWh,EUR,,primary
nrg_pc_204_c:KWH2500-4999:EUR,PL,cost,household,,NETC,2019-01-01,2019-12-31,0.0454,EUR/kWh,EUR,,primary
nrg_pc_204_c:KWH2500-4999:EUR,PL,cost,household,,NETC,2020-01-01,2020-12-31,0.0465,EUR/kWh,EUR,,primary
nrg_pc_204_c:KWH2500-4999:EUR,PL,cost,household,,NETC,2021-01-01,2021-12-31,0.0452,EUR/kWh,EUR,,primary
nrg_pc_204_c:KWH2500-4999:EUR,PL,cost,household,,NETC,2022-01-01,2022-12-31,0.0459,EUR/kWh,EUR,,primary
nrg_pc_204_c:KWH2500-4999:EUR,PL,cost,household,,NETC,2023-01-01,2023-12-31,0.0542,EUR/kWh,EUR,,primary
nrg_pc_204_c:KWH2500-4999:EUR,PL,cost,household,,NETC,2024-01-01,2024-12-31,0.0619,EUR/kWh,EUR,,primary
nrg_pc_204_c:KWH2500-4999:EUR,PL,cost,household,,NETC,2025-01-01,2025-12-31,0.0725,EUR/kWh,EUR,,primary
nrg_pc_204_c:KWH2500-4999:EUR,PL,cost,household,,NRG_SUP,2017-01-01,2017-12-31,0.0459,EUR/kWh,EUR,,primary
nrg_pc_204_c:KWH2500-4999:EUR,PL,cost,household,,NRG_SUP,2018-01-01,2018-12-31,0.0443,EUR/kWh,EUR,,primary
nrg_pc_204_c:KWH2500-4999:EUR,PL,cost,household,,NRG_SUP,2019-01-01,2019-12-31,0.0426,EUR/kWh,EUR,,primary
nrg_pc_204_c:KWH2500-4999:EUR,PL,cost,household,,NRG_SUP,2020-01-01,2020-12-31,0.0469,EUR/kWh,EUR,,primary
nrg_pc_204_c:KWH2500-4999:EUR,PL,cost,household,,NRG_SUP,2021-01-01,2021-12-31,0.0442,EUR/kWh,EUR,,primary
nrg_pc_204_c:KWH2500-4999:EUR,PL,cost,household,,NRG_SUP,2022-01-01,2022-12-31,0.0511,EUR/kWh,EUR,,primary
nrg_pc_204_c:KWH2500-4999:EUR,PL,cost,household,,NRG_SUP,2023-01-01,2023-12-31,0.054,EUR/kWh,EUR,,primary
nrg_pc_204_c:KWH2500-4999:EUR,PL,cost,household,,NRG_SUP,2024-01-01,2024-12-31,0.0601,EUR/kWh,EUR,,primary
nrg_pc_204_c:KWH2500-4999:EUR,PL,cost,household,,NRG_SUP,2025-01-01,2025-12-31,0.0772,EUR/kWh,EUR,,primary
nrg_pc_204_c:KWH2500-4999:EUR,PL,cost,household,,OTH,2017-01-01,2017-12-31,0.0,EUR/kWh,EUR,,primary
nrg_pc_204_c:KWH2500-4999:EUR,PL,cost,household,,OTH,2018-01-01,2018-12-31,0.0,EUR/kWh,EUR,,primary
nrg_pc_204_c:KWH2500-4999:EUR,PL,cost,household,,OTH,2019-01-01,2019-12-31,0.0035,EUR/kWh,EUR,,primary
nrg_pc_204_c:KWH2500-4999:EUR,PL,cost,household,,OTH,2020-01-01,2020-12-31,0.0008,EUR/kWh,EUR,,primary
nrg_pc_204_c:KWH2500-4999:EUR,PL,cost,household,,OTH,2021-01-01,2021-12-31,0.0006,EUR/kWh,EUR,,primary
nrg_pc_204_c:KWH2500-4999:EUR,PL,cost,household,,OTH,2022-01-01,2022-12-31,0.0005,EUR/kWh,EUR,,primary
nrg_pc_204_c:KWH2500-4999:EUR,PL,cost,household,,OTH,2023-01-01,2023-12-31,0.0005,EUR/kWh,EUR,,primary
nrg_pc_204_c:KWH2500-4999:EUR,PL,cost,household,,OTH,2024-01-01,2024-12-31,0.0013,EUR/kWh,EUR,,primary
nrg_pc_204_c:KWH2500-4999:EUR,PL,cost,household,,OTH,2025-01-01,2025-12-31,0.0021,EUR/kWh,EUR,,primary
nrg_pc_204_c:KWH2500-4999:EUR,PL,cost,household,,TAX_CAP,2017-01-01,2017-12-31,0.0085,EUR/kWh,EUR,,primary
nrg_pc_204_c:KWH2500-4999:EUR,PL,cost,household,,TAX_CAP,2018-01-01,2018-12-31,0.007,EUR/kWh,EUR,,primary
nrg_pc_204_c:KWH2500-4999:EUR,PL,cost,household,,TAX_CAP,2019-01-01,2019-12-31,0.0034,EUR/kWh,EUR,,primary
nrg_pc_204_c:KWH2500-4999:EUR,PL,cost,household,,TAX_CAP,2020-01-01,2020-12-31,0.0037,EUR/kWh,EUR,,primary
nrg_pc_204_c:KWH2500-4999:EUR,PL,cost,household,,TAX_CAP,2021-01-01,2021-12-31,0.0072,EUR/kWh,EUR,,primary
nrg_pc_204_c:KWH2500-4999:EUR,PL,cost,household,,TAX_CAP,2022-01-01,2022-12-31,0.0082,EUR/kWh,EUR,,primary
nrg_pc_204_c:KWH2500-4999:EUR,PL,cost,household,,TAX_CAP,2023-01-01,2023-12-31,0.0094,EUR/kWh,EUR,,primary
nrg_pc_204_c:KWH2500-4999:EUR,PL,cost,household,,TAX_CAP,2024-01-01,2024-12-31,0.0108,EUR/kWh,EUR,,primary
nrg_pc_204_c:KWH2500-4999:EUR,PL,cost,household,,TAX_CAP,2025-01-01,2025-12-31,0.0136,EUR/kWh,EUR,,primary
nrg_pc_204_c:KWH2500-4999:EUR,PL,cost,household,,TAX_CAP_ALLOW,2022-01-01,2022-12-31,0.0,EUR/kWh,EUR,,primary
nrg_pc_204_c:KWH2500-4999:EUR,PL,cost,household,,TAX_CAP_ALLOW,2024-01-01,2024-12-31,0.0,EUR/kWh,EUR,,primary
nrg_pc_204_c:KWH2500-4999:EUR,PL,cost,household,,TAX_CAP_ALLOW,2025-01-01,2025-12-31,0.0,EUR/kWh,EUR,,primary
nrg_pc_204_c:KWH2500-4999:EUR,PL,cost,household,,TAX_ENV,2017-01-01,2017-12-31,0.0089,EUR/kWh,EUR,e,primary
nrg_pc_204_c:KWH2500-4999:EUR,PL,cost,household,,TAX_ENV,2018-01-01,2018-12-31,0.0108,EUR/kWh,EUR,,primary
nrg_pc_204_c:KWH2500-4999:EUR,PL,cost,household,,TAX_ENV,2019-01-01,2019-12-31,0.0096,EUR/kWh,EUR,,primary
nrg_pc_204_c:KWH2500-4999:EUR,PL,cost,household,,TAX_ENV,2020-01-01,2020-12-31,0.0165,EUR/kWh,EUR,,primary
nrg_pc_204_c:KWH2500-4999:EUR,PL,cost,household,,TAX_ENV,2021-01-01,2021-12-31,0.0218,EUR/kWh,EUR,,primary
nrg_pc_204_c:KWH2500-4999:EUR,PL,cost,household,,TAX_ENV,2022-01-01,2022-12-31,0.0336,EUR/kWh,EUR,,primary
nrg_pc_204_c:KWH2500-4999:EUR,PL,cost,household,,TAX_ENV,2023-01-01,2023-12-31,0.0457,EUR/kWh,EUR,,primary
nrg_pc_204_c:KWH2500-4999:EUR,PL,cost,household,,TAX_ENV,2024-01-01,2024-12-31,0.0493,EUR/kWh,EUR,,primary
nrg_pc_204_c:KWH2500-4999:EUR,PL,cost,household,,TAX_ENV,2025-01-01,2025-12-31,0.0451,EUR/kWh,EUR,,primary
nrg_pc_204_c:KWH2500-4999:EUR,PL,cost,household,,TAX_ENV_ALLOW,2022-01-01,2022-12-31,0.0,EUR/kWh,EUR,,primary
nrg_pc_204_c:KWH2500-4999:EUR,PL,cost,household,,TAX_ENV_ALLOW,2024-01-01,2024-12-31,0.0,EUR/kWh,EUR,,primary
nrg_pc_204_c:KWH2500-4999:EUR,PL,cost,household,,TAX_ENV_ALLOW,2025-01-01,2025-12-31,0.0,EUR/kWh,EUR,,primary
nrg_pc_204_c:KWH2500-4999:EUR,PL,cost,household,,TAX_FEE_LEV_CHRG,2017-01-01,2017-12-31,0.0499,EUR/kWh,EUR,,primary
nrg_pc_204_c:KWH2500-4999:EUR,PL,cost,household,,TAX_FEE_LEV_CHRG,2018-01-01,2018-12-31,0.0501,EUR/kWh,EUR,,primary
nrg_pc_204_c:KWH2500-4999:EUR,PL,cost,household,,TAX_FEE_LEV_CHRG,2019-01-01,2019-12-31,0.0477,EUR/kWh,EUR,,primary
nrg_pc_204_c:KWH2500-4999:EUR,PL,cost,household,,TAX_FEE_LEV_CHRG,2020-01-01,2020-12-31,0.0554,EUR/kWh,EUR,,primary
nrg_pc_204_c:KWH2500-4999:EUR,PL,cost,household,,TAX_FEE_LEV_CHRG,2021-01-01,2021-12-31,0.0658,EUR/kWh,EUR,,primary
nrg_pc_204_c:KWH2500-4999:EUR,PL,cost,household,,TAX_FEE_LEV_CHRG,2022-01-01,2022-12-31,0.059,EUR/kWh,EUR,,primary
nrg_pc_204_c:KWH2500-4999:EUR,PL,cost,household,,TAX_FEE_LEV_CHRG,2023-01-01,2023-12-31,0.1008,EUR/kWh,EUR,,primary
nrg_pc_204_c:KWH2500-4999:EUR,PL,cost,household,,TAX_FEE_LEV_CHRG,2024-01-01,2024-12-31,0.1075,EUR/kWh,EUR,,primary
nrg_pc_204_c:KWH2500-4999:EUR,PL,cost,household,,TAX_FEE_LEV_CHRG,2025-01-01,2025-12-31,0.1129,EUR/kWh,EUR,,primary
nrg_pc_204_c:KWH2500-4999:EUR,PL,cost,household,,TAX_FEE_LEV_CHRG_ALLOW,2024-01-01,2024-12-31,0.0,EUR/kWh,EUR,,primary
nrg_pc_204_c:KWH2500-4999:EUR,PL,cost,household,,TAX_FEE_LEV_CHRG_ALLOW,2025-01-01,2025-12-31,0.0,EUR/kWh,EUR,,primary
nrg_pc_204_c:KWH2500-4999:EUR,PL,cost,household,,TAX_NUC,2017-01-01,2017-12-31,0.0,EUR/kWh,EUR,,primary
nrg_pc_204_c:KWH2500-4999:EUR,PL,cost,household,,TAX_NUC,2018-01-01,2018-12-31,0.0,EUR/kWh,EUR,,primary
nrg_pc_204_c:KWH2500-4999:EUR,PL,cost,household,,TAX_NUC,2019-01-01,2019-12-31,0.0,EUR/kWh,EUR,,primary
nrg_pc_204_c:KWH2500-4999:EUR,PL,cost,household,,TAX_NUC,2020-01-01,2020-12-31,0.0,EUR/kWh,EUR,,primary
nrg_pc_204_c:KWH2500-4999:EUR,PL,cost,household,,TAX_NUC,2021-01-01,2021-12-31,0.0,EUR/kWh,EUR,,primary
nrg_pc_204_c:KWH2500-4999:EUR,PL,cost,household,,TAX_NUC,2022-01-01,2022-12-31,0.0,EUR/kWh,EUR,,primary
nrg_pc_204_c:KWH2500-4999:EUR,PL,cost,household,,TAX_NUC,2024-01-01,2024-12-31,0.0,EUR/kWh,EUR,,primary
nrg_pc_204_c:KWH2500-4999:EUR,PL,cost,household,,TAX_NUC,2025-01-01,2025-12-31,0.0,EUR/kWh,EUR,,primary
nrg_pc_204_c:KWH2500-4999:EUR,PL,cost,household,,TAX_NUC_ALLOW,2022-01-01,2022-12-31,0.0,EUR/kWh,EUR,,primary
nrg_pc_204_c:KWH2500-4999:EUR,PL,cost,household,,TAX_NUC_ALLOW,2024-01-01,2024-12-31,0.0,EUR/kWh,EUR,,primary
nrg_pc_204_c:KWH2500-4999:EUR,PL,cost,household,,TAX_NUC_ALLOW,2025-01-01,2025-12-31,0.0,EUR/kWh,EUR,,primary
nrg_pc_204_c:KWH2500-4999:EUR,PL,cost,household,,TAX_RNW,2017-01-01,2017-12-31,0.0054,EUR/kWh,EUR,,primary
nrg_pc_204_c:KWH2500-4999:EUR,PL,cost,household,,TAX_RNW,2018-01-01,2018-12-31,0.0063,EUR/kWh,EUR,,primary
nrg_pc_204_c:KWH2500-4999:EUR,PL,cost,household,,TAX_RNW,2019-01-01,2019-12-31,0.0058,EUR/kWh,EUR,,primary
nrg_pc_204_c:KWH2500-4999:EUR,PL,cost,household,,TAX_RNW,2020-01-01,2020-12-31,0.0066,EUR/kWh,EUR,,primary
nrg_pc_204_c:KWH2500-4999:EUR,PL,cost,household,,TAX_RNW,2021-01-01,2021-12-31,0.0072,EUR/kWh,EUR,,primary
nrg_pc_204_c:KWH2500-4999:EUR,PL,cost,household,,TAX_RNW,2022-01-01,2022-12-31,0.0079,EUR/kWh,EUR,,primary
nrg_pc_204_c:KWH2500-4999:EUR,PL,cost,household,,TAX_RNW,2023-01-01,2023-12-31,0.0062,EUR/kWh,EUR,,primary
nrg_pc_204_c:KWH2500-4999:EUR,PL,cost,household,,TAX_RNW,2024-01-01,2024-12-31,0.0033,EUR/kWh,EUR,,primary
nrg_pc_204_c:KWH2500-4999:EUR,PL,cost,household,,TAX_RNW,2025-01-01,2025-12-31,0.003,EUR/kWh,EUR,,primary
nrg_pc_204_c:KWH2500-4999:EUR,PL,cost,household,,TAX_RNW_ALLOW,2022-01-01,2022-12-31,0.0,EUR/kWh,EUR,,primary
nrg_pc_204_c:KWH2500-4999:EUR,PL,cost,household,,TAX_RNW_ALLOW,2024-01-01,2024-12-31,0.0,EUR/kWh,EUR,,primary
nrg_pc_204_c:KWH2500-4999:EUR,PL,cost,household,,TAX_RNW_ALLOW,2025-01-01,2025-12-31,0.0,EUR/kWh,EUR,,primary
nrg_pc_204_c:KWH2500-4999:EUR,PL,cost,household,,VAT,2017-01-01,2017-12-31,0.0272,EUR/kWh,EUR,,primary
nrg_pc_204_c:KWH2500-4999:EUR,PL,cost,household,,VAT,2018-01-01,2018-12-31,0.026,EUR/kWh,EUR,,primary
nrg_pc_204_c:KWH2500-4999:EUR,PL,cost,household,,VAT,2019-01-01,2019-12-31,0.0254,EUR/kWh,EUR,,primary
nrg_pc_204_c:KWH2500-4999:EUR,PL,cost,household,,VAT,2020-01-01,2020-12-31,0.0278,EUR/kWh,EUR,,primary
nrg_pc_204_c:KWH2500-4999:EUR,PL,cost,household,,VAT,2021-01-01,2021-12-31,0.029,EUR/kWh,EUR,,primary
nrg_pc_204_c:KWH2500-4999:EUR,PL,cost,household,,VAT,2022-01-01,2022-12-31,0.0088,EUR/kWh,EUR,,primary
nrg_pc_204_c:KWH2500-4999:EUR,PL,cost,household,,VAT,2023-01-01,2023-12-31,0.0391,EUR/kWh,EUR,,primary
nrg_pc_204_c:KWH2500-4999:EUR,PL,cost,household,,VAT,2024-01-01,2024-12-31,0.0429,EUR/kWh,EUR,,primary
nrg_pc_204_c:KWH2500-4999:EUR,PL,cost,household,,VAT,2025-01-01,2025-12-31,0.0491,EUR/kWh,EUR,,primary
nrg_pc_204_c:KWH2500-4999:EUR,PT,cost,household,,ALLOW_OTH,2024-01-01,2024-12-31,0.0,EUR/kWh,EUR,,primary
nrg_pc_204_c:KWH2500-4999:EUR,PT,cost,household,,ALLOW_OTH,2025-01-01,2025-12-31,0.0,EUR/kWh,EUR,,primary
nrg_pc_204_c:KWH2500-4999:EUR,PT,cost,household,,NETC,2017-01-01,2017-12-31,0.0519,EUR/kWh,EUR,,primary
nrg_pc_204_c:KWH2500-4999:EUR,PT,cost,household,,NETC,2018-01-01,2018-12-31,0.0493,EUR/kWh,EUR,,primary
nrg_pc_204_c:KWH2500-4999:EUR,PT,cost,household,,NETC,2019-01-01,2019-12-31,0.0479,EUR/kWh,EUR,,primary
nrg_pc_204_c:KWH2500-4999:EUR,PT,cost,household,,NETC,2020-01-01,2020-12-31,0.0436,EUR/kWh,EUR,,primary
nrg_pc_204_c:KWH2500-4999:EUR,PT,cost,household,,NETC,2021-01-01,2021-12-31,0.0421,EUR/kWh,EUR,,primary
nrg_pc_204_c:KWH2500-4999:EUR,PT,cost,household,,NETC,2022-01-01,2022-12-31,0.0545,EUR/kWh,EUR,,primary
nrg_pc_204_c:KWH2500-4999:EUR,PT,cost,household,,NETC,2023-01-01,2023-12-31,0.0537,EUR/kWh,EUR,,primary
nrg_pc_204_c:KWH2500-4999:EUR,PT,cost,household,,NETC,2024-01-01,2024-12-31,0.0424,EUR/kWh,EUR,,primary
nrg_pc_204_c:KWH2500-4999:EUR,PT,cost,household,,NETC,2025-01-01,2025-12-31,0.0426,EUR/kWh,EUR,,primary
nrg_pc_204_c:KWH2500-4999:EUR,PT,cost,household,,NRG_SUP,2017-01-01,2017-12-31,0.0561,EUR/kWh,EUR,,primary
nrg_pc_204_c:KWH2500-4999:EUR,PT,cost,household,,NRG_SUP,2018-01-01,2018-12-31,0.0525,EUR/kWh,EUR,,primary
nrg_pc_204_c:KWH2500-4999:EUR,PT,cost,household,,NRG_SUP,2019-01-01,2019-12-31,0.0713,EUR/kWh,EUR,,primary
nrg_pc_204_c:KWH2500-4999:EUR,PT,cost,household,,NRG_SUP,2020-01-01,2020-12-31,0.0702,EUR/kWh,EUR,,primary
nrg_pc_204_c:KWH2500-4999:EUR,PT,cost,household,,NRG_SUP,2021-01-01,2021-12-31,0.0726,EUR/kWh,EUR,,primary
nrg_pc_204_c:KWH2500-4999:EUR,PT,cost,household,,NRG_SUP,2022-01-01,2022-12-31,0.1313,EUR/kWh,EUR,,primary
nrg_pc_204_c:KWH2500-4999:EUR,PT,cost,household,,NRG_SUP,2023-01-01,2023-12-31,0.2005,EUR/kWh,EUR,,primary
nrg_pc_204_c:KWH2500-4999:EUR,PT,cost,household,,NRG_SUP,2024-01-01,2024-12-31,0.1347,EUR/kWh,EUR,,primary
nrg_pc_204_c:KWH2500-4999:EUR,PT,cost,household,,NRG_SUP,2025-01-01,2025-12-31,0.118,EUR/kWh,EUR,,primary
nrg_pc_204_c:KWH2500-4999:EUR,PT,cost,household,,OTH,2017-01-01,2017-12-31,0.0136,EUR/kWh,EUR,,primary
nrg_pc_204_c:KWH2500-4999:EUR,PT,cost,household,,OTH,2018-01-01,2018-12-31,0.013,EUR/kWh,EUR,,primary
nrg_pc_204_c:KWH2500-4999:EUR,PT,cost,household,,OTH,2019-01-01,2019-12-31,0.0118,EUR/kWh,EUR,,primary
nrg_pc_204_c:KWH2500-4999:EUR,PT,cost,household,,OTH,2020-01-01,2020-12-31,0.0072,EUR/kWh,EUR,,primary
nrg_pc_204_c:KWH2500-4999:EUR,PT,cost,household,,OTH,2021-01-01,2021-12-31,0.0056,EUR/kWh,EUR,,primary
nrg_pc_204_c:KWH2500-4999:EUR,PT,cost,household,,OTH,2022-01-01,2022-12-31,0.0082,EUR/kWh,EUR,,primary
nrg_pc_204_c:KWH2500-4999:EUR,PT,cost,household,,OTH,2023-01-01,2023-12-31,0.0206,EUR/kWh,EUR,,primary
nrg_pc_204_c:KWH2500-4999:EUR,PT,cost,household,,OTH,2024-01-01,2024-12-31,0.0125,EUR/kWh,EUR,,primary
nrg_pc_204_c:KWH2500-4999:EUR,PT,cost,household,,OTH,2025-01-01,2025-12-31,0.0141,EUR/kWh,EUR,,primary
nrg_pc_204_c:KWH2500-4999:EUR,PT,cost,household,,TAX_CAP,2017-01-01,2017-12-31,0.0114,EUR/kWh,EUR,,primary
nrg_pc_204_c:KWH2500-4999:EUR,PT,cost,household,,TAX_CAP,2018-01-01,2018-12-31,0.0123,EUR/kWh,EUR,,primary
nrg_pc_204_c:KWH2500-4999:EUR,PT,cost,household,,TAX_CAP,2019-01-01,2019-12-31,0.0023,EUR/kWh,EUR,,primary
nrg_pc_204_c:KWH2500-4999:EUR,PT,cost,household,,TAX_CAP,2020-01-01,2020-12-31,-0.002,EUR/kWh,EUR,,primary
nrg_pc_204_c:KWH2500-4999:EUR,PT,cost,household,,TAX_CAP,2021-01-01,2021-12-31,-0.0025,EUR/kWh,EUR,,primary
nrg_pc_204_c:KWH2500-4999:EUR,PT,cost,household,,TAX_CAP,2022-01-01,2022-12-31,0.0039,EUR/kWh,EUR,,primary
nrg_pc_204_c:KWH2500-4999:EUR,PT,cost,household,,TAX_CAP,2023-01-01,2023-12-31,-0.0025,EUR/kWh,EUR,,primary
nrg_pc_204_c:KWH2500-4999:EUR,PT,cost,household,,TAX_CAP,2024-01-01,2024-12-31,0.0056,EUR/kWh,EUR,,primary
nrg_pc_204_c:KWH2500-4999:EUR,PT,cost,household,,TAX_CAP,2025-01-01,2025-12-31,0.003,EUR/kWh,EUR,,primary
nrg_pc_204_c:KWH2500-4999:EUR,PT,cost,household,,TAX_CAP_ALLOW,2024-01-01,2024-12-31,0.0,EUR/kWh,EUR,,primary
nrg_pc_204_c:KWH2500-4999:EUR,PT,cost,household,,TAX_CAP_ALLOW,2025-01-01,2025-12-31,0.0,EUR/kWh,EUR,,primary
nrg_pc_204_c:KWH2500-4999:EUR,PT,cost,household,,TAX_ENV,2017-01-01,2017-12-31,0.0,EUR/kWh,EUR,,primary
nrg_pc_204_c:KWH2500-4999:EUR,PT,cost,household,,TAX_ENV,2018-01-01,2018-12-31,0.001,EUR/kWh,EUR,,primary
nrg_pc_204_c:KWH2500-4999:EUR,PT,cost,household,,TAX_ENV,2019-01-01,2019-12-31,0.001,EUR/kWh,EUR,,primary
nrg_pc_204_c:KWH2500-4999:EUR,PT,cost,household,,TAX_ENV,2020-01-01,2020-12-31,0.001,EUR/kWh,EUR,,primary
nrg_pc_204_c:KWH2500-4999:EUR,PT,cost,household,,TAX_ENV,2021-01-01,2021-12-31,0.001,EUR/kWh,EUR,,primary
nrg_pc_204_c:KWH2500-4999:EUR,PT,cost,household,,TAX_ENV,2022-01-01,2022-12-31,0.001,EUR/kWh,EUR,,primary
nrg_pc_204_c:KWH2500-4999:EUR,PT,cost,household,,TAX_ENV,2023-01-01,2023-12-31,0.0011,EUR/kWh,EUR,,primary
nrg_pc_204_c:KWH2500-4999:EUR,PT,cost,household,,TAX_ENV,2024-01-01,2024-12-31,0.001,EUR/kWh,EUR,,primary
nrg_pc_204_c:KWH2500-4999:EUR,PT,cost,household,,TAX_ENV,2025-01-01,2025-12-31,0.001,EUR/kWh,EUR,,primary
nrg_pc_204_c:KWH2500-4999:EUR,PT,cost,household,,TAX_ENV_ALLOW,2024-01-01,2024-12-31,0.0,EUR/kWh,EUR,,primary
nrg_pc_204_c:KWH2500-4999:EUR,PT,cost,household,,TAX_ENV_ALLOW,2025-01-01,2025-12-31,0.0,EUR/kWh,EUR,,primary
nrg_pc_204_c:KWH2500-4999:EUR,PT,cost,household,,TAX_FEE_LEV_CHRG,2017-01-01,2017-12-31,0.1151,EUR/kWh,EUR,,primary
nrg_pc_204_c:KWH2500-4999:EUR,PT,cost,household,,TAX_FEE_LEV_CHRG,2018-01-01,2018-12-31,0.1252,EUR/kWh,EUR,,primary
nrg_pc_204_c:KWH2500-4999:EUR,PT,cost,household,,TAX_FEE_LEV_CHRG,2019-01-01,2019-12-31,0.0973,EUR/kWh,EUR,,primary
nrg_pc_204_c:KWH2500-4999:EUR,PT,cost,household,,TAX_FEE_LEV_CHRG,2020-01-01,2020-12-31,0.0988,EUR/kWh,EUR,,primary
nrg_pc_204_c:KWH2500-4999:EUR,PT,cost,household,,TAX_FEE_LEV_CHRG,2021-01-01,2021-12-31,0.0982,EUR/kWh,EUR,,primary
nrg_pc_204_c:KWH2500-4999:EUR,PT,cost,household,,TAX_FEE_LEV_CHRG,2022-01-01,2022-12-31,0.0352,EUR/kWh,EUR,,primary
nrg_pc_204_c:KWH2500-4999:EUR,PT,cost,household,,TAX_FEE_LEV_CHRG,2023-01-01,2023-12-31,-0.0362,EUR/kWh,EUR,,primary
nrg_pc_204_c:KWH2500-4999:EUR,PT,cost,household,,TAX_FEE_LEV_CHRG,2024-01-01,2024-12-31,0.0753,EUR/kWh,EUR,,primary
nrg_pc_204_c:KWH2500-4999:EUR,PT,cost,household,,TAX_FEE_LEV_CHRG,2025-01-01,2025-12-31,0.0804,EUR/kWh,EUR,,primary
nrg_pc_204_c:KWH2500-4999:EUR,PT,cost,household,,TAX_FEE_LEV_CHRG_ALLOW,2024-01-01,2024-12-31,0.0,EUR/kWh,EUR,,primary
nrg_pc_204_c:KWH2500-4999:EUR,PT,cost,household,,TAX_FEE_LEV_CHRG_ALLOW,2025-01-01,2025-12-31,0.0,EUR/kWh,EUR,,primary
nrg_pc_204_c:KWH2500-4999:EUR,PT,cost,household,,TAX_NUC,2017-01-01,2017-12-31,0.0,EUR/kWh,EUR,,primary
nrg_pc_204_c:KWH2500-4999:EUR,PT,cost,household,,TAX_NUC,2018-01-01,2018-12-31,0.0,EUR/kWh,EUR,,primary
nrg_pc_204_c:KWH2500-4999:EUR,PT,cost,household,,TAX_NUC,2019-01-01,2019-12-31,0.0,EUR/kWh,EUR,,primary
nrg_pc_204_c:KWH2500-4999:EUR,PT,cost,household,,TAX_NUC,2020-01-01,2020-12-31,0.0,EUR/kWh,EUR,,primary
nrg_pc_204_c:KWH2500-4999:EUR,PT,cost,household,,TAX_NUC,2021-01-01,2021-12-31,0.0,EUR/kWh,EUR,,primary
nrg_pc_204_c:KWH2500-4999:EUR,PT,cost,household,,TAX_NUC,2022-01-01,2022-12-31,0.0,EUR/kWh,EUR,,primary
nrg_pc_204_c:KWH2500-4999:EUR,PT,cost,household,,TAX_NUC,2023-01-01,2023-12-31,0.0,EUR/kWh,EUR,,primary
nrg_pc_204_c:KWH2500-4999:EUR,PT,cost,household,,TAX_NUC,2024-01-01,2024-12-31,0.0,EUR/kWh,EUR,,primary
nrg_pc_204_c:KWH2500-4999:EUR,PT,cost,household,,TAX_NUC,2025-01-01,2025-12-31,0.0,EUR/kWh,EUR,,primary
nrg_pc_204_c:KWH2500-4999:EUR,PT,cost,household,,TAX_NUC_ALLOW,2024-01-01,2024-12-31,0.0,EUR/kWh,EUR,,primary
nrg_pc_204_c:KWH2500-4999:EUR,PT,cost,household,,TAX_NUC_ALLOW,2025-01-01,2025-12-31,0.0,EUR/kWh,EUR,,primary
nrg_pc_204_c:KWH2500-4999:EUR,PT,cost,household,,TAX_RNW,2017-01-01,2017-12-31,0.0483,EUR/kWh,EUR,,primary
nrg_pc_204_c:KWH2500-4999:EUR,PT,cost,household,,TAX_RNW,2018-01-01,2018-12-31,0.0565,EUR/kWh,EUR,,primary
nrg_pc_204_c:KWH2500-4999:EUR,PT,cost,household,,TAX_RNW,2019-01-01,2019-12-31,0.0419,EUR/kWh,EUR,,primary
nrg_pc_204_c:KWH2500-4999:EUR,PT,cost,household,,TAX_RNW,2020-01-01,2020-12-31,0.0536,EUR/kWh,EUR,,primary
nrg_pc_204_c:KWH2500-4999:EUR,PT,cost,household,,TAX_RNW,2021-01-01,2021-12-31,0.0582,EUR/kWh,EUR,,primary
nrg_pc_204_c:KWH2500-4999:EUR,PT,cost,household,,TAX_RNW,2022-01-01,2022-12-31,-0.0144,EUR/kWh,EUR,,primary
nrg_pc_204_c:KWH2500-4999:EUR,PT,cost,household,,TAX_RNW,2023-01-01,2023-12-31,-0.0898,EUR/kWh,EUR,,primary
nrg_pc_204_c:KWH2500-4999:EUR,PT,cost,household,,TAX_RNW,2024-01-01,2024-12-31,0.0173,EUR/kWh,EUR,,primary
nrg_pc_204_c:KWH2500-4999:EUR,PT,cost,household,,TAX_RNW,2025-01-01,2025-12-31,0.0306,EUR/kWh,EUR,,primary
nrg_pc_204_c:KWH2500-4999:EUR,PT,cost,household,,TAX_RNW_ALLOW,2024-01-01,2024-12-31,0.0,EUR/kWh,EUR,,primary
nrg_pc_204_c:KWH2500-4999:EUR,PT,cost,household,,TAX_RNW_ALLOW,2025-01-01,2025-12-31,0.0,EUR/kWh,EUR,,primary
nrg_pc_204_c:KWH2500-4999:EUR,PT,cost,household,,VAT,2017-01-01,2017-12-31,0.0417,EUR/kWh,EUR,,primary
nrg_pc_204_c:KWH2500-4999:EUR,PT,cost,household,,VAT,2018-01-01,2018-12-31,0.0424,EUR/kWh,EUR,,primary
nrg_pc_204_c:KWH2500-4999:EUR,PT,cost,household,,VAT,2019-01-01,2019-12-31,0.0403,EUR/kWh,EUR,,primary
nrg_pc_204_c:KWH2500-4999:EUR,PT,cost,household,,VAT,2020-01-01,2020-12-31,0.039,EUR/kWh,EUR,,primary
nrg_pc_204_c:KWH2500-4999:EUR,PT,cost,household,,VAT,2021-01-01,2021-12-31,0.0359,EUR/kWh,EUR,,primary
nrg_pc_204_c:KWH2500-4999:EUR,PT,cost,household,,VAT,2022-01-01,2022-12-31,0.0365,EUR/kWh,EUR,,primary
nrg_pc_204_c:KWH2500-4999:EUR,PT,cost,household,,VAT,2023-01-01,2023-12-31,0.0343,EUR/kWh,EUR,,primary
nrg_pc_204_c:KWH2500-4999:EUR,PT,cost,household,,VAT,2024-01-01,2024-12-31,0.039,EUR/kWh,EUR,,primary
nrg_pc_204_c:KWH2500-4999:EUR,PT,cost,household,,VAT,2025-01-01,2025-12-31,0.0317,EUR/kWh,EUR,,primary
nrg_pc_204_c:KWH2500-4999:EUR,RO,cost,household,,ALLOW_OTH,2024-01-01,2024-12-31,0.0,EUR/kWh,EUR,,primary
nrg_pc_204_c:KWH2500-4999:EUR,RO,cost,household,,ALLOW_OTH,2025-01-01,2025-12-31,0.0,EUR/kWh,EUR,,primary
nrg_pc_204_c:KWH2500-4999:EUR,RO,cost,household,,NETC,2017-01-01,2017-12-31,0.0416,EUR/kWh,EUR,,primary
nrg_pc_204_c:KWH2500-4999:EUR,RO,cost,household,,NETC,2018-01-01,2018-12-31,0.0409,EUR/kWh,EUR,,primary
nrg_pc_204_c:KWH2500-4999:EUR,RO,cost,household,,NETC,2019-01-01,2019-12-31,0.0418,EUR/kWh,EUR,,primary
nrg_pc_204_c:KWH2500-4999:EUR,RO,cost,household,,NETC,2020-01-01,2020-12-31,0.0426,EUR/kWh,EUR,,primary
nrg_pc_204_c:KWH2500-4999:EUR,RO,cost,household,,NETC,2021-01-01,2021-12-31,0.0426,EUR/kWh,EUR,,primary
nrg_pc_204_c:KWH2500-4999:EUR,RO,cost,household,,NETC,2022-01-01,2022-12-31,0.0517,EUR/kWh,EUR,d,primary
nrg_pc_204_c:KWH2500-4999:EUR,RO,cost,household,,NETC,2023-01-01,2023-12-31,0.0613,EUR/kWh,EUR,,primary
nrg_pc_204_c:KWH2500-4999:EUR,RO,cost,household,,NETC,2024-01-01,2024-12-31,0.0657,EUR/kWh,EUR,,primary
nrg_pc_204_c:KWH2500-4999:EUR,RO,cost,household,,NETC,2025-01-01,2025-12-31,0.0738,EUR/kWh,EUR,,primary
nrg_pc_204_c:KWH2500-4999:EUR,RO,cost,household,,NRG_SUP,2017-01-01,2017-12-31,0.0485,EUR/kWh,EUR,,primary
nrg_pc_204_c:KWH2500-4999:EUR,RO,cost,household,,NRG_SUP,2018-01-01,2018-12-31,0.0569,EUR/kWh,EUR,,primary
nrg_pc_204_c:KWH2500-4999:EUR,RO,cost,household,,NRG_SUP,2019-01-01,2019-12-31,0.0586,EUR/kWh,EUR,,primary
nrg_pc_204_c:KWH2500-4999:EUR,RO,cost,household,,NRG_SUP,2020-01-01,2020-12-31,0.0612,EUR/kWh,EUR,,primary
nrg_pc_204_c:KWH2500-4999:EUR,RO,cost,household,,NRG_SUP,2021-01-01,2021-12-31,0.071,EUR/kWh,EUR,,primary
nrg_pc_204_c:KWH2500-4999:EUR,RO,cost,household,,NRG_SUP,2022-01-01,2022-12-31,0.1715,EUR/kWh,EUR,d,primary
nrg_pc_204_c:KWH2500-4999:EUR,RO,cost,household,,NRG_SUP,2023-01-01,2023-12-31,0.0821,EUR/kWh,EUR,,primary
nrg_pc_204_c:KWH2500-4999:EUR,RO,cost,household,,NRG_SUP,2024-01-01,2024-12-31,0.0735,EUR/kWh,EUR,,primary
nrg_pc_204_c:KWH2500-4999:EUR,RO,cost,household,,NRG_SUP,2025-01-01,2025-12-31,0.1086,EUR/kWh,EUR,,primary
nrg_pc_204_c:KWH2500-4999:EUR,RO,cost,household,,OTH,2017-01-01,2017-12-31,0.0,EUR/kWh,EUR,,primary
nrg_pc_204_c:KWH2500-4999:EUR,RO,cost,household,,OTH,2018-01-01,2018-12-31,0.0,EUR/kWh,EUR,,primary
nrg_pc_204_c:KWH2500-4999:EUR,RO,cost,household,,OTH,2019-01-01,2019-12-31,0.0,EUR/kWh,EUR,,primary
nrg_pc_204_c:KWH2500-4999:EUR,RO,cost,household,,OTH,2020-01-01,2020-12-31,0.0,EUR/kWh,EUR,,primary
nrg_pc_204_c:KWH2500-4999:EUR,RO,cost,household,,OTH,2024-01-01,2024-12-31,0.0,EUR/kWh,EUR,,primary
nrg_pc_204_c:KWH2500-4999:EUR,RO,cost,household,,OTH,2025-01-01,2025-12-31,0.0,EUR/kWh,EUR,,primary
nrg_pc_204_c:KWH2500-4999:EUR,RO,cost,household,,TAX_CAP,2017-01-01,2017-12-31,0.0,EUR/kWh,EUR,,primary
nrg_pc_204_c:KWH2500-4999:EUR,RO,cost,household,,TAX_CAP,2018-01-01,2018-12-31,0.0,EUR/kWh,EUR,,primary
nrg_pc_204_c:KWH2500-4999:EUR,RO,cost,household,,TAX_CAP,2019-01-01,2019-12-31,0.0,EUR/kWh,EUR,,primary
nrg_pc_204_c:KWH2500-4999:EUR,RO,cost,household,,TAX_CAP,2020-01-01,2020-12-31,0.0,EUR/kWh,EUR,,primary
nrg_pc_204_c:KWH2500-4999:EUR,RO,cost,household,,TAX_CAP,2024-01-01,2024-12-31,0.0,EUR/kWh,EUR,,primary
nrg_pc_204_c:KWH2500-4999:EUR,RO,cost,household,,TAX_CAP,2025-01-01,2025-12-31,0.0,EUR/kWh,EUR,,primary
nrg_pc_204_c:KWH2500-4999:EUR,RO,cost,household,,TAX_CAP_ALLOW,2024-01-01,2024-12-31,0.0,EUR/kWh,EUR,,primary
nrg_pc_204_c:KWH2500-4999:EUR,RO,cost,household,,TAX_CAP_ALLOW,2025-01-01,2025-12-31,0.0,EUR/kWh,EUR,,primary
nrg_pc_204_c:KWH2500-4999:EUR,RO,cost,household,,TAX_ENV,2017-01-01,2017-12-31,0.001,EUR/kWh,EUR,,primary
nrg_pc_204_c:KWH2500-4999:EUR,RO,cost,household,,TAX_ENV,2018-01-01,2018-12-31,0.001,EUR/kWh,EUR,,primary
nrg_pc_204_c:KWH2500-4999:EUR,RO,cost,household,,TAX_ENV,2019-01-01,2019-12-31,0.001,EUR/kWh,EUR,,primary
nrg_pc_204_c:KWH2500-4999:EUR,RO,cost,household,,TAX_ENV,2020-01-01,2020-12-31,0.001,EUR/kWh,EUR,,primary
nrg_pc_204_c:KWH2500-4999:EUR,RO,cost,household,,TAX_ENV,2021-01-01,2021-12-31,0.0011,EUR/kWh,EUR,,primary
nrg_pc_204_c:KWH2500-4999:EUR,RO,cost,household,,TAX_ENV,2022-01-01,2022-12-31,0.0011,EUR/kWh,EUR,d,primary
nrg_pc_204_c:KWH2500-4999:EUR,RO,cost,household,,TAX_ENV,2023-01-01,2023-12-31,0.0011,EUR/kWh,EUR,,primary
nrg_pc_204_c:KWH2500-4999:EUR,RO,cost,household,,TAX_ENV,2024-01-01,2024-12-31,0.0012,EUR/kWh,EUR,,primary
nrg_pc_204_c:KWH2500-4999:EUR,RO,cost,household,,TAX_ENV,2025-01-01,2025-12-31,0.0014,EUR/kWh,EUR,,primary
nrg_pc_204_c:KWH2500-4999:EUR,RO,cost,household,,TAX_ENV_ALLOW,2024-01-01,2024-12-31,0.0,EUR/kWh,EUR,,primary
nrg_pc_204_c:KWH2500-4999:EUR,RO,cost,household,,TAX_ENV_ALLOW,2025-01-01,2025-12-31,0.0,EUR/kWh,EUR,,primary
nrg_pc_204_c:KWH2500-4999:EUR,RO,cost,household,,TAX_FEE_LEV_CHRG,2017-01-01,2017-12-31,0.0333,EUR/kWh,EUR,,primary
nrg_pc_204_c:KWH2500-4999:EUR,RO,cost,household,,TAX_FEE_LEV_CHRG,2018-01-01,2018-12-31,0.0348,EUR/kWh,EUR,,primary
nrg_pc_204_c:KWH2500-4999:EUR,RO,cost,household,,TAX_FEE_LEV_CHRG,2019-01-01,2019-12-31,0.0386,EUR/kWh,EUR,,primary
nrg_pc_204_c:KWH2500-4999:EUR,RO,cost,household,,TAX_FEE_LEV_CHRG,2020-01-01,2020-12-31,0.041,EUR/kWh,EUR,,primary
nrg_pc_204_c:KWH2500-4999:EUR,RO,cost,household,,TAX_FEE_LEV_CHRG,2021-01-01,2021-12-31,0.0426,EUR/kWh,EUR,,primary
nrg_pc_204_c:KWH2500-4999:EUR,RO,cost,household,,TAX_FEE_LEV_CHRG,2022-01-01,2022-12-31,0.0657,EUR/kWh,EUR,d,primary
nrg_pc_204_c:KWH2500-4999:EUR,RO,cost,household,,TAX_FEE_LEV_CHRG,2023-01-01,2023-12-31,0.0463,EUR/kWh,EUR,,primary
nrg_pc_204_c:KWH2500-4999:EUR,RO,cost,household,,TAX_FEE_LEV_CHRG,2024-01-01,2024-12-31,0.0481,EUR/kWh,EUR,,primary
nrg_pc_204_c:KWH2500-4999:EUR,RO,cost,household,,TAX_FEE_LEV_CHRG,2025-01-01,2025-12-31,0.0568,EUR/kWh,EUR,,primary
nrg_pc_204_c:KWH2500-4999:EUR,RO,cost,household,,TAX_FEE_LEV_CHRG_ALLOW,2024-01-01,2024-12-31,0.0,EUR/kWh,EUR,,primary
nrg_pc_204_c:KWH2500-4999:EUR,RO,cost,household,,TAX_FEE_LEV_CHRG_ALLOW,2025-01-01,2025-12-31,0.0,EUR/kWh,EUR,,primary
nrg_pc_204_c:KWH2500-4999:EUR,RO,cost,household,,TAX_NUC,2017-01-01,2017-12-31,0.0,EUR/kWh,EUR,,primary
nrg_pc_204_c:KWH2500-4999:EUR,RO,cost,household,,TAX_NUC,2018-01-01,2018-12-31,0.0,EUR/kWh,EUR,,primary
nrg_pc_204_c:KWH2500-4999:EUR,RO,cost,household,,TAX_NUC,2019-01-01,2019-12-31,0.0,EUR/kWh,EUR,,primary
nrg_pc_204_c:KWH2500-4999:EUR,RO,cost,household,,TAX_NUC,2020-01-01,2020-12-31,0.0,EUR/kWh,EUR,,primary
nrg_pc_204_c:KWH2500-4999:EUR,RO,cost,household,,TAX_NUC,2024-01-01,2024-12-31,0.0,EUR/kWh,EUR,,primary
nrg_pc_204_c:KWH2500-4999:EUR,RO,cost,household,,TAX_NUC,2025-01-01,2025-12-31,0.0,EUR/kWh,EUR,,primary
nrg_pc_204_c:KWH2500-4999:EUR,RO,cost,household,,TAX_NUC_ALLOW,2024-01-01,2024-12-31,0.0,EUR/kWh,EUR,,primary
nrg_pc_204_c:KWH2500-4999:EUR,RO,cost,household,,TAX_NUC_ALLOW,2025-01-01,2025-12-31,0.0,EUR/kWh,EUR,,primary
nrg_pc_204_c:KWH2500-4999:EUR,RO,cost,household,,TAX_RNW,2017-01-01,2017-12-31,0.0125,EUR/kWh,EUR,,primary
nrg_pc_204_c:KWH2500-4999:EUR,RO,cost,household,,TAX_RNW,2018-01-01,2018-12-31,0.0127,EUR/kWh,EUR,,primary
nrg_pc_204_c:KWH2500-4999:EUR,RO,cost,household,,TAX_RNW,2019-01-01,2019-12-31,0.0154,EUR/kWh,EUR,,primary
nrg_pc_204_c:KWH2500-4999:EUR,RO,cost,household,,TAX_RNW,2020-01-01,2020-12-31,0.0168,EUR/kWh,EUR,,primary
nrg_pc_204_c:KWH2500-4999:EUR,RO,cost,household,,TAX_RNW,2021-01-01,2021-12-31,0.0167,EUR/kWh,EUR,,primary
nrg_pc_204_c:KWH2500-4999:EUR,RO,cost,household,,TAX_RNW,2022-01-01,2022-12-31,0.0185,EUR/kWh,EUR,d,primary
nrg_pc_204_c:KWH2500-4999:EUR,RO,cost,household,,TAX_RNW,2023-01-01,2023-12-31,0.0149,EUR/kWh,EUR,,primary
nrg_pc_204_c:KWH2500-4999:EUR,RO,cost,household,,TAX_RNW,2024-01-01,2024-12-31,0.017,EUR/kWh,EUR,,primary
nrg_pc_204_c:KWH2500-4999:EUR,RO,cost,household,,TAX_RNW,2025-01-01,2025-12-31,0.0157,EUR/kWh,EUR,,primary
nrg_pc_204_c:KWH2500-4999:EUR,RO,cost,household,,TAX_RNW_ALLOW,2024-01-01,2024-12-31,0.0,EUR/kWh,EUR,,primary
nrg_pc_204_c:KWH2500-4999:EUR,RO,cost,household,,TAX_RNW_ALLOW,2025-01-01,2025-12-31,0.0,EUR/kWh,EUR,,primary
nrg_pc_204_c:KWH2500-4999:EUR,RO,cost,household,,VAT,2017-01-01,2017-12-31,0.0198,EUR/kWh,EUR,,primary
nrg_pc_204_c:KWH2500-4999:EUR,RO,cost,household,,VAT,2018-01-01,2018-12-31,0.0212,EUR/kWh,EUR,,primary
nrg_pc_204_c:KWH2500-4999:EUR,RO,cost,household,,VAT,2019-01-01,2019-12-31,0.0222,EUR/kWh,EUR,,primary
nrg_pc_204_c:KWH2500-4999:EUR,RO,cost,household,,VAT,2020-01-01,2020-12-31,0.0231,EUR/kWh,EUR,,primary
nrg_pc_204_c:KWH2500-4999:EUR,RO,cost,household,,VAT,2021-01-01,2021-12-31,0.0249,EUR/kWh,EUR,,primary
nrg_pc_204_c:KWH2500-4999:EUR,RO,cost,household,,VAT,2022-01-01,2022-12-31,0.0461,EUR/kWh,EUR,d,primary
nrg_pc_204_c:KWH2500-4999:EUR,RO,cost,household,,VAT,2023-01-01,2023-12-31,0.0303,EUR/kWh,EUR,,primary
nrg_pc_204_c:KWH2500-4999:EUR,RO,cost,household,,VAT,2024-01-01,2024-12-31,0.0299,EUR/kWh,EUR,,primary
nrg_pc_204_c:KWH2500-4999:EUR,RO,cost,household,,VAT,2025-01-01,2025-12-31,0.0398,EUR/kWh,EUR,,primary
nrg_pc_204_c:KWH2500-4999:EUR,SE,cost,household,,ALLOW_OTH,2022-01-01,2022-12-31,0.0584,EUR/kWh,EUR,,primary
nrg_pc_204_c:KWH2500-4999:EUR,SE,cost,household,,ALLOW_OTH,2023-01-01,2023-12-31,0.0,EUR/kWh,EUR,,primary
nrg_pc_204_c:KWH2500-4999:EUR,SE,cost,household,,ALLOW_OTH,2024-01-01,2024-12-31,0.0,EUR/kWh,EUR,,primary
nrg_pc_204_c:KWH2500-4999:EUR,SE,cost,household,,ALLOW_OTH,2025-01-01,2025-12-31,0.0,EUR/kWh,EUR,,primary
nrg_pc_204_c:KWH2500-4999:EUR,SE,cost,household,,NETC,2017-01-01,2017-12-31,0.0849,EUR/kWh,EUR,,primary
nrg_pc_204_c:KWH2500-4999:EUR,SE,cost,household,,NETC,2018-01-01,2018-12-31,0.0741,EUR/kWh,EUR,,primary
nrg_pc_204_c:KWH2500-4999:EUR,SE,cost,household,,NETC,2019-01-01,2019-12-31,0.0772,EUR/kWh,EUR,,primary
nrg_pc_204_c:KWH2500-4999:EUR,SE,cost,household,,NETC,2020-01-01,2020-12-31,0.0831,EUR/kWh,EUR,,primary
nrg_pc_204_c:KWH2500-4999:EUR,SE,cost,household,,NETC,2021-01-01,2021-12-31,0.0799,EUR/kWh,EUR,,primary
nrg_pc_204_c:KWH2500-4999:EUR,SE,cost,household,,NETC,2022-01-01,2022-12-31,0.0823,EUR/kWh,EUR,,primary
nrg_pc_204_c:KWH2500-4999:EUR,SE,cost,household,,NETC,2023-01-01,2023-12-31,0.0762,EUR/kWh,EUR,,primary
nrg_pc_204_c:KWH2500-4999:EUR,SE,cost,household,,NETC,2024-01-01,2024-12-31,0.0912,EUR/kWh,EUR,,primary
nrg_pc_204_c:KWH2500-4999:EUR,SE,cost,household,,NETC,2025-01-01,2025-12-31,0.1067,EUR/kWh,EUR,,primary
nrg_pc_204_c:KWH2500-4999:EUR,SE,cost,household,,NRG_SUP,2017-01-01,2017-12-31,0.0427,EUR/kWh,EUR,,primary
nrg_pc_204_c:KWH2500-4999:EUR,SE,cost,household,,NRG_SUP,2018-01-01,2018-12-31,0.0508,EUR/kWh,EUR,,primary
nrg_pc_204_c:KWH2500-4999:EUR,SE,cost,household,,NRG_SUP,2019-01-01,2019-12-31,0.0526,EUR/kWh,EUR,,primary
nrg_pc_204_c:KWH2500-4999:EUR,SE,cost,household,,NRG_SUP,2020-01-01,2020-12-31,0.0425,EUR/kWh,EUR,,primary
nrg_pc_204_c:KWH2500-4999:EUR,SE,cost,household,,NRG_SUP,2021-01-01,2021-12-31,0.0736,EUR/kWh,EUR,,primary
nrg_pc_204_c:KWH2500-4999:EUR,SE,cost,household,,NRG_SUP,2022-01-01,2022-12-31,0.1186,EUR/kWh,EUR,,primary
nrg_pc_204_c:KWH2500-4999:EUR,SE,cost,household,,NRG_SUP,2023-01-01,2023-12-31,0.0811,EUR/kWh,EUR,,primary
nrg_pc_204_c:KWH2500-4999:EUR,SE,cost,household,,NRG_SUP,2024-01-01,2024-12-31,0.0622,EUR/kWh,EUR,,primary
nrg_pc_204_c:KWH2500-4999:EUR,SE,cost,household,,NRG_SUP,2025-01-01,2025-12-31,0.0687,EUR/kWh,EUR,,primary
nrg_pc_204_c:KWH2500-4999:EUR,SE,cost,household,,OTH,2017-01-01,2017-12-31,0.0,EUR/kWh,EUR,,primary
nrg_pc_204_c:KWH2500-4999:EUR,SE,cost,household,,OTH,2018-01-01,2018-12-31,0.0,EUR/kWh,EUR,,primary
nrg_pc_204_c:KWH2500-4999:EUR,SE,cost,household,,OTH,2019-01-01,2019-12-31,0.0,EUR/kWh,EUR,,primary
nrg_pc_204_c:KWH2500-4999:EUR,SE,cost,household,,OTH,2022-01-01,2022-12-31,-0.0584,EUR/kWh,EUR,,primary
nrg_pc_204_c:KWH2500-4999:EUR,SE,cost,household,,OTH,2023-01-01,2023-12-31,0.0,EUR/kWh,EUR,,primary
nrg_pc_204_c:KWH2500-4999:EUR,SE,cost,household,,OTH,2024-01-01,2024-12-31,0.0,EUR/kWh,EUR,,primary
nrg_pc_204_c:KWH2500-4999:EUR,SE,cost,household,,OTH,2025-01-01,2025-12-31,0.0,EUR/kWh,EUR,,primary
nrg_pc_204_c:KWH2500-4999:EUR,SE,cost,household,,TAX_CAP,2017-01-01,2017-12-31,0.0,EUR/kWh,EUR,,primary
nrg_pc_204_c:KWH2500-4999:EUR,SE,cost,household,,TAX_CAP,2018-01-01,2018-12-31,0.0,EUR/kWh,EUR,,primary
nrg_pc_204_c:KWH2500-4999:EUR,SE,cost,household,,TAX_CAP,2019-01-01,2019-12-31,0.0,EUR/kWh,EUR,,primary
nrg_pc_204_c:KWH2500-4999:EUR,SE,cost,household,,TAX_CAP,2023-01-01,2023-12-31,0.0,EUR/kWh,EUR,,primary
nrg_pc_204_c:KWH2500-4999:EUR,SE,cost,household,,TAX_CAP,2024-01-01,2024-12-31,0.0,EUR/kWh,EUR,,primary
nrg_pc_204_c:KWH2500-4999:EUR,SE,cost,household,,TAX_CAP,2025-01-01,2025-12-31,0.0,EUR/kWh,EUR,,primary
nrg_pc_204_c:KWH2500-4999:EUR,SE,cost,household,,TAX_CAP_ALLOW,2023-01-01,2023-12-31,0.0,EUR/kWh,EUR,,primary
nrg_pc_204_c:KWH2500-4999:EUR,SE,cost,household,,TAX_CAP_ALLOW,2024-01-01,2024-12-31,0.0,EUR/kWh,EUR,,primary
nrg_pc_204_c:KWH2500-4999:EUR,SE,cost,household,,TAX_CAP_ALLOW,2025-01-01,2025-12-31,0.0,EUR/kWh,EUR,,primary
nrg_pc_204_c:KWH2500-4999:EUR,SE,cost,household,,TAX_ENV,2017-01-01,2017-12-31,0.0305,EUR/kWh,EUR,,primary
nrg_pc_204_c:KWH2500-4999:EUR,SE,cost,household,,TAX_ENV,2018-01-01,2018-12-31,0.0319,EUR/kWh,EUR,,primary
nrg_pc_204_c:KWH2500-4999:EUR,SE,cost,household,,TAX_ENV,2019-01-01,2019-12-31,0.0326,EUR/kWh,EUR,,primary
nrg_pc_204_c:KWH2500-4999:EUR,SE,cost,household,,TAX_ENV,2020-01-01,2020-12-31,0.0342,EUR/kWh,EUR,,primary
nrg_pc_204_c:KWH2500-4999:EUR,SE,cost,household,,TAX_ENV,2021-01-01,2021-12-31,0.035,EUR/kWh,EUR,,primary
nrg_pc_204_c:KWH2500-4999:EUR,SE,cost,household,,TAX_ENV,2022-01-01,2022-12-31,0.0334,EUR/kWh,EUR,,primary
nrg_pc_204_c:KWH2500-4999:EUR,SE,cost,household,,TAX_ENV,2023-01-01,2023-12-31,0.0337,EUR/kWh,EUR,,primary
nrg_pc_204_c:KWH2500-4999:EUR,SE,cost,household,,TAX_ENV,2024-01-01,2024-12-31,0.0373,EUR/kWh,EUR,,primary
nrg_pc_204_c:KWH2500-4999:EUR,SE,cost,household,,TAX_ENV,2025-01-01,2025-12-31,0.0398,EUR/kWh,EUR,,primary
nrg_pc_204_c:KWH2500-4999:EUR,SE,cost,household,,TAX_ENV_ALLOW,2023-01-01,2023-12-31,0.0,EUR/kWh,EUR,,primary
nrg_pc_204_c:KWH2500-4999:EUR,SE,cost,household,,TAX_ENV_ALLOW,2024-01-01,2024-12-31,0.0,EUR/kWh,EUR,,primary
nrg_pc_204_c:KWH2500-4999:EUR,SE,cost,household,,TAX_ENV_ALLOW,2025-01-01,2025-12-31,0.0,EUR/kWh,EUR,,primary
nrg_pc_204_c:KWH2500-4999:EUR,SE,cost,household,,TAX_FEE_LEV_CHRG,2017-01-01,2017-12-31,0.0737,EUR/kWh,EUR,,primary
nrg_pc_204_c:KWH2500-4999:EUR,SE,cost,household,,TAX_FEE_LEV_CHRG,2018-01-01,2018-12-31,0.0746,EUR/kWh,EUR,,primary
nrg_pc_204_c:KWH2500-4999:EUR,SE,cost,household,,TAX_FEE_LEV_CHRG,2019-01-01,2019-12-31,0.0765,EUR/kWh,EUR,,primary
nrg_pc_204_c:KWH2500-4999:EUR,SE,cost,household,,TAX_FEE_LEV_CHRG,2020-01-01,2020-12-31,0.0759,EUR/kWh,EUR,,primary
nrg_pc_204_c:KWH2500-4999:EUR,SE,cost,household,,TAX_FEE_LEV_CHRG,2021-01-01,2021-12-31,0.0826,EUR/kWh,EUR,,primary
nrg_pc_204_c:KWH2500-4999:EUR,SE,cost,household,,TAX_FEE_LEV_CHRG,2022-01-01,2022-12-31,0.0338,EUR/kWh,EUR,,primary
nrg_pc_204_c:KWH2500-4999:EUR,SE,cost,household,,TAX_FEE_LEV_CHRG,2023-01-01,2023-12-31,0.0817,EUR/kWh,EUR,,primary
nrg_pc_204_c:KWH2500-4999:EUR,SE,cost,household,,TAX_FEE_LEV_CHRG,2024-01-01,2024-12-31,0.085,EUR/kWh,EUR,,primary
nrg_pc_204_c:KWH2500-4999:EUR,SE,cost,household,,TAX_FEE_LEV_CHRG,2025-01-01,2025-12-31,0.0936,EUR/kWh,EUR,,primary
nrg_pc_204_c:KWH2500-4999:EUR,SE,cost,household,,TAX_FEE_LEV_CHRG_ALLOW,2023-01-01,2023-12-31,0.0,EUR/kWh,EUR,,primary
nrg_pc_204_c:KWH2500-4999:EUR,SE,cost,household,,TAX_FEE_LEV_CHRG_ALLOW,2024-01-01,2024-12-31,0.0,EUR/kWh,EUR,,primary
nrg_pc_204_c:KWH2500-4999:EUR,SE,cost,household,,TAX_FEE_LEV_CHRG_ALLOW,2025-01-01,2025-12-31,0.0,EUR/kWh,EUR,,primary
nrg_pc_204_c:KWH2500-4999:EUR,SE,cost,household,,TAX_NUC,2017-01-01,2017-12-31,0.0,EUR/kWh,EUR,,primary
nrg_pc_204_c:KWH2500-4999:EUR,SE,cost,household,,TAX_NUC,2018-01-01,2018-12-31,0.0,EUR/kWh,EUR,,primary
nrg_pc_204_c:KWH2500-4999:EUR,SE,cost,household,,TAX_NUC,2019-01-01,2019-12-31,0.0,EUR/kWh,EUR,,primary
nrg_pc_204_c:KWH2500-4999:EUR,SE,cost,household,,TAX_NUC,2023-01-01,2023-12-31,0.0,EUR/kWh,EUR,,primary
nrg_pc_204_c:KWH2500-4999:EUR,SE,cost,household,,TAX_NUC,2024-01-01,2024-12-31,0.0,EUR/kWh,EUR,,primary
nrg_pc_204_c:KWH2500-4999:EUR,SE,cost,household,,TAX_NUC,2025-01-01,2025-12-31,0.0,EUR/kWh,EUR,,primary
nrg_pc_204_c:KWH2500-4999:EUR,SE,cost,household,,TAX_NUC_ALLOW,2023-01-01,2023-12-31,0.0,EUR/kWh,EUR,,primary
nrg_pc_204_c:KWH2500-4999:EUR,SE,cost,household,,TAX_NUC_ALLOW,2024-01-01,2024-12-31,0.0,EUR/kWh,EUR,,primary
nrg_pc_204_c:KWH2500-4999:EUR,SE,cost,household,,TAX_NUC_ALLOW,2025-01-01,2025-12-31,0.0,EUR/kWh,EUR,,primary
nrg_pc_204_c:KWH2500-4999:EUR,SE,cost,household,,TAX_RNW,2017-01-01,2017-12-31,0.0037,EUR/kWh,EUR,,primary
nrg_pc_204_c:KWH2500-4999:EUR,SE,cost,household,,TAX_RNW,2018-01-01,2018-12-31,0.0035,EUR/kWh,EUR,,primary
nrg_pc_204_c:KWH2500-4999:EUR,SE,cost,household,,TAX_RNW,2019-01-01,2019-12-31,0.0034,EUR/kWh,EUR,,primary
nrg_pc_204_c:KWH2500-4999:EUR,SE,cost,household,,TAX_RNW,2020-01-01,2020-12-31,0.0017,EUR/kWh,EUR,,primary
nrg_pc_204_c:KWH2500-4999:EUR,SE,cost,household,,TAX_RNW,2021-01-01,2021-12-31,0.0005,EUR/kWh,EUR,,primary
nrg_pc_204_c:KWH2500-4999:EUR,SE,cost,household,,TAX_RNW,2022-01-01,2022-12-31,0.0002,EUR/kWh,EUR,,primary
nrg_pc_204_c:KWH2500-4999:EUR,SE,cost,household,,TAX_RNW,2023-01-01,2023-12-31,0.0002,EUR/kWh,EUR,,primary
nrg_pc_204_c:KWH2500-4999:EUR,SE,cost,household,,TAX_RNW,2024-01-01,2024-12-31,0.0,EUR/kWh,EUR,,primary
nrg_pc_204_c:KWH2500-4999:EUR,SE,cost,household,,TAX_RNW,2025-01-01,2025-12-31,0.0,EUR/kWh,EUR,,primary
nrg_pc_204_c:KWH2500-4999:EUR,SE,cost,household,,TAX_RNW_ALLOW,2023-01-01,2023-12-31,0.0,EUR/kWh,EUR,,primary
nrg_pc_204_c:KWH2500-4999:EUR,SE,cost,household,,TAX_RNW_ALLOW,2024-01-01,2024-12-31,0.0,EUR/kWh,EUR,,primary
nrg_pc_204_c:KWH2500-4999:EUR,SE,cost,household,,TAX_RNW_ALLOW,2025-01-01,2025-12-31,0.0,EUR/kWh,EUR,,primary
nrg_pc_204_c:KWH2500-4999:EUR,SE,cost,household,,VAT,2017-01-01,2017-12-31,0.0395,EUR/kWh,EUR,,primary
nrg_pc_204_c:KWH2500-4999:EUR,SE,cost,household,,VAT,2018-01-01,2018-12-31,0.0392,EUR/kWh,EUR,,primary
nrg_pc_204_c:KWH2500-4999:EUR,SE,cost,household,,VAT,2019-01-01,2019-12-31,0.0406,EUR/kWh,EUR,,primary
nrg_pc_204_c:KWH2500-4999:EUR,SE,cost,household,,VAT,2020-01-01,2020-12-31,0.0399,EUR/kWh,EUR,,primary
nrg_pc_204_c:KWH2500-4999:EUR,SE,cost,household,,VAT,2021-01-01,2021-12-31,0.0471,EUR/kWh,EUR,,primary
nrg_pc_204_c:KWH2500-4999:EUR,SE,cost,household,,VAT,2022-01-01,2022-12-31,0.0586,EUR/kWh,EUR,,primary
nrg_pc_204_c:KWH2500-4999:EUR,SE,cost,household,,VAT,2023-01-01,2023-12-31,0.0478,EUR/kWh,EUR,,primary
nrg_pc_204_c:KWH2500-4999:EUR,SE,cost,household,,VAT,2024-01-01,2024-12-31,0.0477,EUR/kWh,EUR,,primary
nrg_pc_204_c:KWH2500-4999:EUR,SE,cost,household,,VAT,2025-01-01,2025-12-31,0.0538,EUR/kWh,EUR,,primary
nrg_pc_204_c:KWH2500-4999:EUR,SI,cost,household,,ALLOW_OTH,2022-01-01,2022-12-31,0.0,EUR/kWh,EUR,,primary
nrg_pc_204_c:KWH2500-4999:EUR,SI,cost,household,,ALLOW_OTH,2023-01-01,2023-12-31,0.0,EUR/kWh,EUR,,primary
nrg_pc_204_c:KWH2500-4999:EUR,SI,cost,household,,ALLOW_OTH,2024-01-01,2024-12-31,0.0,EUR/kWh,EUR,n,primary
nrg_pc_204_c:KWH2500-4999:EUR,SI,cost,household,,ALLOW_OTH,2025-01-01,2025-12-31,0.0,EUR/kWh,EUR,n,primary
nrg_pc_204_c:KWH2500-4999:EUR,SI,cost,household,,NETC,2017-01-01,2017-12-31,0.0561,EUR/kWh,EUR,,primary
nrg_pc_204_c:KWH2500-4999:EUR,SI,cost,household,,NETC,2018-01-01,2018-12-31,0.0566,EUR/kWh,EUR,,primary
nrg_pc_204_c:KWH2500-4999:EUR,SI,cost,household,,NETC,2019-01-01,2019-12-31,0.0546,EUR/kWh,EUR,,primary
nrg_pc_204_c:KWH2500-4999:EUR,SI,cost,household,,NETC,2020-01-01,2020-12-31,0.0477,EUR/kWh,EUR,,primary
nrg_pc_204_c:KWH2500-4999:EUR,SI,cost,household,,NETC,2021-01-01,2021-12-31,0.0505,EUR/kWh,EUR,,primary
nrg_pc_204_c:KWH2500-4999:EUR,SI,cost,household,,NETC,2022-01-01,2022-12-31,0.0422,EUR/kWh,EUR,,primary
nrg_pc_204_c:KWH2500-4999:EUR,SI,cost,household,,NETC,2023-01-01,2023-12-31,0.0564,EUR/kWh,EUR,,primary
nrg_pc_204_c:KWH2500-4999:EUR,SI,cost,household,,NETC,2024-01-01,2024-12-31,0.0602,EUR/kWh,EUR,,primary
nrg_pc_204_c:KWH2500-4999:EUR,SI,cost,household,,NETC,2025-01-01,2025-12-31,0.042,EUR/kWh,EUR,,primary
nrg_pc_204_c:KWH2500-4999:EUR,SI,cost,household,,NRG_SUP,2017-01-01,2017-12-31,0.0544,EUR/kWh,EUR,,primary
nrg_pc_204_c:KWH2500-4999:EUR,SI,cost,household,,NRG_SUP,2018-01-01,2018-12-31,0.0551,EUR/kWh,EUR,,primary
nrg_pc_204_c:KWH2500-4999:EUR,SI,cost,household,,NRG_SUP,2019-01-01,2019-12-31,0.059,EUR/kWh,EUR,,primary
nrg_pc_204_c:KWH2500-4999:EUR,SI,cost,household,,NRG_SUP,2020-01-01,2020-12-31,0.0645,EUR/kWh,EUR,,primary
nrg_pc_204_c:KWH2500-4999:EUR,SI,cost,household,,NRG_SUP,2021-01-01,2021-12-31,0.0663,EUR/kWh,EUR,,primary
nrg_pc_204_c:KWH2500-4999:EUR,SI,cost,household,,NRG_SUP,2022-01-01,2022-12-31,0.0847,EUR/kWh,EUR,,primary
nrg_pc_204_c:KWH2500-4999:EUR,SI,cost,household,,NRG_SUP,2023-01-01,2023-12-31,0.105,EUR/kWh,EUR,,primary
nrg_pc_204_c:KWH2500-4999:EUR,SI,cost,household,,NRG_SUP,2024-01-01,2024-12-31,0.1064,EUR/kWh,EUR,,primary
nrg_pc_204_c:KWH2500-4999:EUR,SI,cost,household,,NRG_SUP,2025-01-01,2025-12-31,0.1128,EUR/kWh,EUR,,primary
nrg_pc_204_c:KWH2500-4999:EUR,SI,cost,household,,OTH,2017-01-01,2017-12-31,0.0,EUR/kWh,EUR,,primary
nrg_pc_204_c:KWH2500-4999:EUR,SI,cost,household,,OTH,2018-01-01,2018-12-31,0.0,EUR/kWh,EUR,,primary
nrg_pc_204_c:KWH2500-4999:EUR,SI,cost,household,,OTH,2019-01-01,2019-12-31,0.0,EUR/kWh,EUR,,primary
nrg_pc_204_c:KWH2500-4999:EUR,SI,cost,household,,OTH,2020-01-01,2020-12-31,0.0,EUR/kWh,EUR,,primary
nrg_pc_204_c:KWH2500-4999:EUR,SI,cost,household,,OTH,2021-01-01,2021-12-31,0.0,EUR/kWh,EUR,,primary
nrg_pc_204_c:KWH2500-4999:EUR,SI,cost,household,,OTH,2022-01-01,2022-12-31,0.0,EUR/kWh,EUR,,primary
nrg_pc_204_c:KWH2500-4999:EUR,SI,cost,household,,OTH,2023-01-01,2023-12-31,0.0,EUR/kWh,EUR,,primary
nrg_pc_204_c:KWH2500-4999:EUR,SI,cost,household,,OTH,2024-01-01,2024-12-31,0.0,EUR/kWh,EUR,n,primary
nrg_pc_204_c:KWH2500-4999:EUR,SI,cost,household,,OTH,2025-01-01,2025-12-31,0.0,EUR/kWh,EUR,n,primary
nrg_pc_204_c:KWH2500-4999:EUR,SI,cost,household,,TAX_CAP,2017-01-01,2017-12-31,0.0001,EUR/kWh,EUR,,primary
nrg_pc_204_c:KWH2500-4999:EUR,SI,cost,household,,TAX_CAP,2018-01-01,2018-12-31,0.0001,EUR/kWh,EUR,,primary
nrg_pc_204_c:KWH2500-4999:EUR,SI,cost,household,,TAX_CAP,2019-01-01,2019-12-31,0.0001,EUR/kWh,EUR,,primary
nrg_pc_204_c:KWH2500-4999:EUR,SI,cost,household,,TAX_CAP,2020-01-01,2020-12-31,0.0001,EUR/kWh,EUR,,primary
nrg_pc_204_c:KWH2500-4999:EUR,SI,cost,household,,TAX_CAP,2021-01-01,2021-12-31,0.0001,EUR/kWh,EUR,,primary
nrg_pc_204_c:KWH2500-4999:EUR,SI,cost,household,,TAX_CAP,2022-01-01,2022-12-31,0.0001,EUR/kWh,EUR,,primary
nrg_pc_204_c:KWH2500-4999:EUR,SI,cost,household,,TAX_CAP,2023-01-01,2023-12-31,0.0001,EUR/kWh,EUR,,primary
nrg_pc_204_c:KWH2500-4999:EUR,SI,cost,household,,TAX_CAP,2024-01-01,2024-12-31,0.0001,EUR/kWh,EUR,,primary
nrg_pc_204_c:KWH2500-4999:EUR,SI,cost,household,,TAX_CAP,2025-01-01,2025-12-31,0.0001,EUR/kWh,EUR,,primary
nrg_pc_204_c:KWH2500-4999:EUR,SI,cost,household,,TAX_CAP_ALLOW,2022-01-01,2022-12-31,0.0,EUR/kWh,EUR,,primary
nrg_pc_204_c:KWH2500-4999:EUR,SI,cost,household,,TAX_CAP_ALLOW,2023-01-01,2023-12-31,0.0,EUR/kWh,EUR,,primary
nrg_pc_204_c:KWH2500-4999:EUR,SI,cost,household,,TAX_CAP_ALLOW,2024-01-01,2024-12-31,0.0,EUR/kWh,EUR,n,primary
nrg_pc_204_c:KWH2500-4999:EUR,SI,cost,household,,TAX_CAP_ALLOW,2025-01-01,2025-12-31,0.0,EUR/kWh,EUR,n,primary
nrg_pc_204_c:KWH2500-4999:EUR,SI,cost,household,,TAX_ENV,2017-01-01,2017-12-31,0.0031,EUR/kWh,EUR,,primary
nrg_pc_204_c:KWH2500-4999:EUR,SI,cost,household,,TAX_ENV,2018-01-01,2018-12-31,0.003,EUR/kWh,EUR,,primary
nrg_pc_204_c:KWH2500-4999:EUR,SI,cost,household,,TAX_ENV,2019-01-01,2019-12-31,0.003,EUR/kWh,EUR,,primary
nrg_pc_204_c:KWH2500-4999:EUR,SI,cost,household,,TAX_ENV,2020-01-01,2020-12-31,0.003,EUR/kWh,EUR,,primary
nrg_pc_204_c:KWH2500-4999:EUR,SI,cost,household,,TAX_ENV,2021-01-01,2021-12-31,0.003,EUR/kWh,EUR,,primary
nrg_pc_204_c:KWH2500-4999:EUR,SI,cost,household,,TAX_ENV,2022-01-01,2022-12-31,0.0017,EUR/kWh,EUR,,primary
nrg_pc_204_c:KWH2500-4999:EUR,SI,cost,household,,TAX_ENV,2023-01-01,2023-12-31,0.0015,EUR/kWh,EUR,,primary
nrg_pc_204_c:KWH2500-4999:EUR,SI,cost,household,,TAX_ENV,2024-01-01,2024-12-31,0.0015,EUR/kWh,EUR,,primary
nrg_pc_204_c:KWH2500-4999:EUR,SI,cost,household,,TAX_ENV,2025-01-01,2025-12-31,0.0015,EUR/kWh,EUR,,primary
nrg_pc_204_c:KWH2500-4999:EUR,SI,cost,household,,TAX_ENV_ALLOW,2022-01-01,2022-12-31,0.0,EUR/kWh,EUR,,primary
nrg_pc_204_c:KWH2500-4999:EUR,SI,cost,household,,TAX_ENV_ALLOW,2023-01-01,2023-12-31,0.0,EUR/kWh,EUR,,primary
nrg_pc_204_c:KWH2500-4999:EUR,SI,cost,household,,TAX_ENV_ALLOW,2024-01-01,2024-12-31,0.0,EUR/kWh,EUR,n,primary
nrg_pc_204_c:KWH2500-4999:EUR,SI,cost,household,,TAX_ENV_ALLOW,2025-01-01,2025-12-31,0.0,EUR/kWh,EUR,n,primary
nrg_pc_204_c:KWH2500-4999:EUR,SI,cost,household,,TAX_FEE_LEV_CHRG,2017-01-01,2017-12-31,0.0506,EUR/kWh,EUR,,primary
nrg_pc_204_c:KWH2500-4999:EUR,SI,cost,household,,TAX_FEE_LEV_CHRG,2018-01-01,2018-12-31,0.0509,EUR/kWh,EUR,,primary
nrg_pc_204_c:KWH2500-4999:EUR,SI,cost,household,,TAX_FEE_LEV_CHRG,2019-01-01,2019-12-31,0.0514,EUR/kWh,EUR,,primary
nrg_pc_204_c:KWH2500-4999:EUR,SI,cost,household,,TAX_FEE_LEV_CHRG,2020-01-01,2020-12-31,0.045,EUR/kWh,EUR,,primary
nrg_pc_204_c:KWH2500-4999:EUR,SI,cost,household,,TAX_FEE_LEV_CHRG,2021-01-01,2021-12-31,0.0518,EUR/kWh,EUR,,primary
nrg_pc_204_c:KWH2500-4999:EUR,SI,cost,household,,TAX_FEE_LEV_CHRG,2022-01-01,2022-12-31,0.0408,EUR/kWh,EUR,,primary
nrg_pc_204_c:KWH2500-4999:EUR,SI,cost,household,,TAX_FEE_LEV_CHRG,2023-01-01,2023-12-31,0.0404,EUR/kWh,EUR,,primary
nrg_pc_204_c:KWH2500-4999:EUR,SI,cost,household,,TAX_FEE_LEV_CHRG,2024-01-01,2024-12-31,0.0396,EUR/kWh,EUR,,primary
nrg_pc_204_c:KWH2500-4999:EUR,SI,cost,household,,TAX_FEE_LEV_CHRG,2025-01-01,2025-12-31,0.0427,EUR/kWh,EUR,,primary
nrg_pc_204_c:KWH2500-4999:EUR,SI,cost,household,,TAX_FEE_LEV_CHRG_ALLOW,2024-01-01,2024-12-31,0.0,EUR/kWh,EUR,,primary
nrg_pc_204_c:KWH2500-4999:EUR,SI,cost,household,,TAX_FEE_LEV_CHRG_ALLOW,2025-01-01,2025-12-31,0.0,EUR/kWh,EUR,,primary
nrg_pc_204_c:KWH2500-4999:EUR,SI,cost,household,,TAX_NUC,2017-01-01,2017-12-31,0.0,EUR/kWh,EUR,,primary
nrg_pc_204_c:KWH2500-4999:EUR,SI,cost,household,,TAX_NUC,2018-01-01,2018-12-31,0.0,EUR/kWh,EUR,,primary
nrg_pc_204_c:KWH2500-4999:EUR,SI,cost,household,,TAX_NUC,2019-01-01,2019-12-31,0.0,EUR/kWh,EUR,,primary
nrg_pc_204_c:KWH2500-4999:EUR,SI,cost,household,,TAX_NUC,2020-01-01,2020-12-31,0.0,EUR/kWh,EUR,,primary
nrg_pc_204_c:KWH2500-4999:EUR,SI,cost,household,,TAX_NUC,2021-01-01,2021-12-31,0.0,EUR/kWh,EUR,,primary
nrg_pc_204_c:KWH2500-4999:EUR,SI,cost,household,,TAX_NUC,2022-01-01,2022-12-31,0.0,EUR/kWh,EUR,,primary
nrg_pc_204_c:KWH2500-4999:EUR,SI,cost,household,,TAX_NUC,2023-01-01,2023-12-31,0.0,EUR/kWh,EUR,,primary
nrg_pc_204_c:KWH2500-4999:EUR,SI,cost,household,,TAX_NUC,2024-01-01,2024-12-31,0.0,EUR/kWh,EUR,n,primary
nrg_pc_204_c:KWH2500-4999:EUR,SI,cost,household,,TAX_NUC,2025-01-01,2025-12-31,0.0,EUR/kWh,EUR,n,primary
nrg_pc_204_c:KWH2500-4999:EUR,SI,cost,household,,TAX_NUC_ALLOW,2022-01-01,2022-12-31,0.0,EUR/kWh,EUR,,primary
nrg_pc_204_c:KWH2500-4999:EUR,SI,cost,household,,TAX_NUC_ALLOW,2023-01-01,2023-12-31,0.0,EUR/kWh,EUR,,primary
nrg_pc_204_c:KWH2500-4999:EUR,SI,cost,household,,TAX_NUC_ALLOW,2024-01-01,2024-12-31,0.0,EUR/kWh,EUR,n,primary
nrg_pc_204_c:KWH2500-4999:EUR,SI,cost,household,,TAX_NUC_ALLOW,2025-01-01,2025-12-31,0.0,EUR/kWh,EUR,n,primary
nrg_pc_204_c:KWH2500-4999:EUR,SI,cost,household,,TAX_RNW,2017-01-01,2017-12-31,0.0184,EUR/kWh,EUR,,primary
nrg_pc_204_c:KWH2500-4999:EUR,SI,cost,household,,TAX_RNW,2018-01-01,2018-12-31,0.0184,EUR/kWh,EUR,,primary
nrg_pc_204_c:KWH2500-4999:EUR,SI,cost,household,,TAX_RNW,2019-01-01,2019-12-31,0.0185,EUR/kWh,EUR,,primary
nrg_pc_204_c:KWH2500-4999:EUR,SI,cost,household,,TAX_RNW,2020-01-01,2020-12-31,0.0135,EUR/kWh,EUR,,primary
nrg_pc_204_c:KWH2500-4999:EUR,SI,cost,household,,TAX_RNW,2021-01-01,2021-12-31,0.0182,EUR/kWh,EUR,,primary
nrg_pc_204_c:KWH2500-4999:EUR,SI,cost,household,,TAX_RNW,2022-01-01,2022-12-31,0.0115,EUR/kWh,EUR,,primary
nrg_pc_204_c:KWH2500-4999:EUR,SI,cost,household,,TAX_RNW,2023-01-01,2023-12-31,0.0099,EUR/kWh,EUR,,primary
nrg_pc_204_c:KWH2500-4999:EUR,SI,cost,household,,TAX_RNW,2024-01-01,2024-12-31,0.0008,EUR/kWh,EUR,,primary
nrg_pc_204_c:KWH2500-4999:EUR,SI,cost,household,,TAX_RNW,2025-01-01,2025-12-31,0.0054,EUR/kWh,EUR,,primary
nrg_pc_204_c:KWH2500-4999:EUR,SI,cost,household,,TAX_RNW_ALLOW,2022-01-01,2022-12-31,0.0,EUR/kWh,EUR,,primary
nrg_pc_204_c:KWH2500-4999:EUR,SI,cost,household,,TAX_RNW_ALLOW,2023-01-01,2023-12-31,0.0,EUR/kWh,EUR,,primary
nrg_pc_204_c:KWH2500-4999:EUR,SI,cost,household,,TAX_RNW_ALLOW,2024-01-01,2024-12-31,0.0,EUR/kWh,EUR,n,primary
nrg_pc_204_c:KWH2500-4999:EUR,SI,cost,household,,TAX_RNW_ALLOW,2025-01-01,2025-12-31,0.0,EUR/kWh,EUR,n,primary
nrg_pc_204_c:KWH2500-4999:EUR,SI,cost,household,,VAT,2017-01-01,2017-12-31,0.0291,EUR/kWh,EUR,,primary
nrg_pc_204_c:KWH2500-4999:EUR,SI,cost,household,,VAT,2018-01-01,2018-12-31,0.0293,EUR/kWh,EUR,,primary
nrg_pc_204_c:KWH2500-4999:EUR,SI,cost,household,,VAT,2019-01-01,2019-12-31,0.0297,EUR/kWh,EUR,,primary
nrg_pc_204_c:KWH2500-4999:EUR,SI,cost,household,,VAT,2020-01-01,2020-12-31,0.0283,EUR/kWh,EUR,,primary
nrg_pc_204_c:KWH2500-4999:EUR,SI,cost,household,,VAT,2021-01-01,2021-12-31,0.0304,EUR/kWh,EUR,,primary
nrg_pc_204_c:KWH2500-4999:EUR,SI,cost,household,,VAT,2022-01-01,2022-12-31,0.0274,EUR/kWh,EUR,,primary
nrg_pc_204_c:KWH2500-4999:EUR,SI,cost,household,,VAT,2023-01-01,2023-12-31,0.0288,EUR/kWh,EUR,,primary
nrg_pc_204_c:KWH2500-4999:EUR,SI,cost,household,,VAT,2024-01-01,2024-12-31,0.0372,EUR/kWh,EUR,,primary
nrg_pc_204_c:KWH2500-4999:EUR,SI,cost,household,,VAT,2025-01-01,2025-12-31,0.0356,EUR/kWh,EUR,,primary
nrg_pc_204_c:KWH2500-4999:EUR,SK,cost,household,,ALLOW_OTH,2024-01-01,2024-12-31,0.0,EUR/kWh,EUR,,primary
nrg_pc_204_c:KWH2500-4999:EUR,SK,cost,household,,ALLOW_OTH,2025-01-01,2025-12-31,0.0,EUR/kWh,EUR,,primary
nrg_pc_204_c:KWH2500-4999:EUR,SK,cost,household,,NETC,2017-01-01,2017-12-31,0.0443,EUR/kWh,EUR,,primary
nrg_pc_204_c:KWH2500-4999:EUR,SK,cost,household,,NETC,2018-01-01,2018-12-31,0.0454,EUR/kWh,EUR,,primary
nrg_pc_204_c:KWH2500-4999:EUR,SK,cost,household,,NETC,2019-01-01,2019-12-31,0.0423,EUR/kWh,EUR,,primary
nrg_pc_204_c:KWH2500-4999:EUR,SK,cost,household,,NETC,2020-01-01,2020-12-31,0.0427,EUR/kWh,EUR,,primary
nrg_pc_204_c:KWH2500-4999:EUR,SK,cost,household,,NETC,2021-01-01,2021-12-31,0.0429,EUR/kWh,EUR,,primary
nrg_pc_204_c:KWH2500-4999:EUR,SK,cost,household,,NETC,2022-01-01,2022-12-31,0.0466,EUR/kWh,EUR,,primary
nrg_pc_204_c:KWH2500-4999:EUR,SK,cost,household,,NETC,2023-01-01,2023-12-31,0.0408,EUR/kWh,EUR,,primary
nrg_pc_204_c:KWH2500-4999:EUR,SK,cost,household,,NETC,2024-01-01,2024-12-31,0.0373,EUR/kWh,EUR,,primary
nrg_pc_204_c:KWH2500-4999:EUR,SK,cost,household,,NETC,2025-01-01,2025-12-31,0.0434,EUR/kWh,EUR,,primary
nrg_pc_204_c:KWH2500-4999:EUR,SK,cost,household,,NRG_SUP,2017-01-01,2017-12-31,0.0391,EUR/kWh,EUR,,primary
nrg_pc_204_c:KWH2500-4999:EUR,SK,cost,household,,NRG_SUP,2018-01-01,2018-12-31,0.0442,EUR/kWh,EUR,,primary
nrg_pc_204_c:KWH2500-4999:EUR,SK,cost,household,,NRG_SUP,2019-01-01,2019-12-31,0.0543,EUR/kWh,EUR,,primary
nrg_pc_204_c:KWH2500-4999:EUR,SK,cost,household,,NRG_SUP,2020-01-01,2020-12-31,0.0663,EUR/kWh,EUR,,primary
nrg_pc_204_c:KWH2500-4999:EUR,SK,cost,household,,NRG_SUP,2021-01-01,2021-12-31,0.061,EUR/kWh,EUR,,primary
nrg_pc_204_c:KWH2500-4999:EUR,SK,cost,household,,NRG_SUP,2022-01-01,2022-12-31,0.0812,EUR/kWh,EUR,,primary
nrg_pc_204_c:KWH2500-4999:EUR,SK,cost,household,,NRG_SUP,2023-01-01,2023-12-31,0.085,EUR/kWh,EUR,,primary
nrg_pc_204_c:KWH2500-4999:EUR,SK,cost,household,,NRG_SUP,2024-01-01,2024-12-31,0.0863,EUR/kWh,EUR,,primary
nrg_pc_204_c:KWH2500-4999:EUR,SK,cost,household,,NRG_SUP,2025-01-01,2025-12-31,0.0822,EUR/kWh,EUR,,primary
nrg_pc_204_c:KWH2500-4999:EUR,SK,cost,household,,OTH,2017-01-01,2017-12-31,0.0,EUR/kWh,EUR,,primary
nrg_pc_204_c:KWH2500-4999:EUR,SK,cost,household,,OTH,2018-01-01,2018-12-31,0.0,EUR/kWh,EUR,,primary
nrg_pc_204_c:KWH2500-4999:EUR,SK,cost,household,,OTH,2019-01-01,2019-12-31,0.0,EUR/kWh,EUR,,primary
nrg_pc_204_c:KWH2500-4999:EUR,SK,cost,household,,OTH,2020-01-01,2020-12-31,0.0,EUR/kWh,EUR,,primary
nrg_pc_204_c:KWH2500-4999:EUR,SK,cost,household,,OTH,2021-01-01,2021-12-31,0.0,EUR/kWh,EUR,,primary
nrg_pc_204_c:KWH2500-4999:EUR,SK,cost,household,,OTH,2024-01-01,2024-12-31,0.0,EUR/kWh,EUR,,primary
nrg_pc_204_c:KWH2500-4999:EUR,SK,cost,household,,OTH,2025-01-01,2025-12-31,0.0,EUR/kWh,EUR,,primary
nrg_pc_204_c:KWH2500-4999:EUR,SK,cost,household,,TAX_CAP,2017-01-01,2017-12-31,0.0117,EUR/kWh,EUR,,primary
nrg_pc_204_c:KWH2500-4999:EUR,SK,cost,household,,TAX_CAP,2018-01-01,2018-12-31,0.0118,EUR/kWh,EUR,,primary
nrg_pc_204_c:KWH2500-4999:EUR,SK,cost,household,,TAX_CAP,2019-01-01,2019-12-31,0.0114,EUR/kWh,EUR,,primary
nrg_pc_204_c:KWH2500-4999:EUR,SK,cost,household,,TAX_CAP,2020-01-01,2020-12-31,0.0117,EUR/kWh,EUR,,primary
nrg_pc_204_c:KWH2500-4999:EUR,SK,cost,household,,TAX_CAP,2021-01-01,2021-12-31,0.0119,EUR/kWh,EUR,,primary
nrg_pc_204_c:KWH2500-4999:EUR,SK,cost,household,,TAX_CAP,2022-01-01,2022-12-31,0.0163,EUR/kWh,EUR,,primary
nrg_pc_204_c:KWH2500-4999:EUR,SK,cost,household,,TAX_CAP,2023-01-01,2023-12-31,0.0273,EUR/kWh,EUR,,primary
nrg_pc_204_c:KWH2500-4999:EUR,SK,cost,household,,TAX_CAP,2024-01-01,2024-12-31,0.0095,EUR/kWh,EUR,,primary
nrg_pc_204_c:KWH2500-4999:EUR,SK,cost,household,,TAX_CAP,2025-01-01,2025-12-31,0.0134,EUR/kWh,EUR,,primary
nrg_pc_204_c:KWH2500-4999:EUR,SK,cost,household,,TAX_CAP_ALLOW,2024-01-01,2024-12-31,0.0,EUR/kWh,EUR,,primary
nrg_pc_204_c:KWH2500-4999:EUR,SK,cost,household,,TAX_CAP_ALLOW,2025-01-01,2025-12-31,0.0,EUR/kWh,EUR,,primary
nrg_pc_204_c:KWH2500-4999:EUR,SK,cost,household,,TAX_ENV,2017-01-01,2017-12-31,0.0,EUR/kWh,EUR,,primary
nrg_pc_204_c:KWH2500-4999:EUR,SK,cost,household,,TAX_ENV,2018-01-01,2018-12-31,0.0,EUR/kWh,EUR,,primary
nrg_pc_204_c:KWH2500-4999:EUR,SK,cost,household,,TAX_ENV,2019-01-01,2019-12-31,0.0,EUR/kWh,EUR,,primary
nrg_pc_204_c:KWH2500-4999:EUR,SK,cost,household,,TAX_ENV,2020-01-01,2020-12-31,0.0,EUR/kWh,EUR,,primary
nrg_pc_204_c:KWH2500-4999:EUR,SK,cost,household,,TAX_ENV,2021-01-01,2021-12-31,0.0,EUR/kWh,EUR,,primary
nrg_pc_204_c:KWH2500-4999:EUR,SK,cost,household,,TAX_ENV,2024-01-01,2024-12-31,0.0,EUR/kWh,EUR,,primary
nrg_pc_204_c:KWH2500-4999:EUR,SK,cost,household,,TAX_ENV,2025-01-01,2025-12-31,0.0,EUR/kWh,EUR,,primary
nrg_pc_204_c:KWH2500-4999:EUR,SK,cost,household,,TAX_ENV_ALLOW,2024-01-01,2024-12-31,0.0,EUR/kWh,EUR,,primary
nrg_pc_204_c:KWH2500-4999:EUR,SK,cost,household,,TAX_ENV_ALLOW,2025-01-01,2025-12-31,0.0,EUR/kWh,EUR,,primary
nrg_pc_204_c:KWH2500-4999:EUR,SK,cost,household,,TAX_FEE_LEV_CHRG,2017-01-01,2017-12-31,0.0604,EUR/kWh,EUR,,primary
nrg_pc_204_c:KWH2500-4999:EUR,SK,cost,household,,TAX_FEE_LEV_CHRG,2018-01-01,2018-12-31,0.0618,EUR/kWh,EUR,,primary
nrg_pc_204_c:KWH2500-4999:EUR,SK,cost,household,,TAX_FEE_LEV_CHRG,2019-01-01,2019-12-31,0.0616,EUR/kWh,EUR,,primary
nrg_pc_204_c:KWH2500-4999:EUR,SK,cost,household,,TAX_FEE_LEV_CHRG,2020-01-01,2020-12-31,0.0615,EUR/kWh,EUR,,primary
nrg_pc_204_c:KWH2500-4999:EUR,SK,cost,household,,TAX_FEE_LEV_CHRG,2021-01-01,2021-12-31,0.0608,EUR/kWh,EUR,,primary
nrg_pc_204_c:KWH2500-4999:EUR,SK,cost,household,,TAX_FEE_LEV_CHRG,2022-01-01,2022-12-31,0.0561,EUR/kWh,EUR,,primary
nrg_pc_204_c:KWH2500-4999:EUR,SK,cost,household,,TAX_FEE_LEV_CHRG,2023-01-01,2023-12-31,0.0718,EUR/kWh,EUR,,primary
nrg_pc_204_c:KWH2500-4999:EUR,SK,cost,household,,TAX_FEE_LEV_CHRG,2024-01-01,2024-12-31,0.0553,EUR/kWh,EUR,,primary
nrg_pc_204_c:KWH2500-4999:EUR,SK,cost,household,,TAX_FEE_LEV_CHRG,2025-01-01,2025-12-31,0.0615,EUR/kWh,EUR,,primary
nrg_pc_204_c:KWH2500-4999:EUR,SK,cost,household,,TAX_FEE_LEV_CHRG_ALLOW,2024-01-01,2024-12-31,0.0,EUR/kWh,EUR,,primary
nrg_pc_204_c:KWH2500-4999:EUR,SK,cost,household,,TAX_FEE_LEV_CHRG_ALLOW,2025-01-01,2025-12-31,0.0,EUR/kWh,EUR,,primary
nrg_pc_204_c:KWH2500-4999:EUR,SK,cost,household,,TAX_NUC,2017-01-01,2017-12-31,0.0032,EUR/kWh,EUR,,primary
nrg_pc_204_c:KWH2500-4999:EUR,SK,cost,household,,TAX_NUC,2018-01-01,2018-12-31,0.0032,EUR/kWh,EUR,,primary
nrg_pc_204_c:KWH2500-4999:EUR,SK,cost,household,,TAX_NUC,2019-01-01,2019-12-31,0.0033,EUR/kWh,EUR,,primary
nrg_pc_204_c:KWH2500-4999:EUR,SK,cost,household,,TAX_NUC,2020-01-01,2020-12-31,0.0033,EUR/kWh,EUR,,primary
nrg_pc_204_c:KWH2500-4999:EUR,SK,cost,household,,TAX_NUC,2021-01-01,2021-12-31,0.0033,EUR/kWh,EUR,,primary
nrg_pc_204_c:KWH2500-4999:EUR,SK,cost,household,,TAX_NUC,2022-01-01,2022-12-31,0.0033,EUR/kWh,EUR,,primary
nrg_pc_204_c:KWH2500-4999:EUR,SK,cost,household,,TAX_NUC,2023-01-01,2023-12-31,0.0033,EUR/kWh,EUR,,primary
nrg_pc_204_c:KWH2500-4999:EUR,SK,cost,household,,TAX_NUC,2024-01-01,2024-12-31,0.0033,EUR/kWh,EUR,,primary
nrg_pc_204_c:KWH2500-4999:EUR,SK,cost,household,,TAX_NUC,2025-01-01,2025-12-31,0.0033,EUR/kWh,EUR,,primary
nrg_pc_204_c:KWH2500-4999:EUR,SK,cost,household,,TAX_NUC_ALLOW,2024-01-01,2024-12-31,0.0,EUR/kWh,EUR,,primary
nrg_pc_204_c:KWH2500-4999:EUR,SK,cost,household,,TAX_NUC_ALLOW,2025-01-01,2025-12-31,0.0,EUR/kWh,EUR,,primary
nrg_pc_204_c:KWH2500-4999:EUR,SK,cost,household,,TAX_RNW,2017-01-01,2017-12-31,0.0216,EUR/kWh,EUR,,primary
nrg_pc_204_c:KWH2500-4999:EUR,SK,cost,household,,TAX_RNW,2018-01-01,2018-12-31,0.0216,EUR/kWh,EUR,,primary
nrg_pc_204_c:KWH2500-4999:EUR,SK,cost,household,,TAX_RNW,2019-01-01,2019-12-31,0.0206,EUR/kWh,EUR,,primary
nrg_pc_204_c:KWH2500-4999:EUR,SK,cost,household,,TAX_RNW,2020-01-01,2020-12-31,0.0182,EUR/kWh,EUR,,primary
nrg_pc_204_c:KWH2500-4999:EUR,SK,cost,household,,TAX_RNW,2021-01-01,2021-12-31,0.0181,EUR/kWh,EUR,,primary
nrg_pc_204_c:KWH2500-4999:EUR,SK,cost,household,,TAX_RNW,2022-01-01,2022-12-31,0.0059,EUR/kWh,EUR,,primary
nrg_pc_204_c:KWH2500-4999:EUR,SK,cost,household,,TAX_RNW,2023-01-01,2023-12-31,0.0083,EUR/kWh,EUR,,primary
nrg_pc_204_c:KWH2500-4999:EUR,SK,cost,household,,TAX_RNW,2024-01-01,2024-12-31,0.0127,EUR/kWh,EUR,,primary
nrg_pc_204_c:KWH2500-4999:EUR,SK,cost,household,,TAX_RNW,2025-01-01,2025-12-31,0.0149,EUR/kWh,EUR,,primary
nrg_pc_204_c:KWH2500-4999:EUR,SK,cost,household,,TAX_RNW_ALLOW,2024-01-01,2024-12-31,0.0,EUR/kWh,EUR,,primary
nrg_pc_204_c:KWH2500-4999:EUR,SK,cost,household,,TAX_RNW_ALLOW,2025-01-01,2025-12-31,0.0,EUR/kWh,EUR,,primary
nrg_pc_204_c:KWH2500-4999:EUR,SK,cost,household,,VAT,2017-01-01,2017-12-31,0.024,EUR/kWh,EUR,,primary
nrg_pc_204_c:KWH2500-4999:EUR,SK,cost,household,,VAT,2018-01-01,2018-12-31,0.0252,EUR/kWh,EUR,,primary
nrg_pc_204_c:KWH2500-4999:EUR,SK,cost,household,,VAT,2019-01-01,2019-12-31,0.0264,EUR/kWh,EUR,,primary
nrg_pc_204_c:KWH2500-4999:EUR,SK,cost,household,,VAT,2020-01-01,2020-12-31,0.0284,EUR/kWh,EUR,,primary
nrg_pc_204_c:KWH2500-4999:EUR,SK,cost,household,,VAT,2021-01-01,2021-12-31,0.0274,EUR/kWh,EUR,,primary
nrg_pc_204_c:KWH2500-4999:EUR,SK,cost,household,,VAT,2022-01-01,2022-12-31,0.0307,EUR/kWh,EUR,,primary
nrg_pc_204_c:KWH2500-4999:EUR,SK,cost,household,,VAT,2023-01-01,2023-12-31,0.0329,EUR/kWh,EUR,,primary
nrg_pc_204_c:KWH2500-4999:EUR,SK,cost,household,,VAT,2024-01-01,2024-12-31,0.0298,EUR/kWh,EUR,,primary
nrg_pc_204_c:KWH2500-4999:EUR,SK,cost,household,,VAT,2025-01-01,2025-12-31,0.0299,EUR/kWh,EUR,,primary
