series_id,region,layer,buyer_type,fuel,component,period_start,period_end,value,unit,currency,source_flag,confidence
nrg_pc_204:KWH2500-4999:I_TAX:EUR,AT,cost,household,,,2015-01-01,2015-06-30,0.2009,EUR/kWh,EUR,,primary
nrg_pc_204:KWH2500-4999:I_TAX:EUR,AT,cost,household,,,2015-07-01,2015-12-31,0.1983,EUR/kWh,EUR,,primary
nrg_pc_204:KWH2500-4999:I_TAX:EUR,AT,cost,household,,,2016-01-01,2016-06-30,0.2034,EUR/kWh,EUR,,primary
nrg_pc_204:KWH2500-4999:I_TAX:EUR,AT,cost,household,,,2016-07-01,2016-12-31,0.201,EUR/kWh,EUR,,primary
nrg_pc_204:KWH2500-4999:I_TAX:EUR,AT,cost,household,,,2017-01-01,2017-06-30,0.195,EUR/kWh,EUR,,primary
nrg_pc_204:KWH2500-4999:I_TAX:EUR,AT,cost,household,,,2017-07-01,2017-12-31,0.1978,EUR/kWh,EUR,,primary
nrg_pc_204:KWH2500-4999:I_TAX:EUR,AT,cost,household,,,2018-01-01,2018-06-30,0.1966,EUR/kWh,EUR,,primary
nrg_pc_204:KWH2500-4999:I_TAX:EUR,AT,cost,household,,,2018-07-01,2018-12-31,0.2012,EUR/kWh,EUR,,primary
nrg_pc_204:KWH2500-4999:I_TAX:EUR,AT,cost,household,,,2019-01-01,2019-06-30,0.2034,EUR/kWh,EUR,,primary
nrg_pc_204:KWH2500-4999:I_TAX:EUR,AT,cost,household,,,2019-07-01,2019-12-31,0.2074,EUR/kWh,EUR,,primary
nrg_pc_204:KWH2500-4999:I_TAX:EUR,AT,cost,household,,,2020-01-01,2020-06-30,0.2111,EUR/kWh,EUR,,primary
nrg_pc_204:KWH2500-4999:I_TAX:EUR,AT,cost,household,,,2020-07-01,2020-12-31,0.2167,EUR/kWh,EUR,,primary
nrg_pc_204:KWH2500-4999:I_TAX:EUR,AT,cost,household,,,2021-01-01,2021-06-30,0.2216,EUR/kWh,EUR,,primary
nrg_pc_204:KWH2500-4999:I_TAX:EUR,AT,cost,household,,,2021-07-01,2021-12-31,0.2285,EUR/kWh,EUR,,primary
nrg_pc_204:KWH2500-4999:I_TAX:EUR,AT,cost,household,,,2022-01-01,2022-06-30,0.2249,EUR/kWh,EUR,,primary
nrg_pc_204:KWH2500-4999:I_TAX:EUR,AT,cost,household,,,2022-07-01,2022-12-31,0.237,EUR/kWh,EUR,e,primary
nrg_pc_204:KWH2500-4999:I_TAX:EUR,AT,cost,household,,,2023-01-01,2023-06-30,0.2653,EUR/kWh,EUR,e,primary
nrg_pc_204:KWH2500-4999:I_TAX:EUR,AT,cost,household,,,2023-07-01,2023-12-31,0.2748,EUR/kWh,EUR,e,primary
nrg_pc_204:KWH2500-4999:I_TAX:EUR,AT,cost,household,,,2024-01-01,2024-06-30,0.2731,EUR/kWh,EUR,e,primary
nrg_pc_204:KWH2500-4999:I_TAX:EUR,AT,cost,household,,,2024-07-01,2024-12-31,0.2437,EUR/kWh,EUR,e,primary
nrg_pc_204:KWH2500-4999:I_TAX:EUR,AT,cost,household,,,2025-01-01,2025-06-30,0.2905,EUR/kWh,EUR,e,primary
nrg_pc_204:KWH2500-4999:I_TAX:EUR,AT,cost,household,,,2025-07-01,2025-12-31,0.3272,EUR/kWh,EUR,e,primary
nrg_pc_204:KWH2500-4999:I_TAX:EUR,AT,cost,household,,,2026-01-01,2026-06-30,0.326,EUR/kWh,EUR,,primary
nrg_pc_204:KWH2500-4999:I_TAX:EUR,BE,cost,household,,,2015-01-01,2015-06-30,0.2126,EUR/kWh,EUR,,primary
nrg_pc_204:KWH2500-4999:I_TAX:EUR,BE,cost,household,,,2015-07-01,2015-12-31,0.2352,EUR/kWh,EUR,,primary
nrg_pc_204:KWH2500-4999:I_TAX:EUR,BE,cost,household,,,2016-01-01,2016-06-30,0.2544,EUR/kWh,EUR,,primary
nrg_pc_204:KWH2500-4999:I_TAX:EUR,BE,cost,household,,,2016-07-01,2016-12-31,0.2745,EUR/kWh,EUR,,primary
nrg_pc_204:KWH2500-4999:I_TAX:EUR,BE,cost,household,,,2017-01-01,2017-06-30,0.2857,EUR/kWh,EUR,,primary
nrg_pc_204:KWH2500-4999:I_TAX:EUR,BE,cost,household,,,2017-07-01,2017-12-31,0.2877,EUR/kWh,EUR,,primary
nrg_pc_204:KWH2500-4999:I_TAX:EUR,BE,cost,household,,,2018-01-01,2018-06-30,0.2824,EUR/kWh,EUR,,primary
nrg_pc_204:KWH2500-4999:I_TAX:EUR,BE,cost,household,,,2018-07-01,2018-12-31,0.2936,EUR/kWh,EUR,,primary
nrg_pc_204:KWH2500-4999:I_TAX:EUR,BE,cost,household,,,2019-01-01,2019-06-30,0.2839,EUR/kWh,EUR,,primary
nrg_pc_204:KWH2500-4999:I_TAX:EUR,BE,cost,household,,,2019-07-01,2019-12-31,0.286,EUR/kWh,EUR,,primary
nrg_pc_204:KWH2500-4999:I_TAX:EUR,BE,cost,household,,,2020-01-01,2020-06-30,0.2792,EUR/kWh,EUR,,primary
nrg_pc_204:KWH2500-4999:I_TAX:EUR,BE,cost,household,,,2020-07-01,2020-12-31,0.2702,EUR/kWh,EUR,,primary
nrg_pc_204:KWH2500-4999:I_TAX:EUR,BE,cost,household,,,2021-01-01,2021-06-30,0.2702,EUR/kWh,EUR,,primary
nrg_pc_204:KWH2500-4999:I_TAX:EUR,BE,cost,household,,,2021-07-01,2021-12-31,0.2994,EUR/kWh,EUR,,primary
nrg_pc_204:KWH2500-4999:I_TAX:EUR,BE,cost,household,,,2022-01-01,2022-06-30,0.3437,EUR/kWh,EUR,,primary
nrg_pc_204:KWH2500-4999:I_TAX:EUR,BE,cost,household,,,2022-07-01,2022-12-31,0.4489,EUR/kWh,EUR,,primary
nrg_pc_204:KWH2500-4999:I_TAX:EUR,BE,cost,household,,,2023-01-01,2023-06-30,0.435,EUR/kWh,EUR,,primary
nrg_pc_204:KWH2500-4999:I_TAX:EUR,BE,cost,household,,,2023-07-01,2023-12-31,0.3778,EUR/kWh,EUR,,primary
nrg_pc_204:KWH2500-4999:I_TAX:EUR,BE,cost,household,,,2024-01-01,2024-06-30,0.3354,EUR/kWh,EUR,,primary
nrg_pc_204:KWH2500-4999:I_TAX:EUR,BE,cost,household,,,2024-07-01,2024-12-31,0.3313,EUR/kWh,EUR,,primary
nrg_pc_204:KWH2500-4999:I_TAX:EUR,BE,cost,household,,,2025-01-01,2025-06-30,0.3571,EUR/kWh,EUR,,primary
nrg_pc_204:KWH2500-4999:I_TAX:EUR,BE,cost,household,,,2025-07-01,2025-12-31,0.3499,EUR/kWh,EUR,,primary
nrg_pc_204:KWH2500-4999:I_TAX:EUR,BE,cost,household,,,2026-01-01,2026-06-30,0.3575,EUR/kWh,EUR,,primary
nrg_pc_204:KWH2500-4999:I_TAX:EUR,BG,cost,household,,,2015-01-01,2015-06-30,0.0942,EUR/kWh,EUR,,primary
nrg_pc_204:KWH2500-4999:I_TAX:EUR,BG,cost,household,,,2015-07-01,2015-12-31,0.0957,EUR/kWh,EUR,,primary
nrg_pc_204:KWH2500-4999:I_TAX:EUR,BG,cost,household,,,2016-01-01,2016-06-30,0.0956,EUR/kWh,EUR,,primary
nrg_pc_204:KWH2500-4999:I_TAX:EUR,BG,cost,household,,,2016-07-01,2016-12-31,0.0938,EUR/kWh,EUR,,primary
nrg_pc_204:KWH2500-4999:I_TAX:EUR,BG,cost,household,,,2017-01-01,2017-06-30,0.0955,EUR/kWh,EUR,,primary
nrg_pc_204:KWH2500-4999:I_TAX:EUR,BG,cost,household,,,2017-07-01,2017-12-31,0.0983,EUR/kWh,EUR,,primary
nrg_pc_204:KWH2500-4999:I_TAX:EUR,BG,cost,household,,,2018-01-01,2018-06-30,0.0979,EUR/kWh,EUR,,primary
nrg_pc_204:KWH2500-4999:I_TAX:EUR,BG,cost,household,,,2018-07-01,2018-12-31,0.1005,EUR/kWh,EUR,,primary
nrg_pc_204:KWH2500-4999:I_TAX:EUR,BG,cost,household,,,2019-01-01,2019-06-30,0.0997,EUR/kWh,EUR,,primary
nrg_pc_204:KWH2500-4999:I_TAX:EUR,BG,cost,household,,,2019-07-01,2019-12-31,0.0958,EUR/kWh,EUR,,primary
nrg_pc_204:KWH2500-4999:I_TAX:EUR,BG,cost,household,,,2020-01-01,2020-06-30,0.0997,EUR/kWh,EUR,,primary
nrg_pc_204:KWH2500-4999:I_TAX:EUR,BG,cost,household,,,2020-07-01,2020-12-31,0.0982,EUR/kWh,EUR,,primary
nrg_pc_204:KWH2500-4999:I_TAX:EUR,BG,cost,household,,,2021-01-01,2021-06-30,0.1024,EUR/kWh,EUR,,primary
nrg_pc_204:KWH2500-4999:I_TAX:EUR,BG,cost,household,,,2021-07-01,2021-12-31,0.1091,EUR/kWh,EUR,,primary
nrg_pc_204:KWH2500-4999:I_TAX:EUR,BG,cost,household,,,2022-01-01,2022-06-30,0.1093,EUR/kWh,EUR,,primary
nrg_pc_204:KWH2500-4999:I_TAX:EUR,BG,cost,household,,,2022-07-01,2022-12-31,0.1147,EUR/kWh,EUR,,primary
nrg_pc_204:KWH2500-4999:I_TAX:EUR,BG,cost,household,,,2023-01-01,2023-06-30,0.1138,EUR/kWh,EUR,,primary
nrg_pc_204:KWH2500-4999:I_TAX:EUR,BG,cost,household,,,2023-07-01,2023-12-31,0.1192,EUR/kWh,EUR,,primary
nrg_pc_204:KWH2500-4999:I_TAX:EUR,BG,cost,household,,,2024-01-01,2024-06-30,0.1187,EUR/kWh,EUR,,primary
nrg_pc_204:KWH2500-4999:I_TAX:EUR,BG,cost,household,,,2024-07-01,2024-12-31,0.1217,EUR/kWh,EUR,,primary
nrg_pc_204:KWH2500-4999:I_TAX:EUR,BG,cost,household,,,2025-01-01,2025-06-30,0.13,EUR/kWh,EUR,,primary
nrg_pc_204:KWH2500-4999:I_TAX:EUR,BG,cost,household,,,2025-07-01,2025-12-31,0.1355,EUR/kWh,EUR,,primary
nrg_pc_204:KWH2500-4999:I_TAX:EUR,BG,cost,household,,,2026-01-01,2026-06-30,0.1341,EUR/kWh,EUR,,primary
nrg_pc_204:KWH2500-4999:I_TAX:EUR,CY,cost,household,,,2015-01-01,2015-06-30,0.1957,EUR/kWh,EUR,,primary
nrg_pc_204:KWH2500-4999:I_TAX:EUR,CY,cost,household,,,2015-07-01,2015-12-31,0.1838,EUR/kWh,EUR,,primary
nrg_pc_204:KWH2500-4999:I_TAX:EUR,CY,cost,household,,,2016-01-01,2016-06-30,0.1527,EUR/kWh,EUR,,primary
nrg_pc_204:KWH2500-4999:I_TAX:EUR,CY,cost,household,,,2016-07-01,2016-12-31,0.1621,EUR/kWh,EUR,,primary
nrg_pc_204:KWH2500-4999:I_TAX:EUR,CY,cost,household,,,2017-01-01,2017-06-30,0.1863,EUR/kWh,EUR,,primary
nrg_pc_204:KWH2500-4999:I_TAX:EUR,CY,cost,household,,,2017-07-01,2017-12-31,0.1826,EUR/kWh,EUR,,primary
nrg_pc_204:KWH2500-4999:I_TAX:EUR,CY,cost,household,,,2018-01-01,2018-06-30,0.1893,EUR/kWh,EUR,,primary
nrg_pc_204:KWH2500-4999:I_TAX:EUR,CY,cost,household,,,2018-07-01,2018-12-31,0.2183,EUR/kWh,EUR,,primary
nrg_pc_204:KWH2500-4999:I_TAX:EUR,CY,cost,household,,,2019-01-01,2019-06-30,0.2203,EUR/kWh,EUR,,primary
nrg_pc_204:KWH2500-4999:I_TAX:EUR,CY,cost,household,,,2019-07-01,2019-12-31,0.2236,EUR/kWh,EUR,,primary
nrg_pc_204:KWH2500-4999:I_TAX:EUR,CY,cost,household,,,2020-01-01,2020-06-30,0.2133,EUR/kWh,EUR,,primary
nrg_pc_204:KWH2500-4999:I_TAX:EUR,CY,cost,household,,,2020-07-01,2020-12-31,0.1698,EUR/kWh,EUR,,primary
nrg_pc_204:KWH2500-4999:I_TAX:EUR,CY,cost,household,,,2021-01-01,2021-06-30,0.1976,EUR/kWh,EUR,,primary
nrg_pc_204:KWH2500-4999:I_TAX:EUR,CY,cost,household,,,2021-07-01,2021-12-31,0.2304,EUR/kWh,EUR,,primary
nrg_pc_204:KWH2500-4999:I_TAX:EUR,CY,cost,household,,,2022-01-01,2022-06-30,0.2607,EUR/kWh,EUR,,primary
nrg_pc_204:KWH2500-4999:I_TAX:EUR,CY,cost,household,,,2022-07-01,2022-12-31,0.3261,EUR/kWh,EUR,,primary
nrg_pc_204:KWH2500-4999:I_TAX:EUR,CY,cost,household,,,2023-01-01,2023-06-30,0.3739,EUR/kWh,EUR,,primary
nrg_pc_204:KWH2500-4999:I_TAX:EUR,CY,cost,household,,,2023-07-01,2023-12-31,0.3452,EUR/kWh,EUR,,primary
nrg_pc_204:KWH2500-4999:I_TAX:EUR,CY,cost,household,,,2024-01-01,2024-06-30,0.3241,EUR/kWh,EUR,,primary
nrg_pc_204:KWH2500-4999:I_TAX:EUR,CY,cost,household,,,2024-07-01,2024-12-31,0.3251,EUR/kWh,EUR,,primary
nrg_pc_204:KWH2500-4999:I_TAX:EUR,CY,cost,household,,,2025-01-01,2025-06-30,0.2932,EUR/kWh,EUR,,primary
nrg_pc_204:KWH2500-4999:I_TAX:EUR,CY,cost,household,,,2025-07-01,2025-12-31,0.2774,EUR/kWh,EUR,,primary
nrg_pc_204:KWH2500-4999:I_TAX:EUR,CY,cost,household,,,2026-01-01,2026-06-30,0.2688,EUR/kWh,EUR,,primary
nrg_pc_204:KWH2500-4999:I_TAX:EUR,CZ,cost,household,,,2015-01-01,2015-06-30,0.1385,EUR/kWh,EUR,,primary
nrg_pc_204:KWH2500-4999:I_TAX:EUR,CZ,cost,household,,,2015-07-01,2015-12-31,0.1408,EUR/kWh,EUR,,primary
nrg_pc_204:KWH2500-4999:I_TAX:EUR,CZ,cost,household,,,2016-01-01,2016-06-30,0.142,EUR/kWh,EUR,,primary
nrg_pc_204:KWH2500-4999:I_TAX:EUR,CZ,cost,household,,,2016-07-01,2016-12-31,0.1421,EUR/kWh,EUR,,primary
nrg_pc_204:KWH2500-4999:I_TAX:EUR,CZ,cost,household,,,2017-01-01,2017-06-30,0.1438,EUR/kWh,EUR,,primary
nrg_pc_204:KWH2500-4999:I_TAX:EUR,CZ,cost,household,,,2017-07-01,2017-12-31,0.1488,EUR/kWh,EUR,,primary
nrg_pc_204:KWH2500-4999:I_TAX:EUR,CZ,cost,household,,,2018-01-01,2018-06-30,0.1573,EUR/kWh,EUR,,primary
nrg_pc_204:KWH2500-4999:I_TAX:EUR,CZ,cost,household,,,2018-07-01,2018-12-31,0.1586,EUR/kWh,EUR,,primary
nrg_pc_204:KWH2500-4999:I_TAX:EUR,CZ,cost,household,,,2019-01-01,2019-06-30,0.1748,EUR/kWh,EUR,,primary
nrg_pc_204:KWH2500-4999:I_TAX:EUR,CZ,cost,household,,,2019-07-01,2019-12-31,0.177,EUR/kWh,EUR,,primary
nrg_pc_204:KWH2500-4999:I_TAX:EUR,CZ,cost,household,,,2020-01-01,2020-06-30,0.1841,EUR/kWh,EUR,,primary
nrg_pc_204:KWH2500-4999:I_TAX:EUR,CZ,cost,household,,,2020-07-01,2020-12-31,0.1795,EUR/kWh,EUR,,primary
nrg_pc_204:KWH2500-4999:I_TAX:EUR,CZ,cost,household,,,2021-01-01,2021-06-30,0.1802,EUR/kWh,EUR,,primary
nrg_pc_204:KWH2500-4999:I_TAX:EUR,CZ,cost,household,,,2021-07-01,2021-12-31,0.1883,EUR/kWh,EUR,,primary
nrg_pc_204:KWH2500-4999:I_TAX:EUR,CZ,cost,household,,,2022-01-01,2022-06-30,0.2445,EUR/kWh,EUR,,primary
nrg_pc_204:KWH2500-4999:I_TAX:EUR,CZ,cost,household,,,2022-07-01,2022-12-31,0.1721,EUR/kWh,EUR,,primary
nrg_pc_204:KWH2500-4999:I_TAX:EUR,CZ,cost,household,,,2023-01-01,2023-06-30,0.319,EUR/kWh,EUR,,primary
nrg_pc_204:KWH2500-4999:I_TAX:EUR,CZ,cost,household,,,2023-07-01,2023-12-31,0.3151,EUR/kWh,EUR,,primary
nrg_pc_204:KWH2500-4999:I_TAX:EUR,CZ,cost,household,,,2024-01-01,2024-06-30,0.3381,EUR/kWh,EUR,,primary
nrg_pc_204:KWH2500-4999:I_TAX:EUR,CZ,cost,household,,,2024-07-01,2024-12-31,0.3302,EUR/kWh,EUR,,primary
nrg_pc_204:KWH2500-4999:I_TAX:EUR,CZ,cost,household,,,2025-01-01,2025-06-30,0.3179,EUR/kWh,EUR,,primary
nrg_pc_204:KWH2500-4999:I_TAX:EUR,CZ,cost,household,,,2025-07-01,2025-12-31,0.3217,EUR/kWh,EUR,,primary
nrg_pc_204:KWH2500-4999:I_TAX:EUR,CZ,cost,household,,,2026-01-01,2026-06-30,0.2884,EUR/kWh,EUR,,primary
nrg_pc_204:KWH2500-4999:I_TAX:EUR,DE,cost,household,,,2015-01-01,2015-06-30,0.2951,EUR/kWh,EUR,,primary
nrg_pc_204:KWH2500-4999:I_TAX:EUR,DE,cost,household,,,2015-07-01,2015-12-31,0.2946,EUR/kWh,EUR,,primary
nrg_pc_204:KWH2500-4999:I_TAX:EUR,DE,cost,household,,,2016-01-01,2016-06-30,0.2969,EUR/kWh,EUR,,primary
nrg_pc_204:KWH2500-4999:I_TAX:EUR,DE,cost,household,,,2016-07-01,2016-12-31,0.2977,EUR/kWh,EUR,,primary
nrg_pc_204:KWH2500-4999:I_TAX:EUR,DE,cost,household,,,2017-01-01,2017-06-30,0.3048,EUR/kWh,EUR,,primary
nrg_pc_204:KWH2500-4999:I_TAX:EUR,DE,cost,household,,,2017-07-01,2017-12-31,0.3048,EUR/kWh,EUR,,primary
nrg_pc_204:KWH2500-4999:I_TAX:EUR,DE,cost,household,,,2018-01-01,2018-06-30,0.2987,EUR/kWh,EUR,,primary
nrg_pc_204:KWH2500-4999:I_TAX:EUR,DE,cost,household,,,2018-07-01,2018-12-31,0.3,EUR/kWh,EUR,,primary
nrg_pc_204:KWH2500-4999:I_TAX:EUR,DE,cost,household,,,2019-01-01,2019-06-30,0.3088,EUR/kWh,EUR,,primary
nrg_pc_204:KWH2500-4999:I_TAX:EUR,DE,cost,household,,,2019-07-01,2019-12-31,0.2878,EUR/kWh,EUR,,primary
nrg_pc_204:KWH2500-4999:I_TAX:EUR,DE,cost,household,,,2020-01-01,2020-06-30,0.3043,EUR/kWh,EUR,,primary
nrg_pc_204:KWH2500-4999:I_TAX:EUR,DE,cost,household,,,2020-07-01,2020-12-31,0.3006,EUR/kWh,EUR,,primary
nrg_pc_204:KWH2500-4999:I_TAX:EUR,DE,cost,household,,,2021-01-01,2021-06-30,0.3193,EUR/kWh,EUR,,primary
nrg_pc_204:KWH2500-4999:I_TAX:EUR,DE,cost,household,,,2021-07-01,2021-12-31,0.3234,EUR/kWh,EUR,,primary
nrg_pc_204:KWH2500-4999:I_TAX:EUR,DE,cost,household,,,2022-01-01,2022-06-30,0.3279,EUR/kWh,EUR,,primary
nrg_pc_204:KWH2500-4999:I_TAX:EUR,DE,cost,household,,,2022-07-01,2022-12-31,0.3357,EUR/kWh,EUR,,primary
nrg_pc_204:KWH2500-4999:I_TAX:EUR,DE,cost,household,,,2023-01-01,2023-06-30,0.4125,EUR/kWh,EUR,,primary
nrg_pc_204:KWH2500-4999:I_TAX:EUR,DE,cost,household,,,2023-07-01,2023-12-31,0.402,EUR/kWh,EUR,,primary
nrg_pc_204:KWH2500-4999:I_TAX:EUR,DE,cost,household,,,2024-01-01,2024-06-30,0.3951,EUR/kWh,EUR,,primary
nrg_pc_204:KWH2500-4999:I_TAX:EUR,DE,cost,household,,,2024-07-01,2024-12-31,0.3943,EUR/kWh,EUR,,primary
nrg_pc_204:KWH2500-4999:I_TAX:EUR,DE,cost,household,,,2025-01-01,2025-06-30,0.3835,EUR/kWh,EUR,,primary
nrg_pc_204:KWH2500-4999:I_TAX:EUR,DE,cost,household,,,2025-07-01,2025-12-31,0.3869,EUR/kWh,EUR,,primary
nrg_pc_204:KWH2500-4999:I_TAX:EUR,DE,cost,household,,,2026-01-01,2026-06-30,0.3618,EUR/kWh,EUR,,primary
nrg_pc_204:KWH2500-4999:I_TAX:EUR,DK,cost,household,,,2015-01-01,2015-06-30,0.3068,EUR/kWh,EUR,,primary
nrg_pc_204:KWH2500-4999:I_TAX:EUR,DK,cost,household,,,2015-07-01,2015-12-31,0.3042,EUR/kWh,EUR,,primary
nrg_pc_204:KWH2500-4999:I_TAX:EUR,DK,cost,household,,,2016-01-01,2016-06-30,0.3088,EUR/kWh,EUR,,primary
nrg_pc_204:KWH2500-4999:I_TAX:EUR,DK,cost,household,,,2016-07-01,2016-12-31,0.3084,EUR/kWh,EUR,,primary
nrg_pc_204:KWH2500-4999:I_TAX:EUR,DK,cost,household,,,2017-01-01,2017-06-30,0.3049,EUR/kWh,EUR,,primary
nrg_pc_204:KWH2500-4999:I_TAX:EUR,DK,cost,household,,,2017-07-01,2017-12-31,0.301,EUR/kWh,EUR,,primary
nrg_pc_204:KWH2500-4999:I_TAX:EUR,DK,cost,household,,,2018-01-01,2018-06-30,0.3126,EUR/kWh,EUR,,primary
nrg_pc_204:KWH2500-4999:I_TAX:EUR,DK,cost,household,,,2018-07-01,2018-12-31,0.3123,EUR/kWh,EUR,,primary
nrg_pc_204:KWH2500-4999:I_TAX:EUR,DK,cost,household,,,2019-01-01,2019-06-30,0.2984,EUR/kWh,EUR,,primary
nrg_pc_204:KWH2500-4999:I_TAX:EUR,DK,cost,household,,,2019-07-01,2019-12-31,0.2924,EUR/kWh,EUR,,primary
nrg_pc_204:KWH2500-4999:I_TAX:EUR,DK,cost,household,,,2020-01-01,2020-06-30,0.2833,EUR/kWh,EUR,,primary
nrg_pc_204:KWH2500-4999:I_TAX:EUR,DK,cost,household,,,2020-07-01,2020-12-31,0.2819,EUR/kWh,EUR,,primary
nrg_pc_204:KWH2500-4999:I_TAX:EUR,DK,cost,household,,,2021-01-01,2021-06-30,0.29,EUR/kWh,EUR,,primary
nrg_pc_204:KWH2500-4999:I_TAX:EUR,DK,cost,household,,,2021-07-01,2021-12-31,0.3448,EUR/kWh,EUR,,primary
nrg_pc_204:KWH2500-4999:I_TAX:EUR,DK,cost,household,,,2022-01-01,2022-06-30,0.4559,EUR/kWh,EUR,,primary
nrg_pc_204:KWH2500-4999:I_TAX:EUR,DK,cost,household,,,2022-07-01,2022-12-31,0.5871,EUR/kWh,EUR,,primary
nrg_pc_204:KWH2500-4999:I_TAX:EUR,DK,cost,household,,,2023-01-01,2023-06-30,0.3811,EUR/kWh,EUR,,primary
nrg_pc_204:KWH2500-4999:I_TAX:EUR,DK,cost,household,,,2023-07-01,2023-12-31,0.3554,EUR/kWh,EUR,,primary
nrg_pc_204:KWH2500-4999:I_TAX:EUR,DK,cost,household,,,2024-01-01,2024-06-30,0.3708,EUR/kWh,EUR,,primary
nrg_pc_204:KWH2500-4999:I_TAX:EUR,DK,cost,household,,,2024-07-01,2024-12-31,0.3763,EUR/kWh,EUR,,primary
nrg_pc_204:KWH2500-4999:I_TAX:EUR,DK,cost,household,,,2025-01-01,2025-06-30,0.3485,EUR/kWh,EUR,,primary
nrg_pc_204:KWH2500-4999:I_TAX:EUR,DK,cost,household,,,2025-07-01,2025-12-31,0.3312,EUR/kWh,EUR,,primary
nrg_pc_204:KWH2500-4999:I_TAX:EUR,EE,cost,household,,,2015-01-01,2015-06-30,0.1302,EUR/kWh,EUR,,primary
nrg_pc_204:KWH2500-4999:I_TAX:EUR,EE,cost,household,,,2015-07-01,2015-12-31,0.1291,EUR/kWh,EUR,,primary
nrg_pc_204:KWH2500-4999:I_TAX:EUR,EE,cost,household,,,2016-01-01,2016-06-30,0.1208,EUR/kWh,EUR,,primary
nrg_pc_204:KWH2500-4999:I_TAX:EUR,EE,cost,household,,,2016-07-01,2016-12-31,0.1238,EUR/kWh,EUR,,primary
nrg_pc_204:KWH2500-4999:I_TAX:EUR,EE,cost,household,,,2017-01-01,2017-06-30,0.1207,EUR/kWh,EUR,,primary
nrg_pc_204:KWH2500-4999:I_TAX:EUR,EE,cost,household,,,2017-07-01,2017-12-31,0.1319,EUR/kWh,EUR,,primary
nrg_pc_204:KWH2500-4999:I_TAX:EUR,EE,cost,household,,,2018-01-01,2018-06-30,0.1348,EUR/kWh,EUR,,primary
nrg_pc_204:KWH2500-4999:I_TAX:EUR,EE,cost,household,,,2018-07-01,2018-12-31,0.1418,EUR/kWh,EUR,,primary
nrg_pc_204:KWH2500-4999:I_TAX:EUR,EE,cost,household,,,2019-01-01,2019-06-30,0.1357,EUR/kWh,EUR,,primary
nrg_pc_204:KWH2500-4999:I_TAX:EUR,EE,cost,household,,,2019-07-01,2019-12-31,0.1411,EUR/kWh,EUR,,primary
nrg_pc_204:KWH2500-4999:I_TAX:EUR,EE,cost,household,,,2020-01-01,2020-06-30,0.1236,EUR/kWh,EUR,,primary
nrg_pc_204:KWH2500-4999:I_TAX:EUR,EE,cost,household,,,2020-07-01,2020-12-31,0.1291,EUR/kWh,EUR,,primary
nrg_pc_204:KWH2500-4999:I_TAX:EUR,EE,cost,household,,,2021-01-01,2021-06-30,0.1324,EUR/kWh,EUR,,primary
nrg_pc_204:KWH2500-4999:I_TAX:EUR,EE,cost,household,,,2021-07-01,2021-12-31,0.1939,EUR/kWh,EUR,,primary
nrg_pc_204:KWH2500-4999:I_TAX:EUR,EE,cost,household,,,2022-01-01,2022-06-30,0.2056,EUR/kWh,EUR,,primary
nrg_pc_204:KWH2500-4999:I_TAX:EUR,EE,cost,household,,,2022-07-01,2022-12-31,0.265,EUR/kWh,EUR,,primary
nrg_pc_204:KWH2500-4999:I_TAX:EUR,EE,cost,household,,,2023-01-01,2023-06-30,0.216,EUR/kWh,EUR,,primary
nrg_pc_204:KWH2500-4999:I_TAX:EUR,EE,cost,household,,,2023-07-01,2023-12-31,0.2339,EUR/kWh,EUR,,primary
nrg_pc_204:KWH2500-4999:I_TAX:EUR,EE,cost,household,,,2024-01-01,2024-06-30,0.23,EUR/kWh,EUR,,primary
nrg_pc_204:KWH2500-4999:I_TAX:EUR,EE,cost,household,,,2024-07-01,2024-12-31,0.2214,EUR/kWh,EUR,,primary
nrg_pc_204:KWH2500-4999:I_TAX:EUR,EE,cost,household,,,2025-01-01,2025-06-30,0.2298,EUR/kWh,EUR,,primary
nrg_pc_204:KWH2500-4999:I_TAX:EUR,EE,cost,household,,,2025-07-01,2025-12-31,0.2303,EUR/kWh,EUR,,primary
nrg_pc_204:KWH2500-4999:I_TAX:EUR,EE,cost,household,,,2026-01-01,2026-06-30,0.2118,EUR/kWh,EUR,,primary
nrg_pc_204:KWH2500-4999:I_TAX:EUR,EL,cost,household,,,2015-01-01,2015-06-30,0.1767,EUR/kWh,EUR,,primary
nrg_pc_204:KWH2500-4999:I_TAX:EUR,EL,cost,household,,,2015-07-01,2015-12-31,0.1771,EUR/kWh,EUR,,primary
nrg_pc_204:KWH2500-4999:I_TAX:EUR,EL,cost,household,,,2016-01-01,2016-06-30,0.1716,EUR/kWh,EUR,,primary
nrg_pc_204:KWH2500-4999:I_TAX:EUR,EL,cost,household,,,2016-07-01,2016-12-31,0.1723,EUR/kWh,EUR,,primary
nrg_pc_204:KWH2500-4999:I_TAX:EUR,EL,cost,household,,,2017-01-01,2017-06-30,0.1711,EUR/kWh,EUR,,primary
nrg_pc_204:KWH2500-4999:I_TAX:EUR,EL,cost,household,,,2017-07-01,2017-12-31,0.162,EUR/kWh,EUR,,primary
nrg_pc_204:KWH2500-4999:I_TAX:EUR,EL,cost,household,,,2018-01-01,2018-06-30,0.1672,EUR/kWh,EUR,,primary
nrg_pc_204:KWH2500-4999:I_TAX:EUR,EL,cost,household,,,2018-07-01,2018-12-31,0.1646,EUR/kWh,EUR,,primary
nrg_pc_204:KWH2500-4999:I_TAX:EUR,EL,cost,household,,,2019-01-01,2019-06-30,0.1595,EUR/kWh,EUR,,primary
nrg_pc_204:KWH2500-4999:I_TAX:EUR,EL,cost,household,,,2019-07-01,2019-12-31,0.1551,EUR/kWh,EUR,,primary
nrg_pc_204:KWH2500-4999:I_TAX:EUR,EL,cost,household,,,2020-01-01,2020-06-30,0.1674,EUR/kWh,EUR,,primary
nrg_pc_204:KWH2500-4999:I_TAX:EUR,EL,cost,household,,,2020-07-01,2020-12-31,0.1641,EUR/kWh,EUR,,primary
nrg_pc_204:KWH2500-4999:I_TAX:EUR,EL,cost,household,,,2021-01-01,2021-06-30,0.168,EUR/kWh,EUR,,primary
nrg_pc_204:KWH2500-4999:I_TAX:EUR,EL,cost,household,,,2021-07-01,2021-12-31,0.1974,EUR/kWh,EUR,,primary
nrg_pc_204:KWH2500-4999:I_TAX:EUR,EL,cost,household,,,2022-01-01,2022-06-30,0.2101,EUR/kWh,EUR,,primary
nrg_pc_204:KWH2500-4999:I_TAX:EUR,EL,cost,household,,,2022-07-01,2022-12-31,0.2438,EUR/kWh,EUR,,primary
nrg_pc_204:KWH2500-4999:I_TAX:EUR,EL,cost,household,,,2023-01-01,2023-06-30,0.2327,EUR/kWh,EUR,,primary
nrg_pc_204:KWH2500-4999:I_TAX:EUR,EL,cost,household,,,2023-07-01,2023-12-31,0.2309,EUR/kWh,EUR,,primary
nrg_pc_204:KWH2500-4999:I_TAX:EUR,EL,cost,household,,,2024-01-01,2024-06-30,0.2218,EUR/kWh,EUR,,primary
nrg_pc_204:KWH2500-4999:I_TAX:EUR,EL,cost,household,,,2024-07-01,2024-12-31,0.2311,EUR/kWh,EUR,,primary
nrg_pc_204:KWH2500-4999:I_TAX:EUR,EL,cost,household,,,2025-01-01,2025-06-30,0.2305,EUR/kWh,EUR,,primary
nrg_pc_204:KWH2500-4999:I_TAX:EUR,EL,cost,household,,,2025-07-01,2025-12-31,0.2381,EUR/kWh,EUR,,primary
nrg_pc_204:KWH2500-4999:I_TAX:EUR,EL,cost,household,,,2026-01-01,2026-06-30,0.2401,EUR/kWh,EUR,,primary
nrg_pc_204:KWH2500-4999:I_TAX:EUR,ES,cost,household,,,2015-01-01,2015-06-30,0.2309,EUR/kWh,EUR,,primary
nrg_pc_204:KWH2500-4999:I_TAX:EUR,ES,cost,household,,,2015-07-01,2015-12-31,0.237,EUR/kWh,EUR,,primary
nrg_pc_204:KWH2500-4999:I_TAX:EUR,ES,cost,household,,,2016-01-01,2016-06-30,0.2185,EUR/kWh,EUR,,primary
nrg_pc_204:KWH2500-4999:I_TAX:EUR,ES,cost,household,,,2016-07-01,2016-12-31,0.2284,EUR/kWh,EUR,,primary
nrg_pc_204:KWH2500-4999:I_TAX:EUR,ES,cost,household,,,2017-01-01,2017-06-30,0.2296,EUR/kWh,EUR,,primary
nrg_pc_204:KWH2500-4999:I_TAX:EUR,ES,cost,household,,,2017-07-01,2017-12-31,0.2177,EUR/kWh,EUR,,primary
nrg_pc_204:KWH2500-4999:I_TAX:EUR,ES,cost,household,,,2018-01-01,2018-06-30,0.2383,EUR/kWh,EUR,,primary
nrg_pc_204:KWH2500-4999:I_TAX:EUR,ES,cost,household,,,2018-07-01,2018-12-31,0.2477,EUR/kWh,EUR,,primary
nrg_pc_204:KWH2500-4999:I_TAX:EUR,ES,cost,household,,,2019-01-01,2019-06-30,0.2403,EUR/kWh,EUR,,primary
nrg_pc_204:KWH2500-4999:I_TAX:EUR,ES,cost,household,,,2019-07-01,2019-12-31,0.2394,EUR/kWh,EUR,,primary
nrg_pc_204:KWH2500-4999:I_TAX:EUR,ES,cost,household,,,2020-01-01,2020-06-30,0.2239,EUR/kWh,EUR,,primary
nrg_pc_204:KWH2500-4999:I_TAX:EUR,ES,cost,household,,,2020-07-01,2020-12-31,0.2298,EUR/kWh,EUR,,primary
nrg_pc_204:KWH2500-4999:I_TAX:EUR,ES,cost,household,,,2021-01-01,2021-06-30,0.2323,EUR/kWh,EUR,,primary
nrg_pc_204:KWH2500-4999:I_TAX:EUR,ES,cost,household,,,2021-07-01,2021-12-31,0.2816,EUR/kWh,EUR,,primary
nrg_pc_204:KWH2500-4999:I_TAX:EUR,ES,cost,household,,,2022-01-01,2022-06-30,0.3071,EUR/kWh,EUR,,primary
nrg_pc_204:KWH2500-4999:I_TAX:EUR,ES,cost,household,,,2022-07-01,2022-12-31,0.335,EUR/kWh,EUR,,primary
nrg_pc_204:KWH2500-4999:I_TAX:EUR,ES,cost,household,,,2023-01-01,2023-06-30,0.2454,EUR/kWh,EUR,,primary
nrg_pc_204:KWH2500-4999:I_TAX:EUR,ES,cost,household,,,2023-07-01,2023-12-31,0.2347,EUR/kWh,EUR,,primary
nrg_pc_204:KWH2500-4999:I_TAX:EUR,ES,cost,household,,,2024-01-01,2024-06-30,0.2436,EUR/kWh,EUR,,primary
nrg_pc_204:KWH2500-4999:I_TAX:EUR,ES,cost,household,,,2024-07-01,2024-12-31,0.2408,EUR/kWh,EUR,,primary
nrg_pc_204:KWH2500-4999:I_TAX:EUR,ES,cost,household,,,2025-01-01,2025-06-30,0.2612,EUR/kWh,EUR,,primary
nrg_pc_204:KWH2500-4999:I_TAX:EUR,ES,cost,household,,,2025-07-01,2025-12-31,0.2669,EUR/kWh,EUR,,primary
nrg_pc_204:KWH2500-4999:I_TAX:EUR,ES,cost,household,,,2026-01-01,2026-06-30,0.2509,EUR/kWh,EUR,,primary
nrg_pc_204:KWH2500-4999:I_TAX:EUR,EU,cost,household,,,2015-01-01,2015-06-30,0.2083,EUR/kWh,EUR,,primary
nrg_pc_204:KWH2500-4999:I_TAX:EUR,EU,cost,household,,,2015-07-01,2015-12-31,0.2089,EUR/kWh,EUR,,primary
nrg_pc_204:KWH2500-4999:I_TAX:EUR,EU,cost,household,,,2016-01-01,2016-06-30,0.2051,EUR/kWh,EUR,,primary
nrg_pc_204:KWH2500-4999:I_TAX:EUR,EU,cost,household,,,2016-07-01,2016-12-31,0.2069,EUR/kWh,EUR,,primary
nrg_pc_204:KWH2500-4999:I_TAX:EUR,EU,cost,household,,,2017-01-01,2017-06-30,0.2089,EUR/kWh,EUR,,primary
nrg_pc_204:KWH2500-4999:I_TAX:EUR,EU,cost,household,,,2017-07-01,2017-12-31,0.2089,EUR/kWh,EUR,,primary
nrg_pc_204:KWH2500-4999:I_TAX:EUR,EU,cost,household,,,2018-01-01,2018-06-30,0.2103,EUR/kWh,EUR,,primary
nrg_pc_204:KWH2500-4999:I_TAX:EUR,EU,cost,household,,,2018-07-01,2018-12-31,0.2152,EUR/kWh,EUR,,primary
nrg_pc_204:KWH2500-4999:I_TAX:EUR,EU,cost,household,,,2019-01-01,2019-06-30,0.2168,EUR/kWh,EUR,,primary
nrg_pc_204:KWH2500-4999:I_TAX:EUR,EU,cost,household,,,2019-07-01,2019-12-31,0.2169,EUR/kWh,EUR,,primary
nrg_pc_204:KWH2500-4999:I_TAX:EUR,EU,cost,household,,,2020-01-01,2020-06-30,0.2139,EUR/kWh,EUR,,primary
nrg_pc_204:KWH2500-4999:I_TAX:EUR,EU,cost,household,,,2020-07-01,2020-12-31,0.2153,EUR/kWh,EUR,,primary
nrg_pc_204:KWH2500-4999:I_TAX:EUR,EU,cost,household,,,2021-01-01,2021-06-30,0.2203,EUR/kWh,EUR,,primary
nrg_pc_204:KWH2500-4999:I_TAX:EUR,EU,cost,household,,,2021-07-01,2021-12-31,0.2415,EUR/kWh,EUR,,primary
nrg_pc_204:KWH2500-4999:I_TAX:EUR,EU,cost,household,,,2022-01-01,2022-06-30,0.249,EUR/kWh,EUR,,primary
nrg_pc_204:KWH2500-4999:I_TAX:EUR,EU,cost,household,,,2022-07-01,2022-12-31,0.2768,EUR/kWh,EUR,,primary
nrg_pc_204:KWH2500-4999:I_TAX:EUR,EU,cost,household,,,2023-01-01,2023-06-30,0.2887,EUR/kWh,EUR,,primary
nrg_pc_204:KWH2500-4999:I_TAX:EUR,EU,cost,household,,,2023-07-01,2023-12-31,0.2847,EUR/kWh,EUR,,primary
nrg_pc_204:KWH2500-4999:I_TAX:EUR,EU,cost,household,,,2024-01-01,2024-06-30,0.2916,EUR/kWh,EUR,,primary
nrg_pc_204:KWH2500-4999:I_TAX:EUR,EU,cost,household,,,2024-07-01,2024-12-31,0.2887,EUR/kWh,EUR,,primary
nrg_pc_204:KWH2500-4999:I_TAX:EUR,EU,cost,household,,,2025-01-01,2025-06-30,0.2879,EUR/kWh,EUR,,primary
nrg_pc_204:KWH2500-4999:I_TAX:EUR,EU,cost,household,,,2025-07-01,2025-12-31,0.2896,EUR/kWh,EUR,,primary
nrg_pc_204:KWH2500-4999:I_TAX:EUR,FI,cost,household,,,2015-01-01,2015-06-30,0.1552,EUR/kWh,EUR,,primary
nrg_pc_204:KWH2500-4999:I_TAX:EUR,FI,cost,household,,,2015-07-01,2015-12-31,0.153,EUR/kWh,EUR,,primary
nrg_pc_204:KWH2500-4999:I_TAX:EUR,FI,cost,household,,,2016-01-01,2016-06-30,0.1541,EUR/kWh,EUR,,primary
nrg_pc_204:KWH2500-4999:I_TAX:EUR,FI,cost,household,,,2016-07-01,2016-12-31,0.1545,EUR/kWh,EUR,,primary
nrg_pc_204:KWH2500-4999:I_TAX:EUR,FI,cost,household,,,2017-01-01,2017-06-30,0.1581,EUR/kWh,EUR,,primary
nrg_pc_204:KWH2500-4999:I_TAX:EUR,FI,cost,household,,,2017-07-01,2017-12-31,0.1599,EUR/kWh,EUR,,primary
nrg_pc_204:KWH2500-4999:I_TAX:EUR,FI,cost,household,,,2018-01-01,2018-06-30,0.1612,EUR/kWh,EUR,,primary
nrg_pc_204:KWH2500-4999:I_TAX:EUR,FI,cost,household,,,2018-07-01,2018-12-31,0.1698,EUR/kWh,EUR,,primary
nrg_pc_204:KWH2500-4999:I_TAX:EUR,FI,cost,household,,,2019-01-01,2019-06-30,0.1734,EUR/kWh,EUR,,primary
nrg_pc_204:KWH2500-4999:I_TAX:EUR,FI,cost,household,,,2019-07-01,2019-12-31,0.1783,EUR/kWh,EUR,,primary
nrg_pc_204:KWH2500-4999:I_TAX:EUR,FI,cost,household,,,2020-01-01,2020-06-30,0.174,EUR/kWh,EUR,,primary
nrg_pc_204:KWH2500-4999:I_TAX:EUR,FI,cost,household,,,2020-07-01,2020-12-31,0.1773,EUR/kWh,EUR,,primary
nrg_pc_204:KWH2500-4999:I_TAX:EUR,FI,cost,household,,,2021-01-01,2021-06-30,0.1767,EUR/kWh,EUR,,primary
nrg_pc_204:KWH2500-4999:I_TAX:EUR,FI,cost,household,,,2021-07-01,2021-12-31,0.184,EUR/kWh,EUR,,primary
nrg_pc_204:KWH2500-4999:I_TAX:EUR,FI,cost,household,,,2022-01-01,2022-06-30,0.1934,EUR/kWh,EUR,,primary
nrg_pc_204:KWH2500-4999:I_TAX:EUR,FI,cost,household,,,2022-07-01,2022-12-31,0.2474,EUR/kWh,EUR,e,primary
nrg_pc_204:KWH2500-4999:I_TAX:EUR,FI,cost,household,,,2023-01-01,2023-06-30,0.2557,EUR/kWh,EUR,,primary
nrg_pc_204:KWH2500-4999:I_TAX:EUR,FI,cost,household,,,2023-07-01,2023-12-31,0.2403,EUR/kWh,EUR,,primary
nrg_pc_204:KWH2500-4999:I_TAX:EUR,FI,cost,household,,,2024-01-01,2024-06-30,0.2489,EUR/kWh,EUR,,primary
nrg_pc_204:KWH2500-4999:I_TAX:EUR,FI,cost,household,,,2024-07-01,2024-12-31,0.2319,EUR/kWh,EUR,,primary
nrg_pc_204:KWH2500-4999:I_TAX:EUR,FI,cost,household,,,2025-01-01,2025-06-30,0.2276,EUR/kWh,EUR,,primary
nrg_pc_204:KWH2500-4999:I_TAX:EUR,FI,cost,household,,,2025-07-01,2025-12-31,0.2254,EUR/kWh,EUR,,primary
nrg_pc_204:KWH2500-4999:I_TAX:EUR,FI,cost,household,,,2026-01-01,2026-06-30,0.2694,EUR/kWh,EUR,,primary
nrg_pc_204:KWH2500-4999:I_TAX:EUR,FR,cost,household,,,2015-01-01,2015-06-30,0.1676,EUR/kWh,EUR,,primary
nrg_pc_204:KWH2500-4999:I_TAX:EUR,FR,cost,household,,,2015-07-01,2015-12-31,0.1682,EUR/kWh,EUR,,primary
nrg_pc_204:KWH2500-4999:I_TAX:EUR,FR,cost,household,,,2016-01-01,2016-06-30,0.1685,EUR/kWh,EUR,,primary
nrg_pc_204:KWH2500-4999:I_TAX:EUR,FR,cost,household,,,2016-07-01,2016-12-31,0.1711,EUR/kWh,EUR,,primary
nrg_pc_204:KWH2500-4999:I_TAX:EUR,FR,cost,household,,,2017-01-01,2017-06-30,0.1704,EUR/kWh,EUR,,primary
nrg_pc_204:KWH2500-4999:I_TAX:EUR,FR,cost,household,,,2017-07-01,2017-12-31,0.1756,EUR/kWh,EUR,,primary
nrg_pc_204:KWH2500-4999:I_TAX:EUR,FR,cost,household,,,2018-01-01,2018-06-30,0.1748,EUR/kWh,EUR,,primary
nrg_pc_204:KWH2500-4999:I_TAX:EUR,FR,cost,household,,,2018-07-01,2018-12-31,0.1799,EUR/kWh,EUR,,primary
nrg_pc_204:KWH2500-4999:I_TAX:EUR,FR,cost,household,,,2019-01-01,2019-06-30,0.1778,EUR/kWh,EUR,,primary
nrg_pc_204:KWH2500-4999:I_TAX:EUR,FR,cost,household,,,2019-07-01,2019-12-31,0.1913,EUR/kWh,EUR,,primary
nrg_pc_204:KWH2500-4999:I_TAX:EUR,FR,cost,household,,,2020-01-01,2020-06-30,0.1893,EUR/kWh,EUR,,primary
nrg_pc_204:KWH2500-4999:I_TAX:EUR,FR,cost,household,,,2020-07-01,2020-12-31,0.1958,EUR/kWh,EUR,,primary
nrg_pc_204:KWH2500-4999:I_TAX:EUR,FR,cost,household,,,2021-01-01,2021-06-30,0.1946,EUR/kWh,EUR,,primary
nrg_pc_204:KWH2500-4999:I_TAX:EUR,FR,cost,household,,,2021-07-01,2021-12-31,0.2022,EUR/kWh,EUR,,primary
nrg_pc_204:KWH2500-4999:I_TAX:EUR,FR,cost,household,,,2022-01-01,2022-06-30,0.2092,EUR/kWh,EUR,,primary
nrg_pc_204:KWH2500-4999:I_TAX:EUR,FR,cost,household,,,2022-07-01,2022-12-31,0.2204,EUR/kWh,EUR,,primary
nrg_pc_204:KWH2500-4999:I_TAX:EUR,FR,cost,household,,,2023-01-01,2023-06-30,0.23,EUR/kWh,EUR,,primary
nrg_pc_204:KWH2500-4999:I_TAX:EUR,FR,cost,household,,,2023-07-01,2023-12-31,0.2591,EUR/kWh,EUR,,primary
nrg_pc_204:KWH2500-4999:I_TAX:EUR,FR,cost,household,,,2024-01-01,2024-06-30,0.2847,EUR/kWh,EUR,,primary
nrg_pc_204:KWH2500-4999:I_TAX:EUR,FR,cost,household,,,2024-07-01,2024-12-31,0.2926,EUR/kWh,EUR,,primary
nrg_pc_204:KWH2500-4999:I_TAX:EUR,FR,cost,household,,,2025-01-01,2025-06-30,0.2671,EUR/kWh,EUR,,primary
nrg_pc_204:KWH2500-4999:I_TAX:EUR,FR,cost,household,,,2025-07-01,2025-12-31,0.2561,EUR/kWh,EUR,,primary
nrg_pc_204:KWH2500-4999:I_TAX:EUR,FR,cost,household,,,2026-01-01,2026-06-30,0.2485,EUR/kWh,EUR,,primary
nrg_pc_204:KWH2500-4999:I_TAX:EUR,HR,cost,household,,,2015-01-01,2015-06-30,0.1317,EUR/kWh,EUR,,primary
nrg_pc_204:KWH2500-4999:I_TAX:EUR,HR,cost,household,,,2015-07-01,2015-12-31,0.1312,EUR/kWh,EUR,,primary
nrg_pc_204:KWH2500-4999:I_TAX:EUR,HR,cost,household,,,2016-01-01,2016-06-30,0.1311,EUR/kWh,EUR,,primary
nrg_pc_204:KWH2500-4999:I_TAX:EUR,HR,cost,household,,,2016-07-01,2016-12-31,0.1331,EUR/kWh,EUR,,primary
nrg_pc_204:KWH2500-4999:I_TAX:EUR,HR,cost,household,,,2017-01-01,2017-06-30,0.1196,EUR/kWh,EUR,,primary
nrg_pc_204:KWH2500-4999:I_TAX:EUR,HR,cost,household,,,2017-07-01,2017-12-31,0.1236,EUR/kWh,EUR,,primary
nrg_pc_204:KWH2500-4999:I_TAX:EUR,HR,cost,household,,,2018-01-01,2018-06-30,0.1311,EUR/kWh,EUR,,primary
nrg_pc_204:KWH2500-4999:I_TAX:EUR,HR,cost,household,,,2018-07-01,2018-12-31,0.1321,EUR/kWh,EUR,,primary
nrg_pc_204:KWH2500-4999:I_TAX:EUR,HR,cost,household,,,2019-01-01,2019-06-30,0.1321,EUR/kWh,EUR,,primary
nrg_pc_204:KWH2500-4999:I_TAX:EUR,HR,cost,household,,,2019-07-01,2019-12-31,0.1324,EUR/kWh,EUR,,primary
nrg_pc_204:KWH2500-4999:I_TAX:EUR,HR,cost,household,,,2020-01-01,2020-06-30,0.1301,EUR/kWh,EUR,,primary
nrg_pc_204:KWH2500-4999:I_TAX:EUR,HR,cost,household,,,2020-07-01,2020-12-31,0.1307,EUR/kWh,EUR,,primary
nrg_pc_204:KWH2500-4999:I_TAX:EUR,HR,cost,household,,,2021-01-01,2021-06-30,0.1291,EUR/kWh,EUR,,primary
nrg_pc_204:KWH2500-4999:I_TAX:EUR,HR,cost,household,,,2021-07-01,2021-12-31,0.1313,EUR/kWh,EUR,,primary
nrg_pc_204:KWH2500-4999:I_TAX:EUR,HR,cost,household,,,2022-01-01,2022-06-30,0.1354,EUR/kWh,EUR,,primary
nrg_pc_204:KWH2500-4999:I_TAX:EUR,HR,cost,household,,,2022-07-01,2022-12-31,0.1479,EUR/kWh,EUR,,primary
nrg_pc_204:KWH2500-4999:I_TAX:EUR,HR,cost,household,,,2023-01-01,2023-06-30,0.148,EUR/kWh,EUR,,primary
nrg_pc_204:KWH2500-4999:I_TAX:EUR,HR,cost,household,,,2023-07-01,2023-12-31,0.148,EUR/kWh,EUR,,primary
nrg_pc_204:KWH2500-4999:I_TAX:EUR,HR,cost,household,,,2024-01-01,2024-06-30,0.1472,EUR/kWh,EUR,,primary
nrg_pc_204:KWH2500-4999:I_TAX:EUR,HR,cost,household,,,2024-07-01,2024-12-31,0.1483,EUR/kWh,EUR,,primary
nrg_pc_204:KWH2500-4999:I_TAX:EUR,HR,cost,household,,,2025-01-01,2025-06-30,0.1618,EUR/kWh,EUR,,primary
nrg_pc_204:KWH2500-4999:I_TAX:EUR,HR,cost,household,,,2025-07-01,2025-12-31,0.1652,EUR/kWh,EUR,,primary
nrg_pc_204:KWH2500-4999:I_TAX:EUR,HR,cost,household,,,2026-01-01,2026-06-30,0.1816,EUR/kWh,EUR,,primary
nrg_pc_204:KWH2500-4999:I_TAX:EUR,HU,cost,household,,,2015-01-01,2015-06-30,0.1127,EUR/kWh,EUR,,primary
nrg_pc_204:KWH2500-4999:I_TAX:EUR,HU,cost,household,,,2015-07-01,2015-12-31,0.1145,EUR/kWh,EUR,,primary
nrg_pc_204:KWH2500-4999:I_TAX:EUR,HU,cost,household,,,2016-01-01,2016-06-30,0.1114,EUR/kWh,EUR,,primary
nrg_pc_204:KWH2500-4999:I_TAX:EUR,HU,cost,household,,,2016-07-01,2016-12-31,0.1125,EUR/kWh,EUR,,primary
nrg_pc_204:KWH2500-4999:I_TAX:EUR,HU,cost,household,,,2017-01-01,2017-06-30,0.1125,EUR/kWh,EUR,,primary
nrg_pc_204:KWH2500-4999:I_TAX:EUR,HU,cost,household,,,2017-07-01,2017-12-31,0.1134,EUR/kWh,EUR,,primary
nrg_pc_204:KWH2500-4999:I_TAX:EUR,HU,cost,household,,,2018-01-01,2018-06-30,0.1123,EUR/kWh,EUR,,primary
nrg_pc_204:KWH2500-4999:I_TAX:EUR,HU,cost,household,,,2018-07-01,2018-12-31,0.1118,EUR/kWh,EUR,,primary
nrg_pc_204:KWH2500-4999:I_TAX:EUR,HU,cost,household,,,2019-01-01,2019-06-30,0.112,EUR/kWh,EUR,,primary
nrg_pc_204:KWH2500-4999:I_TAX:EUR,HU,cost,household,,,2019-07-01,2019-12-31,0.1097,EUR/kWh,EUR,,primary
nrg_pc_204:KWH2500-4999:I_TAX:EUR,HU,cost,household,,,2020-01-01,2020-06-30,0.1031,EUR/kWh,EUR,,primary
nrg_pc_204:KWH2500-4999:I_TAX:EUR,HU,cost,household,,,2020-07-01,2020-12-31,0.1009,EUR/kWh,EUR,,primary
nrg_pc_204:KWH2500-4999:I_TAX:EUR,HU,cost,household,,,2021-01-01,2021-06-30,0.101,EUR/kWh,EUR,,primary
nrg_pc_204:KWH2500-4999:I_TAX:EUR,HU,cost,household,,,2021-07-01,2021-12-31,0.1003,EUR/kWh,EUR,,primary
nrg_pc_204:KWH2500-4999:I_TAX:EUR,HU,cost,household,,,2022-01-01,2022-06-30,0.0948,EUR/kWh,EUR,,primary
nrg_pc_204:KWH2500-4999:I_TAX:EUR,HU,cost,household,,,2022-07-01,2022-12-31,0.1084,EUR/kWh,EUR,,primary
nrg_pc_204:KWH2500-4999:I_TAX:EUR,HU,cost,household,,,2023-01-01,2023-06-30,0.1157,EUR/kWh,EUR,,primary
nrg_pc_204:KWH2500-4999:I_TAX:EUR,HU,cost,household,,,2023-07-01,2023-12-31,0.1132,EUR/kWh,EUR,,primary
nrg_pc_204:KWH2500-4999:I_TAX:EUR,HU,cost,household,,,2024-01-01,2024-06-30,0.1094,EUR/kWh,EUR,,primary
nrg_pc_204:KWH2500-4999:I_TAX:EUR,HU,cost,household,,,2024-07-01,2024-12-31,0.1032,EUR/kWh,EUR,,primary
nrg_pc_204:KWH2500-4999:I_TAX:EUR,HU,cost,household,,,2025-01-01,2025-06-30,0.104,EUR/kWh,EUR,,primary
nrg_pc_204:KWH2500-4999:I_TAX:EUR,HU,cost,household,,,2025-07-01,2025-12-31,0.1082,EUR/kWh,EUR,,primary
nrg_pc_204:KWH2500-4999:I_TAX:EUR,HU,cost,household,,,2026-01-01,2026-06-30,0.1139,EUR/kWh,EUR,,primary
nrg_pc_204:KWH2500-4999:I_TAX:EUR,IE,cost,household,,,2015-01-01,2015-06-30,0.2426,EUR/kWh,EUR,,primary
nrg_pc_204:KWH2500-4999:I_TAX:EUR,IE,cost,household,,,2015-07-01,2015-12-31,0.2454,EUR/kWh,EUR,,primary
nrg_pc_204:KWH2500-4999:I_TAX:EUR,IE,cost,household,,,2016-01-01,2016-06-30,0.232,EUR/kWh,EUR,,primary
nrg_pc_204:KWH2500-4999:I_TAX:EUR,IE,cost,household,,,2016-07-01,2016-12-31,0.2338,EUR/kWh,EUR,,primary
nrg_pc_204:KWH2500-4999:I_TAX:EUR,IE,cost,household,,,2017-01-01,2017-06-30,0.2305,EUR/kWh,EUR,,primary
nrg_pc_204:KWH2500-4999:I_TAX:EUR,IE,cost,household,,,2017-07-01,2017-12-31,0.2355,EUR/kWh,EUR,,primary
nrg_pc_204:KWH2500-4999:I_TAX:EUR,IE,cost,household,,,2018-01-01,2018-06-30,0.2369,EUR/kWh,EUR,,primary
nrg_pc_204:KWH2500-4999:I_TAX:EUR,IE,cost,household,,,2018-07-01,2018-12-31,0.2539,EUR/kWh,EUR,,primary
nrg_pc_204:KWH2500-4999:I_TAX:EUR,IE,cost,household,,,2019-01-01,2019-06-30,0.2423,EUR/kWh,EUR,,primary
nrg_pc_204:KWH2500-4999:I_TAX:EUR,IE,cost,household,,,2019-07-01,2019-12-31,0.2546,EUR/kWh,EUR,,primary
nrg_pc_204:KWH2500-4999:I_TAX:EUR,IE,cost,household,,,2020-01-01,2020-06-30,0.2409,EUR/kWh,EUR,,primary
nrg_pc_204:KWH2500-4999:I_TAX:EUR,IE,cost,household,,,2020-07-01,2020-12-31,0.2616,EUR/kWh,EUR,,primary
nrg_pc_204:KWH2500-4999:I_TAX:EUR,IE,cost,household,,,2021-01-01,2021-06-30,0.2555,EUR/kWh,EUR,,primary
nrg_pc_204:KWH2500-4999:I_TAX:EUR,IE,cost,household,,,2021-07-01,2021-12-31,0.2974,EUR/kWh,EUR,,primary
nrg_pc_204:KWH2500-4999:I_TAX:EUR,IE,cost,household,,,2022-01-01,2022-06-30,0.2324,EUR/kWh,EUR,,primary
nrg_pc_204:KWH2500-4999:I_TAX:EUR,IE,cost,household,,,2022-07-01,2022-12-31,0.3225,EUR/kWh,EUR,,primary
nrg_pc_204:KWH2500-4999:I_TAX:EUR,IE,cost,household,,,2023-01-01,2023-06-30,0.2735,EUR/kWh,EUR,,primary
nrg_pc_204:KWH2500-4999:I_TAX:EUR,IE,cost,household,,,2023-07-01,2023-12-31,0.3794,EUR/kWh,EUR,,primary
nrg_pc_204:KWH2500-4999:I_TAX:EUR,IE,cost,household,,,2024-01-01,2024-06-30,0.259,EUR/kWh,EUR,,primary
nrg_pc_204:KWH2500-4999:I_TAX:EUR,IE,cost,household,,,2024-07-01,2024-12-31,0.3046,EUR/kWh,EUR,,primary
nrg_pc_204:KWH2500-4999:I_TAX:EUR,IE,cost,household,,,2025-01-01,2025-06-30,0.3231,EUR/kWh,EUR,,primary
nrg_pc_204:KWH2500-4999:I_TAX:EUR,IE,cost,household,,,2025-07-01,2025-12-31,0.4042,EUR/kWh,EUR,,primary
nrg_pc_204:KWH2500-4999:I_TAX:EUR,IT,cost,household,,,2015-01-01,2015-06-30,0.245,EUR/kWh,EUR,,primary
nrg_pc_204:KWH2500-4999:I_TAX:EUR,IT,cost,household,,,2015-07-01,2015-12-31,0.2428,EUR/kWh,EUR,,primary
nrg_pc_204:KWH2500-4999:I_TAX:EUR,IT,cost,household,,,2016-01-01,2016-06-30,0.2342,EUR/kWh,EUR,,primary
nrg_pc_204:KWH2500-4999:I_TAX:EUR,IT,cost,household,,,2016-07-01,2016-12-31,0.2261,EUR/kWh,EUR,,primary
nrg_pc_204:KWH2500-4999:I_TAX:EUR,IT,cost,household,,,2017-01-01,2017-06-30,0.2132,EUR/kWh,EUR,,primary
nrg_pc_204:KWH2500-4999:I_TAX:EUR,IT,cost,household,,,2017-07-01,2017-12-31,0.208,EUR/kWh,EUR,,primary
nrg_pc_204:KWH2500-4999:I_TAX:EUR,IT,cost,household,,,2018-01-01,2018-06-30,0.2067,EUR/kWh,EUR,,primary
nrg_pc_204:KWH2500-4999:I_TAX:EUR,IT,cost,household,,,2018-07-01,2018-12-31,0.2161,EUR/kWh,EUR,,primary
nrg_pc_204:KWH2500-4999:I_TAX:EUR,IT,cost,household,,,2019-01-01,2019-06-30,0.2301,EUR/kWh,EUR,,primary
nrg_pc_204:KWH2500-4999:I_TAX:EUR,IT,cost,household,,,2019-07-01,2019-12-31,0.2341,EUR/kWh,EUR,,primary
nrg_pc_204:KWH2500-4999:I_TAX:EUR,IT,cost,household,,,2020-01-01,2020-06-30,0.2226,EUR/kWh,EUR,,primary
nrg_pc_204:KWH2500-4999:I_TAX:EUR,IT,cost,household,,,2020-07-01,2020-12-31,0.2153,EUR/kWh,EUR,,primary
nrg_pc_204:KWH2500-4999:I_TAX:EUR,IT,cost,household,,,2021-01-01,2021-06-30,0.2259,EUR/kWh,EUR,,primary
nrg_pc_204:KWH2500-4999:I_TAX:EUR,IT,cost,household,,,2021-07-01,2021-12-31,0.236,EUR/kWh,EUR,,primary
nrg_pc_204:KWH2500-4999:I_TAX:EUR,IT,cost,household,,,2022-01-01,2022-06-30,0.3115,EUR/kWh,EUR,,primary
nrg_pc_204:KWH2500-4999:I_TAX:EUR,IT,cost,household,,,2022-07-01,2022-12-31,0.3641,EUR/kWh,EUR,,primary
nrg_pc_204:KWH2500-4999:I_TAX:EUR,IT,cost,household,,,2023-01-01,2023-06-30,0.3782,EUR/kWh,EUR,,primary
nrg_pc_204:KWH2500-4999:I_TAX:EUR,IT,cost,household,,,2023-07-01,2023-12-31,0.3347,EUR/kWh,EUR,,primary
nrg_pc_204:KWH2500-4999:I_TAX:EUR,IT,cost,household,,,2024-01-01,2024-06-30,0.3274,EUR/kWh,EUR,,primary
nrg_pc_204:KWH2500-4999:I_TAX:EUR,IT,cost,household,,,2024-07-01,2024-12-31,0.3111,EUR/kWh,EUR,,primary
nrg_pc_204:KWH2500-4999:I_TAX:EUR,IT,cost,household,,,2025-01-01,2025-06-30,0.3291,EUR/kWh,EUR,,primary
nrg_pc_204:KWH2500-4999:I_TAX:EUR,IT,cost,household,,,2025-07-01,2025-12-31,0.2966,EUR/kWh,EUR,,primary
nrg_pc_204:KWH2500-4999:I_TAX:EUR,LT,cost,household,,,2015-01-01,2015-06-30,0.1256,EUR/kWh,EUR,,primary
nrg_pc_204:KWH2500-4999:I_TAX:EUR,LT,cost,household,,,2015-07-01,2015-12-31,0.1243,EUR/kWh,EUR,,primary
nrg_pc_204:KWH2500-4999:I_TAX:EUR,LT,cost,household,,,2016-01-01,2016-06-30,0.1231,EUR/kWh,EUR,,primary
nrg_pc_204:KWH2500-4999:I_TAX:EUR,LT,cost,household,,,2016-07-01,2016-12-31,0.1171,EUR/kWh,EUR,,primary
nrg_pc_204:KWH2500-4999:I_TAX:EUR,LT,cost,household,,,2017-01-01,2017-06-30,0.1116,EUR/kWh,EUR,,primary
nrg_pc_204:KWH2500-4999:I_TAX:EUR,LT,cost,household,,,2017-07-01,2017-12-31,0.1107,EUR/kWh,EUR,,primary
nrg_pc_204:KWH2500-4999:I_TAX:EUR,LT,cost,household,,,2018-01-01,2018-06-30,0.1097,EUR/kWh,EUR,,primary
nrg_pc_204:KWH2500-4999:I_TAX:EUR,LT,cost,household,,,2018-07-01,2018-12-31,0.1097,EUR/kWh,EUR,,primary
nrg_pc_204:KWH2500-4999:I_TAX:EUR,LT,cost,household,,,2019-01-01,2019-06-30,0.1255,EUR/kWh,EUR,,primary
nrg_pc_204:KWH2500-4999:I_TAX:EUR,LT,cost,household,,,2019-07-01,2019-12-31,0.1254,EUR/kWh,EUR,,primary
nrg_pc_204:KWH2500-4999:I_TAX:EUR,LT,cost,household,,,2020-01-01,2020-06-30,0.1426,EUR/kWh,EUR,,primary
nrg_pc_204:KWH2500-4999:I_TAX:EUR,LT,cost,household,,,2020-07-01,2020-12-31,0.1321,EUR/kWh,EUR,,primary
nrg_pc_204:KWH2500-4999:I_TAX:EUR,LT,cost,household,,,2021-01-01,2021-06-30,0.1348,EUR/kWh,EUR,,primary
nrg_pc_204:KWH2500-4999:I_TAX:EUR,LT,cost,household,,,2021-07-01,2021-12-31,0.1477,EUR/kWh,EUR,,primary
nrg_pc_204:KWH2500-4999:I_TAX:EUR,LT,cost,household,,,2022-01-01,2022-06-30,0.1497,EUR/kWh,EUR,,primary
nrg_pc_204:KWH2500-4999:I_TAX:EUR,LT,cost,household,,,2022-07-01,2022-12-31,0.2429,EUR/kWh,EUR,,primary
nrg_pc_204:KWH2500-4999:I_TAX:EUR,LT,cost,household,,,2023-01-01,2023-06-30,0.282,EUR/kWh,EUR,,primary
nrg_pc_204:KWH2500-4999:I_TAX:EUR,LT,cost,household,,,2023-07-01,2023-12-31,0.2223,EUR/kWh,EUR,,primary
nrg_pc_204:KWH2500-4999:I_TAX:EUR,LT,cost,household,,,2024-01-01,2024-06-30,0.2315,EUR/kWh,EUR,,primary
nrg_pc_204:KWH2500-4999:I_TAX:EUR,LT,cost,household,,,2024-07-01,2024-12-31,0.2144,EUR/kWh,EUR,,primary
nrg_pc_204:KWH2500-4999:I_TAX:EUR,LT,cost,household,,,2025-01-01,2025-06-30,0.2109,EUR/kWh,EUR,,primary
nrg_pc_204:KWH2500-4999:I_TAX:EUR,LT,cost,household,,,2025-07-01,2025-12-31,0.1955,EUR/kWh,EUR,,primary
nrg_pc_204:KWH2500-4999:I_TAX:EUR,LU,cost,household,,,2015-01-01,2015-06-30,0.1767,EUR/kWh,EUR,,primary
nrg_pc_204:KWH2500-4999:I_TAX:EUR,LU,cost,household,,,2015-07-01,2015-12-31,0.1767,EUR/kWh,EUR,,primary
nrg_pc_204:KWH2500-4999:I_TAX:EUR,LU,cost,household,,,2016-01-01,2016-06-30,0.1698,EUR/kWh,EUR,,primary
nrg_pc_204:KWH2500-4999:I_TAX:EUR,LU,cost,household,,,2016-07-01,2016-12-31,0.1698,EUR/kWh,EUR,,primary
nrg_pc_204:KWH2500-4999:I_TAX:EUR,LU,cost,household,,,2017-01-01,2017-06-30,0.1615,EUR/kWh,EUR,,primary
nrg_pc_204:KWH2500-4999:I_TAX:EUR,LU,cost,household,,,2017-07-01,2017-12-31,0.1618,EUR/kWh,EUR,,primary
nrg_pc_204:KWH2500-4999:I_TAX:EUR,LU,cost,household,,,2018-01-01,2018-06-30,0.1671,EUR/kWh,EUR,,primary
nrg_pc_204:KWH2500-4999:I_TAX:EUR,LU,cost,household,,,2018-07-01,2018-12-31,0.1691,EUR/kWh,EUR,,primary
nrg_pc_204:KWH2500-4999:I_TAX:EUR,LU,cost,household,,,2019-01-01,2019-06-30,0.1798,EUR/kWh,EUR,,primary
nrg_pc_204:KWH2500-4999:I_TAX:EUR,LU,cost,household,,,2019-07-01,2019-12-31,0.1799,EUR/kWh,EUR,,primary
nrg_pc_204:KWH2500-4999:I_TAX:EUR,LU,cost,household,,,2020-01-01,2020-06-30,0.1986,EUR/kWh,EUR,,primary
nrg_pc_204:KWH2500-4999:I_TAX:EUR,LU,cost,household,,,2020-07-01,2020-12-31,0.1985,EUR/kWh,EUR,,primary
nrg_pc_204:KWH2500-4999:I_TAX:EUR,LU,cost,household,,,2021-01-01,2021-06-30,0.1988,EUR/kWh,EUR,,primary
nrg_pc_204:KWH2500-4999:I_TAX:EUR,LU,cost,household,,,2021-07-01,2021-12-31,0.1989,EUR/kWh,EUR,,primary
nrg_pc_204:KWH2500-4999:I_TAX:EUR,LU,cost,household,,,2022-01-01,2022-06-30,0.2017,EUR/kWh,EUR,,primary
nrg_pc_204:KWH2500-4999:I_TAX:EUR,LU,cost,household,,,2022-07-01,2022-12-31,0.2042,EUR/kWh,EUR,,primary
nrg_pc_204:KWH2500-4999:I_TAX:EUR,LU,cost,household,,,2023-01-01,2023-06-30,0.2008,EUR/kWh,EUR,,primary
nrg_pc_204:KWH2500-4999:I_TAX:EUR,LU,cost,household,,,2023-07-01,2023-12-31,0.2015,EUR/kWh,EUR,,primary
nrg_pc_204:KWH2500-4999:I_TAX:EUR,LU,cost,household,,,2024-01-01,2024-06-30,0.2029,EUR/kWh,EUR,,primary
nrg_pc_204:KWH2500-4999:I_TAX:EUR,LU,cost,household,,,2024-07-01,2024-12-31,0.2024,EUR/kWh,EUR,,primary
nrg_pc_204:KWH2500-4999:I_TAX:EUR,LU,cost,household,,,2025-01-01,2025-06-30,0.2665,EUR/kWh,EUR,,primary
nrg_pc_204:KWH2500-4999:I_TAX:EUR,LU,cost,household,,,2025-07-01,2025-12-31,0.2665,EUR/kWh,EUR,,primary
nrg_pc_204:KWH2500-4999:I_TAX:EUR,LU,cost,household,,,2026-01-01,2026-06-30,0.2023,EUR/kWh,EUR,,primary
nrg_pc_204:KWH2500-4999:I_TAX:EUR,LV,cost,household,,,2015-01-01,2015-06-30,0.1635,EUR/kWh,EUR,,primary
nrg_pc_204:KWH2500-4999:I_TAX:EUR,LV,cost,household,,,2015-07-01,2015-12-31,0.165,EUR/kWh,EUR,,primary
nrg_pc_204:KWH2500-4999:I_TAX:EUR,LV,cost,household,,,2016-01-01,2016-06-30,0.1628,EUR/kWh,EUR,,primary
nrg_pc_204:KWH2500-4999:I_TAX:EUR,LV,cost,household,,,2016-07-01,2016-12-31,0.1624,EUR/kWh,EUR,,primary
nrg_pc_204:KWH2500-4999:I_TAX:EUR,LV,cost,household,,,2017-01-01,2017-06-30,0.1586,EUR/kWh,EUR,,primary
nrg_pc_204:KWH2500-4999:I_TAX:EUR,LV,cost,household,,,2017-07-01,2017-12-31,0.1582,EUR/kWh,EUR,,primary
nrg_pc_204:KWH2500-4999:I_TAX:EUR,LV,cost,household,,,2018-01-01,2018-06-30,0.1531,EUR/kWh,EUR,,primary
nrg_pc_204:KWH2500-4999:I_TAX:EUR,LV,cost,household,,,2018-07-01,2018-12-31,0.1511,EUR/kWh,EUR,,primary
nrg_pc_204:KWH2500-4999:I_TAX:EUR,LV,cost,household,,,2019-01-01,2019-06-30,0.1629,EUR/kWh,EUR,,primary
nrg_pc_204:KWH2500-4999:I_TAX:EUR,LV,cost,household,,,2019-07-01,2019-12-31,0.164,EUR/kWh,EUR,,primary
nrg_pc_204:KWH2500-4999:I_TAX:EUR,LV,cost,household,,,2020-01-01,2020-06-30,0.142,EUR/kWh,EUR,,primary
nrg_pc_204:KWH2500-4999:I_TAX:EUR,LV,cost,household,,,2020-07-01,2020-12-31,0.1432,EUR/kWh,EUR,,primary
nrg_pc_204:KWH2500-4999:I_TAX:EUR,LV,cost,household,,,2021-01-01,2021-06-30,0.1403,EUR/kWh,EUR,,primary
nrg_pc_204:KWH2500-4999:I_TAX:EUR,LV,cost,household,,,2021-07-01,2021-12-31,0.1886,EUR/kWh,EUR,,primary
nrg_pc_204:KWH2500-4999:I_TAX:EUR,LV,cost,household,,,2022-01-01,2022-06-30,0.1759,EUR/kWh,EUR,,primary
nrg_pc_204:KWH2500-4999:I_TAX:EUR,LV,cost,household,,,2022-07-01,2022-12-31,0.2992,EUR/kWh,EUR,,primary
nrg_pc_204:KWH2500-4999:I_TAX:EUR,LV,cost,household,,,2023-01-01,2023-06-30,0.3054,EUR/kWh,EUR,,primary
nrg_pc_204:KWH2500-4999:I_TAX:EUR,LV,cost,household,,,2023-07-01,2023-12-31,0.2774,EUR/kWh,EUR,,primary
nrg_pc_204:KWH2500-4999:I_TAX:EUR,LV,cost,household,,,2024-01-01,2024-06-30,0.2546,EUR/kWh,EUR,,primary
nrg_pc_204:KWH2500-4999:I_TAX:EUR,LV,cost,household,,,2024-07-01,2024-12-31,0.2408,EUR/kWh,EUR,,primary
nrg_pc_204:KWH2500-4999:I_TAX:EUR,LV,cost,household,,,2025-01-01,2025-06-30,0.244,EUR/kWh,EUR,,primary
nrg_pc_204:KWH2500-4999:I_TAX:EUR,LV,cost,household,,,2025-07-01,2025-12-31,0.2452,EUR/kWh,EUR,,primary
nrg_pc_204:KWH2500-4999:I_TAX:EUR,MT,cost,household,,,2015-01-01,2015-06-30,0.1257,EUR/kWh,EUR,,primary
nrg_pc_204:KWH2500-4999:I_TAX:EUR,MT,cost,household,,,2015-07-01,2015-12-31,0.1269,EUR/kWh,EUR,,primary
nrg_pc_204:KWH2500-4999:I_TAX:EUR,MT,cost,household,,,2016-01-01,2016-06-30,0.1257,EUR/kWh,EUR,,primary
nrg_pc_204:KWH2500-4999:I_TAX:EUR,MT,cost,household,,,2016-07-01,2016-12-31,0.1274,EUR/kWh,EUR,,primary
nrg_pc_204:KWH2500-4999:I_TAX:EUR,MT,cost,household,,,2017-01-01,2017-06-30,0.1328,EUR/kWh,EUR,,primary
nrg_pc_204:KWH2500-4999:I_TAX:EUR,MT,cost,household,,,2017-07-01,2017-12-31,0.1298,EUR/kWh,EUR,,primary
nrg_pc_204:KWH2500-4999:I_TAX:EUR,MT,cost,household,,,2018-01-01,2018-06-30,0.1285,EUR/kWh,EUR,,primary
nrg_pc_204:KWH2500-4999:I_TAX:EUR,MT,cost,household,,,2018-07-01,2018-12-31,0.1307,EUR/kWh,EUR,,primary
nrg_pc_204:KWH2500-4999:I_TAX:EUR,MT,cost,household,,,2019-01-01,2019-06-30,0.129,EUR/kWh,EUR,,primary
nrg_pc_204:KWH2500-4999:I_TAX:EUR,MT,cost,household,,,2019-07-01,2019-12-31,0.1304,EUR/kWh,EUR,,primary
nrg_pc_204:KWH2500-4999:I_TAX:EUR,MT,cost,household,,,2020-01-01,2020-06-30,0.1284,EUR/kWh,EUR,,primary
nrg_pc_204:KWH2500-4999:I_TAX:EUR,MT,cost,household,,,2020-07-01,2020-12-31,0.1301,EUR/kWh,EUR,,primary
nrg_pc_204:KWH2500-4999:I_TAX:EUR,MT,cost,household,,,2021-01-01,2021-06-30,0.1285,EUR/kWh,EUR,,primary
nrg_pc_204:KWH2500-4999:I_TAX:EUR,MT,cost,household,,,2021-07-01,2021-12-31,0.1318,EUR/kWh,EUR,,primary
nrg_pc_204:KWH2500-4999:I_TAX:EUR,MT,cost,household,,,2022-01-01,2022-06-30,0.1298,EUR/kWh,EUR,,primary
nrg_pc_204:KWH2500-4999:I_TAX:EUR,MT,cost,household,,,2022-07-01,2022-12-31,0.1284,EUR/kWh,EUR,,primary
nrg_pc_204:KWH2500-4999:I_TAX:EUR,MT,cost,household,,,2023-01-01,2023-06-30,0.1261,EUR/kWh,EUR,,primary
nrg_pc_204:KWH2500-4999:I_TAX:EUR,MT,cost,household,,,2023-07-01,2023-12-31,0.1279,EUR/kWh,EUR,,primary
nrg_pc_204:KWH2500-4999:I_TAX:EUR,MT,cost,household,,,2024-01-01,2024-06-30,0.1272,EUR/kWh,EUR,,primary
nrg_pc_204:KWH2500-4999:I_TAX:EUR,MT,cost,household,,,2024-07-01,2024-12-31,0.1303,EUR/kWh,EUR,,primary
nrg_pc_204:KWH2500-4999:I_TAX:EUR,MT,cost,household,,,2025-01-01,2025-06-30,0.1261,EUR/kWh,EUR,,primary
nrg_pc_204:KWH2500-4999:I_TAX:EUR,MT,cost,household,,,2025-07-01,2025-12-31,0.1296,EUR/kWh,EUR,,primary
nrg_pc_204:KWH2500-4999:I_TAX:EUR,MT,cost,household,,,2026-01-01,2026-06-30,0.1268,EUR/kWh,EUR,p,primary
nrg_pc_204:KWH2500-4999:I_TAX:EUR,NL,cost,household,,,2015-01-01,2015-06-30,0.1986,EUR/kWh,EUR,,primary
nrg_pc_204:KWH2500-4999:I_TAX:EUR,NL,cost,household,,,2015-07-01,2015-12-31,0.1846,EUR/kWh,EUR,,primary
nrg_pc_204:KWH2500-4999:I_TAX:EUR,NL,cost,household,,,2016-01-01,2016-06-30,0.162,EUR/kWh,EUR,,primary
nrg_pc_204:KWH2500-4999:I_TAX:EUR,NL,cost,household,,,2016-07-01,2016-12-31,0.1592,EUR/kWh,EUR,,primary
nrg_pc_204:KWH2500-4999:I_TAX:EUR,NL,cost,household,,,2017-01-01,2017-06-30,0.162,EUR/kWh,EUR,,primary
nrg_pc_204:KWH2500-4999:I_TAX:EUR,NL,cost,household,,,2017-07-01,2017-12-31,0.161,EUR/kWh,EUR,,primary
nrg_pc_204:KWH2500-4999:I_TAX:EUR,NL,cost,household,,,2018-01-01,2018-06-30,0.178,EUR/kWh,EUR,,primary
nrg_pc_204:KWH2500-4999:I_TAX:EUR,NL,cost,household,,,2018-07-01,2018-12-31,0.178,EUR/kWh,EUR,,primary
nrg_pc_204:KWH2500-4999:I_TAX:EUR,NL,cost,household,,,2019-01-01,2019-06-30,0.206,EUR/kWh,EUR,,primary
nrg_pc_204:KWH2500-4999:I_TAX:EUR,NL,cost,household,,,2019-07-01,2019-12-31,0.205,EUR/kWh,EUR,,primary
nrg_pc_204:KWH2500-4999:I_TAX:EUR,NL,cost,household,,,2020-01-01,2020-06-30,0.1433,EUR/kWh,EUR,,primary
nrg_pc_204:KWH2500-4999:I_TAX:EUR,NL,cost,household,,,2020-07-01,2020-12-31,0.1351,EUR/kWh,EUR,,primary
nrg_pc_204:KWH2500-4999:I_TAX:EUR,NL,cost,household,,,2021-01-01,2021-06-30,0.1284,EUR/kWh,EUR,,primary
nrg_pc_204:KWH2500-4999:I_TAX:EUR,NL,cost,household,,,2021-07-01,2021-12-31,0.1436,EUR/kWh,EUR,,primary
nrg_pc_204:KWH2500-4999:I_TAX:EUR,NL,cost,household,,,2022-01-01,2022-06-30,0.0336,EUR/kWh,EUR,,primary
nrg_pc_204:KWH2500-4999:I_TAX:EUR,NL,cost,household,,,2022-07-01,2022-12-31,0.1418,EUR/kWh,EUR,,primary
nrg_pc_204:KWH2500-4999:I_TAX:EUR,NL,cost,household,,,2023-01-01,2023-06-30,0.3572,EUR/kWh,EUR,,primary
nrg_pc_204:KWH2500-4999:I_TAX:EUR,NL,cost,household,,,2023-07-01,2023-12-31,0.2486,EUR/kWh,EUR,,primary
nrg_pc_204:KWH2500-4999:I_TAX:EUR,NL,cost,household,,,2024-01-01,2024-06-30,0.2529,EUR/kWh,EUR,,primary
nrg_pc_204:KWH2500-4999:I_TAX:EUR,NL,cost,household,,,2024-07-01,2024-12-31,0.2177,EUR/kWh,EUR,,primary
nrg_pc_204:KWH2500-4999:I_TAX:EUR,NL,cost,household,,,2025-01-01,2025-06-30,0.2385,EUR/kWh,EUR,,primary
nrg_pc_204:KWH2500-4999:I_TAX:EUR,NL,cost,household,,,2025-07-01,2025-12-31,0.2551,EUR/kWh,EUR,,primary
nrg_pc_204:KWH2500-4999:I_TAX:EUR,NL,cost,household,,,2026-01-01,2026-06-30,0.244,EUR/kWh,EUR,,primary
nrg_pc_204:KWH2500-4999:I_TAX:EUR,PL,cost,household,,,2015-01-01,2015-06-30,0.1444,EUR/kWh,EUR,,primary
nrg_pc_204:KWH2500-4999:I_TAX:EUR,PL,cost,household,,,2015-07-01,2015-12-31,0.1418,EUR/kWh,EUR,,primary
nrg_pc_204:KWH2500-4999:I_TAX:EUR,PL,cost,household,,,2016-01-01,2016-06-30,0.1332,EUR/kWh,EUR,,primary
nrg_pc_204:KWH2500-4999:I_TAX:EUR,PL,cost,household,,,2016-07-01,2016-12-31,0.1352,EUR/kWh,EUR,,primary
nrg_pc_204:KWH2500-4999:I_TAX:EUR,PL,cost,household,,,2017-01-01,2017-06-30,0.1446,EUR/kWh,EUR,,primary
nrg_pc_204:KWH2500-4999:I_TAX:EUR,PL,cost,household,,,2017-07-01,2017-12-31,0.1451,EUR/kWh,EUR,,primary
nrg_pc_204:KWH2500-4999:I_TAX:EUR,PL,cost,household,,,2018-01-01,2018-06-30,0.141,EUR/kWh,EUR,,primary
nrg_pc_204:KWH2500-4999:I_TAX:EUR,PL,cost,household,,,2018-07-01,2018-12-31,0.1396,EUR/kWh,EUR,,primary
nrg_pc_204:KWH2500-4999:I_TAX:EUR,PL,cost,household,,,2019-01-01,2019-06-30,0.1343,EUR/kWh,EUR,,primary
nrg_pc_204:KWH2500-4999:I_TAX:EUR,PL,cost,household,,,2019-07-01,2019-12-31,0.1376,EUR/kWh,EUR,,primary
nrg_pc_204:KWH2500-4999:I_TAX:EUR,PL,cost,household,,,2020-01-01,2020-06-30,0.1475,EUR/kWh,EUR,,primary
nrg_pc_204:KWH2500-4999:I_TAX:EUR,PL,cost,household,,,2020-07-01,2020-12-31,0.151,EUR/kWh,EUR,,primary
nrg_pc_204:KWH2500-4999:I_TAX:EUR,PL,cost,household,,,2021-01-01,2021-06-30,0.1548,EUR/kWh,EUR,,primary
nrg_pc_204:KWH2500-4999:I_TAX:EUR,PL,cost,household,,,2021-07-01,2021-12-31,0.1574,EUR/kWh,EUR,,primary
nrg_pc_204:KWH2500-4999:I_TAX:EUR,PL,cost,household,,,2022-01-01,2022-06-30,0.1464,EUR/kWh,EUR,,primary
nrg_pc_204:KWH2500-4999:I_TAX:EUR,PL,cost,household,,,2022-07-01,2022-12-31,0.1604,EUR/kWh,EUR,,primary
nrg_pc_204:KWH2500-4999:I_TAX:EUR,PL,cost,household,,,2023-01-01,2023-06-30,0.1769,EUR/kWh,EUR,,primary
nrg_pc_204:KWH2500-4999:I_TAX:EUR,PL,cost,household,,,2023-07-01,2023-12-31,0.2162,EUR/kWh,EUR,,primary
nrg_pc_204:KWH2500-4999:I_TAX:EUR,PL,cost,household,,,2024-01-01,2024-06-30,0.209,EUR/kWh,EUR,,primary
nrg_pc_204:KWH2500-4999:I_TAX:EUR,PL,cost,household,,,2024-07-01,2024-12-31,0.2477,EUR/kWh,EUR,,primary
nrg_pc_204:KWH2500-4999:I_TAX:EUR,PL,cost,household,,,2025-01-01,2025-06-30,0.2559,EUR/kWh,EUR,,primary
nrg_pc_204:KWH2500-4999:I_TAX:EUR,PL,cost,household,,,2025-07-01,2025-12-31,0.2709,EUR/kWh,EUR,,primary
nrg_pc_204:KWH2500-4999:I_TAX:EUR,PL,cost,household,,,2026-01-01,2026-06-30,0.2999,EUR/kWh,EUR,p,primary
nrg_pc_204:KWH2500-4999:I_TAX:EUR,PT,cost,household,,,2015-01-01,2015-06-30,0.2279,EUR/kWh,EUR,,primary
nrg_pc_204:KWH2500-4999:I_TAX:EUR,PT,cost,household,,,2015-07-01,2015-12-31,0.2285,EUR/kWh,EUR,,primary
nrg_pc_204:KWH2500-4999:I_TAX:EUR,PT,cost,household,,,2016-01-01,2016-06-30,0.235,EUR/kWh,EUR,,primary
nrg_pc_204:KWH2500-4999:I_TAX:EUR,PT,cost,household,,,2016-07-01,2016-12-31,0.2298,EUR/kWh,EUR,,primary
nrg_pc_204:KWH2500-4999:I_TAX:EUR,PT,cost,household,,,2017-01-01,2017-06-30,0.2284,EUR/kWh,EUR,,primary
nrg_pc_204:KWH2500-4999:I_TAX:EUR,PT,cost,household,,,2017-07-01,2017-12-31,0.223,EUR/kWh,EUR,,primary
nrg_pc_204:KWH2500-4999:I_TAX:EUR,PT,cost,household,,,2018-01-01,2018-06-30,0.2246,EUR/kWh,EUR,,primary
nrg_pc_204:KWH2500-4999:I_TAX:EUR,PT,cost,household,,,2018-07-01,2018-12-31,0.2293,EUR/kWh,EUR,,primary
nrg_pc_204:KWH2500-4999:I_TAX:EUR,PT,cost,household,,,2019-01-01,2019-06-30,0.215,EUR/kWh,EUR,,primary
nrg_pc_204:KWH2500-4999:I_TAX:EUR,PT,cost,household,,,2019-07-01,2019-12-31,0.2181,EUR/kWh,EUR,,primary
nrg_pc_204:KWH2500-4999:I_TAX:EUR,PT,cost,household,,,2020-01-01,2020-06-30,0.212,EUR/kWh,EUR,,primary
nrg_pc_204:KWH2500-4999:I_TAX:EUR,PT,cost,household,,,2020-07-01,2020-12-31,0.2133,EUR/kWh,EUR,,primary
nrg_pc_204:KWH2500-4999:I_TAX:EUR,PT,cost,household,,,2021-01-01,2021-06-30,0.2089,EUR/kWh,EUR,,primary
nrg_pc_204:KWH2500-4999:I_TAX:EUR,PT,cost,household,,,2021-07-01,2021-12-31,0.217,EUR/kWh,EUR,,primary
nrg_pc_204:KWH2500-4999:I_TAX:EUR,PT,cost,household,,,2022-01-01,2022-06-30,0.2199,EUR/kWh,EUR,,primary
nrg_pc_204:KWH2500-4999:I_TAX:EUR,PT,cost,household,,,2022-07-01,2022-12-31,0.2222,EUR/kWh,EUR,,primary
nrg_pc_204:KWH2500-4999:I_TAX:EUR,PT,cost,household,,,2023-01-01,2023-06-30,0.2071,EUR/kWh,EUR,,primary
nrg_pc_204:KWH2500-4999:I_TAX:EUR,PT,cost,household,,,2023-07-01,2023-12-31,0.2299,EUR/kWh,EUR,,primary
nrg_pc_204:KWH2500-4999:I_TAX:EUR,PT,cost,household,,,2024-01-01,2024-06-30,0.2426,EUR/kWh,EUR,,primary
nrg_pc_204:KWH2500-4999:I_TAX:EUR,PT,cost,household,,,2024-07-01,2024-12-31,0.2626,EUR/kWh,EUR,,primary
nrg_pc_204:KWH2500-4999:I_TAX:EUR,PT,cost,household,,,2025-01-01,2025-06-30,0.239,EUR/kWh,EUR,,primary
nrg_pc_204:KWH2500-4999:I_TAX:EUR,PT,cost,household,,,2025-07-01,2025-12-31,0.2435,EUR/kWh,EUR,,primary
nrg_pc_204:KWH2500-4999:I_TAX:EUR,PT,cost,household,,,2026-01-01,2026-06-30,0.2367,EUR/kWh,EUR,,primary
nrg_pc_204:KWH2500-4999:I_TAX:EUR,RO,cost,household,,,2015-01-01,2015-06-30,0.1303,EUR/kWh,EUR,,primary
nrg_pc_204:KWH2500-4999:I_TAX:EUR,RO,cost,household,,,2015-07-01,2015-12-31,0.1319,EUR/kWh,EUR,,primary
nrg_pc_204:KWH2500-4999:I_TAX:EUR,RO,cost,household,,,2016-01-01,2016-06-30,0.126,EUR/kWh,EUR,,primary
nrg_pc_204:KWH2500-4999:I_TAX:EUR,RO,cost,household,,,2016-07-01,2016-12-31,0.1233,EUR/kWh,EUR,,primary
nrg_pc_204:KWH2500-4999:I_TAX:EUR,RO,cost,household,,,2017-01-01,2017-06-30,0.1198,EUR/kWh,EUR,,primary
nrg_pc_204:KWH2500-4999:I_TAX:EUR,RO,cost,household,,,2017-07-01,2017-12-31,0.1289,EUR/kWh,EUR,,primary
nrg_pc_204:KWH2500-4999:I_TAX:EUR,RO,cost,household,,,2018-01-01,2018-06-30,0.1333,EUR/kWh,EUR,,primary
nrg_pc_204:KWH2500-4999:I_TAX:EUR,RO,cost,household,,,2018-07-01,2018-12-31,0.1317,EUR/kWh,EUR,,primary
nrg_pc_204:KWH2500-4999:I_TAX:EUR,RO,cost,household,,,2019-01-01,2019-06-30,0.1358,EUR/kWh,EUR,,primary
nrg_pc_204:KWH2500-4999:I_TAX:EUR,RO,cost,household,,,2019-07-01,2019-12-31,0.1421,EUR/kWh,EUR,,primary
nrg_pc_204:KWH2500-4999:I_TAX:EUR,RO,cost,household,,,2020-01-01,2020-06-30,0.1459,EUR/kWh,EUR,,primary
nrg_pc_204:KWH2500-4999:I_TAX:EUR,RO,cost,household,,,2020-07-01,2020-12-31,0.1449,EUR/kWh,EUR,,primary
nrg_pc_204:KWH2500-4999:I_TAX:EUR,RO,cost,household,,,2021-01-01,2021-06-30,0.1536,EUR/kWh,EUR,,primary
nrg_pc_204:KWH2500-4999:I_TAX:EUR,RO,cost,household,,,2021-07-01,2021-12-31,0.1602,EUR/kWh,EUR,,primary
nrg_pc_204:KWH2500-4999:I_TAX:EUR,RO,cost,household,,,2022-01-01,2022-06-30,0.2362,EUR/kWh,EUR,d,primary
nrg_pc_204:KWH2500-4999:I_TAX:EUR,RO,cost,household,,,2022-07-01,2022-12-31,0.3411,EUR/kWh,EUR,d,primary
nrg_pc_204:KWH2500-4999:I_TAX:EUR,RO,cost,household,,,2023-01-01,2023-06-30,0.1892,EUR/kWh,EUR,,primary
nrg_pc_204:KWH2500-4999:I_TAX:EUR,RO,cost,household,,,2023-07-01,2023-12-31,0.191,EUR/kWh,EUR,,primary
nrg_pc_204:KWH2500-4999:I_TAX:EUR,RO,cost,household,,,2024-01-01,2024-06-30,0.1883,EUR/kWh,EUR,,primary
nrg_pc_204:KWH2500-4999:I_TAX:EUR,RO,cost,household,,,2024-07-01,2024-12-31,0.1863,EUR/kWh,EUR,,primary
nrg_pc_204:KWH2500-4999:I_TAX:EUR,RO,cost,household,,,2025-01-01,2025-06-30,0.1918,EUR/kWh,EUR,,primary
nrg_pc_204:KWH2500-4999:I_TAX:EUR,RO,cost,household,,,2025-07-01,2025-12-31,0.2893,EUR/kWh,EUR,,primary
nrg_pc_204:KWH2500-4999:I_TAX:EUR,RO,cost,household,,,2026-01-01,2026-06-30,0.2836,EUR/kWh,EUR,,primary
nrg_pc_204:KWH2500-4999:I_TAX:EUR,SE,cost,household,,,2015-01-01,2015-06-30,0.1872,EUR/kWh,EUR,e,primary
nrg_pc_204:KWH2500-4999:I_TAX:EUR,SE,cost,household,,,2015-07-01,2015-12-31,0.1874,EUR/kWh,EUR,,primary
nrg_pc_204:KWH2500-4999:I_TAX:EUR,SE,cost,household,,,2016-01-01,2016-06-30,0.1915,EUR/kWh,EUR,e,primary
nrg_pc_204:KWH2500-4999:I_TAX:EUR,SE,cost,household,,,2016-07-01,2016-12-31,0.1962,EUR/kWh,EUR,,primary
nrg_pc_204:KWH2500-4999:I_TAX:EUR,SE,cost,household,,,2017-01-01,2017-06-30,0.1955,EUR/kWh,EUR,e,primary
nrg_pc_204:KWH2500-4999:I_TAX:EUR,SE,cost,household,,,2017-07-01,2017-12-31,0.2013,EUR/kWh,EUR,e,primary
nrg_pc_204:KWH2500-4999:I_TAX:EUR,SE,cost,household,,,2018-01-01,2018-06-30,0.191,EUR/kWh,EUR,e,primary
nrg_pc_204:KWH2500-4999:I_TAX:EUR,SE,cost,household,,,2018-07-01,2018-12-31,0.2049,EUR/kWh,EUR,e,primary
nrg_pc_204:KWH2500-4999:I_TAX:EUR,SE,cost,household,,,2019-01-01,2019-06-30,0.2033,EUR/kWh,EUR,e,primary
nrg_pc_204:KWH2500-4999:I_TAX:EUR,SE,cost,household,,,2019-07-01,2019-12-31,0.2052,EUR/kWh,EUR,e,primary
nrg_pc_204:KWH2500-4999:I_TAX:EUR,SE,cost,household,,,2020-01-01,2020-06-30,0.1914,EUR/kWh,EUR,,primary
nrg_pc_204:KWH2500-4999:I_TAX:EUR,SE,cost,household,,,2020-07-01,2020-12-31,0.2017,EUR/kWh,EUR,,primary
nrg_pc_204:KWH2500-4999:I_TAX:EUR,SE,cost,household,,,2021-01-01,2021-06-30,0.2114,EUR/kWh,EUR,,primary
nrg_pc_204:KWH2500-4999:I_TAX:EUR,SE,cost,household,,,2021-07-01,2021-12-31,0.2604,EUR/kWh,EUR,,primary
nrg_pc_204:KWH2500-4999:I_TAX:EUR,SE,cost,household,,,2022-01-01,2022-06-30,0.2278,EUR/kWh,EUR,,primary
nrg_pc_204:KWH2500-4999:I_TAX:EUR,SE,cost,household,,,2022-07-01,2022-12-31,0.274,EUR/kWh,EUR,,primary
nrg_pc_204:KWH2500-4999:I_TAX:EUR,SE,cost,household,,,2023-01-01,2023-06-30,0.2662,EUR/kWh,EUR,,primary
nrg_pc_204:KWH2500-4999:I_TAX:EUR,SE,cost,household,,,2023-07-01,2023-12-31,0.2181,EUR/kWh,EUR,,primary
nrg_pc_204:KWH2500-4999:I_TAX:EUR,SE,cost,household,,,2024-01-01,2024-06-30,0.2434,EUR/kWh,EUR,,primary
nrg_pc_204:KWH2500-4999:I_TAX:EUR,SE,cost,household,,,2024-07-01,2024-12-31,0.2351,EUR/kWh,EUR,,primary
nrg_pc_204:KWH2500-4999:I_TAX:EUR,SE,cost,household,,,2025-01-01,2025-06-30,0.2654,EUR/kWh,EUR,,primary
nrg_pc_204:KWH2500-4999:I_TAX:EUR,SE,cost,household,,,2025-07-01,2025-12-31,0.2711,EUR/kWh,EUR,,primary
nrg_pc_204:KWH2500-4999:I_TAX:EUR,SE,cost,household,,,2026-01-01,2026-06-30,0.3062,EUR/kWh,EUR,,primary
nrg_pc_204:KWH2500-4999:I_TAX:EUR,SI,cost,household,,,2015-01-01,2015-06-30,0.1589,EUR/kWh,EUR,,primary
nrg_pc_204:KWH2500-4999:I_TAX:EUR,SI,cost,household,,,2015-07-01,2015-12-31,0.1631,EUR/kWh,EUR,,primary
nrg_pc_204:KWH2500-4999:I_TAX:EUR,SI,cost,household,,,2016-01-01,2016-06-30,0.1618,EUR/kWh,EUR,,primary
nrg_pc_204:KWH2500-4999:I_TAX:EUR,SI,cost,household,,,2016-07-01,2016-12-31,0.1629,EUR/kWh,EUR,,primary
nrg_pc_204:KWH2500-4999:I_TAX:EUR,SI,cost,household,,,2017-01-01,2017-06-30,0.1609,EUR/kWh,EUR,,primary
nrg_pc_204:KWH2500-4999:I_TAX:EUR,SI,cost,household,,,2017-07-01,2017-12-31,0.1613,EUR/kWh,EUR,,primary
nrg_pc_204:KWH2500-4999:I_TAX:EUR,SI,cost,household,,,2018-01-01,2018-06-30,0.1613,EUR/kWh,EUR,,primary
nrg_pc_204:KWH2500-4999:I_TAX:EUR,SI,cost,household,,,2018-07-01,2018-12-31,0.1638,EUR/kWh,EUR,,primary
nrg_pc_204:KWH2500-4999:I_TAX:EUR,SI,cost,household,,,2019-01-01,2019-06-30,0.1634,EUR/kWh,EUR,,primary
nrg_pc_204:KWH2500-4999:I_TAX:EUR,SI,cost,household,,,2019-07-01,2019-12-31,0.1666,EUR/kWh,EUR,,primary
nrg_pc_204:KWH2500-4999:I_TAX:EUR,SI,cost,household,,,2020-01-01,2020-06-30,0.1448,EUR/kWh,EUR,,primary
nrg_pc_204:KWH2500-4999:I_TAX:EUR,SI,cost,household,,,2020-07-01,2020-12-31,0.1694,EUR/kWh,EUR,,primary
nrg_pc_204:KWH2500-4999:I_TAX:EUR,SI,cost,household,,,2021-01-01,2021-06-30,0.1662,EUR/kWh,EUR,,primary
nrg_pc_204:KWH2500-4999:I_TAX:EUR,SI,cost,household,,,2021-07-01,2021-12-31,0.1711,EUR/kWh,EUR,,primary
nrg_pc_204:KWH2500-4999:I_TAX:EUR,SI,cost,household,,,2022-01-01,2022-06-30,0.139,EUR/kWh,EUR,,primary
nrg_pc_204:KWH2500-4999:I_TAX:EUR,SI,cost,household,,,2022-07-01,2022-12-31,0.1956,EUR/kWh,EUR,,primary
nrg_pc_204:KWH2500-4999:I_TAX:EUR,SI,cost,household,,,2023-01-01,2023-06-30,0.1917,EUR/kWh,EUR,,primary
nrg_pc_204:KWH2500-4999:I_TAX:EUR,SI,cost,household,,,2023-07-01,2023-12-31,0.2113,EUR/kWh,EUR,,primary
nrg_pc_204:KWH2500-4999:I_TAX:EUR,SI,cost,household,,,2024-01-01,2024-06-30,0.2084,EUR/kWh,EUR,,primary
nrg_pc_204:KWH2500-4999:I_TAX:EUR,SI,cost,household,,,2024-07-01,2024-12-31,0.2006,EUR/kWh,EUR,,primary
nrg_pc_204:KWH2500-4999:I_TAX:EUR,SI,cost,household,,,2025-01-01,2025-06-30,0.181,EUR/kWh,EUR,,primary
nrg_pc_204:KWH2500-4999:I_TAX:EUR,SI,cost,household,,,2025-07-01,2025-12-31,0.2121,EUR/kWh,EUR,,primary
nrg_pc_204:KWH2500-4999:I_TAX:EUR,SI,cost,household,,,2026-01-01,2026-06-30,0.2118,EUR/kWh,EUR,,primary
nrg_pc_204:KWH2500-4999:I_TAX:EUR,SK,cost,household,,,2015-01-01,2015-06-30,0.1506,EUR/kWh,EUR,,primary
nrg_pc_204:KWH2500-4999:I_TAX:EUR,SK,cost,household,,,2015-07-01,2015-12-31,0.1517,EUR/kWh,EUR,,primary
nrg_pc_204:KWH2500-4999:I_TAX:EUR,SK,cost,household,,,2016-01-01,2016-06-30,0.1423,EUR/kWh,EUR,,primary
nrg_pc_204:KWH2500-4999:I_TAX:EUR,SK,cost,household,,,2016-07-01,2016-12-31,0.1537,EUR/kWh,EUR,,primary
nrg_pc_204:KWH2500-4999:I_TAX:EUR,SK,cost,household,,,2017-01-01,2017-06-30,0.1435,EUR/kWh,EUR,,primary
nrg_pc_204:KWH2500-4999:I_TAX:EUR,SK,cost,household,,,2017-07-01,2017-12-31,0.1442,EUR/kWh,EUR,,primary
nrg_pc_204:KWH2500-4999:I_TAX:EUR,SK,cost,household,,,2018-01-01,2018-06-30,0.1566,EUR/kWh,EUR,,primary
nrg_pc_204:KWH2500-4999:I_TAX:EUR,SK,cost,household,,,2018-07-01,2018-12-31,0.1462,EUR/kWh,EUR,,primary
nrg_pc_204:KWH2500-4999:I_TAX:EUR,SK,cost,household,,,2019-01-01,2019-06-30,0.1577,EUR/kWh,EUR,,primary
nrg_pc_204:KWH2500-4999:I_TAX:EUR,SK,cost,household,,,2019-07-01,2019-12-31,0.1585,EUR/kWh,EUR,,primary
nrg_pc_204:KWH2500-4999:I_TAX:EUR,SK,cost,household,,,2020-01-01,2020-06-30,0.1686,EUR/kWh,EUR,,primary
nrg_pc_204:KWH2500-4999:I_TAX:EUR,SK,cost,household,,,2020-07-01,2020-12-31,0.1724,EUR/kWh,EUR,,primary
nrg_pc_204:KWH2500-4999:I_TAX:EUR,SK,cost,household,,,2021-01-01,2021-06-30,0.1668,EUR/kWh,EUR,,primary
nrg_pc_204:KWH2500-4999:I_TAX:EUR,SK,cost,household,,,2021-07-01,2021-12-31,0.1624,EUR/kWh,EUR,,primary
nrg_pc_204:KWH2500-4999:I_TAX:EUR,SK,cost,household,,,2022-01-01,2022-06-30,0.1796,EUR/kWh,EUR,,primary
nrg_pc_204:KWH2500-4999:I_TAX:EUR,SK,cost,household,,,2022-07-01,2022-12-31,0.1884,EUR/kWh,EUR,,primary
nrg_pc_204:KWH2500-4999:I_TAX:EUR,SK,cost,household,,,2023-01-01,2023-06-30,0.1892,EUR/kWh,EUR,,primary
nrg_pc_204:KWH2500-4999:I_TAX:EUR,SK,cost,household,,,2023-07-01,2023-12-31,0.1943,EUR/kWh,EUR,,primary
nrg_pc_204:KWH2500-4999:I_TAX:EUR,SK,cost,household,,,2024-01-01,2024-06-30,0.1806,EUR/kWh,EUR,,primary
nrg_pc_204:KWH2500-4999:I_TAX:EUR,SK,cost,household,,,2024-07-01,2024-12-31,0.177,EUR/kWh,EUR,,primary
nrg_pc_204:KWH2500-4999:I_TAX:EUR,SK,cost,household,,,2025-01-01,2025-06-30,0.1887,EUR/kWh,EUR,,primary
nrg_pc_204:KWH2500-4999:I_TAX:EUR,SK,cost,household,,,2025-07-01,2025-12-31,0.1853,EUR/kWh,EUR,,primary
nrg_pc_204:KWH2500-4999:I_TAX:EUR,SK,cost,household,,,2026-01-01,2026-06-30,0.1985,EUR/kWh,EUR,,primary
nrg_pc_204:KWH2500-4999:X_TAX:EUR,AT,cost,household,,,2015-01-01,2015-06-30,0.1261,EUR/kWh,EUR,,primary
nrg_pc_204:KWH2500-4999:X_TAX:EUR,AT,cost,household,,,2015-07-01,2015-12-31,0.1239,EUR/kWh,EUR,,primary
nrg_pc_204:KWH2500-4999:X_TAX:EUR,AT,cost,household,,,2016-01-01,2016-06-30,0.1242,EUR/kWh,EUR,,primary
nrg_pc_204:KWH2500-4999:X_TAX:EUR,AT,cost,household,,,2016-07-01,2016-12-31,0.1222,EUR/kWh,EUR,,primary
nrg_pc_204:KWH2500-4999:X_TAX:EUR,AT,cost,household,,,2017-01-01,2017-06-30,0.1221,EUR/kWh,EUR,,primary
nrg_pc_204:KWH2500-4999:X_TAX:EUR,AT,cost,household,,,2017-07-01,2017-12-31,0.1218,EUR/kWh,EUR,,primary
nrg_pc_204:KWH2500-4999:X_TAX:EUR,AT,cost,household,,,2018-01-01,2018-06-30,0.1232,EUR/kWh,EUR,,primary
nrg_pc_204:KWH2500-4999:X_TAX:EUR,AT,cost,household,,,2018-07-01,2018-12-31,0.1265,EUR/kWh,EUR,,primary
nrg_pc_204:KWH2500-4999:X_TAX:EUR,AT,cost,household,,,2019-01-01,2019-06-30,0.1316,EUR/kWh,EUR,,primary
nrg_pc_204:KWH2500-4999:X_TAX:EUR,AT,cost,household,,,2019-07-01,2019-12-31,0.1349,EUR/kWh,EUR,,primary
nrg_pc_204:KWH2500-4999:X_TAX:EUR,AT,cost,household,,,2020-01-01,2020-06-30,0.1358,EUR/kWh,EUR,,primary
nrg_pc_204:KWH2500-4999:X_TAX:EUR,AT,cost,household,,,2020-07-01,2020-12-31,0.1384,EUR/kWh,EUR,,primary
nrg_pc_204:KWH2500-4999:X_TAX:EUR,AT,cost,household,,,2021-01-01,2021-06-30,0.1394,EUR/kWh,EUR,,primary
nrg_pc_204:KWH2500-4999:X_TAX:EUR,AT,cost,household,,,2021-07-01,2021-12-31,0.1448,EUR/kWh,EUR,,primary
nrg_pc_204:KWH2500-4999:X_TAX:EUR,AT,cost,household,,,2022-01-01,2022-06-30,0.1579,EUR/kWh,EUR,,primary
nrg_pc_204:KWH2500-4999:X_TAX:EUR,AT,cost,household,,,2022-07-01,2022-12-31,0.209,EUR/kWh,EUR,,primary
nrg_pc_204:KWH2500-4999:X_TAX:EUR,AT,cost,household,,,2023-01-01,2023-06-30,0.2691,EUR/kWh,EUR,,primary
nrg_pc_204:KWH2500-4999:X_TAX:EUR,AT,cost,household,,,2023-07-01,2023-12-31,0.299,EUR/kWh,EUR,,primary
nrg_pc_204:KWH2500-4999:X_TAX:EUR,AT,cost,household,,,2024-01-01,2024-06-30,0.2946,EUR/kWh,EUR,,primary
nrg_pc_204:KWH2500-4999:X_TAX:EUR,AT,cost,household,,,2024-07-01,2024-12-31,0.2678,EUR/kWh,EUR,,primary
nrg_pc_204:KWH2500-4999:X_TAX:EUR,AT,cost,household,,,2025-01-01,2025-06-30,0.2578,EUR/kWh,EUR,,primary
nrg_pc_204:KWH2500-4999:X_TAX:EUR,AT,cost,household,,,2025-07-01,2025-12-31,0.2539,EUR/kWh,EUR,,primary
nrg_pc_204:KWH2500-4999:X_TAX:EUR,AT,cost,household,,,2026-01-01,2026-06-30,0.2481,EUR/kWh,EUR,,primary
nrg_pc_204:KWH2500-4999:X_TAX:EUR,BE,cost,household,,,2015-01-01,2015-06-30,0.1817,EUR/kWh,EUR,,primary
nrg_pc_204:KWH2500-4999:X_TAX:EUR,BE,cost,household,,,2015-07-01,2015-12-31,0.1842,EUR/kWh,EUR,,primary
nrg_pc_204:KWH2500-4999:X_TAX:EUR,BE,cost,household,,,2016-01-01,2016-06-30,0.1567,EUR/kWh,EUR,,primary
nrg_pc_204:KWH2500-4999:X_TAX:EUR,BE,cost,household,,,2016-07-01,2016-12-31,0.1815,EUR/kWh,EUR,,primary
nrg_pc_204:KWH2500-4999:X_TAX:EUR,BE,cost,household,,,2017-01-01,2017-06-30,0.1929,EUR/kWh,EUR,,primary
nrg_pc_204:KWH2500-4999:X_TAX:EUR,BE,cost,household,,,2017-07-01,2017-12-31,0.179,EUR/kWh,EUR,,primary
nrg_pc_204:KWH2500-4999:X_TAX:EUR,BE,cost,household,,,2018-01-01,2018-06-30,0.1872,EUR/kWh,EUR,,primary
nrg_pc_204:KWH2500-4999:X_TAX:EUR,BE,cost,household,,,2018-07-01,2018-12-31,0.1976,EUR/kWh,EUR,,primary
nrg_pc_204:KWH2500-4999:X_TAX:EUR,BE,cost,household,,,2019-01-01,2019-06-30,0.1948,EUR/kWh,EUR,,primary
nrg_pc_204:KWH2500-4999:X_TAX:EUR,BE,cost,household,,,2019-07-01,2019-12-31,0.1954,EUR/kWh,EUR,,primary
nrg_pc_204:KWH2500-4999:X_TAX:EUR,BE,cost,household,,,2020-01-01,2020-06-30,0.1872,EUR/kWh,EUR,,primary
nrg_pc_204:KWH2500-4999:X_TAX:EUR,BE,cost,household,,,2020-07-01,2020-12-31,0.1798,EUR/kWh,EUR,,primary
nrg_pc_204:KWH2500-4999:X_TAX:EUR,BE,cost,household,,,2021-01-01,2021-06-30,0.1767,EUR/kWh,EUR,,primary
nrg_pc_204:KWH2500-4999:X_TAX:EUR,BE,cost,household,,,2021-07-01,2021-12-31,0.2015,EUR/kWh,EUR,,primary
nrg_pc_204:KWH2500-4999:X_TAX:EUR,BE,cost,household,,,2022-01-01,2022-06-30,0.2622,EUR/kWh,EUR,,primary
nrg_pc_204:KWH2500-4999:X_TAX:EUR,BE,cost,household,,,2022-07-01,2022-12-31,0.3791,EUR/kWh,EUR,,primary
nrg_pc_204:KWH2500-4999:X_TAX:EUR,BE,cost,household,,,2023-01-01,2023-06-30,0.3592,EUR/kWh,EUR,,primary
nrg_pc_204:KWH2500-4999:X_TAX:EUR,BE,cost,household,,,2023-07-01,2023-12-31,0.2793,EUR/kWh,EUR,,primary
nrg_pc_204:KWH2500-4999:X_TAX:EUR,BE,cost,household,,,2024-01-01,2024-06-30,0.2405,EUR/kWh,EUR,,primary
nrg_pc_204:KWH2500-4999:X_TAX:EUR,BE,cost,household,,,2024-07-01,2024-12-31,0.2465,EUR/kWh,EUR,,primary
nrg_pc_204:KWH2500-4999:X_TAX:EUR,BE,cost,household,,,2025-01-01,2025-06-30,0.2758,EUR/kWh,EUR,,primary
nrg_pc_204:KWH2500-4999:X_TAX:EUR,BE,cost,household,,,2025-07-01,2025-12-31,0.2714,EUR/kWh,EUR,,primary
nrg_pc_204:KWH2500-4999:X_TAX:EUR,BE,cost,household,,,2026-01-01,2026-06-30,0.2783,EUR/kWh,EUR,,primary
nrg_pc_204:KWH2500-4999:X_TAX:EUR,BG,cost,household,,,2015-01-01,2015-06-30,0.0785,EUR/kWh,EUR,,primary
nrg_pc_204:KWH2500-4999:X_TAX:EUR,BG,cost,household,,,2015-07-01,2015-12-31,0.0798,EUR/kWh,EUR,,primary
nrg_pc_204:KWH2500-4999:X_TAX:EUR,BG,cost,household,,,2016-01-01,2016-06-30,0.0797,EUR/kWh,EUR,,primary
nrg_pc_204:KWH2500-4999:X_TAX:EUR,BG,cost,household,,,2016-07-01,2016-12-31,0.0781,EUR/kWh,EUR,,primary
nrg_pc_204:KWH2500-4999:X_TAX:EUR,BG,cost,household,,,2017-01-01,2017-06-30,0.0796,EUR/kWh,EUR,,primary
nrg_pc_204:KWH2500-4999:X_TAX:EUR,BG,cost,household,,,2017-07-01,2017-12-31,0.0819,EUR/kWh,EUR,,primary
nrg_pc_204:KWH2500-4999:X_TAX:EUR,BG,cost,household,,,2018-01-01,2018-06-30,0.0816,EUR/kWh,EUR,,primary
nrg_pc_204:KWH2500-4999:X_TAX:EUR,BG,cost,household,,,2018-07-01,2018-12-31,0.0838,EUR/kWh,EUR,,primary
nrg_pc_204:KWH2500-4999:X_TAX:EUR,BG,cost,household,,,2019-01-01,2019-06-30,0.0831,EUR/kWh,EUR,,primary
nrg_pc_204:KWH2500-4999:X_TAX:EUR,BG,cost,household,,,2019-07-01,2019-12-31,0.0798,EUR/kWh,EUR,,primary
nrg_pc_204:KWH2500-4999:X_TAX:EUR,BG,cost,household,,,2020-01-01,2020-06-30,0.0831,EUR/kWh,EUR,,primary
nrg_pc_204:KWH2500-4999:X_TAX:EUR,BG,cost,household,,,2020-07-01,2020-12-31,0.0818,EUR/kWh,EUR,,primary
nrg_pc_204:KWH2500-4999:X_TAX:EUR,BG,cost,household,,,2021-01-01,2021-06-30,0.0853,EUR/kWh,EUR,,primary
nrg_pc_204:KWH2500-4999:X_TAX:EUR,BG,cost,household,,,2021-07-01,2021-12-31,0.0909,EUR/kWh,EUR,,primary
nrg_pc_204:KWH2500-4999:X_TAX:EUR,BG,cost,household,,,2022-01-01,2022-06-30,0.0911,EUR/kWh,EUR,,primary
nrg_pc_204:KWH2500-4999:X_TAX:EUR,BG,cost,household,,,2022-07-01,2022-12-31,0.0956,EUR/kWh,EUR,,primary
nrg_pc_204:KWH2500-4999:X_TAX:EUR,BG,cost,household,,,2023-01-01,2023-06-30,0.0948,EUR/kWh,EUR,,primary
nrg_pc_204:KWH2500-4999:X_TAX:EUR,BG,cost,household,,,2023-07-01,2023-12-31,0.0993,EUR/kWh,EUR,,primary
nrg_pc_204:KWH2500-4999:X_TAX:EUR,BG,cost,household,,,2024-01-01,2024-06-30,0.0989,EUR/kWh,EUR,,primary
nrg_pc_204:KWH2500-4999:X_TAX:EUR,BG,cost,household,,,2024-07-01,2024-12-31,0.1014,EUR/kWh,EUR,,primary
nrg_pc_204:KWH2500-4999:X_TAX:EUR,BG,cost,household,,,2025-01-01,2025-06-30,0.1083,EUR/kWh,EUR,,primary
nrg_pc_204:KWH2500-4999:X_TAX:EUR,BG,cost,household,,,2025-07-01,2025-12-31,0.1129,EUR/kWh,EUR,,primary
nrg_pc_204:KWH2500-4999:X_TAX:EUR,BG,cost,household,,,2026-01-01,2026-06-30,0.1117,EUR/kWh,EUR,,primary
nrg_pc_204:KWH2500-4999:X_TAX:EUR,CY,cost,household,,,2015-01-01,2015-06-30,0.1574,EUR/kWh,EUR,,primary
nrg_pc_204:KWH2500-4999:X_TAX:EUR,CY,cost,household,,,2015-07-01,2015-12-31,0.1463,EUR/kWh,EUR,,primary
nrg_pc_204:KWH2500-4999:X_TAX:EUR,CY,cost,household,,,2016-01-01,2016-06-30,0.1194,EUR/kWh,EUR,,primary
nrg_pc_204:KWH2500-4999:X_TAX:EUR,CY,cost,household,,,2016-07-01,2016-12-31,0.1285,EUR/kWh,EUR,,primary
nrg_pc_204:KWH2500-4999:X_TAX:EUR,CY,cost,household,,,2017-01-01,2017-06-30,0.1454,EUR/kWh,EUR,,primary
nrg_pc_204:KWH2500-4999:X_TAX:EUR,CY,cost,household,,,2017-07-01,2017-12-31,0.142,EUR/kWh,EUR,,primary
nrg_pc_204:KWH2500-4999:X_TAX:EUR,CY,cost,household,,,2018-01-01,2018-06-30,0.1445,EUR/kWh,EUR,,primary
nrg_pc_204:KWH2500-4999:X_TAX:EUR,CY,cost,household,,,2018-07-01,2018-12-31,0.1745,EUR/kWh,EUR,,primary
nrg_pc_204:KWH2500-4999:X_TAX:EUR,CY,cost,household,,,2019-01-01,2019-06-30,0.1545,EUR/kWh,EUR,,primary
nrg_pc_204:KWH2500-4999:X_TAX:EUR,CY,cost,household,,,2019-07-01,2019-12-31,0.1576,EUR/kWh,EUR,,primary
nrg_pc_204:KWH2500-4999:X_TAX:EUR,CY,cost,household,,,2020-01-01,2020-06-30,0.1497,EUR/kWh,EUR,,primary
nrg_pc_204:KWH2500-4999:X_TAX:EUR,CY,cost,household,,,2020-07-01,2020-12-31,0.1184,EUR/kWh,EUR,,primary
nrg_pc_204:KWH2500-4999:X_TAX:EUR,CY,cost,household,,,2021-01-01,2021-06-30,0.1276,EUR/kWh,EUR,,primary
nrg_pc_204:KWH2500-4999:X_TAX:EUR,CY,cost,household,,,2021-07-01,2021-12-31,0.1451,EUR/kWh,EUR,,primary
nrg_pc_204:KWH2500-4999:X_TAX:EUR,CY,cost,household,,,2022-01-01,2022-06-30,0.1693,EUR/kWh,EUR,,primary
nrg_pc_204:KWH2500-4999:X_TAX:EUR,CY,cost,household,,,2022-07-01,2022-12-31,0.2551,EUR/kWh,EUR,,primary
nrg_pc_204:KWH2500-4999:X_TAX:EUR,CY,cost,household,,,2023-01-01,2023-06-30,0.2312,EUR/kWh,EUR,,primary
nrg_pc_204:KWH2500-4999:X_TAX:EUR,CY,cost,household,,,2023-07-01,2023-12-31,0.2099,EUR/kWh,EUR,,primary
nrg_pc_204:KWH2500-4999:X_TAX:EUR,CY,cost,household,,,2024-01-01,2024-06-30,0.2106,EUR/kWh,EUR,,primary
nrg_pc_204:KWH2500-4999:X_TAX:EUR,CY,cost,household,,,2024-07-01,2024-12-31,0.2084,EUR/kWh,EUR,,primary
nrg_pc_204:KWH2500-4999:X_TAX:EUR,CY,cost,household,,,2025-01-01,2025-06-30,0.1937,EUR/kWh,EUR,,primary
nrg_pc_204:KWH2500-4999:X_TAX:EUR,CY,cost,household,,,2025-07-01,2025-12-31,0.1885,EUR/kWh,EUR,,primary
nrg_pc_204:KWH2500-4999:X_TAX:EUR,CY,cost,household,,,2026-01-01,2026-06-30,0.195,EUR/kWh,EUR,,primary
nrg_pc_204:KWH2500-4999:X_TAX:EUR,CZ,cost,household,,,2015-01-01,2015-06-30,0.1134,EUR/kWh,EUR,,primary
nrg_pc_204:KWH2500-4999:X_TAX:EUR,CZ,cost,household,,,2015-07-01,2015-12-31,0.1153,EUR/kWh,EUR,,primary
nrg_pc_204:KWH2500-4999:X_TAX:EUR,CZ,cost,household,,,2016-01-01,2016-06-30,0.1161,EUR/kWh,EUR,,primary
nrg_pc_204:KWH2500-4999:X_TAX:EUR,CZ,cost,household,,,2016-07-01,2016-12-31,0.1162,EUR/kWh,EUR,,primary
nrg_pc_204:KWH2500-4999:X_TAX:EUR,CZ,cost,household,,,2017-01-01,2017-06-30,0.1176,EUR/kWh,EUR,,primary
nrg_pc_204:KWH2500-4999:X_TAX:EUR,CZ,cost,household,,,2017-07-01,2017-12-31,0.1218,EUR/kWh,EUR,,primary
nrg_pc_204:KWH2500-4999:X_TAX:EUR,CZ,cost,household,,,2018-01-01,2018-06-30,0.1286,EUR/kWh,EUR,,primary
nrg_pc_204:KWH2500-4999:X_TAX:EUR,CZ,cost,household,,,2018-07-01,2018-12-31,0.1299,EUR/kWh,EUR,,primary
nrg_pc_204:KWH2500-4999:X_TAX:EUR,CZ,cost,household,,,2019-01-01,2019-06-30,0.1238,EUR/kWh,EUR,,primary
nrg_pc_204:KWH2500-4999:X_TAX:EUR,CZ,cost,household,,,2019-07-01,2019-12-31,0.1255,EUR/kWh,EUR,,primary
nrg_pc_204:KWH2500-4999:X_TAX:EUR,CZ,cost,household,,,2020-01-01,2020-06-30,0.1321,EUR/kWh,EUR,,primary
nrg_pc_204:KWH2500-4999:X_TAX:EUR,CZ,cost,household,,,2020-07-01,2020-12-31,0.1283,EUR/kWh,EUR,,primary
nrg_pc_204:KWH2500-4999:X_TAX:EUR,CZ,cost,household,,,2021-01-01,2021-06-30,0.1284,EUR/kWh,EUR,,primary
nrg_pc_204:KWH2500-4999:X_TAX:EUR,CZ,cost,household,,,2021-07-01,2021-12-31,0.1498,EUR/kWh,EUR,,primary
nrg_pc_204:KWH2500-4999:X_TAX:EUR,CZ,cost,household,,,2022-01-01,2022-06-30,0.1879,EUR/kWh,EUR,,primary
nrg_pc_204:KWH2500-4999:X_TAX:EUR,CZ,cost,household,,,2022-07-01,2022-12-31,0.2077,EUR/kWh,EUR,,primary
nrg_pc_204:KWH2500-4999:X_TAX:EUR,CZ,cost,household,,,2023-01-01,2023-06-30,0.2624,EUR/kWh,EUR,,primary
nrg_pc_204:KWH2500-4999:X_TAX:EUR,CZ,cost,household,,,2023-07-01,2023-12-31,0.2582,EUR/kWh,EUR,,primary
nrg_pc_204:KWH2500-4999:X_TAX:EUR,CZ,cost,household,,,2024-01-01,2024-06-30,0.2574,EUR/kWh,EUR,,primary
nrg_pc_204:KWH2500-4999:X_TAX:EUR,CZ,cost,household,,,2024-07-01,2024-12-31,0.2511,EUR/kWh,EUR,,primary
nrg_pc_204:KWH2500-4999:X_TAX:EUR,CZ,cost,household,,,2025-01-01,2025-06-30,0.2404,EUR/kWh,EUR,,primary
nrg_pc_204:KWH2500-4999:X_TAX:EUR,CZ,cost,household,,,2025-07-01,2025-12-31,0.242,EUR/kWh,EUR,,primary
nrg_pc_204:KWH2500-4999:X_TAX:EUR,CZ,cost,household,,,2026-01-01,2026-06-30,0.234,EUR/kWh,EUR,,primary
nrg_pc_204:KWH2500-4999:X_TAX:EUR,DE,cost,household,,,2015-01-01,2015-06-30,0.1431,EUR/kWh,EUR,,primary
nrg_pc_204:KWH2500-4999:X_TAX:EUR,DE,cost,household,,,2015-07-01,2015-12-31,0.1427,EUR/kWh,EUR,,primary
nrg_pc_204:KWH2500-4999:X_TAX:EUR,DE,cost,household,,,2016-01-01,2016-06-30,0.1388,EUR/kWh,EUR,,primary
nrg_pc_204:KWH2500-4999:X_TAX:EUR,DE,cost,household,,,2016-07-01,2016-12-31,0.1382,EUR/kWh,EUR,,primary
nrg_pc_204:KWH2500-4999:X_TAX:EUR,DE,cost,household,,,2017-01-01,2017-06-30,0.1389,EUR/kWh,EUR,,primary
nrg_pc_204:KWH2500-4999:X_TAX:EUR,DE,cost,household,,,2017-07-01,2017-12-31,0.1383,EUR/kWh,EUR,,primary
nrg_pc_204:KWH2500-4999:X_TAX:EUR,DE,cost,household,,,2018-01-01,2018-06-30,0.1379,EUR/kWh,EUR,,primary
nrg_pc_204:KWH2500-4999:X_TAX:EUR,DE,cost,household,,,2018-07-01,2018-12-31,0.1378,EUR/kWh,EUR,,primary
nrg_pc_204:KWH2500-4999:X_TAX:EUR,DE,cost,household,,,2019-01-01,2019-06-30,0.1473,EUR/kWh,EUR,,primary
nrg_pc_204:KWH2500-4999:X_TAX:EUR,DE,cost,household,,,2019-07-01,2019-12-31,0.1321,EUR/kWh,EUR,,primary
nrg_pc_204:KWH2500-4999:X_TAX:EUR,DE,cost,household,,,2020-01-01,2020-06-30,0.143,EUR/kWh,EUR,,primary
nrg_pc_204:KWH2500-4999:X_TAX:EUR,DE,cost,household,,,2020-07-01,2020-12-31,0.1451,EUR/kWh,EUR,,primary
nrg_pc_204:KWH2500-4999:X_TAX:EUR,DE,cost,household,,,2021-01-01,2021-06-30,0.1562,EUR/kWh,EUR,,primary
nrg_pc_204:KWH2500-4999:X_TAX:EUR,DE,cost,household,,,2021-07-01,2021-12-31,0.1596,EUR/kWh,EUR,,primary
nrg_pc_204:KWH2500-4999:X_TAX:EUR,DE,cost,household,,,2022-01-01,2022-06-30,0.1899,EUR/kWh,EUR,,primary
nrg_pc_204:KWH2500-4999:X_TAX:EUR,DE,cost,household,,,2022-07-01,2022-12-31,0.2333,EUR/kWh,EUR,,primary
nrg_pc_204:KWH2500-4999:X_TAX:EUR,DE,cost,household,,,2023-01-01,2023-06-30,0.2973,EUR/kWh,EUR,,primary
nrg_pc_204:KWH2500-4999:X_TAX:EUR,DE,cost,household,,,2023-07-01,2023-12-31,0.2882,EUR/kWh,EUR,,primary
nrg_pc_204:KWH2500-4999:X_TAX:EUR,DE,cost,household,,,2024-01-01,2024-06-30,0.2806,EUR/kWh,EUR,,primary
nrg_pc_204:KWH2500-4999:X_TAX:EUR,DE,cost,household,,,2024-07-01,2024-12-31,0.2797,EUR/kWh,EUR,,primary
nrg_pc_204:KWH2500-4999:X_TAX:EUR,DE,cost,household,,,2025-01-01,2025-06-30,0.2598,EUR/kWh,EUR,,primary
nrg_pc_204:KWH2500-4999:X_TAX:EUR,DE,cost,household,,,2025-07-01,2025-12-31,0.2625,EUR/kWh,EUR,,primary
nrg_pc_204:KWH2500-4999:X_TAX:EUR,DE,cost,household,,,2026-01-01,2026-06-30,0.2388,EUR/kWh,EUR,,primary
nrg_pc_204:KWH2500-4999:X_TAX:EUR,DK,cost,household,,,2015-01-01,2015-06-30,0.0935,EUR/kWh,EUR,,primary
nrg_pc_204:KWH2500-4999:X_TAX:EUR,DK,cost,household,,,2015-07-01,2015-12-31,0.0883,EUR/kWh,EUR,,primary
nrg_pc_204:KWH2500-4999:X_TAX:EUR,DK,cost,household,,,2016-01-01,2016-06-30,0.0897,EUR/kWh,EUR,,primary
nrg_pc_204:KWH2500-4999:X_TAX:EUR,DK,cost,household,,,2016-07-01,2016-12-31,0.0948,EUR/kWh,EUR,,primary
nrg_pc_204:KWH2500-4999:X_TAX:EUR,DK,cost,household,,,2017-01-01,2017-06-30,0.094,EUR/kWh,EUR,,primary
nrg_pc_204:KWH2500-4999:X_TAX:EUR,DK,cost,household,,,2017-07-01,2017-12-31,0.0922,EUR/kWh,EUR,,primary
nrg_pc_204:KWH2500-4999:X_TAX:EUR,DK,cost,household,,,2018-01-01,2018-06-30,0.1011,EUR/kWh,EUR,,primary
nrg_pc_204:KWH2500-4999:X_TAX:EUR,DK,cost,household,,,2018-07-01,2018-12-31,0.1116,EUR/kWh,EUR,,primary
nrg_pc_204:KWH2500-4999:X_TAX:EUR,DK,cost,household,,,2019-01-01,2019-06-30,0.1084,EUR/kWh,EUR,,primary
nrg_pc_204:KWH2500-4999:X_TAX:EUR,DK,cost,household,,,2019-07-01,2019-12-31,0.1042,EUR/kWh,EUR,,primary
nrg_pc_204:KWH2500-4999:X_TAX:EUR,DK,cost,household,,,2020-01-01,2020-06-30,0.0951,EUR/kWh,EUR,,primary
nrg_pc_204:KWH2500-4999:X_TAX:EUR,DK,cost,household,,,2020-07-01,2020-12-31,0.0908,EUR/kWh,EUR,,primary
nrg_pc_204:KWH2500-4999:X_TAX:EUR,DK,cost,household,,,2021-01-01,2021-06-30,0.104,EUR/kWh,EUR,,primary
nrg_pc_204:KWH2500-4999:X_TAX:EUR,DK,cost,household,,,2021-07-01,2021-12-31,0.1485,EUR/kWh,EUR,,primary
nrg_pc_204:KWH2500-4999:X_TAX:EUR,DK,cost,household,,,2022-01-01,2022-06-30,0.2371,EUR/kWh,EUR,,primary
nrg_pc_204:KWH2500-4999:X_TAX:EUR,DK,cost,household,,,2022-07-01,2022-12-31,0.3636,EUR/kWh,EUR,,primary
nrg_pc_204:KWH2500-4999:X_TAX:EUR,DK,cost,household,,,2023-01-01,2023-06-30,0.2976,EUR/kWh,EUR,,primary
nrg_pc_204:KWH2500-4999:X_TAX:EUR,DK,cost,household,,,2023-07-01,2023-12-31,0.1846,EUR/kWh,EUR,,primary
nrg_pc_204:KWH2500-4999:X_TAX:EUR,DK,cost,household,,,2024-01-01,2024-06-30,0.1883,EUR/kWh,EUR,,primary
nrg_pc_204:KWH2500-4999:X_TAX:EUR,DK,cost,household,,,2024-07-01,2024-12-31,0.1928,EUR/kWh,EUR,,primary
nrg_pc_204:KWH2500-4999:X_TAX:EUR,DK,cost,household,,,2025-01-01,2025-06-30,0.1823,EUR/kWh,EUR,,primary
nrg_pc_204:KWH2500-4999:X_TAX:EUR,DK,cost,household,,,2025-07-01,2025-12-31,0.1685,EUR/kWh,EUR,,primary
nrg_pc_204:KWH2500-4999:X_TAX:EUR,EE,cost,household,,,2015-01-01,2015-06-30,0.0951,EUR/kWh,EUR,,primary
nrg_pc_204:KWH2500-4999:X_TAX:EUR,EE,cost,household,,,2015-07-01,2015-12-31,0.0951,EUR/kWh,EUR,,primary
nrg_pc_204:KWH2500-4999:X_TAX:EUR,EE,cost,household,,,2016-01-01,2016-06-30,0.0935,EUR/kWh,EUR,,primary
nrg_pc_204:KWH2500-4999:X_TAX:EUR,EE,cost,household,,,2016-07-01,2016-12-31,0.096,EUR/kWh,EUR,,primary
nrg_pc_204:KWH2500-4999:X_TAX:EUR,EE,cost,household,,,2017-01-01,2017-06-30,0.0926,EUR/kWh,EUR,,primary
nrg_pc_204:KWH2500-4999:X_TAX:EUR,EE,cost,household,,,2017-07-01,2017-12-31,0.095,EUR/kWh,EUR,,primary
nrg_pc_204:KWH2500-4999:X_TAX:EUR,EE,cost,household,,,2018-01-01,2018-06-30,0.0989,EUR/kWh,EUR,,primary
nrg_pc_204:KWH2500-4999:X_TAX:EUR,EE,cost,household,,,2018-07-01,2018-12-31,0.1048,EUR/kWh,EUR,,primary
nrg_pc_204:KWH2500-4999:X_TAX:EUR,EE,cost,household,,,2019-01-01,2019-06-30,0.0982,EUR/kWh,EUR,,primary
nrg_pc_204:KWH2500-4999:X_TAX:EUR,EE,cost,household,,,2019-07-01,2019-12-31,0.1027,EUR/kWh,EUR,,primary
nrg_pc_204:KWH2500-4999:X_TAX:EUR,EE,cost,household,,,2020-01-01,2020-06-30,0.0882,EUR/kWh,EUR,,primary
nrg_pc_204:KWH2500-4999:X_TAX:EUR,EE,cost,household,,,2020-07-01,2020-12-31,0.0953,EUR/kWh,EUR,,primary
nrg_pc_204:KWH2500-4999:X_TAX:EUR,EE,cost,household,,,2021-01-01,2021-06-30,0.098,EUR/kWh,EUR,,primary
nrg_pc_204:KWH2500-4999:X_TAX:EUR,EE,cost,household,,,2021-07-01,2021-12-31,0.1493,EUR/kWh,EUR,,primary
nrg_pc_204:KWH2500-4999:X_TAX:EUR,EE,cost,household,,,2022-01-01,2022-06-30,0.159,EUR/kWh,EUR,,primary
nrg_pc_204:KWH2500-4999:X_TAX:EUR,EE,cost,household,,,2022-07-01,2022-12-31,0.2085,EUR/kWh,EUR,,primary
nrg_pc_204:KWH2500-4999:X_TAX:EUR,EE,cost,household,,,2023-01-01,2023-06-30,0.1666,EUR/kWh,EUR,,primary
nrg_pc_204:KWH2500-4999:X_TAX:EUR,EE,cost,household,,,2023-07-01,2023-12-31,0.1826,EUR/kWh,EUR,,primary
nrg_pc_204:KWH2500-4999:X_TAX:EUR,EE,cost,household,,,2024-01-01,2024-06-30,0.1769,EUR/kWh,EUR,,primary
nrg_pc_204:KWH2500-4999:X_TAX:EUR,EE,cost,household,,,2024-07-01,2024-12-31,0.1696,EUR/kWh,EUR,,primary
nrg_pc_204:KWH2500-4999:X_TAX:EUR,EE,cost,household,,,2025-01-01,2025-06-30,0.1784,EUR/kWh,EUR,,primary
nrg_pc_204:KWH2500-4999:X_TAX:EUR,EE,cost,household,,,2025-07-01,2025-12-31,0.1753,EUR/kWh,EUR,,primary
nrg_pc_204:KWH2500-4999:X_TAX:EUR,EE,cost,household,,,2026-01-01,2026-06-30,0.1512,EUR/kWh,EUR,,primary
nrg_pc_204:KWH2500-4999:X_TAX:EUR,EL,cost,household,,,2015-01-01,2015-06-30,0.1211,EUR/kWh,EUR,,primary
nrg_pc_204:KWH2500-4999:X_TAX:EUR,EL,cost,household,,,2015-07-01,2015-12-31,0.1227,EUR/kWh,EUR,,primary
nrg_pc_204:KWH2500-4999:X_TAX:EUR,EL,cost,household,,,2016-01-01,2016-06-30,0.1162,EUR/kWh,EUR,,primary
nrg_pc_204:KWH2500-4999:X_TAX:EUR,EL,cost,household,,,2016-07-01,2016-12-31,0.1185,EUR/kWh,EUR,,primary
nrg_pc_204:KWH2500-4999:X_TAX:EUR,EL,cost,household,,,2017-01-01,2017-06-30,0.1139,EUR/kWh,EUR,,primary
nrg_pc_204:KWH2500-4999:X_TAX:EUR,EL,cost,household,,,2017-07-01,2017-12-31,0.109,EUR/kWh,EUR,,primary
nrg_pc_204:KWH2500-4999:X_TAX:EUR,EL,cost,household,,,2018-01-01,2018-06-30,0.1132,EUR/kWh,EUR,,primary
nrg_pc_204:KWH2500-4999:X_TAX:EUR,EL,cost,household,,,2018-07-01,2018-12-31,0.1125,EUR/kWh,EUR,,primary
nrg_pc_204:KWH2500-4999:X_TAX:EUR,EL,cost,household,,,2019-01-01,2019-06-30,0.1141,EUR/kWh,EUR,,primary
nrg_pc_204:KWH2500-4999:X_TAX:EUR,EL,cost,household,,,2019-07-01,2019-12-31,0.1189,EUR/kWh,EUR,,primary
nrg_pc_204:KWH2500-4999:X_TAX:EUR,EL,cost,household,,,2020-01-01,2020-06-30,0.1285,EUR/kWh,EUR,,primary
nrg_pc_204:KWH2500-4999:X_TAX:EUR,EL,cost,household,,,2020-07-01,2020-12-31,0.1278,EUR/kWh,EUR,,primary
nrg_pc_204:KWH2500-4999:X_TAX:EUR,EL,cost,household,,,2021-01-01,2021-06-30,0.1305,EUR/kWh,EUR,,primary
nrg_pc_204:KWH2500-4999:X_TAX:EUR,EL,cost,household,,,2021-07-01,2021-12-31,0.1588,EUR/kWh,EUR,,primary
nrg_pc_204:KWH2500-4999:X_TAX:EUR,EL,cost,household,,,2022-01-01,2022-06-30,0.295,EUR/kWh,EUR,,primary
nrg_pc_204:KWH2500-4999:X_TAX:EUR,EL,cost,household,,,2022-07-01,2022-12-31,0.4556,EUR/kWh,EUR,,primary
nrg_pc_204:KWH2500-4999:X_TAX:EUR,EL,cost,household,,,2023-01-01,2023-06-30,0.1876,EUR/kWh,EUR,,primary
nrg_pc_204:KWH2500-4999:X_TAX:EUR,EL,cost,household,,,2023-07-01,2023-12-31,0.1905,EUR/kWh,EUR,,primary
nrg_pc_204:KWH2500-4999:X_TAX:EUR,EL,cost,household,,,2024-01-01,2024-06-30,0.1888,EUR/kWh,EUR,,primary
nrg_pc_204:KWH2500-4999:X_TAX:EUR,EL,cost,household,,,2024-07-01,2024-12-31,0.193,EUR/kWh,EUR,,primary
nrg_pc_204:KWH2500-4999:X_TAX:EUR,EL,cost,household,,,2025-01-01,2025-06-30,0.1947,EUR/kWh,EUR,,primary
nrg_pc_204:KWH2500-4999:X_TAX:EUR,EL,cost,household,,,2025-07-01,2025-12-31,0.1953,EUR/kWh,EUR,,primary
nrg_pc_204:KWH2500-4999:X_TAX:EUR,EL,cost,household,,,2026-01-01,2026-06-30,0.1967,EUR/kWh,EUR,,primary
nrg_pc_204:KWH2500-4999:X_TAX:EUR,ES,cost,household,,,2015-01-01,2015-06-30,0.1815,EUR/kWh,EUR,,primary
nrg_pc_204:KWH2500-4999:X_TAX:EUR,ES,cost,household,,,2015-07-01,2015-12-31,0.1864,EUR/kWh,EUR,,primary
nrg_pc_204:KWH2500-4999:X_TAX:EUR,ES,cost,household,,,2016-01-01,2016-06-30,0.1718,EUR/kWh,EUR,,primary
nrg_pc_204:KWH2500-4999:X_TAX:EUR,ES,cost,household,,,2016-07-01,2016-12-31,0.1796,EUR/kWh,EUR,,primary
nrg_pc_204:KWH2500-4999:X_TAX:EUR,ES,cost,household,,,2017-01-01,2017-06-30,0.1805,EUR/kWh,EUR,,primary
nrg_pc_204:KWH2500-4999:X_TAX:EUR,ES,cost,household,,,2017-07-01,2017-12-31,0.1712,EUR/kWh,EUR,,primary
nrg_pc_204:KWH2500-4999:X_TAX:EUR,ES,cost,household,,,2018-01-01,2018-06-30,0.1873,EUR/kWh,EUR,,primary
nrg_pc_204:KWH2500-4999:X_TAX:EUR,ES,cost,household,,,2018-07-01,2018-12-31,0.1947,EUR/kWh,EUR,,primary
nrg_pc_204:KWH2500-4999:X_TAX:EUR,ES,cost,household,,,2019-01-01,2019-06-30,0.1326,EUR/kWh,EUR,d,primary
nrg_pc_204:KWH2500-4999:X_TAX:EUR,ES,cost,household,,,2019-07-01,2019-12-31,0.1287,EUR/kWh,EUR,,primary
nrg_pc_204:KWH2500-4999:X_TAX:EUR,ES,cost,household,,,2020-01-01,2020-06-30,0.1178,EUR/kWh,EUR,,primary
nrg_pc_204:KWH2500-4999:X_TAX:EUR,ES,cost,household,,,2020-07-01,2020-12-31,0.126,EUR/kWh,EUR,,primary
nrg_pc_204:KWH2500-4999:X_TAX:EUR,ES,cost,household,,,2021-01-01,2021-06-30,0.1358,EUR/kWh,EUR,,primary
nrg_pc_204:KWH2500-4999:X_TAX:EUR,ES,cost,household,,,2021-07-01,2021-12-31,0.1878,EUR/kWh,EUR,,primary
nrg_pc_204:KWH2500-4999:X_TAX:EUR,ES,cost,household,,,2022-01-01,2022-06-30,0.2579,EUR/kWh,EUR,,primary
nrg_pc_204:KWH2500-4999:X_TAX:EUR,ES,cost,household,,,2022-07-01,2022-12-31,0.2966,EUR/kWh,EUR,,primary
nrg_pc_204:KWH2500-4999:X_TAX:EUR,ES,cost,household,,,2023-01-01,2023-06-30,0.2165,EUR/kWh,EUR,,primary
nrg_pc_204:KWH2500-4999:X_TAX:EUR,ES,cost,household,,,2023-07-01,2023-12-31,0.2068,EUR/kWh,EUR,,primary
nrg_pc_204:KWH2500-4999:X_TAX:EUR,ES,cost,household,,,2024-01-01,2024-06-30,0.1841,EUR/kWh,EUR,,primary
nrg_pc_204:KWH2500-4999:X_TAX:EUR,ES,cost,household,,,2024-07-01,2024-12-31,0.1882,EUR/kWh,EUR,,primary
nrg_pc_204:KWH2500-4999:X_TAX:EUR,ES,cost,household,,,2025-01-01,2025-06-30,0.1803,EUR/kWh,EUR,,primary
nrg_pc_204:KWH2500-4999:X_TAX:EUR,ES,cost,household,,,2025-07-01,2025-12-31,0.184,EUR/kWh,EUR,,primary
nrg_pc_204:KWH2500-4999:X_TAX:EUR,ES,cost,household,,,2026-01-01,2026-06-30,0.1782,EUR/kWh,EUR,,primary
nrg_pc_204:KWH2500-4999:X_TAX:EUR,EU,cost,household,,,2015-01-01,2015-06-30,0.131,EUR/kWh,EUR,,primary
nrg_pc_204:KWH2500-4999:X_TAX:EUR,EU,cost,household,,,2015-07-01,2015-12-31,0.1312,EUR/kWh,EUR,,primary
nrg_pc_204:KWH2500-4999:X_TAX:EUR,EU,cost,household,,,2016-01-01,2016-06-30,0.1257,EUR/kWh,EUR,,primary
nrg_pc_204:KWH2500-4999:X_TAX:EUR,EU,cost,household,,,2016-07-01,2016-12-31,0.1276,EUR/kWh,EUR,,primary
nrg_pc_204:KWH2500-4999:X_TAX:EUR,EU,cost,household,,,2017-01-01,2017-06-30,0.1272,EUR/kWh,EUR,,primary
nrg_pc_204:KWH2500-4999:X_TAX:EUR,EU,cost,household,,,2017-07-01,2017-12-31,0.1271,EUR/kWh,EUR,,primary
nrg_pc_204:KWH2500-4999:X_TAX:EUR,EU,cost,household,,,2018-01-01,2018-06-30,0.1288,EUR/kWh,EUR,,primary
nrg_pc_204:KWH2500-4999:X_TAX:EUR,EU,cost,household,,,2018-07-01,2018-12-31,0.1331,EUR/kWh,EUR,,primary
nrg_pc_204:KWH2500-4999:X_TAX:EUR,EU,cost,household,,,2019-01-01,2019-06-30,0.1282,EUR/kWh,EUR,,primary
nrg_pc_204:KWH2500-4999:X_TAX:EUR,EU,cost,household,,,2019-07-01,2019-12-31,0.128,EUR/kWh,EUR,,primary
nrg_pc_204:KWH2500-4999:X_TAX:EUR,EU,cost,household,,,2020-01-01,2020-06-30,0.1274,EUR/kWh,EUR,,primary
nrg_pc_204:KWH2500-4999:X_TAX:EUR,EU,cost,household,,,2020-07-01,2020-12-31,0.1297,EUR/kWh,EUR,,primary
nrg_pc_204:KWH2500-4999:X_TAX:EUR,EU,cost,household,,,2021-01-01,2021-06-30,0.134,EUR/kWh,EUR,,primary
nrg_pc_204:KWH2500-4999:X_TAX:EUR,EU,cost,household,,,2021-07-01,2021-12-31,0.1554,EUR/kWh,EUR,,primary
nrg_pc_204:KWH2500-4999:X_TAX:EUR,EU,cost,household,,,2022-01-01,2022-06-30,0.191,EUR/kWh,EUR,,primary
nrg_pc_204:KWH2500-4999:X_TAX:EUR,EU,cost,household,,,2022-07-01,2022-12-31,0.236,EUR/kWh,EUR,,primary
nrg_pc_204:KWH2500-4999:X_TAX:EUR,EU,cost,household,,,2023-01-01,2023-06-30,0.2385,EUR/kWh,EUR,,primary
nrg_pc_204:KWH2500-4999:X_TAX:EUR,EU,cost,household,,,2023-07-01,2023-12-31,0.2244,EUR/kWh,EUR,,primary
nrg_pc_204:KWH2500-4999:X_TAX:EUR,EU,cost,household,,,2024-01-01,2024-06-30,0.2222,EUR/kWh,EUR,,primary
nrg_pc_204:KWH2500-4999:X_TAX:EUR,EU,cost,household,,,2024-07-01,2024-12-31,0.2175,EUR/kWh,EUR,,primary
nrg_pc_204:KWH2500-4999:X_TAX:EUR,EU,cost,household,,,2025-01-01,2025-06-30,0.2075,EUR/kWh,EUR,,primary
nrg_pc_204:KWH2500-4999:X_TAX:EUR,EU,cost,household,,,2025-07-01,2025-12-31,0.2059,EUR/kWh,EUR,,primary
nrg_pc_204:KWH2500-4999:X_TAX:EUR,FI,cost,household,,,2015-01-01,2015-06-30,0.1026,EUR/kWh,EUR,,primary
nrg_pc_204:KWH2500-4999:X_TAX:EUR,FI,cost,household,,,2015-07-01,2015-12-31,0.1009,EUR/kWh,EUR,,primary
nrg_pc_204:KWH2500-4999:X_TAX:EUR,FI,cost,household,,,2016-01-01,2016-06-30,0.1017,EUR/kWh,EUR,,primary
nrg_pc_204:KWH2500-4999:X_TAX:EUR,FI,cost,household,,,2016-07-01,2016-12-31,0.102,EUR/kWh,EUR,,primary
nrg_pc_204:KWH2500-4999:X_TAX:EUR,FI,cost,household,,,2017-01-01,2017-06-30,0.1049,EUR/kWh,EUR,,primary
nrg_pc_204:KWH2500-4999:X_TAX:EUR,FI,cost,household,,,2017-07-01,2017-12-31,0.1064,EUR/kWh,EUR,,primary
nrg_pc_204:KWH2500-4999:X_TAX:EUR,FI,cost,household,,,2018-01-01,2018-06-30,0.1074,EUR/kWh,EUR,,primary
nrg_pc_204:KWH2500-4999:X_TAX:EUR,FI,cost,household,,,2018-07-01,2018-12-31,0.1144,EUR/kWh,EUR,,primary
nrg_pc_204:KWH2500-4999:X_TAX:EUR,FI,cost,household,,,2019-01-01,2019-06-30,0.1173,EUR/kWh,EUR,,primary
nrg_pc_204:KWH2500-4999:X_TAX:EUR,FI,cost,household,,,2019-07-01,2019-12-31,0.1201,EUR/kWh,EUR,,primary
nrg_pc_204:KWH2500-4999:X_TAX:EUR,FI,cost,household,,,2020-01-01,2020-06-30,0.1178,EUR/kWh,EUR,,primary
nrg_pc_204:KWH2500-4999:X_TAX:EUR,FI,cost,household,,,2020-07-01,2020-12-31,0.1205,EUR/kWh,EUR,,primary
nrg_pc_204:KWH2500-4999:X_TAX:EUR,FI,cost,household,,,2021-01-01,2021-06-30,0.12,EUR/kWh,EUR,,primary
nrg_pc_204:KWH2500-4999:X_TAX:EUR,FI,cost,household,,,2021-07-01,2021-12-31,0.1259,EUR/kWh,EUR,,primary
nrg_pc_204:KWH2500-4999:X_TAX:EUR,FI,cost,household,,,2022-01-01,2022-06-30,0.1335,EUR/kWh,EUR,,primary
nrg_pc_204:KWH2500-4999:X_TAX:EUR,FI,cost,household,,,2022-07-01,2022-12-31,0.1806,EUR/kWh,EUR,e,primary
nrg_pc_204:KWH2500-4999:X_TAX:EUR,FI,cost,household,,,2023-01-01,2023-06-30,0.1934,EUR/kWh,EUR,,primary
nrg_pc_204:KWH2500-4999:X_TAX:EUR,FI,cost,household,,,2023-07-01,2023-12-31,0.1712,EUR/kWh,EUR,,primary
nrg_pc_204:KWH2500-4999:X_TAX:EUR,FI,cost,household,,,2024-01-01,2024-06-30,0.1782,EUR/kWh,EUR,d,primary
nrg_pc_204:KWH2500-4999:X_TAX:EUR,FI,cost,household,,,2024-07-01,2024-12-31,0.1629,EUR/kWh,EUR,d,primary
nrg_pc_204:KWH2500-4999:X_TAX:EUR,FI,cost,household,,,2025-01-01,2025-06-30,0.1588,EUR/kWh,EUR,,primary
nrg_pc_204:KWH2500-4999:X_TAX:EUR,FI,cost,household,,,2025-07-01,2025-12-31,0.157,EUR/kWh,EUR,,primary
nrg_pc_204:KWH2500-4999:X_TAX:EUR,FI,cost,household,,,2026-01-01,2026-06-30,0.1919,EUR/kWh,EUR,,primary
nrg_pc_204:KWH2500-4999:X_TAX:EUR,FR,cost,household,,,2015-01-01,2015-06-30,0.1111,EUR/kWh,EUR,,primary
nrg_pc_204:KWH2500-4999:X_TAX:EUR,FR,cost,household,,,2015-07-01,2015-12-31,0.1113,EUR/kWh,EUR,,primary
nrg_pc_204:KWH2500-4999:X_TAX:EUR,FR,cost,household,,,2016-01-01,2016-06-30,0.1087,EUR/kWh,EUR,,primary
nrg_pc_204:KWH2500-4999:X_TAX:EUR,FR,cost,household,,,2016-07-01,2016-12-31,0.1106,EUR/kWh,EUR,,primary
nrg_pc_204:KWH2500-4999:X_TAX:EUR,FR,cost,household,,,2017-01-01,2017-06-30,0.1089,EUR/kWh,EUR,,primary
nrg_pc_204:KWH2500-4999:X_TAX:EUR,FR,cost,household,,,2017-07-01,2017-12-31,0.1132,EUR/kWh,EUR,,primary
nrg_pc_204:KWH2500-4999:X_TAX:EUR,FR,cost,household,,,2018-01-01,2018-06-30,0.1134,EUR/kWh,EUR,,primary
nrg_pc_204:KWH2500-4999:X_TAX:EUR,FR,cost,household,,,2018-07-01,2018-12-31,0.1168,EUR/kWh,EUR,,primary
nrg_pc_204:KWH2500-4999:X_TAX:EUR,FR,cost,household,,,2019-01-01,2019-06-30,0.1148,EUR/kWh,EUR,,primary
nrg_pc_204:KWH2500-4999:X_TAX:EUR,FR,cost,household,,,2019-07-01,2019-12-31,0.126,EUR/kWh,EUR,,primary
nrg_pc_204:KWH2500-4999:X_TAX:EUR,FR,cost,household,,,2020-01-01,2020-06-30,0.1242,EUR/kWh,EUR,,primary
nrg_pc_204:KWH2500-4999:X_TAX:EUR,FR,cost,household,,,2020-07-01,2020-12-31,0.1292,EUR/kWh,EUR,,primary
nrg_pc_204:KWH2500-4999:X_TAX:EUR,FR,cost,household,,,2021-01-01,2021-06-30,0.1289,EUR/kWh,EUR,,primary
nrg_pc_204:KWH2500-4999:X_TAX:EUR,FR,cost,household,,,2021-07-01,2021-12-31,0.1356,EUR/kWh,EUR,,primary
nrg_pc_204:KWH2500-4999:X_TAX:EUR,FR,cost,household,,,2022-01-01,2022-06-30,0.1566,EUR/kWh,EUR,,primary
nrg_pc_204:KWH2500-4999:X_TAX:EUR,FR,cost,household,,,2022-07-01,2022-12-31,0.1723,EUR/kWh,EUR,,primary
nrg_pc_204:KWH2500-4999:X_TAX:EUR,FR,cost,household,,,2023-01-01,2023-06-30,0.1893,EUR/kWh,EUR,,primary
nrg_pc_204:KWH2500-4999:X_TAX:EUR,FR,cost,household,,,2023-07-01,2023-12-31,0.2161,EUR/kWh,EUR,,primary
nrg_pc_204:KWH2500-4999:X_TAX:EUR,FR,cost,household,,,2024-01-01,2024-06-30,0.2219,EUR/kWh,EUR,,primary
nrg_pc_204:KWH2500-4999:X_TAX:EUR,FR,cost,household,,,2024-07-01,2024-12-31,0.2223,EUR/kWh,EUR,,primary
nrg_pc_204:KWH2500-4999:X_TAX:EUR,FR,cost,household,,,2025-01-01,2025-06-30,0.1902,EUR/kWh,EUR,,primary
nrg_pc_204:KWH2500-4999:X_TAX:EUR,FR,cost,household,,,2025-07-01,2025-12-31,0.1785,EUR/kWh,EUR,,primary
nrg_pc_204:KWH2500-4999:X_TAX:EUR,FR,cost,household,,,2026-01-01,2026-06-30,0.1726,EUR/kWh,EUR,,primary
nrg_pc_204:KWH2500-4999:X_TAX:EUR,HR,cost,household,,,2015-01-01,2015-06-30,0.1008,EUR/kWh,EUR,,primary
nrg_pc_204:KWH2500-4999:X_TAX:EUR,HR,cost,household,,,2015-07-01,2015-12-31,0.1003,EUR/kWh,EUR,,primary
nrg_pc_204:KWH2500-4999:X_TAX:EUR,HR,cost,household,,,2016-01-01,2016-06-30,0.1002,EUR/kWh,EUR,,primary
nrg_pc_204:KWH2500-4999:X_TAX:EUR,HR,cost,household,,,2016-07-01,2016-12-31,0.1018,EUR/kWh,EUR,,primary
nrg_pc_204:KWH2500-4999:X_TAX:EUR,HR,cost,household,,,2017-01-01,2017-06-30,0.1011,EUR/kWh,EUR,,primary
nrg_pc_204:KWH2500-4999:X_TAX:EUR,HR,cost,household,,,2017-07-01,2017-12-31,0.1012,EUR/kWh,EUR,,primary
nrg_pc_204:KWH2500-4999:X_TAX:EUR,HR,cost,household,,,2018-01-01,2018-06-30,0.102,EUR/kWh,EUR,,primary
nrg_pc_204:KWH2500-4999:X_TAX:EUR,HR,cost,household,,,2018-07-01,2018-12-31,0.1028,EUR/kWh,EUR,,primary
nrg_pc_204:KWH2500-4999:X_TAX:EUR,HR,cost,household,,,2019-01-01,2019-06-30,0.1028,EUR/kWh,EUR,,primary
nrg_pc_204:KWH2500-4999:X_TAX:EUR,HR,cost,household,,,2019-07-01,2019-12-31,0.103,EUR/kWh,EUR,,primary
nrg_pc_204:KWH2500-4999:X_TAX:EUR,HR,cost,household,,,2020-01-01,2020-06-30,0.1012,EUR/kWh,EUR,,primary
nrg_pc_204:KWH2500-4999:X_TAX:EUR,HR,cost,household,,,2020-07-01,2020-12-31,0.1017,EUR/kWh,EUR,,primary
nrg_pc_204:KWH2500-4999:X_TAX:EUR,HR,cost,household,,,2021-01-01,2021-06-30,0.1003,EUR/kWh,EUR,,primary
nrg_pc_204:KWH2500-4999:X_TAX:EUR,HR,cost,household,,,2021-07-01,2021-12-31,0.1022,EUR/kWh,EUR,,primary
nrg_pc_204:KWH2500-4999:X_TAX:EUR,HR,cost,household,,,2022-01-01,2022-06-30,0.106,EUR/kWh,EUR,,primary
nrg_pc_204:KWH2500-4999:X_TAX:EUR,HR,cost,household,,,2022-07-01,2022-12-31,0.117,EUR/kWh,EUR,,primary
nrg_pc_204:KWH2500-4999:X_TAX:EUR,HR,cost,household,,,2023-01-01,2023-06-30,0.117,EUR/kWh,EUR,,primary
nrg_pc_204:KWH2500-4999:X_TAX:EUR,HR,cost,household,,,2023-07-01,2023-12-31,0.1171,EUR/kWh,EUR,,primary
nrg_pc_204:KWH2500-4999:X_TAX:EUR,HR,cost,household,,,2024-01-01,2024-06-30,0.1167,EUR/kWh,EUR,,primary
nrg_pc_204:KWH2500-4999:X_TAX:EUR,HR,cost,household,,,2024-07-01,2024-12-31,0.118,EUR/kWh,EUR,,primary
nrg_pc_204:KWH2500-4999:X_TAX:EUR,HR,cost,household,,,2025-01-01,2025-06-30,0.1299,EUR/kWh,EUR,,primary
nrg_pc_204:KWH2500-4999:X_TAX:EUR,HR,cost,household,,,2025-07-01,2025-12-31,0.1329,EUR/kWh,EUR,,primary
nrg_pc_204:KWH2500-4999:X_TAX:EUR,HR,cost,household,,,2026-01-01,2026-06-30,0.1474,EUR/kWh,EUR,,primary
nrg_pc_204:KWH2500-4999:X_TAX:EUR,HU,cost,household,,,2015-01-01,2015-06-30,0.0887,EUR/kWh,EUR,,primary
nrg_pc_204:KWH2500-4999:X_TAX:EUR,HU,cost,household,,,2015-07-01,2015-12-31,0.0902,EUR/kWh,EUR,,primary
nrg_pc_204:KWH2500-4999:X_TAX:EUR,HU,cost,household,,,2016-01-01,2016-06-30,0.0877,EUR/kWh,EUR,,primary
nrg_pc_204:KWH2500-4999:X_TAX:EUR,HU,cost,household,,,2016-07-01,2016-12-31,0.0886,EUR/kWh,EUR,,primary
nrg_pc_204:KWH2500-4999:X_TAX:EUR,HU,cost,household,,,2017-01-01,2017-06-30,0.0886,EUR/kWh,EUR,,primary
nrg_pc_204:KWH2500-4999:X_TAX:EUR,HU,cost,household,,,2017-07-01,2017-12-31,0.0893,EUR/kWh,EUR,,primary
nrg_pc_204:KWH2500-4999:X_TAX:EUR,HU,cost,household,,,2018-01-01,2018-06-30,0.0885,EUR/kWh,EUR,,primary
nrg_pc_204:KWH2500-4999:X_TAX:EUR,HU,cost,household,,,2018-07-01,2018-12-31,0.088,EUR/kWh,EUR,,primary
nrg_pc_204:KWH2500-4999:X_TAX:EUR,HU,cost,household,,,2019-01-01,2019-06-30,0.0882,EUR/kWh,EUR,,primary
nrg_pc_204:KWH2500-4999:X_TAX:EUR,HU,cost,household,,,2019-07-01,2019-12-31,0.0864,EUR/kWh,EUR,,primary
nrg_pc_204:KWH2500-4999:X_TAX:EUR,HU,cost,household,,,2020-01-01,2020-06-30,0.0812,EUR/kWh,EUR,,primary
nrg_pc_204:KWH2500-4999:X_TAX:EUR,HU,cost,household,,,2020-07-01,2020-12-31,0.0794,EUR/kWh,EUR,,primary
nrg_pc_204:KWH2500-4999:X_TAX:EUR,HU,cost,household,,,2021-01-01,2021-06-30,0.0795,EUR/kWh,EUR,,primary
nrg_pc_204:KWH2500-4999:X_TAX:EUR,HU,cost,household,,,2021-07-01,2021-12-31,0.079,EUR/kWh,EUR,,primary
nrg_pc_204:KWH2500-4999:X_TAX:EUR,HU,cost,household,,,2022-01-01,2022-06-30,0.0746,EUR/kWh,EUR,,primary
nrg_pc_204:KWH2500-4999:X_TAX:EUR,HU,cost,household,,,2022-07-01,2022-12-31,0.0853,EUR/kWh,EUR,,primary
nrg_pc_204:KWH2500-4999:X_TAX:EUR,HU,cost,household,,,2023-01-01,2023-06-30,0.0911,EUR/kWh,EUR,,primary
nrg_pc_204:KWH2500-4999:X_TAX:EUR,HU,cost,household,,,2023-07-01,2023-12-31,0.0891,EUR/kWh,EUR,,primary
nrg_pc_204:KWH2500-4999:X_TAX:EUR,HU,cost,household,,,2024-01-01,2024-06-30,0.0861,EUR/kWh,EUR,,primary
nrg_pc_204:KWH2500-4999:X_TAX:EUR,HU,cost,household,,,2024-07-01,2024-12-31,0.0812,EUR/kWh,EUR,,primary
nrg_pc_204:KWH2500-4999:X_TAX:EUR,HU,cost,household,,,2025-01-01,2025-06-30,0.0819,EUR/kWh,EUR,,primary
nrg_pc_204:KWH2500-4999:X_TAX:EUR,HU,cost,household,,,2025-07-01,2025-12-31,0.0852,EUR/kWh,EUR,,primary
nrg_pc_204:KWH2500-4999:X_TAX:EUR,HU,cost,household,,,2026-01-01,2026-06-30,0.0897,EUR/kWh,EUR,,primary
nrg_pc_204:KWH2500-4999:X_TAX:EUR,IE,cost,household,,,2015-01-01,2015-06-30,0.197,EUR/kWh,EUR,,primary
nrg_pc_204:KWH2500-4999:X_TAX:EUR,IE,cost,household,,,2015-07-01,2015-12-31,0.1991,EUR/kWh,EUR,,primary
nrg_pc_204:KWH2500-4999:X_TAX:EUR,IE,cost,household,,,2016-01-01,2016-06-30,0.1895,EUR/kWh,EUR,,primary
nrg_pc_204:KWH2500-4999:X_TAX:EUR,IE,cost,household,,,2016-07-01,2016-12-31,0.1878,EUR/kWh,EUR,,primary
nrg_pc_204:KWH2500-4999:X_TAX:EUR,IE,cost,household,,,2017-01-01,2017-06-30,0.1846,EUR/kWh,EUR,,primary
nrg_pc_204:KWH2500-4999:X_TAX:EUR,IE,cost,household,,,2017-07-01,2017-12-31,0.1865,EUR/kWh,EUR,,primary
nrg_pc_204:KWH2500-4999:X_TAX:EUR,IE,cost,household,,,2018-01-01,2018-06-30,0.1846,EUR/kWh,EUR,,primary
nrg_pc_204:KWH2500-4999:X_TAX:EUR,IE,cost,household,,,2018-07-01,2018-12-31,0.2006,EUR/kWh,EUR,,primary
nrg_pc_204:KWH2500-4999:X_TAX:EUR,IE,cost,household,,,2019-01-01,2019-06-30,0.2027,EUR/kWh,EUR,,primary
nrg_pc_204:KWH2500-4999:X_TAX:EUR,IE,cost,household,,,2019-07-01,2019-12-31,0.213,EUR/kWh,EUR,,primary
nrg_pc_204:KWH2500-4999:X_TAX:EUR,IE,cost,household,,,2020-01-01,2020-06-30,0.2037,EUR/kWh,EUR,,primary
nrg_pc_204:KWH2500-4999:X_TAX:EUR,IE,cost,household,,,2020-07-01,2020-12-31,0.2179,EUR/kWh,EUR,,primary
nrg_pc_204:KWH2500-4999:X_TAX:EUR,IE,cost,household,,,2021-01-01,2021-06-30,0.2069,EUR/kWh,EUR,,primary
nrg_pc_204:KWH2500-4999:X_TAX:EUR,IE,cost,household,,,2021-07-01,2021-12-31,0.242,EUR/kWh,EUR,,primary
nrg_pc_204:KWH2500-4999:X_TAX:EUR,IE,cost,household,,,2022-01-01,2022-06-30,0.2693,EUR/kWh,EUR,,primary
nrg_pc_204:KWH2500-4999:X_TAX:EUR,IE,cost,household,,,2022-07-01,2022-12-31,0.3823,EUR/kWh,EUR,,primary
nrg_pc_204:KWH2500-4999:X_TAX:EUR,IE,cost,household,,,2023-01-01,2023-06-30,0.4514,EUR/kWh,EUR,,primary
nrg_pc_204:KWH2500-4999:X_TAX:EUR,IE,cost,household,,,2023-07-01,2023-12-31,0.459,EUR/kWh,EUR,,primary
nrg_pc_204:KWH2500-4999:X_TAX:EUR,IE,cost,household,,,2024-01-01,2024-06-30,0.3856,EUR/kWh,EUR,,primary
nrg_pc_204:KWH2500-4999:X_TAX:EUR,IE,cost,household,,,2024-07-01,2024-12-31,0.3729,EUR/kWh,EUR,,primary
nrg_pc_204:KWH2500-4999:X_TAX:EUR,IE,cost,household,,,2025-01-01,2025-06-30,0.3468,EUR/kWh,EUR,,primary
nrg_pc_204:KWH2500-4999:X_TAX:EUR,IE,cost,household,,,2025-07-01,2025-12-31,0.3608,EUR/kWh,EUR,,primary
nrg_pc_204:KWH2500-4999:X_TAX:EUR,IT,cost,household,,,2015-01-01,2015-06-30,0.1507,EUR/kWh,EUR,,primary
nrg_pc_204:KWH2500-4999:X_TAX:EUR,IT,cost,household,,,2015-07-01,2015-12-31,0.1479,EUR/kWh,EUR,,primary
nrg_pc_204:KWH2500-4999:X_TAX:EUR,IT,cost,household,,,2016-01-01,2016-06-30,0.1376,EUR/kWh,EUR,,primary
nrg_pc_204:KWH2500-4999:X_TAX:EUR,IT,cost,household,,,2016-07-01,2016-12-31,0.1342,EUR/kWh,EUR,,primary
nrg_pc_204:KWH2500-4999:X_TAX:EUR,IT,cost,household,,,2017-01-01,2017-06-30,0.1322,EUR/kWh,EUR,,primary
nrg_pc_204:KWH2500-4999:X_TAX:EUR,IT,cost,household,,,2017-07-01,2017-12-31,0.1326,EUR/kWh,EUR,,primary
nrg_pc_204:KWH2500-4999:X_TAX:EUR,IT,cost,household,,,2018-01-01,2018-06-30,0.1285,EUR/kWh,EUR,,primary
nrg_pc_204:KWH2500-4999:X_TAX:EUR,IT,cost,household,,,2018-07-01,2018-12-31,0.1416,EUR/kWh,EUR,,primary
nrg_pc_204:KWH2500-4999:X_TAX:EUR,IT,cost,household,,,2019-01-01,2019-06-30,0.1432,EUR/kWh,EUR,,primary
nrg_pc_204:KWH2500-4999:X_TAX:EUR,IT,cost,household,,,2019-07-01,2019-12-31,0.1427,EUR/kWh,EUR,,primary
nrg_pc_204:KWH2500-4999:X_TAX:EUR,IT,cost,household,,,2020-01-01,2020-06-30,0.1382,EUR/kWh,EUR,,primary
nrg_pc_204:KWH2500-4999:X_TAX:EUR,IT,cost,household,,,2020-07-01,2020-12-31,0.1331,EUR/kWh,EUR,,primary
nrg_pc_204:KWH2500-4999:X_TAX:EUR,IT,cost,household,,,2021-01-01,2021-06-30,0.1432,EUR/kWh,EUR,,primary
nrg_pc_204:KWH2500-4999:X_TAX:EUR,IT,cost,household,,,2021-07-01,2021-12-31,0.176,EUR/kWh,EUR,,primary
nrg_pc_204:KWH2500-4999:X_TAX:EUR,IT,cost,household,,,2022-01-01,2022-06-30,0.2671,EUR/kWh,EUR,,primary
nrg_pc_204:KWH2500-4999:X_TAX:EUR,IT,cost,household,,,2022-07-01,2022-12-31,0.3192,EUR/kWh,EUR,,primary
nrg_pc_204:KWH2500-4999:X_TAX:EUR,IT,cost,household,,,2023-01-01,2023-06-30,0.323,EUR/kWh,EUR,,primary
nrg_pc_204:KWH2500-4999:X_TAX:EUR,IT,cost,household,,,2023-07-01,2023-12-31,0.2565,EUR/kWh,EUR,,primary
nrg_pc_204:KWH2500-4999:X_TAX:EUR,IT,cost,household,,,2024-01-01,2024-06-30,0.2451,EUR/kWh,EUR,,primary
nrg_pc_204:KWH2500-4999:X_TAX:EUR,IT,cost,household,,,2024-07-01,2024-12-31,0.2232,EUR/kWh,EUR,,primary
nrg_pc_204:KWH2500-4999:X_TAX:EUR,IT,cost,household,,,2025-01-01,2025-06-30,0.2458,EUR/kWh,EUR,,primary
nrg_pc_204:KWH2500-4999:X_TAX:EUR,IT,cost,household,,,2025-07-01,2025-12-31,0.219,EUR/kWh,EUR,,primary
nrg_pc_204:KWH2500-4999:X_TAX:EUR,LT,cost,household,,,2015-01-01,2015-06-30,0.0874,EUR/kWh,EUR,,primary
nrg_pc_204:KWH2500-4999:X_TAX:EUR,LT,cost,household,,,2015-07-01,2015-12-31,0.0863,EUR/kWh,EUR,,primary
nrg_pc_204:KWH2500-4999:X_TAX:EUR,LT,cost,household,,,2016-01-01,2016-06-30,0.0859,EUR/kWh,EUR,,primary
nrg_pc_204:KWH2500-4999:X_TAX:EUR,LT,cost,household,,,2016-07-01,2016-12-31,0.0818,EUR/kWh,EUR,,primary
nrg_pc_204:KWH2500-4999:X_TAX:EUR,LT,cost,household,,,2017-01-01,2017-06-30,0.0783,EUR/kWh,EUR,,primary
nrg_pc_204:KWH2500-4999:X_TAX:EUR,LT,cost,household,,,2017-07-01,2017-12-31,0.0777,EUR/kWh,EUR,,primary
nrg_pc_204:KWH2500-4999:X_TAX:EUR,LT,cost,household,,,2018-01-01,2018-06-30,0.0771,EUR/kWh,EUR,,primary
nrg_pc_204:KWH2500-4999:X_TAX:EUR,LT,cost,household,,,2018-07-01,2018-12-31,0.0771,EUR/kWh,EUR,,primary
nrg_pc_204:KWH2500-4999:X_TAX:EUR,LT,cost,household,,,2019-01-01,2019-06-30,0.0947,EUR/kWh,EUR,,primary
nrg_pc_204:KWH2500-4999:X_TAX:EUR,LT,cost,household,,,2019-07-01,2019-12-31,0.0947,EUR/kWh,EUR,,primary
nrg_pc_204:KWH2500-4999:X_TAX:EUR,LT,cost,household,,,2020-01-01,2020-06-30,0.1111,EUR/kWh,EUR,,primary
nrg_pc_204:KWH2500-4999:X_TAX:EUR,LT,cost,household,,,2020-07-01,2020-12-31,0.0972,EUR/kWh,EUR,,primary
nrg_pc_204:KWH2500-4999:X_TAX:EUR,LT,cost,household,,,2021-01-01,2021-06-30,0.1003,EUR/kWh,EUR,,primary
nrg_pc_204:KWH2500-4999:X_TAX:EUR,LT,cost,household,,,2021-07-01,2021-12-31,0.1122,EUR/kWh,EUR,,primary
nrg_pc_204:KWH2500-4999:X_TAX:EUR,LT,cost,household,,,2022-01-01,2022-06-30,0.1205,EUR/kWh,EUR,,primary
nrg_pc_204:KWH2500-4999:X_TAX:EUR,LT,cost,household,,,2022-07-01,2022-12-31,0.2007,EUR/kWh,EUR,,primary
nrg_pc_204:KWH2500-4999:X_TAX:EUR,LT,cost,household,,,2023-01-01,2023-06-30,0.2407,EUR/kWh,EUR,,primary
nrg_pc_204:KWH2500-4999:X_TAX:EUR,LT,cost,household,,,2023-07-01,2023-12-31,0.1919,EUR/kWh,EUR,,primary
nrg_pc_204:KWH2500-4999:X_TAX:EUR,LT,cost,household,,,2024-01-01,2024-06-30,0.1914,EUR/kWh,EUR,,primary
nrg_pc_204:KWH2500-4999:X_TAX:EUR,LT,cost,household,,,2024-07-01,2024-12-31,0.1771,EUR/kWh,EUR,,primary
nrg_pc_204:KWH2500-4999:X_TAX:EUR,LT,cost,household,,,2025-01-01,2025-06-30,0.1774,EUR/kWh,EUR,,primary
nrg_pc_204:KWH2500-4999:X_TAX:EUR,LT,cost,household,,,2025-07-01,2025-12-31,0.1618,EUR/kWh,EUR,,primary
nrg_pc_204:KWH2500-4999:X_TAX:EUR,LU,cost,household,,,2015-01-01,2015-06-30,0.1331,EUR/kWh,EUR,,primary
nrg_pc_204:KWH2500-4999:X_TAX:EUR,LU,cost,household,,,2015-07-01,2015-12-31,0.1331,EUR/kWh,EUR,,primary
nrg_pc_204:KWH2500-4999:X_TAX:EUR,LU,cost,household,,,2016-01-01,2016-06-30,0.1327,EUR/kWh,EUR,,primary
nrg_pc_204:KWH2500-4999:X_TAX:EUR,LU,cost,household,,,2016-07-01,2016-12-31,0.1327,EUR/kWh,EUR,,primary
nrg_pc_204:KWH2500-4999:X_TAX:EUR,LU,cost,household,,,2017-01-01,2017-06-30,0.1167,EUR/kWh,EUR,,primary
nrg_pc_204:KWH2500-4999:X_TAX:EUR,LU,cost,household,,,2017-07-01,2017-12-31,0.117,EUR/kWh,EUR,,primary
nrg_pc_204:KWH2500-4999:X_TAX:EUR,LU,cost,household,,,2018-01-01,2018-06-30,0.1283,EUR/kWh,EUR,,primary
nrg_pc_204:KWH2500-4999:X_TAX:EUR,LU,cost,household,,,2018-07-01,2018-12-31,0.1302,EUR/kWh,EUR,,primary
nrg_pc_204:KWH2500-4999:X_TAX:EUR,LU,cost,household,,,2019-01-01,2019-06-30,0.1326,EUR/kWh,EUR,,primary
nrg_pc_204:KWH2500-4999:X_TAX:EUR,LU,cost,household,,,2019-07-01,2019-12-31,0.1325,EUR/kWh,EUR,,primary
nrg_pc_204:KWH2500-4999:X_TAX:EUR,LU,cost,household,,,2020-01-01,2020-06-30,0.1465,EUR/kWh,EUR,,primary
nrg_pc_204:KWH2500-4999:X_TAX:EUR,LU,cost,household,,,2020-07-01,2020-12-31,0.1465,EUR/kWh,EUR,,primary
nrg_pc_204:KWH2500-4999:X_TAX:EUR,LU,cost,household,,,2021-01-01,2021-06-30,0.1467,EUR/kWh,EUR,,primary
nrg_pc_204:KWH2500-4999:X_TAX:EUR,LU,cost,household,,,2021-07-01,2021-12-31,0.1468,EUR/kWh,EUR,,primary
nrg_pc_204:KWH2500-4999:X_TAX:EUR,LU,cost,household,,,2022-01-01,2022-06-30,0.1673,EUR/kWh,EUR,,primary
nrg_pc_204:KWH2500-4999:X_TAX:EUR,LU,cost,household,,,2022-07-01,2022-12-31,0.1696,EUR/kWh,EUR,,primary
nrg_pc_204:KWH2500-4999:X_TAX:EUR,LU,cost,household,,,2023-01-01,2023-06-30,0.3012,EUR/kWh,EUR,,primary
nrg_pc_204:KWH2500-4999:X_TAX:EUR,LU,cost,household,,,2023-07-01,2023-12-31,0.2875,EUR/kWh,EUR,,primary
nrg_pc_204:KWH2500-4999:X_TAX:EUR,LU,cost,household,,,2024-01-01,2024-06-30,0.3024,EUR/kWh,EUR,,primary
nrg_pc_204:KWH2500-4999:X_TAX:EUR,LU,cost,household,,,2024-07-01,2024-12-31,0.3019,EUR/kWh,EUR,,primary
nrg_pc_204:KWH2500-4999:X_TAX:EUR,LU,cost,household,,,2025-01-01,2025-06-30,0.2834,EUR/kWh,EUR,,primary
nrg_pc_204:KWH2500-4999:X_TAX:EUR,LU,cost,household,,,2025-07-01,2025-12-31,0.2834,EUR/kWh,EUR,,primary
nrg_pc_204:KWH2500-4999:X_TAX:EUR,LU,cost,household,,,2026-01-01,2026-06-30,0.1873,EUR/kWh,EUR,,primary
nrg_pc_204:KWH2500-4999:X_TAX:EUR,LV,cost,household,,,2015-01-01,2015-06-30,0.1083,EUR/kWh,EUR,,primary
nrg_pc_204:KWH2500-4999:X_TAX:EUR,LV,cost,household,,,2015-07-01,2015-12-31,0.1096,EUR/kWh,EUR,,primary
nrg_pc_204:KWH2500-4999:X_TAX:EUR,LV,cost,household,,,2016-01-01,2016-06-30,0.1077,EUR/kWh,EUR,,primary
nrg_pc_204:KWH2500-4999:X_TAX:EUR,LV,cost,household,,,2016-07-01,2016-12-31,0.1074,EUR/kWh,EUR,,primary
nrg_pc_204:KWH2500-4999:X_TAX:EUR,LV,cost,household,,,2017-01-01,2017-06-30,0.1043,EUR/kWh,EUR,,primary
nrg_pc_204:KWH2500-4999:X_TAX:EUR,LV,cost,household,,,2017-07-01,2017-12-31,0.1039,EUR/kWh,EUR,,primary
nrg_pc_204:KWH2500-4999:X_TAX:EUR,LV,cost,household,,,2018-01-01,2018-06-30,0.1035,EUR/kWh,EUR,,primary
nrg_pc_204:KWH2500-4999:X_TAX:EUR,LV,cost,household,,,2018-07-01,2018-12-31,0.1041,EUR/kWh,EUR,,primary
nrg_pc_204:KWH2500-4999:X_TAX:EUR,LV,cost,household,,,2019-01-01,2019-06-30,0.1136,EUR/kWh,EUR,,primary
nrg_pc_204:KWH2500-4999:X_TAX:EUR,LV,cost,household,,,2019-07-01,2019-12-31,0.1144,EUR/kWh,EUR,,primary
nrg_pc_204:KWH2500-4999:X_TAX:EUR,LV,cost,household,,,2020-01-01,2020-06-30,0.0996,EUR/kWh,EUR,,primary
nrg_pc_204:KWH2500-4999:X_TAX:EUR,LV,cost,household,,,2020-07-01,2020-12-31,0.1005,EUR/kWh,EUR,,primary
nrg_pc_204:KWH2500-4999:X_TAX:EUR,LV,cost,household,,,2021-01-01,2021-06-30,0.1024,EUR/kWh,EUR,,primary
nrg_pc_204:KWH2500-4999:X_TAX:EUR,LV,cost,household,,,2021-07-01,2021-12-31,0.1402,EUR/kWh,EUR,,primary
nrg_pc_204:KWH2500-4999:X_TAX:EUR,LV,cost,household,,,2022-01-01,2022-06-30,0.1779,EUR/kWh,EUR,,primary
nrg_pc_204:KWH2500-4999:X_TAX:EUR,LV,cost,household,,,2022-07-01,2022-12-31,0.2448,EUR/kWh,EUR,,primary
nrg_pc_204:KWH2500-4999:X_TAX:EUR,LV,cost,household,,,2023-01-01,2023-06-30,0.2521,EUR/kWh,EUR,,primary
nrg_pc_204:KWH2500-4999:X_TAX:EUR,LV,cost,household,,,2023-07-01,2023-12-31,0.2497,EUR/kWh,EUR,,primary
nrg_pc_204:KWH2500-4999:X_TAX:EUR,LV,cost,household,,,2024-01-01,2024-06-30,0.2261,EUR/kWh,EUR,,primary
nrg_pc_204:KWH2500-4999:X_TAX:EUR,LV,cost,household,,,2024-07-01,2024-12-31,0.2159,EUR/kWh,EUR,,primary
nrg_pc_204:KWH2500-4999:X_TAX:EUR,LV,cost,household,,,2025-01-01,2025-06-30,0.2011,EUR/kWh,EUR,,primary
nrg_pc_204:KWH2500-4999:X_TAX:EUR,LV,cost,household,,,2025-07-01,2025-12-31,0.2021,EUR/kWh,EUR,,primary
nrg_pc_204:KWH2500-4999:X_TAX:EUR,MT,cost,household,,,2015-01-01,2015-06-30,0.1197,EUR/kWh,EUR,,primary
nrg_pc_204:KWH2500-4999:X_TAX:EUR,MT,cost,household,,,2015-07-01,2015-12-31,0.1209,EUR/kWh,EUR,,primary
nrg_pc_204:KWH2500-4999:X_TAX:EUR,MT,cost,household,,,2016-01-01,2016-06-30,0.1197,EUR/kWh,EUR,,primary
nrg_pc_204:KWH2500-4999:X_TAX:EUR,MT,cost,household,,,2016-07-01,2016-12-31,0.1213,EUR/kWh,EUR,,primary
nrg_pc_204:KWH2500-4999:X_TAX:EUR,MT,cost,household,,,2017-01-01,2017-06-30,0.125,EUR/kWh,EUR,,primary
nrg_pc_204:KWH2500-4999:X_TAX:EUR,MT,cost,household,,,2017-07-01,2017-12-31,0.1221,EUR/kWh,EUR,,primary
nrg_pc_204:KWH2500-4999:X_TAX:EUR,MT,cost,household,,,2018-01-01,2018-06-30,0.1209,EUR/kWh,EUR,,primary
nrg_pc_204:KWH2500-4999:X_TAX:EUR,MT,cost,household,,,2018-07-01,2018-12-31,0.123,EUR/kWh,EUR,,primary
nrg_pc_204:KWH2500-4999:X_TAX:EUR,MT,cost,household,,,2019-01-01,2019-06-30,0.1214,EUR/kWh,EUR,,primary
nrg_pc_204:KWH2500-4999:X_TAX:EUR,MT,cost,household,,,2019-07-01,2019-12-31,0.1227,EUR/kWh,EUR,,primary
nrg_pc_204:KWH2500-4999:X_TAX:EUR,MT,cost,household,,,2020-01-01,2020-06-30,0.1208,EUR/kWh,EUR,,primary
nrg_pc_204:KWH2500-4999:X_TAX:EUR,MT,cost,household,,,2020-07-01,2020-12-31,0.1224,EUR/kWh,EUR,,primary
nrg_pc_204:KWH2500-4999:X_TAX:EUR,MT,cost,household,,,2021-01-01,2021-06-30,0.1209,EUR/kWh,EUR,,primary
nrg_pc_204:KWH2500-4999:X_TAX:EUR,MT,cost,household,,,2021-07-01,2021-12-31,0.124,EUR/kWh,EUR,,primary
nrg_pc_204:KWH2500-4999:X_TAX:EUR,MT,cost,household,,,2022-01-01,2022-06-30,0.1221,EUR/kWh,EUR,,primary
nrg_pc_204:KWH2500-4999:X_TAX:EUR,MT,cost,household,,,2022-07-01,2022-12-31,0.1208,EUR/kWh,EUR,,primary
nrg_pc_204:KWH2500-4999:X_TAX:EUR,MT,cost,household,,,2023-01-01,2023-06-30,0.1186,EUR/kWh,EUR,,primary
nrg_pc_204:KWH2500-4999:X_TAX:EUR,MT,cost,household,,,2023-07-01,2023-12-31,0.1203,EUR/kWh,EUR,,primary
nrg_pc_204:KWH2500-4999:X_TAX:EUR,MT,cost,household,,,2024-01-01,2024-06-30,0.1196,EUR/kWh,EUR,,primary
nrg_pc_204:KWH2500-4999:X_TAX:EUR,MT,cost,household,,,2024-07-01,2024-12-31,0.1226,EUR/kWh,EUR,,primary
nrg_pc_204:KWH2500-4999:X_TAX:EUR,MT,cost,household,,,2025-01-01,2025-06-30,0.1186,EUR/kWh,EUR,,primary
nrg_pc_204:KWH2500-4999:X_TAX:EUR,MT,cost,household,,,2025-07-01,2025-12-31,0.1219,EUR/kWh,EUR,,primary
nrg_pc_204:KWH2500-4999:X_TAX:EUR,MT,cost,household,,,2026-01-01,2026-06-30,0.1193,EUR/kWh,EUR,p,primary
nrg_pc_204:KWH2500-4999:X_TAX:EUR,NL,cost,household,,,2015-01-01,2015-06-30,0.1285,EUR/kWh,EUR,,primary
nrg_pc_204:KWH2500-4999:X_TAX:EUR,NL,cost,household,,,2015-07-01,2015-12-31,0.1238,EUR/kWh,EUR,,primary
nrg_pc_204:KWH2500-4999:X_TAX:EUR,NL,cost,household,,,2016-01-01,2016-06-30,0.1206,EUR/kWh,EUR,,primary
nrg_pc_204:KWH2500-4999:X_TAX:EUR,NL,cost,household,,,2016-07-01,2016-12-31,0.1189,EUR/kWh,EUR,,primary
nrg_pc_204:KWH2500-4999:X_TAX:EUR,NL,cost,household,,,2017-01-01,2017-06-30,0.12,EUR/kWh,EUR,,primary
nrg_pc_204:KWH2500-4999:X_TAX:EUR,NL,cost,household,,,2017-07-01,2017-12-31,0.119,EUR/kWh,EUR,,primary
nrg_pc_204:KWH2500-4999:X_TAX:EUR,NL,cost,household,,,2018-01-01,2018-06-30,0.124,EUR/kWh,EUR,,primary
nrg_pc_204:KWH2500-4999:X_TAX:EUR,NL,cost,household,,,2018-07-01,2018-12-31,0.126,EUR/kWh,EUR,,primary
nrg_pc_204:KWH2500-4999:X_TAX:EUR,NL,cost,household,,,2019-01-01,2019-06-30,0.135,EUR/kWh,EUR,,primary
nrg_pc_204:KWH2500-4999:X_TAX:EUR,NL,cost,household,,,2019-07-01,2019-12-31,0.135,EUR/kWh,EUR,,primary
nrg_pc_204:KWH2500-4999:X_TAX:EUR,NL,cost,household,,,2020-01-01,2020-06-30,0.1382,EUR/kWh,EUR,,primary
nrg_pc_204:KWH2500-4999:X_TAX:EUR,NL,cost,household,,,2020-07-01,2020-12-31,0.1356,EUR/kWh,EUR,,primary
nrg_pc_204:KWH2500-4999:X_TAX:EUR,NL,cost,household,,,2021-01-01,2021-06-30,0.1357,EUR/kWh,EUR,,primary
nrg_pc_204:KWH2500-4999:X_TAX:EUR,NL,cost,household,,,2021-07-01,2021-12-31,0.1484,EUR/kWh,EUR,,primary
nrg_pc_204:KWH2500-4999:X_TAX:EUR,NL,cost,household,,,2022-01-01,2022-06-30,0.2107,EUR/kWh,EUR,,primary
nrg_pc_204:KWH2500-4999:X_TAX:EUR,NL,cost,household,,,2022-07-01,2022-12-31,0.3254,EUR/kWh,EUR,,primary
nrg_pc_204:KWH2500-4999:X_TAX:EUR,NL,cost,household,,,2023-01-01,2023-06-30,0.4315,EUR/kWh,EUR,,primary
nrg_pc_204:KWH2500-4999:X_TAX:EUR,NL,cost,household,,,2023-07-01,2023-12-31,0.2635,EUR/kWh,EUR,,primary
nrg_pc_204:KWH2500-4999:X_TAX:EUR,NL,cost,household,,,2024-01-01,2024-06-30,0.2904,EUR/kWh,EUR,,primary
nrg_pc_204:KWH2500-4999:X_TAX:EUR,NL,cost,household,,,2024-07-01,2024-12-31,0.2547,EUR/kWh,EUR,,primary
nrg_pc_204:KWH2500-4999:X_TAX:EUR,NL,cost,household,,,2025-01-01,2025-06-30,0.2521,EUR/kWh,EUR,,primary
nrg_pc_204:KWH2500-4999:X_TAX:EUR,NL,cost,household,,,2025-07-01,2025-12-31,0.2686,EUR/kWh,EUR,,primary
nrg_pc_204:KWH2500-4999:X_TAX:EUR,NL,cost,household,,,2026-01-01,2026-06-30,0.2681,EUR/kWh,EUR,,primary
nrg_pc_204:KWH2500-4999:X_TAX:EUR,PL,cost,household,,,2015-01-01,2015-06-30,0.1125,EUR/kWh,EUR,,primary
nrg_pc_204:KWH2500-4999:X_TAX:EUR,PL,cost,household,,,2015-07-01,2015-12-31,0.1105,EUR/kWh,EUR,,primary
nrg_pc_204:KWH2500-4999:X_TAX:EUR,PL,cost,household,,,2016-01-01,2016-06-30,0.1037,EUR/kWh,EUR,,primary
nrg_pc_204:KWH2500-4999:X_TAX:EUR,PL,cost,household,,,2016-07-01,2016-12-31,0.1053,EUR/kWh,EUR,,primary
nrg_pc_204:KWH2500-4999:X_TAX:EUR,PL,cost,household,,,2017-01-01,2017-06-30,0.096,EUR/kWh,EUR,,primary
nrg_pc_204:KWH2500-4999:X_TAX:EUR,PL,cost,household,,,2017-07-01,2017-12-31,0.095,EUR/kWh,EUR,,primary
nrg_pc_204:KWH2500-4999:X_TAX:EUR,PL,cost,household,,,2018-01-01,2018-06-30,0.0906,EUR/kWh,EUR,,primary
nrg_pc_204:KWH2500-4999:X_TAX:EUR,PL,cost,household,,,2018-07-01,2018-12-31,0.0889,EUR/kWh,EUR,,primary
nrg_pc_204:KWH2500-4999:X_TAX:EUR,PL,cost,household,,,2019-01-01,2019-06-30,0.0898,EUR/kWh,EUR,,primary
nrg_pc_204:KWH2500-4999:X_TAX:EUR,PL,cost,household,,,2019-07-01,2019-12-31,0.0867,EUR/kWh,EUR,,primary
nrg_pc_204:KWH2500-4999:X_TAX:EUR,PL,cost,household,,,2020-01-01,2020-06-30,0.0926,EUR/kWh,EUR,,primary
nrg_pc_204:KWH2500-4999:X_TAX:EUR,PL,cost,household,,,2020-07-01,2020-12-31,0.0953,EUR/kWh,EUR,,primary
nrg_pc_204:KWH2500-4999:X_TAX:EUR,PL,cost,household,,,2021-01-01,2021-06-30,0.0921,EUR/kWh,EUR,,primary
nrg_pc_204:KWH2500-4999:X_TAX:EUR,PL,cost,household,,,2021-07-01,2021-12-31,0.0882,EUR/kWh,EUR,,primary
nrg_pc_204:KWH2500-4999:X_TAX:EUR,PL,cost,household,,,2022-01-01,2022-06-30,0.0912,EUR/kWh,EUR,,primary
nrg_pc_204:KWH2500-4999:X_TAX:EUR,PL,cost,household,,,2022-07-01,2022-12-31,0.1003,EUR/kWh,EUR,,primary
nrg_pc_204:KWH2500-4999:X_TAX:EUR,PL,cost,household,,,2023-01-01,2023-06-30,0.0918,EUR/kWh,EUR,,primary
nrg_pc_204:KWH2500-4999:X_TAX:EUR,PL,cost,household,,,2023-07-01,2023-12-31,0.1164,EUR/kWh,EUR,,primary
nrg_pc_204:KWH2500-4999:X_TAX:EUR,PL,cost,household,,,2024-01-01,2024-06-30,0.1035,EUR/kWh,EUR,,primary
nrg_pc_204:KWH2500-4999:X_TAX:EUR,PL,cost,household,,,2024-07-01,2024-12-31,0.1399,EUR/kWh,EUR,,primary
nrg_pc_204:KWH2500-4999:X_TAX:EUR,PL,cost,household,,,2025-01-01,2025-06-30,0.1479,EUR/kWh,EUR,,primary
nrg_pc_204:KWH2500-4999:X_TAX:EUR,PL,cost,household,,,2025-07-01,2025-12-31,0.1539,EUR/kWh,EUR,,primary
nrg_pc_204:KWH2500-4999:X_TAX:EUR,PL,cost,household,,,2026-01-01,2026-06-30,0.1592,EUR/kWh,EUR,p,primary
nrg_pc_204:KWH2500-4999:X_TAX:EUR,PT,cost,household,,,2015-01-01,2015-06-30,0.115,EUR/kWh,EUR,,primary
nrg_pc_204:KWH2500-4999:X_TAX:EUR,PT,cost,household,,,2015-07-01,2015-12-31,0.1153,EUR/kWh,EUR,,primary
nrg_pc_204:KWH2500-4999:X_TAX:EUR,PT,cost,household,,,2016-01-01,2016-06-30,0.1239,EUR/kWh,EUR,,primary
nrg_pc_204:KWH2500-4999:X_TAX:EUR,PT,cost,household,,,2016-07-01,2016-12-31,0.1211,EUR/kWh,EUR,,primary
nrg_pc_204:KWH2500-4999:X_TAX:EUR,PT,cost,household,,,2017-01-01,2017-06-30,0.1106,EUR/kWh,EUR,,primary
nrg_pc_204:KWH2500-4999:X_TAX:EUR,PT,cost,household,,,2017-07-01,2017-12-31,0.108,EUR/kWh,EUR,,primary
nrg_pc_204:KWH2500-4999:X_TAX:EUR,PT,cost,household,,,2018-01-01,2018-06-30,0.1007,EUR/kWh,EUR,,primary
nrg_pc_204:KWH2500-4999:X_TAX:EUR,PT,cost,household,,,2018-07-01,2018-12-31,0.1028,EUR/kWh,EUR,,primary
nrg_pc_204:KWH2500-4999:X_TAX:EUR,PT,cost,household,,,2019-01-01,2019-06-30,0.1181,EUR/kWh,EUR,,primary
nrg_pc_204:KWH2500-4999:X_TAX:EUR,PT,cost,household,,,2019-07-01,2019-12-31,0.1204,EUR/kWh,EUR,,primary
nrg_pc_204:KWH2500-4999:X_TAX:EUR,PT,cost,household,,,2020-01-01,2020-06-30,0.1139,EUR/kWh,EUR,,primary
nrg_pc_204:KWH2500-4999:X_TAX:EUR,PT,cost,household,,,2020-07-01,2020-12-31,0.1138,EUR/kWh,EUR,,primary
nrg_pc_204:KWH2500-4999:X_TAX:EUR,PT,cost,household,,,2021-01-01,2021-06-30,0.1131,EUR/kWh,EUR,,primary
nrg_pc_204:KWH2500-4999:X_TAX:EUR,PT,cost,household,,,2021-07-01,2021-12-31,0.1164,EUR/kWh,EUR,,primary
nrg_pc_204:KWH2500-4999:X_TAX:EUR,PT,cost,household,,,2022-01-01,2022-06-30,0.1688,EUR/kWh,EUR,,primary
nrg_pc_204:KWH2500-4999:X_TAX:EUR,PT,cost,household,,,2022-07-01,2022-12-31,0.1972,EUR/kWh,EUR,,primary
nrg_pc_204:KWH2500-4999:X_TAX:EUR,PT,cost,household,,,2023-01-01,2023-06-30,0.2983,EUR/kWh,EUR,,primary
nrg_pc_204:KWH2500-4999:X_TAX:EUR,PT,cost,household,,,2023-07-01,2023-12-31,0.2012,EUR/kWh,EUR,,primary
nrg_pc_204:KWH2500-4999:X_TAX:EUR,PT,cost,household,,,2024-01-01,2024-06-30,0.1823,EUR/kWh,EUR,,primary
nrg_pc_204:KWH2500-4999:X_TAX:EUR,PT,cost,household,,,2024-07-01,2024-12-31,0.1693,EUR/kWh,EUR,,primary
nrg_pc_204:KWH2500-4999:X_TAX:EUR,PT,cost,household,,,2025-01-01,2025-06-30,0.159,EUR/kWh,EUR,,primary
nrg_pc_204:KWH2500-4999:X_TAX:EUR,PT,cost,household,,,2025-07-01,2025-12-31,0.1625,EUR/kWh,EUR,,primary
nrg_pc_204:KWH2500-4999:X_TAX:EUR,PT,cost,household,,,2026-01-01,2026-06-30,0.1576,EUR/kWh,EUR,,primary
nrg_pc_204:KWH2500-4999:X_TAX:EUR,RO,cost,household,,,2015-01-01,2015-06-30,0.0927,EUR/kWh,EUR,,primary
nrg_pc_204:KWH2500-4999:X_TAX:EUR,RO,cost,household,,,2015-07-01,2015-12-31,0.0938,EUR/kWh,EUR,,primary
nrg_pc_204:KWH2500-4999:X_TAX:EUR,RO,cost,household,,,2016-01-01,2016-06-30,0.0914,EUR/kWh,EUR,,primary
nrg_pc_204:KWH2500-4999:X_TAX:EUR,RO,cost,household,,,2016-07-01,2016-12-31,0.0893,EUR/kWh,EUR,,primary
nrg_pc_204:KWH2500-4999:X_TAX:EUR,RO,cost,household,,,2017-01-01,2017-06-30,0.0871,EUR/kWh,EUR,,primary
nrg_pc_204:KWH2500-4999:X_TAX:EUR,RO,cost,household,,,2017-07-01,2017-12-31,0.0945,EUR/kWh,EUR,,primary
nrg_pc_204:KWH2500-4999:X_TAX:EUR,RO,cost,household,,,2018-01-01,2018-06-30,0.099,EUR/kWh,EUR,,primary
nrg_pc_204:KWH2500-4999:X_TAX:EUR,RO,cost,household,,,2018-07-01,2018-12-31,0.0964,EUR/kWh,EUR,,primary
nrg_pc_204:KWH2500-4999:X_TAX:EUR,RO,cost,household,,,2019-01-01,2019-06-30,0.0983,EUR/kWh,EUR,,primary
nrg_pc_204:KWH2500-4999:X_TAX:EUR,RO,cost,household,,,2019-07-01,2019-12-31,0.1025,EUR/kWh,EUR,,primary
nrg_pc_204:KWH2500-4999:X_TAX:EUR,RO,cost,household,,,2020-01-01,2020-06-30,0.1045,EUR/kWh,EUR,,primary
nrg_pc_204:KWH2500-4999:X_TAX:EUR,RO,cost,household,,,2020-07-01,2020-12-31,0.104,EUR/kWh,EUR,,primary
nrg_pc_204:KWH2500-4999:X_TAX:EUR,RO,cost,household,,,2021-01-01,2021-06-30,0.1115,EUR/kWh,EUR,,primary
nrg_pc_204:KWH2500-4999:X_TAX:EUR,RO,cost,household,,,2021-07-01,2021-12-31,0.1167,EUR/kWh,EUR,,primary
nrg_pc_204:KWH2500-4999:X_TAX:EUR,RO,cost,household,,,2022-01-01,2022-06-30,0.1779,EUR/kWh,EUR,d,primary
nrg_pc_204:KWH2500-4999:X_TAX:EUR,RO,cost,household,,,2022-07-01,2022-12-31,0.2683,EUR/kWh,EUR,d,primary
nrg_pc_204:KWH2500-4999:X_TAX:EUR,RO,cost,household,,,2023-01-01,2023-06-30,0.1435,EUR/kWh,EUR,,primary
nrg_pc_204:KWH2500-4999:X_TAX:EUR,RO,cost,household,,,2023-07-01,2023-12-31,0.1441,EUR/kWh,EUR,,primary
nrg_pc_204:KWH2500-4999:X_TAX:EUR,RO,cost,household,,,2024-01-01,2024-06-30,0.1392,EUR/kWh,EUR,,primary
nrg_pc_204:KWH2500-4999:X_TAX:EUR,RO,cost,household,,,2024-07-01,2024-12-31,0.1391,EUR/kWh,EUR,,primary
nrg_pc_204:KWH2500-4999:X_TAX:EUR,RO,cost,household,,,2025-01-01,2025-06-30,0.1447,EUR/kWh,EUR,,primary
nrg_pc_204:KWH2500-4999:X_TAX:EUR,RO,cost,household,,,2025-07-01,2025-12-31,0.2221,EUR/kWh,EUR,,primary
nrg_pc_204:KWH2500-4999:X_TAX:EUR,RO,cost,household,,,2026-01-01,2026-06-30,0.2158,EUR/kWh,EUR,,primary
nrg_pc_204:KWH2500-4999:X_TAX:EUR,SE,cost,household,,,2015-01-01,2015-06-30,0.1183,EUR/kWh,EUR,e,primary
nrg_pc_204:KWH2500-4999:X_TAX:EUR,SE,cost,household,,,2015-07-01,2015-12-31,0.1202,EUR/kWh,EUR,,primary
nrg_pc_204:KWH2500-4999:X_TAX:EUR,SE,cost,household,,,2016-01-01,2016-06-30,0.1218,EUR/kWh,EUR,e,primary
nrg_pc_204:KWH2500-4999:X_TAX:EUR,SE,cost,household,,,2016-07-01,2016-12-31,0.1281,EUR/kWh,EUR,,primary
nrg_pc_204:KWH2500-4999:X_TAX:EUR,SE,cost,household,,,2017-01-01,2017-06-30,0.1257,EUR/kWh,EUR,e,primary
nrg_pc_204:KWH2500-4999:X_TAX:EUR,SE,cost,household,,,2017-07-01,2017-12-31,0.1305,EUR/kWh,EUR,e,primary
nrg_pc_204:KWH2500-4999:X_TAX:EUR,SE,cost,household,,,2018-01-01,2018-06-30,0.1202,EUR/kWh,EUR,e,primary
nrg_pc_204:KWH2500-4999:X_TAX:EUR,SE,cost,household,,,2018-07-01,2018-12-31,0.132,EUR/kWh,EUR,e,primary
nrg_pc_204:KWH2500-4999:X_TAX:EUR,SE,cost,household,,,2019-01-01,2019-06-30,0.1297,EUR/kWh,EUR,e,primary
nrg_pc_204:KWH2500-4999:X_TAX:EUR,SE,cost,household,,,2019-07-01,2019-12-31,0.1316,EUR/kWh,EUR,e,primary
nrg_pc_204:KWH2500-4999:X_TAX:EUR,SE,cost,household,,,2020-01-01,2020-06-30,0.12,EUR/kWh,EUR,,primary
nrg_pc_204:KWH2500-4999:X_TAX:EUR,SE,cost,household,,,2020-07-01,2020-12-31,0.1271,EUR/kWh,EUR,,primary
nrg_pc_204:KWH2500-4999:X_TAX:EUR,SE,cost,household,,,2021-01-01,2021-06-30,0.134,EUR/kWh,EUR,,primary
nrg_pc_204:KWH2500-4999:X_TAX:EUR,SE,cost,household,,,2021-07-01,2021-12-31,0.1733,EUR/kWh,EUR,,primary
nrg_pc_204:KWH2500-4999:X_TAX:EUR,SE,cost,household,,,2022-01-01,2022-06-30,0.1815,EUR/kWh,EUR,,primary
nrg_pc_204:KWH2500-4999:X_TAX:EUR,SE,cost,household,,,2022-07-01,2022-12-31,0.2489,EUR/kWh,EUR,,primary
nrg_pc_204:KWH2500-4999:X_TAX:EUR,SE,cost,household,,,2023-01-01,2023-06-30,0.1784,EUR/kWh,EUR,,primary
nrg_pc_204:KWH2500-4999:X_TAX:EUR,SE,cost,household,,,2023-07-01,2023-12-31,0.1407,EUR/kWh,EUR,,primary
nrg_pc_204:KWH2500-4999:X_TAX:EUR,SE,cost,household,,,2024-01-01,2024-06-30,0.1571,EUR/kWh,EUR,,primary
nrg_pc_204:KWH2500-4999:X_TAX:EUR,SE,cost,household,,,2024-07-01,2024-12-31,0.1507,EUR/kWh,EUR,,primary
nrg_pc_204:KWH2500-4999:X_TAX:EUR,SE,cost,household,,,2025-01-01,2025-06-30,0.1727,EUR/kWh,EUR,,primary
nrg_pc_204:KWH2500-4999:X_TAX:EUR,SE,cost,household,,,2025-07-01,2025-12-31,0.1771,EUR/kWh,EUR,,primary
nrg_pc_204:KWH2500-4999:X_TAX:EUR,SE,cost,household,,,2026-01-01,2026-06-30,0.2116,EUR/kWh,EUR,,primary
nrg_pc_204:KWH2500-4999:X_TAX:EUR,SI,cost,household,,,2015-01-01,2015-06-30,0.1123,EUR/kWh,EUR,,primary
nrg_pc_204:KWH2500-4999:X_TAX:EUR,SI,cost,household,,,2015-07-01,2015-12-31,0.1126,EUR/kWh,EUR,,primary
nrg_pc_204:KWH2500-4999:X_TAX:EUR,SI,cost,household,,,2016-01-01,2016-06-30,0.1112,EUR/kWh,EUR,,primary
nrg_pc_204:KWH2500-4999:X_TAX:EUR,SI,cost,household,,,2016-07-01,2016-12-31,0.1117,EUR/kWh,EUR,,primary
nrg_pc_204:KWH2500-4999:X_TAX:EUR,SI,cost,household,,,2017-01-01,2017-06-30,0.1104,EUR/kWh,EUR,,primary
nrg_pc_204:KWH2500-4999:X_TAX:EUR,SI,cost,household,,,2017-07-01,2017-12-31,0.1105,EUR/kWh,EUR,,primary
nrg_pc_204:KWH2500-4999:X_TAX:EUR,SI,cost,household,,,2018-01-01,2018-06-30,0.1108,EUR/kWh,EUR,,primary
nrg_pc_204:KWH2500-4999:X_TAX:EUR,SI,cost,household,,,2018-07-01,2018-12-31,0.1125,EUR/kWh,EUR,,primary
nrg_pc_204:KWH2500-4999:X_TAX:EUR,SI,cost,household,,,2019-01-01,2019-06-30,0.1125,EUR/kWh,EUR,,primary
nrg_pc_204:KWH2500-4999:X_TAX:EUR,SI,cost,household,,,2019-07-01,2019-12-31,0.1146,EUR/kWh,EUR,,primary
nrg_pc_204:KWH2500-4999:X_TAX:EUR,SI,cost,household,,,2020-01-01,2020-06-30,0.1063,EUR/kWh,EUR,,primary
nrg_pc_204:KWH2500-4999:X_TAX:EUR,SI,cost,household,,,2020-07-01,2020-12-31,0.118,EUR/kWh,EUR,,primary
nrg_pc_204:KWH2500-4999:X_TAX:EUR,SI,cost,household,,,2021-01-01,2021-06-30,0.1153,EUR/kWh,EUR,,primary
nrg_pc_204:KWH2500-4999:X_TAX:EUR,SI,cost,household,,,2021-07-01,2021-12-31,0.1185,EUR/kWh,EUR,,primary
nrg_pc_204:KWH2500-4999:X_TAX:EUR,SI,cost,household,,,2022-01-01,2022-06-30,0.1023,EUR/kWh,EUR,,primary
nrg_pc_204:KWH2500-4999:X_TAX:EUR,SI,cost,household,,,2022-07-01,2022-12-31,0.1533,EUR/kWh,EUR,,primary
nrg_pc_204:KWH2500-4999:X_TAX:EUR,SI,cost,household,,,2023-01-01,2023-06-30,0.1614,EUR/kWh,EUR,,primary
nrg_pc_204:KWH2500-4999:X_TAX:EUR,SI,cost,household,,,2023-07-01,2023-12-31,0.1614,EUR/kWh,EUR,,primary
nrg_pc_204:KWH2500-4999:X_TAX:EUR,SI,cost,household,,,2024-01-01,2024-06-30,0.1684,EUR/kWh,EUR,,primary
nrg_pc_204:KWH2500-4999:X_TAX:EUR,SI,cost,household,,,2024-07-01,2024-12-31,0.162,EUR/kWh,EUR,,primary
nrg_pc_204:KWH2500-4999:X_TAX:EUR,SI,cost,household,,,2025-01-01,2025-06-30,0.1459,EUR/kWh,EUR,,primary
nrg_pc_204:KWH2500-4999:X_TAX:EUR,SI,cost,household,,,2025-07-01,2025-12-31,0.1621,EUR/kWh,EUR,,primary
nrg_pc_204:KWH2500-4999:X_TAX:EUR,SI,cost,household,,,2026-01-01,2026-06-30,0.1625,EUR/kWh,EUR,,primary
nrg_pc_204:KWH2500-4999:X_TAX:EUR,SK,cost,household,,,2015-01-01,2015-06-30,0.1223,EUR/kWh,EUR,,primary
nrg_pc_204:KWH2500-4999:X_TAX:EUR,SK,cost,household,,,2015-07-01,2015-12-31,0.1232,EUR/kWh,EUR,,primary
nrg_pc_204:KWH2500-4999:X_TAX:EUR,SK,cost,household,,,2016-01-01,2016-06-30,0.1154,EUR/kWh,EUR,,primary
nrg_pc_204:KWH2500-4999:X_TAX:EUR,SK,cost,household,,,2016-07-01,2016-12-31,0.1249,EUR/kWh,EUR,,primary
nrg_pc_204:KWH2500-4999:X_TAX:EUR,SK,cost,household,,,2017-01-01,2017-06-30,0.0832,EUR/kWh,EUR,,primary
nrg_pc_204:KWH2500-4999:X_TAX:EUR,SK,cost,household,,,2017-07-01,2017-12-31,0.0838,EUR/kWh,EUR,,primary
nrg_pc_204:KWH2500-4999:X_TAX:EUR,SK,cost,household,,,2018-01-01,2018-06-30,0.0942,EUR/kWh,EUR,,primary
nrg_pc_204:KWH2500-4999:X_TAX:EUR,SK,cost,household,,,2018-07-01,2018-12-31,0.0849,EUR/kWh,EUR,,primary
nrg_pc_204:KWH2500-4999:X_TAX:EUR,SK,cost,household,,,2019-01-01,2019-06-30,0.0962,EUR/kWh,EUR,,primary
nrg_pc_204:KWH2500-4999:X_TAX:EUR,SK,cost,household,,,2019-07-01,2019-12-31,0.0969,EUR/kWh,EUR,,primary
nrg_pc_204:KWH2500-4999:X_TAX:EUR,SK,cost,household,,,2020-01-01,2020-06-30,0.1074,EUR/kWh,EUR,,primary
nrg_pc_204:KWH2500-4999:X_TAX:EUR,SK,cost,household,,,2020-07-01,2020-12-31,0.1106,EUR/kWh,EUR,,primary
nrg_pc_204:KWH2500-4999:X_TAX:EUR,SK,cost,household,,,2021-01-01,2021-06-30,0.1057,EUR/kWh,EUR,,primary
nrg_pc_204:KWH2500-4999:X_TAX:EUR,SK,cost,household,,,2021-07-01,2021-12-31,0.102,EUR/kWh,EUR,,primary
nrg_pc_204:KWH2500-4999:X_TAX:EUR,SK,cost,household,,,2022-01-01,2022-06-30,0.1242,EUR/kWh,EUR,,primary
nrg_pc_204:KWH2500-4999:X_TAX:EUR,SK,cost,household,,,2022-07-01,2022-12-31,0.1315,EUR/kWh,EUR,,primary
nrg_pc_204:KWH2500-4999:X_TAX:EUR,SK,cost,household,,,2023-01-01,2023-06-30,0.1322,EUR/kWh,EUR,,primary
nrg_pc_204:KWH2500-4999:X_TAX:EUR,SK,cost,household,,,2023-07-01,2023-12-31,0.123,EUR/kWh,EUR,,primary
nrg_pc_204:KWH2500-4999:X_TAX:EUR,SK,cost,household,,,2024-01-01,2024-06-30,0.125,EUR/kWh,EUR,,primary
nrg_pc_204:KWH2500-4999:X_TAX:EUR,SK,cost,household,,,2024-07-01,2024-12-31,0.122,EUR/kWh,EUR,,primary
nrg_pc_204:KWH2500-4999:X_TAX:EUR,SK,cost,household,,,2025-01-01,2025-06-30,0.127,EUR/kWh,EUR,,primary
nrg_pc_204:KWH2500-4999:X_TAX:EUR,SK,cost,household,,,2025-07-01,2025-12-31,0.1241,EUR/kWh,EUR,,primary
nrg_pc_204:KWH2500-4999:X_TAX:EUR,SK,cost,household,,,2026-01-01,2026-06-30,0.1385,EUR/kWh,EUR,,primary
nrg_pc_204:KWH2500-4999:X_VAT:EUR,AT,cost,household,,,2015-01-01,2015-06-30,0.1674,EUR/kWh,EUR,,primary
nrg_pc_204:KWH2500-4999:X_VAT:EUR,AT,cost,household,,,2015-07-01,2015-12-31,0.1652,EUR/kWh,EUR,,primary
nrg_pc_204:KWH2500-4999:X_VAT:EUR,AT,cost,household,,,2016-01-01,2016-06-30,0.1695,EUR/kWh,EUR,,primary
nrg_pc_204:KWH2500-4999:X_VAT:EUR,AT,cost,household,,,2016-07-01,2016-12-31,0.1675,EUR/kWh,EUR,,primary
nrg_pc_204:KWH2500-4999:X_VAT:EUR,AT,cost,household,,,2017-01-01,2017-06-30,0.1625,EUR/kWh,EUR,,primary
nrg_pc_204:KWH2500-4999:X_VAT:EUR,AT,cost,household,,,2017-07-01,2017-12-31,0.1649,EUR/kWh,EUR,,primary
nrg_pc_204:KWH2500-4999:X_VAT:EUR,AT,cost,household,,,2018-01-01,2018-06-30,0.1638,EUR/kWh,EUR,,primary
nrg_pc_204:KWH2500-4999:X_VAT:EUR,AT,cost,household,,,2018-07-01,2018-12-31,0.1676,EUR/kWh,EUR,,primary
nrg_pc_204:KWH2500-4999:X_VAT:EUR,AT,cost,household,,,2019-01-01,2019-06-30,0.1695,EUR/kWh,EUR,,primary
nrg_pc_204:KWH2500-4999:X_VAT:EUR,AT,cost,household,,,2019-07-01,2019-12-31,0.1728,EUR/kWh,EUR,,primary
nrg_pc_204:KWH2500-4999:X_VAT:EUR,AT,cost,household,,,2020-01-01,2020-06-30,0.1759,EUR/kWh,EUR,,primary
nrg_pc_204:KWH2500-4999:X_VAT:EUR,AT,cost,household,,,2020-07-01,2020-12-31,0.1806,EUR/kWh,EUR,,primary
nrg_pc_204:KWH2500-4999:X_VAT:EUR,AT,cost,household,,,2021-01-01,2021-06-30,0.1846,EUR/kWh,EUR,,primary
nrg_pc_204:KWH2500-4999:X_VAT:EUR,AT,cost,household,,,2021-07-01,2021-12-31,0.1904,EUR/kWh,EUR,,primary
nrg_pc_204:KWH2500-4999:X_VAT:EUR,AT,cost,household,,,2022-01-01,2022-06-30,0.1874,EUR/kWh,EUR,,primary
nrg_pc_204:KWH2500-4999:X_VAT:EUR,AT,cost,household,,,2022-07-01,2022-12-31,0.1975,EUR/kWh,EUR,e,primary
nrg_pc_204:KWH2500-4999:X_VAT:EUR,AT,cost,household,,,2023-01-01,2023-06-30,0.2211,EUR/kWh,EUR,e,primary
nrg_pc_204:KWH2500-4999:X_VAT:EUR,AT,cost,household,,,2023-07-01,2023-12-31,0.229,EUR/kWh,EUR,e,primary
nrg_pc_204:KWH2500-4999:X_VAT:EUR,AT,cost,household,,,2024-01-01,2024-06-30,0.2276,EUR/kWh,EUR,e,primary
nrg_pc_204:KWH2500-4999:X_VAT:EUR,AT,cost,household,,,2024-07-01,2024-12-31,0.2031,EUR/kWh,EUR,e,primary
nrg_pc_204:KWH2500-4999:X_VAT:EUR,AT,cost,household,,,2025-01-01,2025-06-30,0.2421,EUR/kWh,EUR,e,primary
nrg_pc_204:KWH2500-4999:X_VAT:EUR,AT,cost,household,,,2025-07-01,2025-12-31,0.2726,EUR/kWh,EUR,e,primary
nrg_pc_204:KWH2500-4999:X_VAT:EUR,AT,cost,household,,,2026-01-01,2026-06-30,0.2717,EUR/kWh,EUR,,primary
nrg_pc_204:KWH2500-4999:X_VAT:EUR,BE,cost,household,,,2015-01-01,2015-06-30,0.2006,EUR/kWh,EUR,,primary
nrg_pc_204:KWH2500-4999:X_VAT:EUR,BE,cost,household,,,2015-07-01,2015-12-31,0.206,EUR/kWh,EUR,,primary
nrg_pc_204:KWH2500-4999:X_VAT:EUR,BE,cost,household,,,2016-01-01,2016-06-30,0.2108,EUR/kWh,EUR,,primary
nrg_pc_204:KWH2500-4999:X_VAT:EUR,BE,cost,household,,,2016-07-01,2016-12-31,0.2303,EUR/kWh,EUR,,primary
nrg_pc_204:KWH2500-4999:X_VAT:EUR,BE,cost,household,,,2017-01-01,2017-06-30,0.2361,EUR/kWh,EUR,,primary
nrg_pc_204:KWH2500-4999:X_VAT:EUR,BE,cost,household,,,2017-07-01,2017-12-31,0.2406,EUR/kWh,EUR,,primary
nrg_pc_204:KWH2500-4999:X_VAT:EUR,BE,cost,household,,,2018-01-01,2018-06-30,0.2343,EUR/kWh,EUR,,primary
nrg_pc_204:KWH2500-4999:X_VAT:EUR,BE,cost,household,,,2018-07-01,2018-12-31,0.2436,EUR/kWh,EUR,,primary
nrg_pc_204:KWH2500-4999:X_VAT:EUR,BE,cost,household,,,2019-01-01,2019-06-30,0.2353,EUR/kWh,EUR,,primary
nrg_pc_204:KWH2500-4999:X_VAT:EUR,BE,cost,household,,,2019-07-01,2019-12-31,0.237,EUR/kWh,EUR,,primary
nrg_pc_204:KWH2500-4999:X_VAT:EUR,BE,cost,household,,,2020-01-01,2020-06-30,0.2316,EUR/kWh,EUR,,primary
nrg_pc_204:KWH2500-4999:X_VAT:EUR,BE,cost,household,,,2020-07-01,2020-12-31,0.2242,EUR/kWh,EUR,,primary
nrg_pc_204:KWH2500-4999:X_VAT:EUR,BE,cost,household,,,2021-01-01,2021-06-30,0.2243,EUR/kWh,EUR,,primary
nrg_pc_204:KWH2500-4999:X_VAT:EUR,BE,cost,household,,,2021-07-01,2021-12-31,0.2484,EUR/kWh,EUR,,primary
nrg_pc_204:KWH2500-4999:X_VAT:EUR,BE,cost,household,,,2022-01-01,2022-06-30,0.3067,EUR/kWh,EUR,,primary
nrg_pc_204:KWH2500-4999:X_VAT:EUR,BE,cost,household,,,2022-07-01,2022-12-31,0.4235,EUR/kWh,EUR,,primary
nrg_pc_204:KWH2500-4999:X_VAT:EUR,BE,cost,household,,,2023-01-01,2023-06-30,0.4105,EUR/kWh,EUR,,primary
nrg_pc_204:KWH2500-4999:X_VAT:EUR,BE,cost,household,,,2023-07-01,2023-12-31,0.3567,EUR/kWh,EUR,,primary
nrg_pc_204:KWH2500-4999:X_VAT:EUR,BE,cost,household,,,2024-01-01,2024-06-30,0.3166,EUR/kWh,EUR,,primary
nrg_pc_204:KWH2500-4999:X_VAT:EUR,BE,cost,household,,,2024-07-01,2024-12-31,0.3126,EUR/kWh,EUR,,primary
nrg_pc_204:KWH2500-4999:X_VAT:EUR,BE,cost,household,,,2025-01-01,2025-06-30,0.3368,EUR/kWh,EUR,,primary
nrg_pc_204:KWH2500-4999:X_VAT:EUR,BE,cost,household,,,2025-07-01,2025-12-31,0.3301,EUR/kWh,EUR,,primary
nrg_pc_204:KWH2500-4999:X_VAT:EUR,BE,cost,household,,,2026-01-01,2026-06-30,0.3375,EUR/kWh,EUR,,primary
nrg_pc_204:KWH2500-4999:X_VAT:EUR,BG,cost,household,,,2015-01-01,2015-06-30,0.0785,EUR/kWh,EUR,,primary
nrg_pc_204:KWH2500-4999:X_VAT:EUR,BG,cost,household,,,2015-07-01,2015-12-31,0.0798,EUR/kWh,EUR,,primary
nrg_pc_204:KWH2500-4999:X_VAT:EUR,BG,cost,household,,,2016-01-01,2016-06-30,0.0797,EUR/kWh,EUR,,primary
nrg_pc_204:KWH2500-4999:X_VAT:EUR,BG,cost,household,,,2016-07-01,2016-12-31,0.0781,EUR/kWh,EUR,,primary
nrg_pc_204:KWH2500-4999:X_VAT:EUR,BG,cost,household,,,2017-01-01,2017-06-30,0.0796,EUR/kWh,EUR,,primary
nrg_pc_204:KWH2500-4999:X_VAT:EUR,BG,cost,household,,,2017-07-01,2017-12-31,0.0819,EUR/kWh,EUR,,primary
nrg_pc_204:KWH2500-4999:X_VAT:EUR,BG,cost,household,,,2018-01-01,2018-06-30,0.0816,EUR/kWh,EUR,,primary
nrg_pc_204:KWH2500-4999:X_VAT:EUR,BG,cost,household,,,2018-07-01,2018-12-31,0.0838,EUR/kWh,EUR,,primary
nrg_pc_204:KWH2500-4999:X_VAT:EUR,BG,cost,household,,,2019-01-01,2019-06-30,0.0831,EUR/kWh,EUR,,primary
nrg_pc_204:KWH2500-4999:X_VAT:EUR,BG,cost,household,,,2019-07-01,2019-12-31,0.0798,EUR/kWh,EUR,,primary
nrg_pc_204:KWH2500-4999:X_VAT:EUR,BG,cost,household,,,2020-01-01,2020-06-30,0.0831,EUR/kWh,EUR,,primary
nrg_pc_204:KWH2500-4999:X_VAT:EUR,BG,cost,household,,,2020-07-01,2020-12-31,0.0818,EUR/kWh,EUR,,primary
nrg_pc_204:KWH2500-4999:X_VAT:EUR,BG,cost,household,,,2021-01-01,2021-06-30,0.0853,EUR/kWh,EUR,,primary
nrg_pc_204:KWH2500-4999:X_VAT:EUR,BG,cost,household,,,2021-07-01,2021-12-31,0.0909,EUR/kWh,EUR,,primary
nrg_pc_204:KWH2500-4999:X_VAT:EUR,BG,cost,household,,,2022-01-01,2022-06-30,0.0911,EUR/kWh,EUR,,primary
nrg_pc_204:KWH2500-4999:X_VAT:EUR,BG,cost,household,,,2022-07-01,2022-12-31,0.0956,EUR/kWh,EUR,,primary
nrg_pc_204:KWH2500-4999:X_VAT:EUR,BG,cost,household,,,2023-01-01,2023-06-30,0.0948,EUR/kWh,EUR,,primary
nrg_pc_204:KWH2500-4999:X_VAT:EUR,BG,cost,household,,,2023-07-01,2023-12-31,0.0993,EUR/kWh,EUR,,primary
nrg_pc_204:KWH2500-4999:X_VAT:EUR,BG,cost,household,,,2024-01-01,2024-06-30,0.0989,EUR/kWh,EUR,,primary
nrg_pc_204:KWH2500-4999:X_VAT:EUR,BG,cost,household,,,2024-07-01,2024-12-31,0.1014,EUR/kWh,EUR,,primary
nrg_pc_204:KWH2500-4999:X_VAT:EUR,BG,cost,household,,,2025-01-01,2025-06-30,0.1083,EUR/kWh,EUR,,primary
nrg_pc_204:KWH2500-4999:X_VAT:EUR,BG,cost,household,,,2025-07-01,2025-12-31,0.1129,EUR/kWh,EUR,,primary
nrg_pc_204:KWH2500-4999:X_VAT:EUR,BG,cost,household,,,2026-01-01,2026-06-30,0.1117,EUR/kWh,EUR,,primary
nrg_pc_204:KWH2500-4999:X_VAT:EUR,CY,cost,household,,,2015-01-01,2015-06-30,0.1652,EUR/kWh,EUR,,primary
nrg_pc_204:KWH2500-4999:X_VAT:EUR,CY,cost,household,,,2015-07-01,2015-12-31,0.1554,EUR/kWh,EUR,,primary
nrg_pc_204:KWH2500-4999:X_VAT:EUR,CY,cost,household,,,2016-01-01,2016-06-30,0.1291,EUR/kWh,EUR,,primary
nrg_pc_204:KWH2500-4999:X_VAT:EUR,CY,cost,household,,,2016-07-01,2016-12-31,0.137,EUR/kWh,EUR,,primary
nrg_pc_204:KWH2500-4999:X_VAT:EUR,CY,cost,household,,,2017-01-01,2017-06-30,0.1579,EUR/kWh,EUR,,primary
nrg_pc_204:KWH2500-4999:X_VAT:EUR,CY,cost,household,,,2017-07-01,2017-12-31,0.155,EUR/kWh,EUR,,primary
nrg_pc_204:KWH2500-4999:X_VAT:EUR,CY,cost,household,,,2018-01-01,2018-06-30,0.1606,EUR/kWh,EUR,,primary
nrg_pc_204:KWH2500-4999:X_VAT:EUR,CY,cost,household,,,2018-07-01,2018-12-31,0.185,EUR/kWh,EUR,,primary
nrg_pc_204:KWH2500-4999:X_VAT:EUR,CY,cost,household,,,2019-01-01,2019-06-30,0.1867,EUR/kWh,EUR,,primary
nrg_pc_204:KWH2500-4999:X_VAT:EUR,CY,cost,household,,,2019-07-01,2019-12-31,0.1895,EUR/kWh,EUR,,primary
nrg_pc_204:KWH2500-4999:X_VAT:EUR,CY,cost,household,,,2020-01-01,2020-06-30,0.1802,EUR/kWh,EUR,,primary
nrg_pc_204:KWH2500-4999:X_VAT:EUR,CY,cost,household,,,2020-07-01,2020-12-31,0.1435,EUR/kWh,EUR,,primary
nrg_pc_204:KWH2500-4999:X_VAT:EUR,CY,cost,household,,,2021-01-01,2021-06-30,0.1668,EUR/kWh,EUR,,primary
nrg_pc_204:KWH2500-4999:X_VAT:EUR,CY,cost,household,,,2021-07-01,2021-12-31,0.1944,EUR/kWh,EUR,,primary
nrg_pc_204:KWH2500-4999:X_VAT:EUR,CY,cost,household,,,2022-01-01,2022-06-30,0.2363,EUR/kWh,EUR,,primary
nrg_pc_204:KWH2500-4999:X_VAT:EUR,CY,cost,household,,,2022-07-01,2022-12-31,0.2762,EUR/kWh,EUR,,primary
nrg_pc_204:KWH2500-4999:X_VAT:EUR,CY,cost,household,,,2023-01-01,2023-06-30,0.315,EUR/kWh,EUR,,primary
nrg_pc_204:KWH2500-4999:X_VAT:EUR,CY,cost,household,,,2023-07-01,2023-12-31,0.2909,EUR/kWh,EUR,,primary
nrg_pc_204:KWH2500-4999:X_VAT:EUR,CY,cost,household,,,2024-01-01,2024-06-30,0.2731,EUR/kWh,EUR,,primary
nrg_pc_204:KWH2500-4999:X_VAT:EUR,CY,cost,household,,,2024-07-01,2024-12-31,0.274,EUR/kWh,EUR,,primary
nrg_pc_204:KWH2500-4999:X_VAT:EUR,CY,cost,household,,,2025-01-01,2025-06-30,0.2543,EUR/kWh,EUR,,primary
nrg_pc_204:KWH2500-4999:X_VAT:EUR,CY,cost,household,,,2025-07-01,2025-12-31,0.2543,EUR/kWh,EUR,,primary
nrg_pc_204:KWH2500-4999:X_VAT:EUR,CY,cost,household,,,2026-01-01,2026-06-30,0.2488,EUR/kWh,EUR,,primary
nrg_pc_204:KWH2500-4999:X_VAT:EUR,CZ,cost,household,,,2015-01-01,2015-06-30,0.1145,EUR/kWh,EUR,,primary
nrg_pc_204:KWH2500-4999:X_VAT:EUR,CZ,cost,household,,,2015-07-01,2015-12-31,0.1164,EUR/kWh,EUR,,primary
nrg_pc_204:KWH2500-4999:X_VAT:EUR,CZ,cost,household,,,2016-01-01,2016-06-30,0.1172,EUR/kWh,EUR,,primary
nrg_pc_204:KWH2500-4999:X_VAT:EUR,CZ,cost,household,,,2016-07-01,2016-12-31,0.1173,EUR/kWh,EUR,,primary
nrg_pc_204:KWH2500-4999:X_VAT:EUR,CZ,cost,household,,,2017-01-01,2017-06-30,0.1188,EUR/kWh,EUR,,primary
nrg_pc_204:KWH2500-4999:X_VAT:EUR,CZ,cost,household,,,2017-07-01,2017-12-31,0.1229,EUR/kWh,EUR,,primary
nrg_pc_204:KWH2500-4999:X_VAT:EUR,CZ,cost,household,,,2018-01-01,2018-06-30,0.1298,EUR/kWh,EUR,,primary
nrg_pc_204:KWH2500-4999:X_VAT:EUR,CZ,cost,household,,,2018-07-01,2018-12-31,0.1311,EUR/kWh,EUR,,primary
nrg_pc_204:KWH2500-4999:X_VAT:EUR,CZ,cost,household,,,2019-01-01,2019-06-30,0.1444,EUR/kWh,EUR,,primary
nrg_pc_204:KWH2500-4999:X_VAT:EUR,CZ,cost,household,,,2019-07-01,2019-12-31,0.1462,EUR/kWh,EUR,,primary
nrg_pc_204:KWH2500-4999:X_VAT:EUR,CZ,cost,household,,,2020-01-01,2020-06-30,0.1522,EUR/kWh,EUR,,primary
nrg_pc_204:KWH2500-4999:X_VAT:EUR,CZ,cost,household,,,2020-07-01,2020-12-31,0.1483,EUR/kWh,EUR,,primary
nrg_pc_204:KWH2500-4999:X_VAT:EUR,CZ,cost,household,,,2021-01-01,2021-06-30,0.1489,EUR/kWh,EUR,,primary
nrg_pc_204:KWH2500-4999:X_VAT:EUR,CZ,cost,household,,,2021-07-01,2021-12-31,0.1651,EUR/kWh,EUR,,primary
nrg_pc_204:KWH2500-4999:X_VAT:EUR,CZ,cost,household,,,2022-01-01,2022-06-30,0.2021,EUR/kWh,EUR,,primary
nrg_pc_204:KWH2500-4999:X_VAT:EUR,CZ,cost,household,,,2022-07-01,2022-12-31,0.1261,EUR/kWh,EUR,,primary
nrg_pc_204:KWH2500-4999:X_VAT:EUR,CZ,cost,household,,,2023-01-01,2023-06-30,0.2636,EUR/kWh,EUR,,primary
nrg_pc_204:KWH2500-4999:X_VAT:EUR,CZ,cost,household,,,2023-07-01,2023-12-31,0.2599,EUR/kWh,EUR,,primary
nrg_pc_204:KWH2500-4999:X_VAT:EUR,CZ,cost,household,,,2024-01-01,2024-06-30,0.2794,EUR/kWh,EUR,,primary
nrg_pc_204:KWH2500-4999:X_VAT:EUR,CZ,cost,household,,,2024-07-01,2024-12-31,0.2729,EUR/kWh,EUR,,primary
nrg_pc_204:KWH2500-4999:X_VAT:EUR,CZ,cost,household,,,2025-01-01,2025-06-30,0.2627,EUR/kWh,EUR,,primary
nrg_pc_204:KWH2500-4999:X_VAT:EUR,CZ,cost,household,,,2025-07-01,2025-12-31,0.2659,EUR/kWh,EUR,,primary
nrg_pc_204:KWH2500-4999:X_VAT:EUR,CZ,cost,household,,,2026-01-01,2026-06-30,0.2383,EUR/kWh,EUR,,primary
nrg_pc_204:KWH2500-4999:X_VAT:EUR,DE,cost,household,,,2015-01-01,2015-06-30,0.248,EUR/kWh,EUR,,primary
nrg_pc_204:KWH2500-4999:X_VAT:EUR,DE,cost,household,,,2015-07-01,2015-12-31,0.2476,EUR/kWh,EUR,,primary
nrg_pc_204:KWH2500-4999:X_VAT:EUR,DE,cost,household,,,2016-01-01,2016-06-30,0.2495,EUR/kWh,EUR,,primary
nrg_pc_204:KWH2500-4999:X_VAT:EUR,DE,cost,household,,,2016-07-01,2016-12-31,0.2502,EUR/kWh,EUR,,primary
nrg_pc_204:KWH2500-4999:X_VAT:EUR,DE,cost,household,,,2017-01-01,2017-06-30,0.2561,EUR/kWh,EUR,,primary
nrg_pc_204:KWH2500-4999:X_VAT:EUR,DE,cost,household,,,2017-07-01,2017-12-31,0.2561,EUR/kWh,EUR,,primary
nrg_pc_204:KWH2500-4999:X_VAT:EUR,DE,cost,household,,,2018-01-01,2018-06-30,0.251,EUR/kWh,EUR,,primary
nrg_pc_204:KWH2500-4999:X_VAT:EUR,DE,cost,household,,,2018-07-01,2018-12-31,0.2521,EUR/kWh,EUR,,primary
nrg_pc_204:KWH2500-4999:X_VAT:EUR,DE,cost,household,,,2019-01-01,2019-06-30,0.2595,EUR/kWh,EUR,,primary
nrg_pc_204:KWH2500-4999:X_VAT:EUR,DE,cost,household,,,2019-07-01,2019-12-31,0.2418,EUR/kWh,EUR,,primary
nrg_pc_204:KWH2500-4999:X_VAT:EUR,DE,cost,household,,,2020-01-01,2020-06-30,0.2564,EUR/kWh,EUR,,primary
nrg_pc_204:KWH2500-4999:X_VAT:EUR,DE,cost,household,,,2020-07-01,2020-12-31,0.2591,EUR/kWh,EUR,,primary
nrg_pc_204:KWH2500-4999:X_VAT:EUR,DE,cost,household,,,2021-01-01,2021-06-30,0.2684,EUR/kWh,EUR,,primary
nrg_pc_204:KWH2500-4999:X_VAT:EUR,DE,cost,household,,,2021-07-01,2021-12-31,0.2718,EUR/kWh,EUR,,primary
nrg_pc_204:KWH2500-4999:X_VAT:EUR,DE,cost,household,,,2022-01-01,2022-06-30,0.2756,EUR/kWh,EUR,,primary
nrg_pc_204:KWH2500-4999:X_VAT:EUR,DE,cost,household,,,2022-07-01,2022-12-31,0.2822,EUR/kWh,EUR,,primary
nrg_pc_204:KWH2500-4999:X_VAT:EUR,DE,cost,household,,,2023-01-01,2023-06-30,0.3467,EUR/kWh,EUR,,primary
nrg_pc_204:KWH2500-4999:X_VAT:EUR,DE,cost,household,,,2023-07-01,2023-12-31,0.3379,EUR/kWh,EUR,,primary
nrg_pc_204:KWH2500-4999:X_VAT:EUR,DE,cost,household,,,2024-01-01,2024-06-30,0.332,EUR/kWh,EUR,,primary
nrg_pc_204:KWH2500-4999:X_VAT:EUR,DE,cost,household,,,2024-07-01,2024-12-31,0.3314,EUR/kWh,EUR,,primary
nrg_pc_204:KWH2500-4999:X_VAT:EUR,DE,cost,household,,,2025-01-01,2025-06-30,0.3223,EUR/kWh,EUR,,primary
nrg_pc_204:KWH2500-4999:X_VAT:EUR,DE,cost,household,,,2025-07-01,2025-12-31,0.3252,EUR/kWh,EUR,,primary
nrg_pc_204:KWH2500-4999:X_VAT:EUR,DE,cost,household,,,2026-01-01,2026-06-30,0.3041,EUR/kWh,EUR,,primary
nrg_pc_204:KWH2500-4999:X_VAT:EUR,DK,cost,household,,,2015-01-01,2015-06-30,0.2454,EUR/kWh,EUR,,primary
nrg_pc_204:KWH2500-4999:X_VAT:EUR,DK,cost,household,,,2015-07-01,2015-12-31,0.2433,EUR/kWh,EUR,,primary
nrg_pc_204:KWH2500-4999:X_VAT:EUR,DK,cost,household,,,2016-01-01,2016-06-30,0.247,EUR/kWh,EUR,,primary
nrg_pc_204:KWH2500-4999:X_VAT:EUR,DK,cost,household,,,2016-07-01,2016-12-31,0.2467,EUR/kWh,EUR,,primary
nrg_pc_204:KWH2500-4999:X_VAT:EUR,DK,cost,household,,,2017-01-01,2017-06-30,0.2439,EUR/kWh,EUR,,primary
nrg_pc_204:KWH2500-4999:X_VAT:EUR,DK,cost,household,,,2017-07-01,2017-12-31,0.2408,EUR/kWh,EUR,,primary
nrg_pc_204:KWH2500-4999:X_VAT:EUR,DK,cost,household,,,2018-01-01,2018-06-30,0.2501,EUR/kWh,EUR,,primary
nrg_pc_204:KWH2500-4999:X_VAT:EUR,DK,cost,household,,,2018-07-01,2018-12-31,0.2499,EUR/kWh,EUR,,primary
nrg_pc_204:KWH2500-4999:X_VAT:EUR,DK,cost,household,,,2019-01-01,2019-06-30,0.2387,EUR/kWh,EUR,,primary
nrg_pc_204:KWH2500-4999:X_VAT:EUR,DK,cost,household,,,2019-07-01,2019-12-31,0.2339,EUR/kWh,EUR,,primary
nrg_pc_204:KWH2500-4999:X_VAT:EUR,DK,cost,household,,,2020-01-01,2020-06-30,0.2266,EUR/kWh,EUR,,primary
nrg_pc_204:KWH2500-4999:X_VAT:EUR,DK,cost,household,,,2020-07-01,2020-12-31,0.2255,EUR/kWh,EUR,,primary
nrg_pc_204:KWH2500-4999:X_VAT:EUR,DK,cost,household,,,2021-01-01,2021-06-30,0.232,EUR/kWh,EUR,,primary
nrg_pc_204:KWH2500-4999:X_VAT:EUR,DK,cost,household,,,2021-07-01,2021-12-31,0.2758,EUR/kWh,EUR,,primary
nrg_pc_204:KWH2500-4999:X_VAT:EUR,DK,cost,household,,,2022-01-01,2022-06-30,0.3647,EUR/kWh,EUR,,primary
nrg_pc_204:KWH2500-4999:X_VAT:EUR,DK,cost,household,,,2022-07-01,2022-12-31,0.4697,EUR/kWh,EUR,,primary
nrg_pc_204:KWH2500-4999:X_VAT:EUR,DK,cost,household,,,2023-01-01,2023-06-30,0.3049,EUR/kWh,EUR,,primary
nrg_pc_204:KWH2500-4999:X_VAT:EUR,DK,cost,household,,,2023-07-01,2023-12-31,0.2843,EUR/kWh,EUR,,primary
nrg_pc_204:KWH2500-4999:X_VAT:EUR,DK,cost,household,,,2024-01-01,2024-06-30,0.2966,EUR/kWh,EUR,,primary
nrg_pc_204:KWH2500-4999:X_VAT:EUR,DK,cost,household,,,2024-07-01,2024-12-31,0.3011,EUR/kWh,EUR,,primary
nrg_pc_204:KWH2500-4999:X_VAT:EUR,DK,cost,household,,,2025-01-01,2025-06-30,0.2788,EUR/kWh,EUR,,primary
nrg_pc_204:KWH2500-4999:X_VAT:EUR,DK,cost,household,,,2025-07-01,2025-12-31,0.265,EUR/kWh,EUR,,primary
nrg_pc_204:KWH2500-4999:X_VAT:EUR,EE,cost,household,,,2015-01-01,2015-06-30,0.1085,EUR/kWh,EUR,,primary
nrg_pc_204:KWH2500-4999:X_VAT:EUR,EE,cost,household,,,2015-07-01,2015-12-31,0.1085,EUR/kWh,EUR,,primary
nrg_pc_204:KWH2500-4999:X_VAT:EUR,EE,cost,household,,,2016-01-01,2016-06-30,0.1076,EUR/kWh,EUR,,primary
nrg_pc_204:KWH2500-4999:X_VAT:EUR,EE,cost,household,,,2016-07-01,2016-12-31,0.1101,EUR/kWh,EUR,,primary
nrg_pc_204:KWH2500-4999:X_VAT:EUR,EE,cost,household,,,2017-01-01,2017-06-30,0.1075,EUR/kWh,EUR,,primary
nrg_pc_204:KWH2500-4999:X_VAT:EUR,EE,cost,household,,,2017-07-01,2017-12-31,0.1099,EUR/kWh,EUR,,primary
nrg_pc_204:KWH2500-4999:X_VAT:EUR,EE,cost,household,,,2018-01-01,2018-06-30,0.1123,EUR/kWh,EUR,,primary
nrg_pc_204:KWH2500-4999:X_VAT:EUR,EE,cost,household,,,2018-07-01,2018-12-31,0.1182,EUR/kWh,EUR,,primary
nrg_pc_204:KWH2500-4999:X_VAT:EUR,EE,cost,household,,,2019-01-01,2019-06-30,0.1131,EUR/kWh,EUR,,primary
nrg_pc_204:KWH2500-4999:X_VAT:EUR,EE,cost,household,,,2019-07-01,2019-12-31,0.1176,EUR/kWh,EUR,,primary
nrg_pc_204:KWH2500-4999:X_VAT:EUR,EE,cost,household,,,2020-01-01,2020-06-30,0.103,EUR/kWh,EUR,,primary
nrg_pc_204:KWH2500-4999:X_VAT:EUR,EE,cost,household,,,2020-07-01,2020-12-31,0.1076,EUR/kWh,EUR,,primary
nrg_pc_204:KWH2500-4999:X_VAT:EUR,EE,cost,household,,,2021-01-01,2021-06-30,0.1103,EUR/kWh,EUR,,primary
nrg_pc_204:KWH2500-4999:X_VAT:EUR,EE,cost,household,,,2021-07-01,2021-12-31,0.1616,EUR/kWh,EUR,,primary
nrg_pc_204:KWH2500-4999:X_VAT:EUR,EE,cost,household,,,2022-01-01,2022-06-30,0.1713,EUR/kWh,EUR,,primary
nrg_pc_204:KWH2500-4999:X_VAT:EUR,EE,cost,household,,,2022-07-01,2022-12-31,0.2208,EUR/kWh,EUR,,primary
nrg_pc_204:KWH2500-4999:X_VAT:EUR,EE,cost,household,,,2023-01-01,2023-06-30,0.18,EUR/kWh,EUR,,primary
nrg_pc_204:KWH2500-4999:X_VAT:EUR,EE,cost,household,,,2023-07-01,2023-12-31,0.1949,EUR/kWh,EUR,,primary
nrg_pc_204:KWH2500-4999:X_VAT:EUR,EE,cost,household,,,2024-01-01,2024-06-30,0.1885,EUR/kWh,EUR,,primary
nrg_pc_204:KWH2500-4999:X_VAT:EUR,EE,cost,household,,,2024-07-01,2024-12-31,0.1815,EUR/kWh,EUR,,primary
nrg_pc_204:KWH2500-4999:X_VAT:EUR,EE,cost,household,,,2025-01-01,2025-06-30,0.1884,EUR/kWh,EUR,,primary
nrg_pc_204:KWH2500-4999:X_VAT:EUR,EE,cost,household,,,2025-07-01,2025-12-31,0.1858,EUR/kWh,EUR,,primary
nrg_pc_204:KWH2500-4999:X_VAT:EUR,EE,cost,household,,,2026-01-01,2026-06-30,0.173,EUR/kWh,EUR,,primary
nrg_pc_204:KWH2500-4999:X_VAT:EUR,EL,cost,household,,,2015-01-01,2015-06-30,0.1564,EUR/kWh,EUR,,primary
nrg_pc_204:KWH2500-4999:X_VAT:EUR,EL,cost,household,,,2015-07-01,2015-12-31,0.1567,EUR/kWh,EUR,,primary
nrg_pc_204:KWH2500-4999:X_VAT:EUR,EL,cost,household,,,2016-01-01,2016-06-30,0.152,EUR/kWh,EUR,,primary
nrg_pc_204:KWH2500-4999:X_VAT:EUR,EL,cost,household,,,2016-07-01,2016-12-31,0.1528,EUR/kWh,EUR,,primary
nrg_pc_204:KWH2500-4999:X_VAT:EUR,EL,cost,household,,,2017-01-01,2017-06-30,0.1514,EUR/kWh,EUR,,primary
nrg_pc_204:KWH2500-4999:X_VAT:EUR,EL,cost,household,,,2017-07-01,2017-12-31,0.146,EUR/kWh,EUR,,primary
nrg_pc_204:KWH2500-4999:X_VAT:EUR,EL,cost,household,,,2018-01-01,2018-06-30,0.1482,EUR/kWh,EUR,,primary
nrg_pc_204:KWH2500-4999:X_VAT:EUR,EL,cost,household,,,2018-07-01,2018-12-31,0.1458,EUR/kWh,EUR,,primary
nrg_pc_204:KWH2500-4999:X_VAT:EUR,EL,cost,household,,,2019-01-01,2019-06-30,0.1433,EUR/kWh,EUR,,primary
nrg_pc_204:KWH2500-4999:X_VAT:EUR,EL,cost,household,,,2019-07-01,2019-12-31,0.1463,EUR/kWh,EUR,,primary
nrg_pc_204:KWH2500-4999:X_VAT:EUR,EL,cost,household,,,2020-01-01,2020-06-30,0.158,EUR/kWh,EUR,,primary
nrg_pc_204:KWH2500-4999:X_VAT:EUR,EL,cost,household,,,2020-07-01,2020-12-31,0.1549,EUR/kWh,EUR,,primary
nrg_pc_204:KWH2500-4999:X_VAT:EUR,EL,cost,household,,,2021-01-01,2021-06-30,0.1585,EUR/kWh,EUR,,primary
nrg_pc_204:KWH2500-4999:X_VAT:EUR,EL,cost,household,,,2021-07-01,2021-12-31,0.1864,EUR/kWh,EUR,,primary
nrg_pc_204:KWH2500-4999:X_VAT:EUR,EL,cost,household,,,2022-01-01,2022-06-30,0.1982,EUR/kWh,EUR,,primary
nrg_pc_204:KWH2500-4999:X_VAT:EUR,EL,cost,household,,,2022-07-01,2022-12-31,0.2304,EUR/kWh,EUR,,primary
nrg_pc_204:KWH2500-4999:X_VAT:EUR,EL,cost,household,,,2023-01-01,2023-06-30,0.2195,EUR/kWh,EUR,,primary
nrg_pc_204:KWH2500-4999:X_VAT:EUR,EL,cost,household,,,2023-07-01,2023-12-31,0.2179,EUR/kWh,EUR,,primary
nrg_pc_204:KWH2500-4999:X_VAT:EUR,EL,cost,household,,,2024-01-01,2024-06-30,0.2094,EUR/kWh,EUR,,primary
nrg_pc_204:KWH2500-4999:X_VAT:EUR,EL,cost,household,,,2024-07-01,2024-12-31,0.2181,EUR/kWh,EUR,,primary
nrg_pc_204:KWH2500-4999:X_VAT:EUR,EL,cost,household,,,2025-01-01,2025-06-30,0.2172,EUR/kWh,EUR,,primary
nrg_pc_204:KWH2500-4999:X_VAT:EUR,EL,cost,household,,,2025-07-01,2025-12-31,0.2247,EUR/kWh,EUR,,primary
nrg_pc_204:KWH2500-4999:X_VAT:EUR,EL,cost,household,,,2026-01-01,2026-06-30,0.2266,EUR/kWh,EUR,,primary
nrg_pc_204:KWH2500-4999:X_VAT:EUR,ES,cost,household,,,2015-01-01,2015-06-30,0.1908,EUR/kWh,EUR,,primary
nrg_pc_204:KWH2500-4999:X_VAT:EUR,ES,cost,household,,,2015-07-01,2015-12-31,0.1959,EUR/kWh,EUR,,primary
nrg_pc_204:KWH2500-4999:X_VAT:EUR,ES,cost,household,,,2016-01-01,2016-06-30,0.1806,EUR/kWh,EUR,,primary
nrg_pc_204:KWH2500-4999:X_VAT:EUR,ES,cost,household,,,2016-07-01,2016-12-31,0.1887,EUR/kWh,EUR,,primary
nrg_pc_204:KWH2500-4999:X_VAT:EUR,ES,cost,household,,,2017-01-01,2017-06-30,0.1898,EUR/kWh,EUR,,primary
nrg_pc_204:KWH2500-4999:X_VAT:EUR,ES,cost,household,,,2017-07-01,2017-12-31,0.1799,EUR/kWh,EUR,,primary
nrg_pc_204:KWH2500-4999:X_VAT:EUR,ES,cost,household,,,2018-01-01,2018-06-30,0.1969,EUR/kWh,EUR,,primary
nrg_pc_204:KWH2500-4999:X_VAT:EUR,ES,cost,household,,,2018-07-01,2018-12-31,0.2047,EUR/kWh,EUR,,primary
nrg_pc_204:KWH2500-4999:X_VAT:EUR,ES,cost,household,,,2019-01-01,2019-06-30,0.1986,EUR/kWh,EUR,,primary
nrg_pc_204:KWH2500-4999:X_VAT:EUR,ES,cost,household,,,2019-07-01,2019-12-31,0.1978,EUR/kWh,EUR,,primary
nrg_pc_204:KWH2500-4999:X_VAT:EUR,ES,cost,household,,,2020-01-01,2020-06-30,0.1851,EUR/kWh,EUR,,primary
nrg_pc_204:KWH2500-4999:X_VAT:EUR,ES,cost,household,,,2020-07-01,2020-12-31,0.1899,EUR/kWh,EUR,,primary
nrg_pc_204:KWH2500-4999:X_VAT:EUR,ES,cost,household,,,2021-01-01,2021-06-30,0.192,EUR/kWh,EUR,,primary
nrg_pc_204:KWH2500-4999:X_VAT:EUR,ES,cost,household,,,2021-07-01,2021-12-31,0.2517,EUR/kWh,EUR,,primary
nrg_pc_204:KWH2500-4999:X_VAT:EUR,ES,cost,household,,,2022-01-01,2022-06-30,0.2822,EUR/kWh,EUR,,primary
nrg_pc_204:KWH2500-4999:X_VAT:EUR,ES,cost,household,,,2022-07-01,2022-12-31,0.3189,EUR/kWh,EUR,,primary
nrg_pc_204:KWH2500-4999:X_VAT:EUR,ES,cost,household,,,2023-01-01,2023-06-30,0.2328,EUR/kWh,EUR,,primary
nrg_pc_204:KWH2500-4999:X_VAT:EUR,ES,cost,household,,,2023-07-01,2023-12-31,0.2228,EUR/kWh,EUR,,primary
nrg_pc_204:KWH2500-4999:X_VAT:EUR,ES,cost,household,,,2024-01-01,2024-06-30,0.2127,EUR/kWh,EUR,,primary
nrg_pc_204:KWH2500-4999:X_VAT:EUR,ES,cost,household,,,2024-07-01,2024-12-31,0.2196,EUR/kWh,EUR,,primary
nrg_pc_204:KWH2500-4999:X_VAT:EUR,ES,cost,household,,,2025-01-01,2025-06-30,0.2176,EUR/kWh,EUR,,primary
nrg_pc_204:KWH2500-4999:X_VAT:EUR,ES,cost,household,,,2025-07-01,2025-12-31,0.2223,EUR/kWh,EUR,,primary
nrg_pc_204:KWH2500-4999:X_VAT:EUR,ES,cost,household,,,2026-01-01,2026-06-30,0.2153,EUR/kWh,EUR,,primary
nrg_pc_204:KWH2500-4999:X_VAT:EUR,EU,cost,household,,,2015-01-01,2015-06-30,0.1762,EUR/kWh,EUR,,primary
nrg_pc_204:KWH2500-4999:X_VAT:EUR,EU,cost,household,,,2015-07-01,2015-12-31,0.1764,EUR/kWh,EUR,,primary
nrg_pc_204:KWH2500-4999:X_VAT:EUR,EU,cost,household,,,2016-01-01,2016-06-30,0.1728,EUR/kWh,EUR,,primary
nrg_pc_204:KWH2500-4999:X_VAT:EUR,EU,cost,household,,,2016-07-01,2016-12-31,0.1744,EUR/kWh,EUR,,primary
nrg_pc_204:KWH2500-4999:X_VAT:EUR,EU,cost,household,,,2017-01-01,2017-06-30,0.1761,EUR/kWh,EUR,,primary
nrg_pc_204:KWH2500-4999:X_VAT:EUR,EU,cost,household,,,2017-07-01,2017-12-31,0.1763,EUR/kWh,EUR,,primary
nrg_pc_204:KWH2500-4999:X_VAT:EUR,EU,cost,household,,,2018-01-01,2018-06-30,0.1772,EUR/kWh,EUR,,primary
nrg_pc_204:KWH2500-4999:X_VAT:EUR,EU,cost,household,,,2018-07-01,2018-12-31,0.1814,EUR/kWh,EUR,,primary
nrg_pc_204:KWH2500-4999:X_VAT:EUR,EU,cost,household,,,2019-01-01,2019-06-30,0.183,EUR/kWh,EUR,,primary
nrg_pc_204:KWH2500-4999:X_VAT:EUR,EU,cost,household,,,2019-07-01,2019-12-31,0.1833,EUR/kWh,EUR,,primary
nrg_pc_204:KWH2500-4999:X_VAT:EUR,EU,cost,household,,,2020-01-01,2020-06-30,0.181,EUR/kWh,EUR,,primary
nrg_pc_204:KWH2500-4999:X_VAT:EUR,EU,cost,household,,,2020-07-01,2020-12-31,0.1832,EUR/kWh,EUR,,primary
nrg_pc_204:KWH2500-4999:X_VAT:EUR,EU,cost,household,,,2021-01-01,2021-06-30,0.1864,EUR/kWh,EUR,,primary
nrg_pc_204:KWH2500-4999:X_VAT:EUR,EU,cost,household,,,2021-07-01,2021-12-31,0.2069,EUR/kWh,EUR,,primary
nrg_pc_204:KWH2500-4999:X_VAT:EUR,EU,cost,household,,,2022-01-01,2022-06-30,0.2149,EUR/kWh,EUR,,primary
nrg_pc_204:KWH2500-4999:X_VAT:EUR,EU,cost,household,,,2022-07-01,2022-12-31,0.2409,EUR/kWh,EUR,,primary
nrg_pc_204:KWH2500-4999:X_VAT:EUR,EU,cost,household,,,2023-01-01,2023-06-30,0.2496,EUR/kWh,EUR,,primary
nrg_pc_204:KWH2500-4999:X_VAT:EUR,EU,cost,household,,,2023-07-01,2023-12-31,0.246,EUR/kWh,EUR,,primary
nrg_pc_204:KWH2500-4999:X_VAT:EUR,EU,cost,household,,,2024-01-01,2024-06-30,0.2496,EUR/kWh,EUR,,primary
nrg_pc_204:KWH2500-4999:X_VAT:EUR,EU,cost,household,,,2024-07-01,2024-12-31,0.248,EUR/kWh,EUR,,primary
nrg_pc_204:KWH2500-4999:X_VAT:EUR,EU,cost,household,,,2025-01-01,2025-06-30,0.2448,EUR/kWh,EUR,,primary
nrg_pc_204:KWH2500-4999:X_VAT:EUR,EU,cost,household,,,2025-07-01,2025-12-31,0.2456,EUR/kWh,EUR,,primary
nrg_pc_204:KWH2500-4999:X_VAT:EUR,FI,cost,household,,,2015-01-01,2015-06-30,0.1252,EUR/kWh,EUR,,primary
nrg_pc_204:KWH2500-4999:X_VAT:EUR,FI,cost,household,,,2015-07-01,2015-12-31,0.1234,EUR/kWh,EUR,,primary
nrg_pc_204:KWH2500-4999:X_VAT:EUR,FI,cost,household,,,2016-01-01,2016-06-30,0.1242,EUR/kWh,EUR,,primary
nrg_pc_204:KWH2500-4999:X_VAT:EUR,FI,cost,household,,,2016-07-01,2016-12-31,0.1246,EUR/kWh,EUR,,primary
nrg_pc_204:KWH2500-4999:X_VAT:EUR,FI,cost,household,,,2017-01-01,2017-06-30,0.1275,EUR/kWh,EUR,,primary
nrg_pc_204:KWH2500-4999:X_VAT:EUR,FI,cost,household,,,2017-07-01,2017-12-31,0.1289,EUR/kWh,EUR,,primary
nrg_pc_204:KWH2500-4999:X_VAT:EUR,FI,cost,household,,,2018-01-01,2018-06-30,0.13,EUR/kWh,EUR,,primary
nrg_pc_204:KWH2500-4999:X_VAT:EUR,FI,cost,household,,,2018-07-01,2018-12-31,0.1369,EUR/kWh,EUR,,primary
nrg_pc_204:KWH2500-4999:X_VAT:EUR,FI,cost,household,,,2019-01-01,2019-06-30,0.1398,EUR/kWh,EUR,,primary
nrg_pc_204:KWH2500-4999:X_VAT:EUR,FI,cost,household,,,2019-07-01,2019-12-31,0.1438,EUR/kWh,EUR,,primary
nrg_pc_204:KWH2500-4999:X_VAT:EUR,FI,cost,household,,,2020-01-01,2020-06-30,0.1403,EUR/kWh,EUR,,primary
nrg_pc_204:KWH2500-4999:X_VAT:EUR,FI,cost,household,,,2020-07-01,2020-12-31,0.143,EUR/kWh,EUR,,primary
nrg_pc_204:KWH2500-4999:X_VAT:EUR,FI,cost,household,,,2021-01-01,2021-06-30,0.1425,EUR/kWh,EUR,,primary
nrg_pc_204:KWH2500-4999:X_VAT:EUR,FI,cost,household,,,2021-07-01,2021-12-31,0.1484,EUR/kWh,EUR,,primary
nrg_pc_204:KWH2500-4999:X_VAT:EUR,FI,cost,household,,,2022-01-01,2022-06-30,0.156,EUR/kWh,EUR,,primary
nrg_pc_204:KWH2500-4999:X_VAT:EUR,FI,cost,household,,,2022-07-01,2022-12-31,0.2031,EUR/kWh,EUR,e,primary
nrg_pc_204:KWH2500-4999:X_VAT:EUR,FI,cost,household,,,2023-01-01,2023-06-30,0.2159,EUR/kWh,EUR,,primary
nrg_pc_204:KWH2500-4999:X_VAT:EUR,FI,cost,household,,,2023-07-01,2023-12-31,0.1938,EUR/kWh,EUR,,primary
nrg_pc_204:KWH2500-4999:X_VAT:EUR,FI,cost,household,,,2024-01-01,2024-06-30,0.2007,EUR/kWh,EUR,,primary
nrg_pc_204:KWH2500-4999:X_VAT:EUR,FI,cost,household,,,2024-07-01,2024-12-31,0.1854,EUR/kWh,EUR,,primary
nrg_pc_204:KWH2500-4999:X_VAT:EUR,FI,cost,household,,,2025-01-01,2025-06-30,0.1813,EUR/kWh,EUR,,primary
nrg_pc_204:KWH2500-4999:X_VAT:EUR,FI,cost,household,,,2025-07-01,2025-12-31,0.1796,EUR/kWh,EUR,,primary
nrg_pc_204:KWH2500-4999:X_VAT:EUR,FI,cost,household,,,2026-01-01,2026-06-30,0.2147,EUR/kWh,EUR,,primary
nrg_pc_204:KWH2500-4999:X_VAT:EUR,FR,cost,household,,,2015-01-01,2015-06-30,0.1428,EUR/kWh,EUR,,primary
nrg_pc_204:KWH2500-4999:X_VAT:EUR,FR,cost,household,,,2015-07-01,2015-12-31,0.1434,EUR/kWh,EUR,,primary
nrg_pc_204:KWH2500-4999:X_VAT:EUR,FR,cost,household,,,2016-01-01,2016-06-30,0.1437,EUR/kWh,EUR,,primary
nrg_pc_204:KWH2500-4999:X_VAT:EUR,FR,cost,household,,,2016-07-01,2016-12-31,0.1459,EUR/kWh,EUR,,primary
nrg_pc_204:KWH2500-4999:X_VAT:EUR,FR,cost,household,,,2017-01-01,2017-06-30,0.1453,EUR/kWh,EUR,,primary
nrg_pc_204:KWH2500-4999:X_VAT:EUR,FR,cost,household,,,2017-07-01,2017-12-31,0.1498,EUR/kWh,EUR,,primary
nrg_pc_204:KWH2500-4999:X_VAT:EUR,FR,cost,household,,,2018-01-01,2018-06-30,0.1492,EUR/kWh,EUR,,primary
nrg_pc_204:KWH2500-4999:X_VAT:EUR,FR,cost,household,,,2018-07-01,2018-12-31,0.1537,EUR/kWh,EUR,,primary
nrg_pc_204:KWH2500-4999:X_VAT:EUR,FR,cost,household,,,2019-01-01,2019-06-30,0.152,EUR/kWh,EUR,,primary
nrg_pc_204:KWH2500-4999:X_VAT:EUR,FR,cost,household,,,2019-07-01,2019-12-31,0.1638,EUR/kWh,EUR,,primary
nrg_pc_204:KWH2500-4999:X_VAT:EUR,FR,cost,household,,,2020-01-01,2020-06-30,0.1618,EUR/kWh,EUR,,primary
nrg_pc_204:KWH2500-4999:X_VAT:EUR,FR,cost,household,,,2020-07-01,2020-12-31,0.1675,EUR/kWh,EUR,,primary
nrg_pc_204:KWH2500-4999:X_VAT:EUR,FR,cost,household,,,2021-01-01,2021-06-30,0.1669,EUR/kWh,EUR,,primary
nrg_pc_204:KWH2500-4999:X_VAT:EUR,FR,cost,household,,,2021-07-01,2021-12-31,0.1738,EUR/kWh,EUR,,primary
nrg_pc_204:KWH2500-4999:X_VAT:EUR,FR,cost,household,,,2022-01-01,2022-06-30,0.1793,EUR/kWh,EUR,,primary
nrg_pc_204:KWH2500-4999:X_VAT:EUR,FR,cost,household,,,2022-07-01,2022-12-31,0.1899,EUR/kWh,EUR,,primary
nrg_pc_204:KWH2500-4999:X_VAT:EUR,FR,cost,household,,,2023-01-01,2023-06-30,0.1971,EUR/kWh,EUR,,primary
nrg_pc_204:KWH2500-4999:X_VAT:EUR,FR,cost,household,,,2023-07-01,2023-12-31,0.2228,EUR/kWh,EUR,,primary
nrg_pc_204:KWH2500-4999:X_VAT:EUR,FR,cost,household,,,2024-01-01,2024-06-30,0.2438,EUR/kWh,EUR,,primary
nrg_pc_204:KWH2500-4999:X_VAT:EUR,FR,cost,household,,,2024-07-01,2024-12-31,0.2504,EUR/kWh,EUR,,primary
nrg_pc_204:KWH2500-4999:X_VAT:EUR,FR,cost,household,,,2025-01-01,2025-06-30,0.2272,EUR/kWh,EUR,,primary
nrg_pc_204:KWH2500-4999:X_VAT:EUR,FR,cost,household,,,2025-07-01,2025-12-31,0.2158,EUR/kWh,EUR,,primary
nrg_pc_204:KWH2500-4999:X_VAT:EUR,FR,cost,household,,,2026-01-01,2026-06-30,0.2089,EUR/kWh,EUR,,primary
nrg_pc_204:KWH2500-4999:X_VAT:EUR,HR,cost,household,,,2015-01-01,2015-06-30,0.1053,EUR/kWh,EUR,,primary
nrg_pc_204:KWH2500-4999:X_VAT:EUR,HR,cost,household,,,2015-07-01,2015-12-31,0.105,EUR/kWh,EUR,,primary
nrg_pc_204:KWH2500-4999:X_VAT:EUR,HR,cost,household,,,2016-01-01,2016-06-30,0.1049,EUR/kWh,EUR,,primary
nrg_pc_204:KWH2500-4999:X_VAT:EUR,HR,cost,household,,,2016-07-01,2016-12-31,0.1065,EUR/kWh,EUR,,primary
nrg_pc_204:KWH2500-4999:X_VAT:EUR,HR,cost,household,,,2017-01-01,2017-06-30,0.1058,EUR/kWh,EUR,,primary
nrg_pc_204:KWH2500-4999:X_VAT:EUR,HR,cost,household,,,2017-07-01,2017-12-31,0.1094,EUR/kWh,EUR,,primary
nrg_pc_204:KWH2500-4999:X_VAT:EUR,HR,cost,household,,,2018-01-01,2018-06-30,0.116,EUR/kWh,EUR,,primary
nrg_pc_204:KWH2500-4999:X_VAT:EUR,HR,cost,household,,,2018-07-01,2018-12-31,0.1169,EUR/kWh,EUR,,primary
nrg_pc_204:KWH2500-4999:X_VAT:EUR,HR,cost,household,,,2019-01-01,2019-06-30,0.1169,EUR/kWh,EUR,,primary
nrg_pc_204:KWH2500-4999:X_VAT:EUR,HR,cost,household,,,2019-07-01,2019-12-31,0.1172,EUR/kWh,EUR,,primary
nrg_pc_204:KWH2500-4999:X_VAT:EUR,HR,cost,household,,,2020-01-01,2020-06-30,0.1151,EUR/kWh,EUR,,primary
nrg_pc_204:KWH2500-4999:X_VAT:EUR,HR,cost,household,,,2020-07-01,2020-12-31,0.1157,EUR/kWh,EUR,,primary
nrg_pc_204:KWH2500-4999:X_VAT:EUR,HR,cost,household,,,2021-01-01,2021-06-30,0.1142,EUR/kWh,EUR,,primary
nrg_pc_204:KWH2500-4999:X_VAT:EUR,HR,cost,household,,,2021-07-01,2021-12-31,0.1162,EUR/kWh,EUR,,primary
nrg_pc_204:KWH2500-4999:X_VAT:EUR,HR,cost,household,,,2022-01-01,2022-06-30,0.12,EUR/kWh,EUR,,primary
nrg_pc_204:KWH2500-4999:X_VAT:EUR,HR,cost,household,,,2022-07-01,2022-12-31,0.1309,EUR/kWh,EUR,,primary
nrg_pc_204:KWH2500-4999:X_VAT:EUR,HR,cost,household,,,2023-01-01,2023-06-30,0.131,EUR/kWh,EUR,,primary
nrg_pc_204:KWH2500-4999:X_VAT:EUR,HR,cost,household,,,2023-07-01,2023-12-31,0.131,EUR/kWh,EUR,,primary
nrg_pc_204:KWH2500-4999:X_VAT:EUR,HR,cost,household,,,2024-01-01,2024-06-30,0.1303,EUR/kWh,EUR,,primary
nrg_pc_204:KWH2500-4999:X_VAT:EUR,HR,cost,household,,,2024-07-01,2024-12-31,0.1312,EUR/kWh,EUR,,primary
nrg_pc_204:KWH2500-4999:X_VAT:EUR,HR,cost,household,,,2025-01-01,2025-06-30,0.1432,EUR/kWh,EUR,,primary
nrg_pc_204:KWH2500-4999:X_VAT:EUR,HR,cost,household,,,2025-07-01,2025-12-31,0.1462,EUR/kWh,EUR,,primary
nrg_pc_204:KWH2500-4999:X_VAT:EUR,HR,cost,household,,,2026-01-01,2026-06-30,0.1607,EUR/kWh,EUR,,primary
nrg_pc_204:KWH2500-4999:X_VAT:EUR,HU,cost,household,,,2015-01-01,2015-06-30,0.0887,EUR/kWh,EUR,,primary
nrg_pc_204:KWH2500-4999:X_VAT:EUR,HU,cost,household,,,2015-07-01,2015-12-31,0.0902,EUR/kWh,EUR,,primary
nrg_pc_204:KWH2500-4999:X_VAT:EUR,HU,cost,household,,,2016-01-01,2016-06-30,0.0877,EUR/kWh,EUR,,primary
nrg_pc_204:KWH2500-4999:X_VAT:EUR,HU,cost,household,,,2016-07-01,2016-12-31,0.0886,EUR/kWh,EUR,,primary
nrg_pc_204:KWH2500-4999:X_VAT:EUR,HU,cost,household,,,2017-01-01,2017-06-30,0.0886,EUR/kWh,EUR,,primary
nrg_pc_204:KWH2500-4999:X_VAT:EUR,HU,cost,household,,,2017-07-01,2017-12-31,0.0893,EUR/kWh,EUR,,primary
nrg_pc_204:KWH2500-4999:X_VAT:EUR,HU,cost,household,,,2018-01-01,2018-06-30,0.0885,EUR/kWh,EUR,,primary
nrg_pc_204:KWH2500-4999:X_VAT:EUR,HU,cost,household,,,2018-07-01,2018-12-31,0.088,EUR/kWh,EUR,,primary
nrg_pc_204:KWH2500-4999:X_VAT:EUR,HU,cost,household,,,2019-01-01,2019-06-30,0.0882,EUR/kWh,EUR,,primary
nrg_pc_204:KWH2500-4999:X_VAT:EUR,HU,cost,household,,,2019-07-01,2019-12-31,0.0864,EUR/kWh,EUR,,primary
nrg_pc_204:KWH2500-4999:X_VAT:EUR,HU,cost,household,,,2020-01-01,2020-06-30,0.0812,EUR/kWh,EUR,,primary
nrg_pc_204:KWH2500-4999:X_VAT:EUR,HU,cost,household,,,2020-07-01,2020-12-31,0.0794,EUR/kWh,EUR,,primary
nrg_pc_204:KWH2500-4999:X_VAT:EUR,HU,cost,household,,,2021-01-01,2021-06-30,0.0795,EUR/kWh,EUR,,primary
nrg_pc_204:KWH2500-4999:X_VAT:EUR,HU,cost,household,,,2021-07-01,2021-12-31,0.079,EUR/kWh,EUR,,primary
nrg_pc_204:KWH2500-4999:X_VAT:EUR,HU,cost,household,,,2022-01-01,2022-06-30,0.0746,EUR/kWh,EUR,,primary
nrg_pc_204:KWH2500-4999:X_VAT:EUR,HU,cost,household,,,2022-07-01,2022-12-31,0.0853,EUR/kWh,EUR,,primary
nrg_pc_204:KWH2500-4999:X_VAT:EUR,HU,cost,household,,,2023-01-01,2023-06-30,0.0911,EUR/kWh,EUR,,primary
nrg_pc_204:KWH2500-4999:X_VAT:EUR,HU,cost,household,,,2023-07-01,2023-12-31,0.0891,EUR/kWh,EUR,,primary
nrg_pc_204:KWH2500-4999:X_VAT:EUR,HU,cost,household,,,2024-01-01,2024-06-30,0.0861,EUR/kWh,EUR,,primary
nrg_pc_204:KWH2500-4999:X_VAT:EUR,HU,cost,household,,,2024-07-01,2024-12-31,0.0812,EUR/kWh,EUR,,primary
nrg_pc_204:KWH2500-4999:X_VAT:EUR,HU,cost,household,,,2025-01-01,2025-06-30,0.0819,EUR/kWh,EUR,,primary
nrg_pc_204:KWH2500-4999:X_VAT:EUR,HU,cost,household,,,2025-07-01,2025-12-31,0.0852,EUR/kWh,EUR,,primary
nrg_pc_204:KWH2500-4999:X_VAT:EUR,HU,cost,household,,,2026-01-01,2026-06-30,0.0897,EUR/kWh,EUR,,primary
nrg_pc_204:KWH2500-4999:X_VAT:EUR,IE,cost,household,,,2015-01-01,2015-06-30,0.2137,EUR/kWh,EUR,,primary
nrg_pc_204:KWH2500-4999:X_VAT:EUR,IE,cost,household,,,2015-07-01,2015-12-31,0.2162,EUR/kWh,EUR,,primary
nrg_pc_204:KWH2500-4999:X_VAT:EUR,IE,cost,household,,,2016-01-01,2016-06-30,0.2044,EUR/kWh,EUR,,primary
nrg_pc_204:KWH2500-4999:X_VAT:EUR,IE,cost,household,,,2016-07-01,2016-12-31,0.206,EUR/kWh,EUR,,primary
nrg_pc_204:KWH2500-4999:X_VAT:EUR,IE,cost,household,,,2017-01-01,2017-06-30,0.2031,EUR/kWh,EUR,,primary
nrg_pc_204:KWH2500-4999:X_VAT:EUR,IE,cost,household,,,2017-07-01,2017-12-31,0.2075,EUR/kWh,EUR,,primary
nrg_pc_204:KWH2500-4999:X_VAT:EUR,IE,cost,household,,,2018-01-01,2018-06-30,0.2087,EUR/kWh,EUR,,primary
nrg_pc_204:KWH2500-4999:X_VAT:EUR,IE,cost,household,,,2018-07-01,2018-12-31,0.2237,EUR/kWh,EUR,,primary
nrg_pc_204:KWH2500-4999:X_VAT:EUR,IE,cost,household,,,2019-01-01,2019-06-30,0.2135,EUR/kWh,EUR,,primary
nrg_pc_204:KWH2500-4999:X_VAT:EUR,IE,cost,household,,,2019-07-01,2019-12-31,0.2244,EUR/kWh,EUR,,primary
nrg_pc_204:KWH2500-4999:X_VAT:EUR,IE,cost,household,,,2020-01-01,2020-06-30,0.2122,EUR/kWh,EUR,,primary
nrg_pc_204:KWH2500-4999:X_VAT:EUR,IE,cost,household,,,2020-07-01,2020-12-31,0.2305,EUR/kWh,EUR,,primary
nrg_pc_204:KWH2500-4999:X_VAT:EUR,IE,cost,household,,,2021-01-01,2021-06-30,0.2245,EUR/kWh,EUR,,primary
nrg_pc_204:KWH2500-4999:X_VAT:EUR,IE,cost,household,,,2021-07-01,2021-12-31,0.2622,EUR/kWh,EUR,,primary
nrg_pc_204:KWH2500-4999:X_VAT:EUR,IE,cost,household,,,2022-01-01,2022-06-30,0.21,EUR/kWh,EUR,,primary
nrg_pc_204:KWH2500-4999:X_VAT:EUR,IE,cost,household,,,2022-07-01,2022-12-31,0.2961,EUR/kWh,EUR,,primary
nrg_pc_204:KWH2500-4999:X_VAT:EUR,IE,cost,household,,,2023-01-01,2023-06-30,0.2509,EUR/kWh,EUR,,primary
nrg_pc_204:KWH2500-4999:X_VAT:EUR,IE,cost,household,,,2023-07-01,2023-12-31,0.348,EUR/kWh,EUR,,primary
nrg_pc_204:KWH2500-4999:X_VAT:EUR,IE,cost,household,,,2024-01-01,2024-06-30,0.2378,EUR/kWh,EUR,,primary
nrg_pc_204:KWH2500-4999:X_VAT:EUR,IE,cost,household,,,2024-07-01,2024-12-31,0.2794,EUR/kWh,EUR,,primary
nrg_pc_204:KWH2500-4999:X_VAT:EUR,IE,cost,household,,,2025-01-01,2025-06-30,0.2964,EUR/kWh,EUR,,primary
nrg_pc_204:KWH2500-4999:X_VAT:EUR,IE,cost,household,,,2025-07-01,2025-12-31,0.3709,EUR/kWh,EUR,,primary
nrg_pc_204:KWH2500-4999:X_VAT:EUR,IT,cost,household,,,2015-01-01,2015-06-30,0.2227,EUR/kWh,EUR,,primary
nrg_pc_204:KWH2500-4999:X_VAT:EUR,IT,cost,household,,,2015-07-01,2015-12-31,0.2207,EUR/kWh,EUR,,primary
nrg_pc_204:KWH2500-4999:X_VAT:EUR,IT,cost,household,,,2016-01-01,2016-06-30,0.2129,EUR/kWh,EUR,,primary
nrg_pc_204:KWH2500-4999:X_VAT:EUR,IT,cost,household,,,2016-07-01,2016-12-31,0.2056,EUR/kWh,EUR,,primary
nrg_pc_204:KWH2500-4999:X_VAT:EUR,IT,cost,household,,,2017-01-01,2017-06-30,0.1934,EUR/kWh,EUR,,primary
nrg_pc_204:KWH2500-4999:X_VAT:EUR,IT,cost,household,,,2017-07-01,2017-12-31,0.189,EUR/kWh,EUR,,primary
nrg_pc_204:KWH2500-4999:X_VAT:EUR,IT,cost,household,,,2018-01-01,2018-06-30,0.1873,EUR/kWh,EUR,,primary
nrg_pc_204:KWH2500-4999:X_VAT:EUR,IT,cost,household,,,2018-07-01,2018-12-31,0.1964,EUR/kWh,EUR,,primary
nrg_pc_204:KWH2500-4999:X_VAT:EUR,IT,cost,household,,,2019-01-01,2019-06-30,0.209,EUR/kWh,EUR,,primary
nrg_pc_204:KWH2500-4999:X_VAT:EUR,IT,cost,household,,,2019-07-01,2019-12-31,0.2127,EUR/kWh,EUR,,primary
nrg_pc_204:KWH2500-4999:X_VAT:EUR,IT,cost,household,,,2020-01-01,2020-06-30,0.2023,EUR/kWh,EUR,,primary
nrg_pc_204:KWH2500-4999:X_VAT:EUR,IT,cost,household,,,2020-07-01,2020-12-31,0.1956,EUR/kWh,EUR,,primary
nrg_pc_204:KWH2500-4999:X_VAT:EUR,IT,cost,household,,,2021-01-01,2021-06-30,0.2053,EUR/kWh,EUR,,primary
nrg_pc_204:KWH2500-4999:X_VAT:EUR,IT,cost,household,,,2021-07-01,2021-12-31,0.2147,EUR/kWh,EUR,,primary
nrg_pc_204:KWH2500-4999:X_VAT:EUR,IT,cost,household,,,2022-01-01,2022-06-30,0.2835,EUR/kWh,EUR,,primary
nrg_pc_204:KWH2500-4999:X_VAT:EUR,IT,cost,household,,,2022-07-01,2022-12-31,0.3338,EUR/kWh,EUR,,primary
nrg_pc_204:KWH2500-4999:X_VAT:EUR,IT,cost,household,,,2023-01-01,2023-06-30,0.3467,EUR/kWh,EUR,,primary
nrg_pc_204:KWH2500-4999:X_VAT:EUR,IT,cost,household,,,2023-07-01,2023-12-31,0.3045,EUR/kWh,EUR,,primary
nrg_pc_204:KWH2500-4999:X_VAT:EUR,IT,cost,household,,,2024-01-01,2024-06-30,0.2981,EUR/kWh,EUR,,primary
nrg_pc_204:KWH2500-4999:X_VAT:EUR,IT,cost,household,,,2024-07-01,2024-12-31,0.2809,EUR/kWh,EUR,,primary
nrg_pc_204:KWH2500-4999:X_VAT:EUR,IT,cost,household,,,2025-01-01,2025-06-30,0.2989,EUR/kWh,EUR,,primary
nrg_pc_204:KWH2500-4999:X_VAT:EUR,IT,cost,household,,,2025-07-01,2025-12-31,0.2693,EUR/kWh,EUR,,primary
nrg_pc_204:KWH2500-4999:X_VAT:EUR,LT,cost,household,,,2015-01-01,2015-06-30,0.1038,EUR/kWh,EUR,,primary
nrg_pc_204:KWH2500-4999:X_VAT:EUR,LT,cost,household,,,2015-07-01,2015-12-31,0.1027,EUR/kWh,EUR,,primary
nrg_pc_204:KWH2500-4999:X_VAT:EUR,LT,cost,household,,,2016-01-01,2016-06-30,0.1017,EUR/kWh,EUR,,primary
nrg_pc_204:KWH2500-4999:X_VAT:EUR,LT,cost,household,,,2016-07-01,2016-12-31,0.0968,EUR/kWh,EUR,,primary
nrg_pc_204:KWH2500-4999:X_VAT:EUR,LT,cost,household,,,2017-01-01,2017-06-30,0.0922,EUR/kWh,EUR,,primary
nrg_pc_204:KWH2500-4999:X_VAT:EUR,LT,cost,household,,,2017-07-01,2017-12-31,0.0915,EUR/kWh,EUR,,primary
nrg_pc_204:KWH2500-4999:X_VAT:EUR,LT,cost,household,,,2018-01-01,2018-06-30,0.0906,EUR/kWh,EUR,,primary
nrg_pc_204:KWH2500-4999:X_VAT:EUR,LT,cost,household,,,2018-07-01,2018-12-31,0.0906,EUR/kWh,EUR,,primary
nrg_pc_204:KWH2500-4999:X_VAT:EUR,LT,cost,household,,,2019-01-01,2019-06-30,0.1037,EUR/kWh,EUR,,primary
nrg_pc_204:KWH2500-4999:X_VAT:EUR,LT,cost,household,,,2019-07-01,2019-12-31,0.1037,EUR/kWh,EUR,,primary
nrg_pc_204:KWH2500-4999:X_VAT:EUR,LT,cost,household,,,2020-01-01,2020-06-30,0.1179,EUR/kWh,EUR,,primary
nrg_pc_204:KWH2500-4999:X_VAT:EUR,LT,cost,household,,,2020-07-01,2020-12-31,0.1092,EUR/kWh,EUR,,primary
nrg_pc_204:KWH2500-4999:X_VAT:EUR,LT,cost,household,,,2021-01-01,2021-06-30,0.1114,EUR/kWh,EUR,,primary
nrg_pc_204:KWH2500-4999:X_VAT:EUR,LT,cost,household,,,2021-07-01,2021-12-31,0.1221,EUR/kWh,EUR,,primary
nrg_pc_204:KWH2500-4999:X_VAT:EUR,LT,cost,household,,,2022-01-01,2022-06-30,0.1237,EUR/kWh,EUR,,primary
nrg_pc_204:KWH2500-4999:X_VAT:EUR,LT,cost,household,,,2022-07-01,2022-12-31,0.2007,EUR/kWh,EUR,,primary
nrg_pc_204:KWH2500-4999:X_VAT:EUR,LT,cost,household,,,2023-01-01,2023-06-30,0.2331,EUR/kWh,EUR,,primary
nrg_pc_204:KWH2500-4999:X_VAT:EUR,LT,cost,household,,,2023-07-01,2023-12-31,0.1837,EUR/kWh,EUR,,primary
nrg_pc_204:KWH2500-4999:X_VAT:EUR,LT,cost,household,,,2024-01-01,2024-06-30,0.1914,EUR/kWh,EUR,,primary
nrg_pc_204:KWH2500-4999:X_VAT:EUR,LT,cost,household,,,2024-07-01,2024-12-31,0.1771,EUR/kWh,EUR,,primary
nrg_pc_204:KWH2500-4999:X_VAT:EUR,LT,cost,household,,,2025-01-01,2025-06-30,0.1747,EUR/kWh,EUR,,primary
nrg_pc_204:KWH2500-4999:X_VAT:EUR,LT,cost,household,,,2025-07-01,2025-12-31,0.1618,EUR/kWh,EUR,,primary
nrg_pc_204:KWH2500-4999:X_VAT:EUR,LU,cost,household,,,2015-01-01,2015-06-30,0.1636,EUR/kWh,EUR,,primary
nrg_pc_204:KWH2500-4999:X_VAT:EUR,LU,cost,household,,,2015-07-01,2015-12-31,0.1636,EUR/kWh,EUR,,primary
nrg_pc_204:KWH2500-4999:X_VAT:EUR,LU,cost,household,,,2016-01-01,2016-06-30,0.1572,EUR/kWh,EUR,,primary
nrg_pc_204:KWH2500-4999:X_VAT:EUR,LU,cost,household,,,2016-07-01,2016-12-31,0.1572,EUR/kWh,EUR,,primary
nrg_pc_204:KWH2500-4999:X_VAT:EUR,LU,cost,household,,,2017-01-01,2017-06-30,0.1495,EUR/kWh,EUR,,primary
nrg_pc_204:KWH2500-4999:X_VAT:EUR,LU,cost,household,,,2017-07-01,2017-12-31,0.1498,EUR/kWh,EUR,,primary
nrg_pc_204:KWH2500-4999:X_VAT:EUR,LU,cost,household,,,2018-01-01,2018-06-30,0.1547,EUR/kWh,EUR,,primary
nrg_pc_204:KWH2500-4999:X_VAT:EUR,LU,cost,household,,,2018-07-01,2018-12-31,0.1566,EUR/kWh,EUR,,primary
nrg_pc_204:KWH2500-4999:X_VAT:EUR,LU,cost,household,,,2019-01-01,2019-06-30,0.1666,EUR/kWh,EUR,,primary
nrg_pc_204:KWH2500-4999:X_VAT:EUR,LU,cost,household,,,2019-07-01,2019-12-31,0.1665,EUR/kWh,EUR,,primary
nrg_pc_204:KWH2500-4999:X_VAT:EUR,LU,cost,household,,,2020-01-01,2020-06-30,0.1838,EUR/kWh,EUR,,primary
nrg_pc_204:KWH2500-4999:X_VAT:EUR,LU,cost,household,,,2020-07-01,2020-12-31,0.1838,EUR/kWh,EUR,,primary
nrg_pc_204:KWH2500-4999:X_VAT:EUR,LU,cost,household,,,2021-01-01,2021-06-30,0.184,EUR/kWh,EUR,,primary
nrg_pc_204:KWH2500-4999:X_VAT:EUR,LU,cost,household,,,2021-07-01,2021-12-31,0.1841,EUR/kWh,EUR,,primary
nrg_pc_204:KWH2500-4999:X_VAT:EUR,LU,cost,household,,,2022-01-01,2022-06-30,0.1868,EUR/kWh,EUR,,primary
nrg_pc_204:KWH2500-4999:X_VAT:EUR,LU,cost,household,,,2022-07-01,2022-12-31,0.1891,EUR/kWh,EUR,,primary
nrg_pc_204:KWH2500-4999:X_VAT:EUR,LU,cost,household,,,2023-01-01,2023-06-30,0.1876,EUR/kWh,EUR,,primary
nrg_pc_204:KWH2500-4999:X_VAT:EUR,LU,cost,household,,,2023-07-01,2023-12-31,0.1884,EUR/kWh,EUR,,primary
nrg_pc_204:KWH2500-4999:X_VAT:EUR,LU,cost,household,,,2024-01-01,2024-06-30,0.1879,EUR/kWh,EUR,,primary
nrg_pc_204:KWH2500-4999:X_VAT:EUR,LU,cost,household,,,2024-07-01,2024-12-31,0.1874,EUR/kWh,EUR,,primary
nrg_pc_204:KWH2500-4999:X_VAT:EUR,LU,cost,household,,,2025-01-01,2025-06-30,0.2468,EUR/kWh,EUR,,primary
nrg_pc_204:KWH2500-4999:X_VAT:EUR,LU,cost,household,,,2025-07-01,2025-12-31,0.2468,EUR/kWh,EUR,,primary
nrg_pc_204:KWH2500-4999:X_VAT:EUR,LU,cost,household,,,2026-01-01,2026-06-30,0.1873,EUR/kWh,EUR,,primary
nrg_pc_204:KWH2500-4999:X_VAT:EUR,LV,cost,household,,,2015-01-01,2015-06-30,0.1351,EUR/kWh,EUR,,primary
nrg_pc_204:KWH2500-4999:X_VAT:EUR,LV,cost,household,,,2015-07-01,2015-12-31,0.1364,EUR/kWh,EUR,,primary
nrg_pc_204:KWH2500-4999:X_VAT:EUR,LV,cost,household,,,2016-01-01,2016-06-30,0.1345,EUR/kWh,EUR,,primary
nrg_pc_204:KWH2500-4999:X_VAT:EUR,LV,cost,household,,,2016-07-01,2016-12-31,0.1342,EUR/kWh,EUR,,primary
nrg_pc_204:KWH2500-4999:X_VAT:EUR,LV,cost,household,,,2017-01-01,2017-06-30,0.131,EUR/kWh,EUR,,primary
nrg_pc_204:KWH2500-4999:X_VAT:EUR,LV,cost,household,,,2017-07-01,2017-12-31,0.1307,EUR/kWh,EUR,,primary
nrg_pc_204:KWH2500-4999:X_VAT:EUR,LV,cost,household,,,2018-01-01,2018-06-30,0.1266,EUR/kWh,EUR,,primary
nrg_pc_204:KWH2500-4999:X_VAT:EUR,LV,cost,household,,,2018-07-01,2018-12-31,0.1249,EUR/kWh,EUR,,primary
nrg_pc_204:KWH2500-4999:X_VAT:EUR,LV,cost,household,,,2019-01-01,2019-06-30,0.1347,EUR/kWh,EUR,,primary
nrg_pc_204:KWH2500-4999:X_VAT:EUR,LV,cost,household,,,2019-07-01,2019-12-31,0.1355,EUR/kWh,EUR,,primary
nrg_pc_204:KWH2500-4999:X_VAT:EUR,LV,cost,household,,,2020-01-01,2020-06-30,0.1173,EUR/kWh,EUR,,primary
nrg_pc_204:KWH2500-4999:X_VAT:EUR,LV,cost,household,,,2020-07-01,2020-12-31,0.1183,EUR/kWh,EUR,,primary
nrg_pc_204:KWH2500-4999:X_VAT:EUR,LV,cost,household,,,2021-01-01,2021-06-30,0.116,EUR/kWh,EUR,,primary
nrg_pc_204:KWH2500-4999:X_VAT:EUR,LV,cost,household,,,2021-07-01,2021-12-31,0.1559,EUR/kWh,EUR,,primary
nrg_pc_204:KWH2500-4999:X_VAT:EUR,LV,cost,household,,,2022-01-01,2022-06-30,0.1454,EUR/kWh,EUR,,primary
nrg_pc_204:KWH2500-4999:X_VAT:EUR,LV,cost,household,,,2022-07-01,2022-12-31,0.2473,EUR/kWh,EUR,,primary
nrg_pc_204:KWH2500-4999:X_VAT:EUR,LV,cost,household,,,2023-01-01,2023-06-30,0.2524,EUR/kWh,EUR,,primary
nrg_pc_204:KWH2500-4999:X_VAT:EUR,LV,cost,household,,,2023-07-01,2023-12-31,0.2293,EUR/kWh,EUR,,primary
nrg_pc_204:KWH2500-4999:X_VAT:EUR,LV,cost,household,,,2024-01-01,2024-06-30,0.2104,EUR/kWh,EUR,,primary
nrg_pc_204:KWH2500-4999:X_VAT:EUR,LV,cost,household,,,2024-07-01,2024-12-31,0.1998,EUR/kWh,EUR,,primary
nrg_pc_204:KWH2500-4999:X_VAT:EUR,LV,cost,household,,,2025-01-01,2025-06-30,0.2017,EUR/kWh,EUR,,primary
nrg_pc_204:KWH2500-4999:X_VAT:EUR,LV,cost,household,,,2025-07-01,2025-12-31,0.2027,EUR/kWh,EUR,,primary
nrg_pc_204:KWH2500-4999:X_VAT:EUR,MT,cost,household,,,2015-01-01,2015-06-30,0.1197,EUR/kWh,EUR,,primary
nrg_pc_204:KWH2500-4999:X_VAT:EUR,MT,cost,household,,,2015-07-01,2015-12-31,0.1209,EUR/kWh,EUR,,primary
nrg_pc_204:KWH2500-4999:X_VAT:EUR,MT,cost,household,,,2016-01-01,2016-06-30,0.1197,EUR/kWh,EUR,,primary
nrg_pc_204:KWH2500-4999:X_VAT:EUR,MT,cost,household,,,2016-07-01,2016-12-31,0.1213,EUR/kWh,EUR,,primary
nrg_pc_204:KWH2500-4999:X_VAT:EUR,MT,cost,household,,,2017-01-01,2017-06-30,0.1265,EUR/kWh,EUR,,primary
nrg_pc_204:KWH2500-4999:X_VAT:EUR,MT,cost,household,,,2017-07-01,2017-12-31,0.1236,EUR/kWh,EUR,,primary
nrg_pc_204:KWH2500-4999:X_VAT:EUR,MT,cost,household,,,2018-01-01,2018-06-30,0.1224,EUR/kWh,EUR,,primary
nrg_pc_204:KWH2500-4999:X_VAT:EUR,MT,cost,household,,,2018-07-01,2018-12-31,0.1245,EUR/kWh,EUR,,primary
nrg_pc_204:KWH2500-4999:X_VAT:EUR,MT,cost,household,,,2019-01-01,2019-06-30,0.1229,EUR/kWh,EUR,,primary
nrg_pc_204:KWH2500-4999:X_VAT:EUR,MT,cost,household,,,2019-07-01,2019-12-31,0.1242,EUR/kWh,EUR,,primary
nrg_pc_204:KWH2500-4999:X_VAT:EUR,MT,cost,household,,,2020-01-01,2020-06-30,0.1223,EUR/kWh,EUR,,primary
nrg_pc_204:KWH2500-4999:X_VAT:EUR,MT,cost,household,,,2020-07-01,2020-12-31,0.1239,EUR/kWh,EUR,,primary
nrg_pc_204:KWH2500-4999:X_VAT:EUR,MT,cost,household,,,2021-01-01,2021-06-30,0.1224,EUR/kWh,EUR,,primary
nrg_pc_204:KWH2500-4999:X_VAT:EUR,MT,cost,household,,,2021-07-01,2021-12-31,0.1255,EUR/kWh,EUR,,primary
nrg_pc_204:KWH2500-4999:X_VAT:EUR,MT,cost,household,,,2022-01-01,2022-06-30,0.1236,EUR/kWh,EUR,,primary
nrg_pc_204:KWH2500-4999:X_VAT:EUR,MT,cost,household,,,2022-07-01,2022-12-31,0.1223,EUR/kWh,EUR,,primary
nrg_pc_204:KWH2500-4999:X_VAT:EUR,MT,cost,household,,,2023-01-01,2023-06-30,0.1201,EUR/kWh,EUR,,primary
nrg_pc_204:KWH2500-4999:X_VAT:EUR,MT,cost,household,,,2023-07-01,2023-12-31,0.1218,EUR/kWh,EUR,,primary
nrg_pc_204:KWH2500-4999:X_VAT:EUR,MT,cost,household,,,2024-01-01,2024-06-30,0.1211,EUR/kWh,EUR,,primary
nrg_pc_204:KWH2500-4999:X_VAT:EUR,MT,cost,household,,,2024-07-01,2024-12-31,0.1241,EUR/kWh,EUR,,primary
nrg_pc_204:KWH2500-4999:X_VAT:EUR,MT,cost,household,,,2025-01-01,2025-06-30,0.1201,EUR/kWh,EUR,,primary
nrg_pc_204:KWH2500-4999:X_VAT:EUR,MT,cost,household,,,2025-07-01,2025-12-31,0.1234,EUR/kWh,EUR,,primary
nrg_pc_204:KWH2500-4999:X_VAT:EUR,MT,cost,household,,,2026-01-01,2026-06-30,0.1208,EUR/kWh,EUR,p,primary
nrg_pc_204:KWH2500-4999:X_VAT:EUR,NL,cost,household,,,2015-01-01,2015-06-30,0.1642,EUR/kWh,EUR,,primary
nrg_pc_204:KWH2500-4999:X_VAT:EUR,NL,cost,household,,,2015-07-01,2015-12-31,0.1525,EUR/kWh,EUR,,primary
nrg_pc_204:KWH2500-4999:X_VAT:EUR,NL,cost,household,,,2016-01-01,2016-06-30,0.1339,EUR/kWh,EUR,,primary
nrg_pc_204:KWH2500-4999:X_VAT:EUR,NL,cost,household,,,2016-07-01,2016-12-31,0.1316,EUR/kWh,EUR,,primary
nrg_pc_204:KWH2500-4999:X_VAT:EUR,NL,cost,household,,,2017-01-01,2017-06-30,0.134,EUR/kWh,EUR,,primary
nrg_pc_204:KWH2500-4999:X_VAT:EUR,NL,cost,household,,,2017-07-01,2017-12-31,0.133,EUR/kWh,EUR,,primary
nrg_pc_204:KWH2500-4999:X_VAT:EUR,NL,cost,household,,,2018-01-01,2018-06-30,0.147,EUR/kWh,EUR,,primary
nrg_pc_204:KWH2500-4999:X_VAT:EUR,NL,cost,household,,,2018-07-01,2018-12-31,0.147,EUR/kWh,EUR,,primary
nrg_pc_204:KWH2500-4999:X_VAT:EUR,NL,cost,household,,,2019-01-01,2019-06-30,0.17,EUR/kWh,EUR,,primary
nrg_pc_204:KWH2500-4999:X_VAT:EUR,NL,cost,household,,,2019-07-01,2019-12-31,0.169,EUR/kWh,EUR,,primary
nrg_pc_204:KWH2500-4999:X_VAT:EUR,NL,cost,household,,,2020-01-01,2020-06-30,0.1184,EUR/kWh,EUR,,primary
nrg_pc_204:KWH2500-4999:X_VAT:EUR,NL,cost,household,,,2020-07-01,2020-12-31,0.1117,EUR/kWh,EUR,,primary
nrg_pc_204:KWH2500-4999:X_VAT:EUR,NL,cost,household,,,2021-01-01,2021-06-30,0.1062,EUR/kWh,EUR,,primary
nrg_pc_204:KWH2500-4999:X_VAT:EUR,NL,cost,household,,,2021-07-01,2021-12-31,0.1187,EUR/kWh,EUR,,primary
nrg_pc_204:KWH2500-4999:X_VAT:EUR,NL,cost,household,,,2022-01-01,2022-06-30,0.0278,EUR/kWh,EUR,,primary
nrg_pc_204:KWH2500-4999:X_VAT:EUR,NL,cost,household,,,2022-07-01,2022-12-31,0.13,EUR/kWh,EUR,,primary
nrg_pc_204:KWH2500-4999:X_VAT:EUR,NL,cost,household,,,2023-01-01,2023-06-30,0.2952,EUR/kWh,EUR,,primary
nrg_pc_204:KWH2500-4999:X_VAT:EUR,NL,cost,household,,,2023-07-01,2023-12-31,0.2054,EUR/kWh,EUR,,primary
nrg_pc_204:KWH2500-4999:X_VAT:EUR,NL,cost,household,,,2024-01-01,2024-06-30,0.209,EUR/kWh,EUR,,primary
nrg_pc_204:KWH2500-4999:X_VAT:EUR,NL,cost,household,,,2024-07-01,2024-12-31,0.1799,EUR/kWh,EUR,,primary
nrg_pc_204:KWH2500-4999:X_VAT:EUR,NL,cost,household,,,2025-01-01,2025-06-30,0.1971,EUR/kWh,EUR,,primary
nrg_pc_204:KWH2500-4999:X_VAT:EUR,NL,cost,household,,,2025-07-01,2025-12-31,0.2108,EUR/kWh,EUR,,primary
nrg_pc_204:KWH2500-4999:X_VAT:EUR,NL,cost,household,,,2026-01-01,2026-06-30,0.2016,EUR/kWh,EUR,,primary
nrg_pc_204:KWH2500-4999:X_VAT:EUR,PL,cost,household,,,2015-01-01,2015-06-30,0.1174,EUR/kWh,EUR,,primary
nrg_pc_204:KWH2500-4999:X_VAT:EUR,PL,cost,household,,,2015-07-01,2015-12-31,0.1153,EUR/kWh,EUR,,primary
nrg_pc_204:KWH2500-4999:X_VAT:EUR,PL,cost,household,,,2016-01-01,2016-06-30,0.1083,EUR/kWh,EUR,,primary
nrg_pc_204:KWH2500-4999:X_VAT:EUR,PL,cost,household,,,2016-07-01,2016-12-31,0.1099,EUR/kWh,EUR,,primary
nrg_pc_204:KWH2500-4999:X_VAT:EUR,PL,cost,household,,,2017-01-01,2017-06-30,0.1175,EUR/kWh,EUR,,primary
nrg_pc_204:KWH2500-4999:X_VAT:EUR,PL,cost,household,,,2017-07-01,2017-12-31,0.118,EUR/kWh,EUR,,primary
nrg_pc_204:KWH2500-4999:X_VAT:EUR,PL,cost,household,,,2018-01-01,2018-06-30,0.1146,EUR/kWh,EUR,,primary
nrg_pc_204:KWH2500-4999:X_VAT:EUR,PL,cost,household,,,2018-07-01,2018-12-31,0.1135,EUR/kWh,EUR,,primary
nrg_pc_204:KWH2500-4999:X_VAT:EUR,PL,cost,household,,,2019-01-01,2019-06-30,0.1092,EUR/kWh,EUR,,primary
nrg_pc_204:KWH2500-4999:X_VAT:EUR,PL,cost,household,,,2019-07-01,2019-12-31,0.1119,EUR/kWh,EUR,,primary
nrg_pc_204:KWH2500-4999:X_VAT:EUR,PL,cost,household,,,2020-01-01,2020-06-30,0.1199,EUR/kWh,EUR,,primary
nrg_pc_204:KWH2500-4999:X_VAT:EUR,PL,cost,household,,,2020-07-01,2020-12-31,0.1228,EUR/kWh,EUR,,primary
nrg_pc_204:KWH2500-4999:X_VAT:EUR,PL,cost,household,,,2021-01-01,2021-06-30,0.1259,EUR/kWh,EUR,,primary
nrg_pc_204:KWH2500-4999:X_VAT:EUR,PL,cost,household,,,2021-07-01,2021-12-31,0.1279,EUR/kWh,EUR,,primary
nrg_pc_204:KWH2500-4999:X_VAT:EUR,PL,cost,household,,,2022-01-01,2022-06-30,0.1379,EUR/kWh,EUR,,primary
nrg_pc_204:KWH2500-4999:X_VAT:EUR,PL,cost,household,,,2022-07-01,2022-12-31,0.1513,EUR/kWh,EUR,,primary
nrg_pc_204:KWH2500-4999:X_VAT:EUR,PL,cost,household,,,2023-01-01,2023-06-30,0.1438,EUR/kWh,EUR,,primary
nrg_pc_204:KWH2500-4999:X_VAT:EUR,PL,cost,household,,,2023-07-01,2023-12-31,0.1758,EUR/kWh,EUR,,primary
nrg_pc_204:KWH2500-4999:X_VAT:EUR,PL,cost,household,,,2024-01-01,2024-06-30,0.1699,EUR/kWh,EUR,,primary
nrg_pc_204:KWH2500-4999:X_VAT:EUR,PL,cost,household,,,2024-07-01,2024-12-31,0.2014,EUR/kWh,EUR,,primary
nrg_pc_204:KWH2500-4999:X_VAT:EUR,PL,cost,household,,,2025-01-01,2025-06-30,0.208,EUR/kWh,EUR,,primary
nrg_pc_204:KWH2500-4999:X_VAT:EUR,PL,cost,household,,,2025-07-01,2025-12-31,0.2202,EUR/kWh,EUR,,primary
nrg_pc_204:KWH2500-4999:X_VAT:EUR,PL,cost,household,,,2026-01-01,2026-06-30,0.2438,EUR/kWh,EUR,p,primary
nrg_pc_204:KWH2500-4999:X_VAT:EUR,PT,cost,household,,,2015-01-01,2015-06-30,0.1856,EUR/kWh,EUR,,primary
nrg_pc_204:KWH2500-4999:X_VAT:EUR,PT,cost,household,,,2015-07-01,2015-12-31,0.186,EUR/kWh,EUR,,primary
nrg_pc_204:KWH2500-4999:X_VAT:EUR,PT,cost,household,,,2016-01-01,2016-06-30,0.1911,EUR/kWh,EUR,,primary
nrg_pc_204:KWH2500-4999:X_VAT:EUR,PT,cost,household,,,2016-07-01,2016-12-31,0.1868,EUR/kWh,EUR,,primary
nrg_pc_204:KWH2500-4999:X_VAT:EUR,PT,cost,household,,,2017-01-01,2017-06-30,0.1857,EUR/kWh,EUR,,primary
nrg_pc_204:KWH2500-4999:X_VAT:EUR,PT,cost,household,,,2017-07-01,2017-12-31,0.1813,EUR/kWh,EUR,,primary
nrg_pc_204:KWH2500-4999:X_VAT:EUR,PT,cost,household,,,2018-01-01,2018-06-30,0.1826,EUR/kWh,EUR,,primary
nrg_pc_204:KWH2500-4999:X_VAT:EUR,PT,cost,household,,,2018-07-01,2018-12-31,0.1864,EUR/kWh,EUR,,primary
nrg_pc_204:KWH2500-4999:X_VAT:EUR,PT,cost,household,,,2019-01-01,2019-06-30,0.1748,EUR/kWh,EUR,,primary
nrg_pc_204:KWH2500-4999:X_VAT:EUR,PT,cost,household,,,2019-07-01,2019-12-31,0.1778,EUR/kWh,EUR,,primary
nrg_pc_204:KWH2500-4999:X_VAT:EUR,PT,cost,household,,,2020-01-01,2020-06-30,0.1729,EUR/kWh,EUR,,primary
nrg_pc_204:KWH2500-4999:X_VAT:EUR,PT,cost,household,,,2020-07-01,2020-12-31,0.1744,EUR/kWh,EUR,,primary
nrg_pc_204:KWH2500-4999:X_VAT:EUR,PT,cost,household,,,2021-01-01,2021-06-30,0.1732,EUR/kWh,EUR,,primary
nrg_pc_204:KWH2500-4999:X_VAT:EUR,PT,cost,household,,,2021-07-01,2021-12-31,0.181,EUR/kWh,EUR,,primary
nrg_pc_204:KWH2500-4999:X_VAT:EUR,PT,cost,household,,,2022-01-01,2022-06-30,0.1831,EUR/kWh,EUR,,primary
nrg_pc_204:KWH2500-4999:X_VAT:EUR,PT,cost,household,,,2022-07-01,2022-12-31,0.186,EUR/kWh,EUR,,primary
nrg_pc_204:KWH2500-4999:X_VAT:EUR,PT,cost,household,,,2023-01-01,2023-06-30,0.1744,EUR/kWh,EUR,,primary
nrg_pc_204:KWH2500-4999:X_VAT:EUR,PT,cost,household,,,2023-07-01,2023-12-31,0.1938,EUR/kWh,EUR,,primary
nrg_pc_204:KWH2500-4999:X_VAT:EUR,PT,cost,household,,,2024-01-01,2024-06-30,0.2047,EUR/kWh,EUR,,primary
nrg_pc_204:KWH2500-4999:X_VAT:EUR,PT,cost,household,,,2024-07-01,2024-12-31,0.2225,EUR/kWh,EUR,,primary
nrg_pc_204:KWH2500-4999:X_VAT:EUR,PT,cost,household,,,2025-01-01,2025-06-30,0.207,EUR/kWh,EUR,,primary
nrg_pc_204:KWH2500-4999:X_VAT:EUR,PT,cost,household,,,2025-07-01,2025-12-31,0.2121,EUR/kWh,EUR,,primary
nrg_pc_204:KWH2500-4999:X_VAT:EUR,PT,cost,household,,,2026-01-01,2026-06-30,0.2053,EUR/kWh,EUR,,primary
nrg_pc_204:KWH2500-4999:X_VAT:EUR,RO,cost,household,,,2015-01-01,2015-06-30,0.1051,EUR/kWh,EUR,,primary
nrg_pc_204:KWH2500-4999:X_VAT:EUR,RO,cost,household,,,2015-07-01,2015-12-31,0.1063,EUR/kWh,EUR,,primary
nrg_pc_204:KWH2500-4999:X_VAT:EUR,RO,cost,household,,,2016-01-01,2016-06-30,0.1051,EUR/kWh,EUR,,primary
nrg_pc_204:KWH2500-4999:X_VAT:EUR,RO,cost,household,,,2016-07-01,2016-12-31,0.1028,EUR/kWh,EUR,,primary
nrg_pc_204:KWH2500-4999:X_VAT:EUR,RO,cost,household,,,2017-01-01,2017-06-30,0.1006,EUR/kWh,EUR,,primary
nrg_pc_204:KWH2500-4999:X_VAT:EUR,RO,cost,household,,,2017-07-01,2017-12-31,0.1083,EUR/kWh,EUR,,primary
nrg_pc_204:KWH2500-4999:X_VAT:EUR,RO,cost,household,,,2018-01-01,2018-06-30,0.112,EUR/kWh,EUR,,primary
nrg_pc_204:KWH2500-4999:X_VAT:EUR,RO,cost,household,,,2018-07-01,2018-12-31,0.1107,EUR/kWh,EUR,,primary
nrg_pc_204:KWH2500-4999:X_VAT:EUR,RO,cost,household,,,2019-01-01,2019-06-30,0.1141,EUR/kWh,EUR,,primary
nrg_pc_204:KWH2500-4999:X_VAT:EUR,RO,cost,household,,,2019-07-01,2019-12-31,0.1194,EUR/kWh,EUR,,primary
nrg_pc_204:KWH2500-4999:X_VAT:EUR,RO,cost,household,,,2020-01-01,2020-06-30,0.1226,EUR/kWh,EUR,,primary
nrg_pc_204:KWH2500-4999:X_VAT:EUR,RO,cost,household,,,2020-07-01,2020-12-31,0.1218,EUR/kWh,EUR,,primary
nrg_pc_204:KWH2500-4999:X_VAT:EUR,RO,cost,household,,,2021-01-01,2021-06-30,0.1291,EUR/kWh,EUR,,primary
nrg_pc_204:KWH2500-4999:X_VAT:EUR,RO,cost,household,,,2021-07-01,2021-12-31,0.1346,EUR/kWh,EUR,,primary
nrg_pc_204:KWH2500-4999:X_VAT:EUR,RO,cost,household,,,2022-01-01,2022-06-30,0.1985,EUR/kWh,EUR,d,primary
nrg_pc_204:KWH2500-4999:X_VAT:EUR,RO,cost,household,,,2022-07-01,2022-12-31,0.2867,EUR/kWh,EUR,d,primary
nrg_pc_204:KWH2500-4999:X_VAT:EUR,RO,cost,household,,,2023-01-01,2023-06-30,0.159,EUR/kWh,EUR,,primary
nrg_pc_204:KWH2500-4999:X_VAT:EUR,RO,cost,household,,,2023-07-01,2023-12-31,0.1605,EUR/kWh,EUR,,primary
nrg_pc_204:KWH2500-4999:X_VAT:EUR,RO,cost,household,,,2024-01-01,2024-06-30,0.1582,EUR/kWh,EUR,,primary
nrg_pc_204:KWH2500-4999:X_VAT:EUR,RO,cost,household,,,2024-07-01,2024-12-31,0.1565,EUR/kWh,EUR,,primary
nrg_pc_204:KWH2500-4999:X_VAT:EUR,RO,cost,household,,,2025-01-01,2025-06-30,0.1612,EUR/kWh,EUR,,primary
nrg_pc_204:KWH2500-4999:X_VAT:EUR,RO,cost,household,,,2025-07-01,2025-12-31,0.2399,EUR/kWh,EUR,,primary
nrg_pc_204:KWH2500-4999:X_VAT:EUR,RO,cost,household,,,2026-01-01,2026-06-30,0.2344,EUR/kWh,EUR,,primary
nrg_pc_204:KWH2500-4999:X_VAT:EUR,SE,cost,household,,,2015-01-01,2015-06-30,0.1498,EUR/kWh,EUR,e,primary
nrg_pc_204:KWH2500-4999:X_VAT:EUR,SE,cost,household,,,2015-07-01,2015-12-31,0.1499,EUR/kWh,EUR,,primary
nrg_pc_204:KWH2500-4999:X_VAT:EUR,SE,cost,household,,,2016-01-01,2016-06-30,0.1532,EUR/kWh,EUR,e,primary
nrg_pc_204:KWH2500-4999:X_VAT:EUR,SE,cost,household,,,2016-07-01,2016-12-31,0.157,EUR/kWh,EUR,,primary
nrg_pc_204:KWH2500-4999:X_VAT:EUR,SE,cost,household,,,2017-01-01,2017-06-30,0.1564,EUR/kWh,EUR,e,primary
nrg_pc_204:KWH2500-4999:X_VAT:EUR,SE,cost,household,,,2017-07-01,2017-12-31,0.161,EUR/kWh,EUR,e,primary
nrg_pc_204:KWH2500-4999:X_VAT:EUR,SE,cost,household,,,2018-01-01,2018-06-30,0.1528,EUR/kWh,EUR,e,primary
nrg_pc_204:KWH2500-4999:X_VAT:EUR,SE,cost,household,,,2018-07-01,2018-12-31,0.1639,EUR/kWh,EUR,e,primary
nrg_pc_204:KWH2500-4999:X_VAT:EUR,SE,cost,household,,,2019-01-01,2019-06-30,0.1626,EUR/kWh,EUR,e,primary
nrg_pc_204:KWH2500-4999:X_VAT:EUR,SE,cost,household,,,2019-07-01,2019-12-31,0.1641,EUR/kWh,EUR,e,primary
nrg_pc_204:KWH2500-4999:X_VAT:EUR,SE,cost,household,,,2020-01-01,2020-06-30,0.1531,EUR/kWh,EUR,,primary
nrg_pc_204:KWH2500-4999:X_VAT:EUR,SE,cost,household,,,2020-07-01,2020-12-31,0.1613,EUR/kWh,EUR,,primary
nrg_pc_204:KWH2500-4999:X_VAT:EUR,SE,cost,household,,,2021-01-01,2021-06-30,0.1691,EUR/kWh,EUR,,primary
nrg_pc_204:KWH2500-4999:X_VAT:EUR,SE,cost,household,,,2021-07-01,2021-12-31,0.2084,EUR/kWh,EUR,,primary
nrg_pc_204:KWH2500-4999:X_VAT:EUR,SE,cost,household,,,2022-01-01,2022-06-30,0.1738,EUR/kWh,EUR,,primary
nrg_pc_204:KWH2500-4999:X_VAT:EUR,SE,cost,household,,,2022-07-01,2022-12-31,0.2034,EUR/kWh,EUR,,primary
nrg_pc_204:KWH2500-4999:X_VAT:EUR,SE,cost,household,,,2023-01-01,2023-06-30,0.213,EUR/kWh,EUR,,primary
nrg_pc_204:KWH2500-4999:X_VAT:EUR,SE,cost,household,,,2023-07-01,2023-12-31,0.1744,EUR/kWh,EUR,,primary
nrg_pc_204:KWH2500-4999:X_VAT:EUR,SE,cost,household,,,2024-01-01,2024-06-30,0.1947,EUR/kWh,EUR,,primary
nrg_pc_204:KWH2500-4999:X_VAT:EUR,SE,cost,household,,,2024-07-01,2024-12-31,0.188,EUR/kWh,EUR,,primary
nrg_pc_204:KWH2500-4999:X_VAT:EUR,SE,cost,household,,,2025-01-01,2025-06-30,0.2123,EUR/kWh,EUR,,primary
nrg_pc_204:KWH2500-4999:X_VAT:EUR,SE,cost,household,,,2025-07-01,2025-12-31,0.2169,EUR/kWh,EUR,,primary
nrg_pc_204:KWH2500-4999:X_VAT:EUR,SE,cost,household,,,2026-01-01,2026-06-30,0.2449,EUR/kWh,EUR,,primary
nrg_pc_204:KWH2500-4999:X_VAT:EUR,SI,cost,household,,,2015-01-01,2015-06-30,0.1302,EUR/kWh,EUR,,primary
nrg_pc_204:KWH2500-4999:X_VAT:EUR,SI,cost,household,,,2015-07-01,2015-12-31,0.1337,EUR/kWh,EUR,,primary
nrg_pc_204:KWH2500-4999:X_VAT:EUR,SI,cost,household,,,2016-01-01,2016-06-30,0.1326,EUR/kWh,EUR,,primary
nrg_pc_204:KWH2500-4999:X_VAT:EUR,SI,cost,household,,,2016-07-01,2016-12-31,0.1336,EUR/kWh,EUR,,primary
nrg_pc_204:KWH2500-4999:X_VAT:EUR,SI,cost,household,,,2017-01-01,2017-06-30,0.1319,EUR/kWh,EUR,,primary
nrg_pc_204:KWH2500-4999:X_VAT:EUR,SI,cost,household,,,2017-07-01,2017-12-31,0.1322,EUR/kWh,EUR,,primary
nrg_pc_204:KWH2500-4999:X_VAT:EUR,SI,cost,household,,,2018-01-01,2018-06-30,0.1322,EUR/kWh,EUR,,primary
nrg_pc_204:KWH2500-4999:X_VAT:EUR,SI,cost,household,,,2018-07-01,2018-12-31,0.1342,EUR/kWh,EUR,,primary
nrg_pc_204:KWH2500-4999:X_VAT:EUR,SI,cost,household,,,2019-01-01,2019-06-30,0.1339,EUR/kWh,EUR,,primary
nrg_pc_204:KWH2500-4999:X_VAT:EUR,SI,cost,household,,,2019-07-01,2019-12-31,0.1365,EUR/kWh,EUR,,primary
nrg_pc_204:KWH2500-4999:X_VAT:EUR,SI,cost,household,,,2020-01-01,2020-06-30,0.1187,EUR/kWh,EUR,,primary
nrg_pc_204:KWH2500-4999:X_VAT:EUR,SI,cost,household,,,2020-07-01,2020-12-31,0.1389,EUR/kWh,EUR,,primary
nrg_pc_204:KWH2500-4999:X_VAT:EUR,SI,cost,household,,,2021-01-01,2021-06-30,0.1363,EUR/kWh,EUR,,primary
nrg_pc_204:KWH2500-4999:X_VAT:EUR,SI,cost,household,,,2021-07-01,2021-12-31,0.1403,EUR/kWh,EUR,,primary
nrg_pc_204:KWH2500-4999:X_VAT:EUR,SI,cost,household,,,2022-01-01,2022-06-30,0.1139,EUR/kWh,EUR,,primary
nrg_pc_204:KWH2500-4999:X_VAT:EUR,SI,cost,household,,,2022-07-01,2022-12-31,0.1683,EUR/kWh,EUR,,primary
nrg_pc_204:KWH2500-4999:X_VAT:EUR,SI,cost,household,,,2023-01-01,2023-06-30,0.1728,EUR/kWh,EUR,,primary
nrg_pc_204:KWH2500-4999:X_VAT:EUR,SI,cost,household,,,2023-07-01,2023-12-31,0.1732,EUR/kWh,EUR,,primary
nrg_pc_204:KWH2500-4999:X_VAT:EUR,SI,cost,household,,,2024-01-01,2024-06-30,0.1708,EUR/kWh,EUR,,primary
nrg_pc_204:KWH2500-4999:X_VAT:EUR,SI,cost,household,,,2024-07-01,2024-12-31,0.1644,EUR/kWh,EUR,,primary
nrg_pc_204:KWH2500-4999:X_VAT:EUR,SI,cost,household,,,2025-01-01,2025-06-30,0.1484,EUR/kWh,EUR,,primary
nrg_pc_204:KWH2500-4999:X_VAT:EUR,SI,cost,household,,,2025-07-01,2025-12-31,0.1739,EUR/kWh,EUR,,primary
nrg_pc_204:KWH2500-4999:X_VAT:EUR,SI,cost,household,,,2026-01-01,2026-06-30,0.1736,EUR/kWh,EUR,,primary
nrg_pc_204:KWH2500-4999:X_VAT:EUR,SK,cost,household,,,2015-01-01,2015-06-30,0.1255,EUR/kWh,EUR,,primary
nrg_pc_204:KWH2500-4999:X_VAT:EUR,SK,cost,household,,,2015-07-01,2015-12-31,0.1264,EUR/kWh,EUR,,primary
nrg_pc_204:KWH2500-4999:X_VAT:EUR,SK,cost,household,,,2016-01-01,2016-06-30,0.1186,EUR/kWh,EUR,,primary
nrg_pc_204:KWH2500-4999:X_VAT:EUR,SK,cost,household,,,2016-07-01,2016-12-31,0.1281,EUR/kWh,EUR,,primary
nrg_pc_204:KWH2500-4999:X_VAT:EUR,SK,cost,household,,,2017-01-01,2017-06-30,0.1196,EUR/kWh,EUR,,primary
nrg_pc_204:KWH2500-4999:X_VAT:EUR,SK,cost,household,,,2017-07-01,2017-12-31,0.1202,EUR/kWh,EUR,,primary
nrg_pc_204:KWH2500-4999:X_VAT:EUR,SK,cost,household,,,2018-01-01,2018-06-30,0.1305,EUR/kWh,EUR,,primary
nrg_pc_204:KWH2500-4999:X_VAT:EUR,SK,cost,household,,,2018-07-01,2018-12-31,0.1218,EUR/kWh,EUR,,primary
nrg_pc_204:KWH2500-4999:X_VAT:EUR,SK,cost,household,,,2019-01-01,2019-06-30,0.1314,EUR/kWh,EUR,,primary
nrg_pc_204:KWH2500-4999:X_VAT:EUR,SK,cost,household,,,2019-07-01,2019-12-31,0.1321,EUR/kWh,EUR,,primary
nrg_pc_204:KWH2500-4999:X_VAT:EUR,SK,cost,household,,,2020-01-01,2020-06-30,0.1405,EUR/kWh,EUR,,primary
nrg_pc_204:KWH2500-4999:X_VAT:EUR,SK,cost,household,,,2020-07-01,2020-12-31,0.1437,EUR/kWh,EUR,,primary
nrg_pc_204:KWH2500-4999:X_VAT:EUR,SK,cost,household,,,2021-01-01,2021-06-30,0.139,EUR/kWh,EUR,,primary
nrg_pc_204:KWH2500-4999:X_VAT:EUR,SK,cost,household,,,2021-07-01,2021-12-31,0.1353,EUR/kWh,EUR,,primary
nrg_pc_204:KWH2500-4999:X_VAT:EUR,SK,cost,household,,,2022-01-01,2022-06-30,0.1497,EUR/kWh,EUR,,primary
nrg_pc_204:KWH2500-4999:X_VAT:EUR,SK,cost,household,,,2022-07-01,2022-12-31,0.157,EUR/kWh,EUR,,primary
nrg_pc_204:KWH2500-4999:X_VAT:EUR,SK,cost,household,,,2023-01-01,2023-06-30,0.1577,EUR/kWh,EUR,,primary
nrg_pc_204:KWH2500-4999:X_VAT:EUR,SK,cost,household,,,2023-07-01,2023-12-31,0.1619,EUR/kWh,EUR,,primary
nrg_pc_204:KWH2500-4999:X_VAT:EUR,SK,cost,household,,,2024-01-01,2024-06-30,0.1505,EUR/kWh,EUR,,primary
nrg_pc_204:KWH2500-4999:X_VAT:EUR,SK,cost,household,,,2024-07-01,2024-12-31,0.1475,EUR/kWh,EUR,,primary
nrg_pc_204:KWH2500-4999:X_VAT:EUR,SK,cost,household,,,2025-01-01,2025-06-30,0.1586,EUR/kWh,EUR,,primary
nrg_pc_204:KWH2500-4999:X_VAT:EUR,SK,cost,household,,,2025-07-01,2025-12-31,0.1557,EUR/kWh,EUR,,primary
nrg_pc_204:KWH2500-4999:X_VAT:EUR,SK,cost,household,,,2026-01-01,2026-06-30,0.1668,EUR/kWh,EUR,,primary
