series_id,region,layer,buyer_type,fuel,component,period_start,period_end,value,unit,currency,source_flag,confidence
nrg_pc_205:MWH2000-19999:I_TAX:EUR,AT,cost,industrial,,,2015-01-01,2015-06-30,0.1077,EUR/kWh,EUR,,primary
nrg_pc_205:MWH2000-19999:I_TAX:EUR,AT,cost,industrial,,,2015-07-01,2015-12-31,0.1093,EUR/kWh,EUR,,primary
nrg_pc_205:MWH2000-19999:I_TAX:EUR,AT,cost,industrial,,,2016-01-01,2016-06-30,0.1059,EUR/kWh,EUR,,primary
nrg_pc_205:MWH2000-19999:I_TAX:EUR,AT,cost,industrial,,,2016-07-01,2016-12-31,0.0978,EUR/kWh,EUR,,primary
nrg_pc_205:MWH2000-19999:I_TAX:EUR,AT,cost,industrial,,,2017-01-01,2017-06-30,0.0976,EUR/kWh,EUR,,primary
nrg_pc_205:MWH2000-19999:I_TAX:EUR,AT,cost,industrial,,,2017-07-01,2017-12-31,0.1011,EUR/kWh,EUR,,primary
nrg_pc_205:MWH2000-19999:I_TAX:EUR,AT,cost,industrial,,,2018-01-01,2018-06-30,0.1014,EUR/kWh,EUR,,primary
nrg_pc_205:MWH2000-19999:I_TAX:EUR,AT,cost,industrial,,,2018-07-01,2018-12-31,0.1059,EUR/kWh,EUR,,primary
nrg_pc_205:MWH2000-19999:I_TAX:EUR,AT,cost,industrial,,,2019-01-01,2019-06-30,0.1137,EUR/kWh,EUR,,primary
nrg_pc_205:MWH2000-19999:I_TAX:EUR,AT,cost,industrial,,,2019-07-01,2019-12-31,0.1149,EUR/kWh,EUR,,primary
nrg_pc_205:MWH2000-19999:I_TAX:EUR,AT,cost,industrial,,,2020-01-01,2020-06-30,0.1157,EUR/kWh,EUR,,primary
nrg_pc_205:MWH2000-19999:I_TAX:EUR,AT,cost,industrial,,,2020-07-01,2020-12-31,0.1237,EUR/kWh,EUR,,primary
nrg_pc_205:MWH2000-19999:I_TAX:EUR,AT,cost,industrial,,,2021-01-01,2021-06-30,0.1294,EUR/kWh,EUR,,primary
nrg_pc_205:MWH2000-19999:I_TAX:EUR,AT,cost,industrial,,,2021-07-01,2021-12-31,0.1434,EUR/kWh,EUR,,primary
nrg_pc_205:MWH2000-19999:I_TAX:EUR,AT,cost,industrial,,,2022-01-01,2022-06-30,0.2089,EUR/kWh,EUR,,primary
nrg_pc_205:MWH2000-19999:I_TAX:EUR,AT,cost,industrial,,,2022-07-01,2022-12-31,0.2332,EUR/kWh,EUR,e,primary
nrg_pc_205:MWH2000-19999:I_TAX:EUR,AT,cost,industrial,,,2023-01-01,2023-06-30,0.2787,EUR/kWh,EUR,e,primary
nrg_pc_205:MWH2000-19999:I_TAX:EUR,AT,cost,industrial,,,2023-07-01,2023-12-31,0.2663,EUR/kWh,EUR,e,primary
nrg_pc_205:MWH2000-19999:I_TAX:EUR,AT,cost,industrial,,,2024-01-01,2024-06-30,0.2066,EUR/kWh,EUR,e,primary
nrg_pc_205:MWH2000-19999:I_TAX:EUR,AT,cost,industrial,,,2024-07-01,2024-12-31,0.2148,EUR/kWh,EUR,e,primary
nrg_pc_205:MWH2000-19999:I_TAX:EUR,AT,cost,industrial,,,2025-01-01,2025-06-30,0.2164,EUR/kWh,EUR,e,primary
nrg_pc_205:MWH2000-19999:I_TAX:EUR,AT,cost,industrial,,,2025-07-01,2025-12-31,0.2159,EUR/kWh,EUR,e,primary
nrg_pc_205:MWH2000-19999:I_TAX:EUR,AT,cost,industrial,,,2026-01-01,2026-06-30,0.203,EUR/kWh,EUR,,primary
nrg_pc_205:MWH2000-19999:I_TAX:EUR,BE,cost,industrial,,,2015-01-01,2015-06-30,0.1133,EUR/kWh,EUR,,primary
nrg_pc_205:MWH2000-19999:I_TAX:EUR,BE,cost,industrial,,,2015-07-01,2015-12-31,0.1164,EUR/kWh,EUR,,primary
nrg_pc_205:MWH2000-19999:I_TAX:EUR,BE,cost,industrial,,,2016-01-01,2016-06-30,0.1146,EUR/kWh,EUR,,primary
nrg_pc_205:MWH2000-19999:I_TAX:EUR,BE,cost,industrial,,,2016-07-01,2016-12-31,0.1175,EUR/kWh,EUR,,primary
nrg_pc_205:MWH2000-19999:I_TAX:EUR,BE,cost,industrial,,,2017-01-01,2017-06-30,0.1107,EUR/kWh,EUR,,primary
nrg_pc_205:MWH2000-19999:I_TAX:EUR,BE,cost,industrial,,,2017-07-01,2017-12-31,0.11,EUR/kWh,EUR,,primary
nrg_pc_205:MWH2000-19999:I_TAX:EUR,BE,cost,industrial,,,2018-01-01,2018-06-30,0.1068,EUR/kWh,EUR,,primary
nrg_pc_205:MWH2000-19999:I_TAX:EUR,BE,cost,industrial,,,2018-07-01,2018-12-31,0.1147,EUR/kWh,EUR,,primary
nrg_pc_205:MWH2000-19999:I_TAX:EUR,BE,cost,industrial,,,2019-01-01,2019-06-30,0.1191,EUR/kWh,EUR,,primary
nrg_pc_205:MWH2000-19999:I_TAX:EUR,BE,cost,industrial,,,2019-07-01,2019-12-31,0.1192,EUR/kWh,EUR,,primary
nrg_pc_205:MWH2000-19999:I_TAX:EUR,BE,cost,industrial,,,2020-01-01,2020-06-30,0.1188,EUR/kWh,EUR,,primary
nrg_pc_205:MWH2000-19999:I_TAX:EUR,BE,cost,industrial,,,2020-07-01,2020-12-31,0.1197,EUR/kWh,EUR,,primary
nrg_pc_205:MWH2000-19999:I_TAX:EUR,BE,cost,industrial,,,2021-01-01,2021-06-30,0.1215,EUR/kWh,EUR,,primary
nrg_pc_205:MWH2000-19999:I_TAX:EUR,BE,cost,industrial,,,2021-07-01,2021-12-31,0.1398,EUR/kWh,EUR,,primary
nrg_pc_205:MWH2000-19999:I_TAX:EUR,BE,cost,industrial,,,2022-01-01,2022-06-30,0.193,EUR/kWh,EUR,,primary
nrg_pc_205:MWH2000-19999:I_TAX:EUR,BE,cost,industrial,,,2022-07-01,2022-12-31,0.239,EUR/kWh,EUR,,primary
nrg_pc_205:MWH2000-19999:I_TAX:EUR,BE,cost,industrial,,,2023-01-01,2023-06-30,0.2653,EUR/kWh,EUR,,primary
nrg_pc_205:MWH2000-19999:I_TAX:EUR,BE,cost,industrial,,,2023-07-01,2023-12-31,0.2527,EUR/kWh,EUR,,primary
nrg_pc_205:MWH2000-19999:I_TAX:EUR,BE,cost,industrial,,,2024-01-01,2024-06-30,0.1962,EUR/kWh,EUR,,primary
nrg_pc_205:MWH2000-19999:I_TAX:EUR,BE,cost,industrial,,,2024-07-01,2024-12-31,0.1946,EUR/kWh,EUR,,primary
nrg_pc_205:MWH2000-19999:I_TAX:EUR,BE,cost,industrial,,,2025-01-01,2025-06-30,0.2007,EUR/kWh,EUR,,primary
nrg_pc_205:MWH2000-19999:I_TAX:EUR,BE,cost,industrial,,,2025-07-01,2025-12-31,0.1901,EUR/kWh,EUR,,primary
nrg_pc_205:MWH2000-19999:I_TAX:EUR,BE,cost,industrial,,,2026-01-01,2026-06-30,0.1935,EUR/kWh,EUR,,primary
nrg_pc_205:MWH2000-19999:I_TAX:EUR,BG,cost,industrial,,,2015-01-01,2015-06-30,0.0743,EUR/kWh,EUR,,primary
nrg_pc_205:MWH2000-19999:I_TAX:EUR,BG,cost,industrial,,,2015-07-01,2015-12-31,0.0841,EUR/kWh,EUR,,primary
nrg_pc_205:MWH2000-19999:I_TAX:EUR,BG,cost,industrial,,,2016-01-01,2016-06-30,0.0917,EUR/kWh,EUR,,primary
nrg_pc_205:MWH2000-19999:I_TAX:EUR,BG,cost,industrial,,,2016-07-01,2016-12-31,0.0841,EUR/kWh,EUR,,primary
nrg_pc_205:MWH2000-19999:I_TAX:EUR,BG,cost,industrial,,,2017-01-01,2017-06-30,0.0817,EUR/kWh,EUR,,primary
nrg_pc_205:MWH2000-19999:I_TAX:EUR,BG,cost,industrial,,,2017-07-01,2017-12-31,0.0846,EUR/kWh,EUR,,primary
nrg_pc_205:MWH2000-19999:I_TAX:EUR,BG,cost,industrial,,,2018-01-01,2018-06-30,0.0895,EUR/kWh,EUR,,primary
nrg_pc_205:MWH2000-19999:I_TAX:EUR,BG,cost,industrial,,,2018-07-01,2018-12-31,0.0919,EUR/kWh,EUR,,primary
nrg_pc_205:MWH2000-19999:I_TAX:EUR,BG,cost,industrial,,,2019-01-01,2019-06-30,0.098,EUR/kWh,EUR,,primary
nrg_pc_205:MWH2000-19999:I_TAX:EUR,BG,cost,industrial,,,2019-07-01,2019-12-31,0.0991,EUR/kWh,EUR,,primary
nrg_pc_205:MWH2000-19999:I_TAX:EUR,BG,cost,industrial,,,2020-01-01,2020-06-30,0.0938,EUR/kWh,EUR,,primary
nrg_pc_205:MWH2000-19999:I_TAX:EUR,BG,cost,industrial,,,2020-07-01,2020-12-31,0.0947,EUR/kWh,EUR,,primary
nrg_pc_205:MWH2000-19999:I_TAX:EUR,BG,cost,industrial,,,2021-01-01,2021-06-30,0.1084,EUR/kWh,EUR,,primary
nrg_pc_205:MWH2000-19999:I_TAX:EUR,BG,cost,industrial,,,2021-07-01,2021-12-31,0.1767,EUR/kWh,EUR,,primary
nrg_pc_205:MWH2000-19999:I_TAX:EUR,BG,cost,industrial,,,2022-01-01,2022-06-30,0.1988,EUR/kWh,EUR,,primary
nrg_pc_205:MWH2000-19999:I_TAX:EUR,BG,cost,industrial,,,2022-07-01,2022-12-31,0.1937,EUR/kWh,EUR,,primary
nrg_pc_205:MWH2000-19999:I_TAX:EUR,BG,cost,industrial,,,2023-01-01,2023-06-30,0.169,EUR/kWh,EUR,,primary
nrg_pc_205:MWH2000-19999:I_TAX:EUR,BG,cost,industrial,,,2023-07-01,2023-12-31,0.1588,EUR/kWh,EUR,,primary
nrg_pc_205:MWH2000-19999:I_TAX:EUR,BG,cost,industrial,,,2024-01-01,2024-06-30,0.1297,EUR/kWh,EUR,,primary
nrg_pc_205:MWH2000-19999:I_TAX:EUR,BG,cost,industrial,,,2024-07-01,2024-12-31,0.1547,EUR/kWh,EUR,,primary
nrg_pc_205:MWH2000-19999:I_TAX:EUR,BG,cost,industrial,,,2025-01-01,2025-06-30,0.1447,EUR/kWh,EUR,,primary
nrg_pc_205:MWH2000-19999:I_TAX:EUR,BG,cost,industrial,,,2025-07-01,2025-12-31,0.1626,EUR/kWh,EUR,,primary
nrg_pc_205:MWH2000-19999:I_TAX:EUR,BG,cost,industrial,,,2026-01-01,2026-06-30,0.1644,EUR/kWh,EUR,,primary
nrg_pc_205:MWH2000-19999:I_TAX:EUR,CY,cost,industrial,,,2015-01-01,2015-06-30,0.1485,EUR/kWh,EUR,,primary
nrg_pc_205:MWH2000-19999:I_TAX:EUR,CY,cost,industrial,,,2015-07-01,2015-12-31,0.1468,EUR/kWh,EUR,,primary
nrg_pc_205:MWH2000-19999:I_TAX:EUR,CY,cost,industrial,,,2016-01-01,2016-06-30,0.1076,EUR/kWh,EUR,,primary
nrg_pc_205:MWH2000-19999:I_TAX:EUR,CY,cost,industrial,,,2016-07-01,2016-12-31,0.1427,EUR/kWh,EUR,,primary
nrg_pc_205:MWH2000-19999:I_TAX:EUR,CY,cost,industrial,,,2017-01-01,2017-06-30,0.1522,EUR/kWh,EUR,,primary
nrg_pc_205:MWH2000-19999:I_TAX:EUR,CY,cost,industrial,,,2017-07-01,2017-12-31,0.1574,EUR/kWh,EUR,,primary
nrg_pc_205:MWH2000-19999:I_TAX:EUR,CY,cost,industrial,,,2018-01-01,2018-06-30,0.157,EUR/kWh,EUR,,primary
nrg_pc_205:MWH2000-19999:I_TAX:EUR,CY,cost,industrial,,,2018-07-01,2018-12-31,0.2028,EUR/kWh,EUR,,primary
nrg_pc_205:MWH2000-19999:I_TAX:EUR,CY,cost,industrial,,,2019-01-01,2019-06-30,0.1809,EUR/kWh,EUR,,primary
nrg_pc_205:MWH2000-19999:I_TAX:EUR,CY,cost,industrial,,,2019-07-01,2019-12-31,0.2003,EUR/kWh,EUR,,primary
nrg_pc_205:MWH2000-19999:I_TAX:EUR,CY,cost,industrial,,,2020-01-01,2020-06-30,0.1637,EUR/kWh,EUR,,primary
nrg_pc_205:MWH2000-19999:I_TAX:EUR,CY,cost,industrial,,,2020-07-01,2020-12-31,0.1535,EUR/kWh,EUR,,primary
nrg_pc_205:MWH2000-19999:I_TAX:EUR,CY,cost,industrial,,,2021-01-01,2021-06-30,0.1723,EUR/kWh,EUR,,primary
nrg_pc_205:MWH2000-19999:I_TAX:EUR,CY,cost,industrial,,,2021-07-01,2021-12-31,0.2239,EUR/kWh,EUR,,primary
nrg_pc_205:MWH2000-19999:I_TAX:EUR,CY,cost,industrial,,,2022-01-01,2022-06-30,0.2805,EUR/kWh,EUR,,primary
nrg_pc_205:MWH2000-19999:I_TAX:EUR,CY,cost,industrial,,,2022-07-01,2022-12-31,0.3638,EUR/kWh,EUR,,primary
nrg_pc_205:MWH2000-19999:I_TAX:EUR,CY,cost,industrial,,,2023-01-01,2023-06-30,0.315,EUR/kWh,EUR,,primary
nrg_pc_205:MWH2000-19999:I_TAX:EUR,CY,cost,industrial,,,2023-07-01,2023-12-31,0.3141,EUR/kWh,EUR,,primary
nrg_pc_205:MWH2000-19999:I_TAX:EUR,CY,cost,industrial,,,2024-01-01,2024-06-30,0.2789,EUR/kWh,EUR,,primary
nrg_pc_205:MWH2000-19999:I_TAX:EUR,CY,cost,industrial,,,2024-07-01,2024-12-31,0.2905,EUR/kWh,EUR,,primary
nrg_pc_205:MWH2000-19999:I_TAX:EUR,CY,cost,industrial,,,2025-01-01,2025-06-30,0.2632,EUR/kWh,EUR,,primary
nrg_pc_205:MWH2000-19999:I_TAX:EUR,CY,cost,industrial,,,2025-07-01,2025-12-31,0.276,EUR/kWh,EUR,,primary
nrg_pc_205:MWH2000-19999:I_TAX:EUR,CY,cost,industrial,,,2026-01-01,2026-06-30,0.2598,EUR/kWh,EUR,,primary
nrg_pc_205:MWH2000-19999:I_TAX:EUR,CZ,cost,industrial,,,2015-01-01,2015-06-30,0.0868,EUR/kWh,EUR,,primary
nrg_pc_205:MWH2000-19999:I_TAX:EUR,CZ,cost,industrial,,,2015-07-01,2015-12-31,0.0871,EUR/kWh,EUR,,primary
nrg_pc_205:MWH2000-19999:I_TAX:EUR,CZ,cost,industrial,,,2016-01-01,2016-06-30,0.0773,EUR/kWh,EUR,,primary
nrg_pc_205:MWH2000-19999:I_TAX:EUR,CZ,cost,industrial,,,2016-07-01,2016-12-31,0.0761,EUR/kWh,EUR,,primary
nrg_pc_205:MWH2000-19999:I_TAX:EUR,CZ,cost,industrial,,,2017-01-01,2017-06-30,0.075,EUR/kWh,EUR,,primary
nrg_pc_205:MWH2000-19999:I_TAX:EUR,CZ,cost,industrial,,,2017-07-01,2017-12-31,0.0763,EUR/kWh,EUR,,primary
nrg_pc_205:MWH2000-19999:I_TAX:EUR,CZ,cost,industrial,,,2018-01-01,2018-06-30,0.0772,EUR/kWh,EUR,,primary
nrg_pc_205:MWH2000-19999:I_TAX:EUR,CZ,cost,industrial,,,2018-07-01,2018-12-31,0.077,EUR/kWh,EUR,,primary
nrg_pc_205:MWH2000-19999:I_TAX:EUR,CZ,cost,industrial,,,2019-01-01,2019-06-30,0.0884,EUR/kWh,EUR,,primary
nrg_pc_205:MWH2000-19999:I_TAX:EUR,CZ,cost,industrial,,,2019-07-01,2019-12-31,0.0914,EUR/kWh,EUR,,primary
nrg_pc_205:MWH2000-19999:I_TAX:EUR,CZ,cost,industrial,,,2020-01-01,2020-06-30,0.0983,EUR/kWh,EUR,,primary
nrg_pc_205:MWH2000-19999:I_TAX:EUR,CZ,cost,industrial,,,2020-07-01,2020-12-31,0.0989,EUR/kWh,EUR,,primary
nrg_pc_205:MWH2000-19999:I_TAX:EUR,CZ,cost,industrial,,,2021-01-01,2021-06-30,0.1067,EUR/kWh,EUR,,primary
nrg_pc_205:MWH2000-19999:I_TAX:EUR,CZ,cost,industrial,,,2021-07-01,2021-12-31,0.1127,EUR/kWh,EUR,,primary
nrg_pc_205:MWH2000-19999:I_TAX:EUR,CZ,cost,industrial,,,2022-01-01,2022-06-30,0.1994,EUR/kWh,EUR,,primary
nrg_pc_205:MWH2000-19999:I_TAX:EUR,CZ,cost,industrial,,,2022-07-01,2022-12-31,0.2054,EUR/kWh,EUR,,primary
nrg_pc_205:MWH2000-19999:I_TAX:EUR,CZ,cost,industrial,,,2023-01-01,2023-06-30,0.2217,EUR/kWh,EUR,,primary
nrg_pc_205:MWH2000-19999:I_TAX:EUR,CZ,cost,industrial,,,2023-07-01,2023-12-31,0.2091,EUR/kWh,EUR,,primary
nrg_pc_205:MWH2000-19999:I_TAX:EUR,CZ,cost,industrial,,,2024-01-01,2024-06-30,0.2096,EUR/kWh,EUR,,primary
nrg_pc_205:MWH2000-19999:I_TAX:EUR,CZ,cost,industrial,,,2024-07-01,2024-12-31,0.212,EUR/kWh,EUR,,primary
nrg_pc_205:MWH2000-19999:I_TAX:EUR,CZ,cost,industrial,,,2025-01-01,2025-06-30,0.2003,EUR/kWh,EUR,,primary
nrg_pc_205:MWH2000-19999:I_TAX:EUR,CZ,cost,industrial,,,2025-07-01,2025-12-31,0.1979,EUR/kWh,EUR,,primary
nrg_pc_205:MWH2000-19999:I_TAX:EUR,CZ,cost,industrial,,,2026-01-01,2026-06-30,0.1764,EUR/kWh,EUR,,primary
nrg_pc_205:MWH2000-19999:I_TAX:EUR,DE,cost,industrial,,,2015-01-01,2015-06-30,0.1749,EUR/kWh,EUR,,primary
nrg_pc_205:MWH2000-19999:I_TAX:EUR,DE,cost,industrial,,,2015-07-01,2015-12-31,0.173,EUR/kWh,EUR,,primary
nrg_pc_205:MWH2000-19999:I_TAX:EUR,DE,cost,industrial,,,2016-01-01,2016-06-30,0.1712,EUR/kWh,EUR,,primary
nrg_pc_205:MWH2000-19999:I_TAX:EUR,DE,cost,industrial,,,2016-07-01,2016-12-31,0.1685,EUR/kWh,EUR,,primary
nrg_pc_205:MWH2000-19999:I_TAX:EUR,DE,cost,industrial,,,2017-01-01,2017-06-30,0.1692,EUR/kWh,EUR,,primary
nrg_pc_205:MWH2000-19999:I_TAX:EUR,DE,cost,industrial,,,2017-07-01,2017-12-31,0.1694,EUR/kWh,EUR,,primary
nrg_pc_205:MWH2000-19999:I_TAX:EUR,DE,cost,industrial,,,2018-01-01,2018-06-30,0.1635,EUR/kWh,EUR,,primary
nrg_pc_205:MWH2000-19999:I_TAX:EUR,DE,cost,industrial,,,2018-07-01,2018-12-31,0.1663,EUR/kWh,EUR,,primary
nrg_pc_205:MWH2000-19999:I_TAX:EUR,DE,cost,industrial,,,2019-01-01,2019-06-30,0.1742,EUR/kWh,EUR,,primary
nrg_pc_205:MWH2000-19999:I_TAX:EUR,DE,cost,industrial,,,2019-07-01,2019-12-31,0.1781,EUR/kWh,EUR,,primary
nrg_pc_205:MWH2000-19999:I_TAX:EUR,DE,cost,industrial,,,2020-01-01,2020-06-30,0.1918,EUR/kWh,EUR,,primary
nrg_pc_205:MWH2000-19999:I_TAX:EUR,DE,cost,industrial,,,2020-07-01,2020-12-31,0.1904,EUR/kWh,EUR,,primary
nrg_pc_205:MWH2000-19999:I_TAX:EUR,DE,cost,industrial,,,2021-01-01,2021-06-30,0.1908,EUR/kWh,EUR,,primary
nrg_pc_205:MWH2000-19999:I_TAX:EUR,DE,cost,industrial,,,2021-07-01,2021-12-31,0.2077,EUR/kWh,EUR,,primary
nrg_pc_205:MWH2000-19999:I_TAX:EUR,DE,cost,industrial,,,2022-01-01,2022-06-30,0.2415,EUR/kWh,EUR,,primary
nrg_pc_205:MWH2000-19999:I_TAX:EUR,DE,cost,industrial,,,2022-07-01,2022-12-31,0.2439,EUR/kWh,EUR,,primary
nrg_pc_205:MWH2000-19999:I_TAX:EUR,DE,cost,industrial,,,2023-01-01,2023-06-30,0.2564,EUR/kWh,EUR,,primary
nrg_pc_205:MWH2000-19999:I_TAX:EUR,DE,cost,industrial,,,2023-07-01,2023-12-31,0.2518,EUR/kWh,EUR,,primary
nrg_pc_205:MWH2000-19999:I_TAX:EUR,DE,cost,industrial,,,2024-01-01,2024-06-30,0.2482,EUR/kWh,EUR,,primary
nrg_pc_205:MWH2000-19999:I_TAX:EUR,DE,cost,industrial,,,2024-07-01,2024-12-31,0.2552,EUR/kWh,EUR,,primary
nrg_pc_205:MWH2000-19999:I_TAX:EUR,DE,cost,industrial,,,2025-01-01,2025-06-30,0.2378,EUR/kWh,EUR,,primary
nrg_pc_205:MWH2000-19999:I_TAX:EUR,DE,cost,industrial,,,2025-07-01,2025-12-31,0.2369,EUR/kWh,EUR,,primary
nrg_pc_205:MWH2000-19999:I_TAX:EUR,DE,cost,industrial,,,2026-01-01,2026-06-30,0.215,EUR/kWh,EUR,p,primary
nrg_pc_205:MWH2000-19999:I_TAX:EUR,DK,cost,industrial,,,2015-01-01,2015-06-30,0.2587,EUR/kWh,EUR,,primary
nrg_pc_205:MWH2000-19999:I_TAX:EUR,DK,cost,industrial,,,2015-07-01,2015-12-31,0.2585,EUR/kWh,EUR,,primary
nrg_pc_205:MWH2000-19999:I_TAX:EUR,DK,cost,industrial,,,2016-01-01,2016-06-30,0.2662,EUR/kWh,EUR,,primary
nrg_pc_205:MWH2000-19999:I_TAX:EUR,DK,cost,industrial,,,2016-07-01,2016-12-31,0.2632,EUR/kWh,EUR,,primary
nrg_pc_205:MWH2000-19999:I_TAX:EUR,DK,cost,industrial,,,2017-01-01,2017-06-30,0.2555,EUR/kWh,EUR,,primary
nrg_pc_205:MWH2000-19999:I_TAX:EUR,DK,cost,industrial,,,2017-07-01,2017-12-31,0.256,EUR/kWh,EUR,,primary
nrg_pc_205:MWH2000-19999:I_TAX:EUR,DK,cost,industrial,,,2018-01-01,2018-06-30,0.2522,EUR/kWh,EUR,,primary
nrg_pc_205:MWH2000-19999:I_TAX:EUR,DK,cost,industrial,,,2018-07-01,2018-12-31,0.2486,EUR/kWh,EUR,,primary
nrg_pc_205:MWH2000-19999:I_TAX:EUR,DK,cost,industrial,,,2019-01-01,2019-06-30,0.2346,EUR/kWh,EUR,,primary
nrg_pc_205:MWH2000-19999:I_TAX:EUR,DK,cost,industrial,,,2019-07-01,2019-12-31,0.2311,EUR/kWh,EUR,,primary
nrg_pc_205:MWH2000-19999:I_TAX:EUR,DK,cost,industrial,,,2020-01-01,2020-06-30,0.2275,EUR/kWh,EUR,,primary
nrg_pc_205:MWH2000-19999:I_TAX:EUR,DK,cost,industrial,,,2020-07-01,2020-12-31,0.2371,EUR/kWh,EUR,,primary
nrg_pc_205:MWH2000-19999:I_TAX:EUR,DK,cost,industrial,,,2021-01-01,2021-06-30,0.2489,EUR/kWh,EUR,,primary
nrg_pc_205:MWH2000-19999:I_TAX:EUR,DK,cost,industrial,,,2021-07-01,2021-12-31,0.2979,EUR/kWh,EUR,,primary
nrg_pc_205:MWH2000-19999:I_TAX:EUR,DK,cost,industrial,,,2022-01-01,2022-06-30,0.3429,EUR/kWh,EUR,,primary
nrg_pc_205:MWH2000-19999:I_TAX:EUR,DK,cost,industrial,,,2022-07-01,2022-12-31,0.4011,EUR/kWh,EUR,,primary
nrg_pc_205:MWH2000-19999:I_TAX:EUR,DK,cost,industrial,,,2023-01-01,2023-06-30,0.1696,EUR/kWh,EUR,,primary
nrg_pc_205:MWH2000-19999:I_TAX:EUR,DK,cost,industrial,,,2023-07-01,2023-12-31,0.2555,EUR/kWh,EUR,,primary
nrg_pc_205:MWH2000-19999:I_TAX:EUR,DK,cost,industrial,,,2024-01-01,2024-06-30,0.2623,EUR/kWh,EUR,,primary
nrg_pc_205:MWH2000-19999:I_TAX:EUR,DK,cost,industrial,,,2024-07-01,2024-12-31,0.2846,EUR/kWh,EUR,,primary
nrg_pc_205:MWH2000-19999:I_TAX:EUR,DK,cost,industrial,,,2025-01-01,2025-06-30,0.2768,EUR/kWh,EUR,,primary
nrg_pc_205:MWH2000-19999:I_TAX:EUR,DK,cost,industrial,,,2025-07-01,2025-12-31,0.2732,EUR/kWh,EUR,,primary
nrg_pc_205:MWH2000-19999:I_TAX:EUR,DK,cost,industrial,,,2026-01-01,2026-06-30,0.1583,EUR/kWh,EUR,,primary
nrg_pc_205:MWH2000-19999:I_TAX:EUR,EE,cost,industrial,,,2015-01-01,2015-06-30,0.0982,EUR/kWh,EUR,,primary
nrg_pc_205:MWH2000-19999:I_TAX:EUR,EE,cost,industrial,,,2015-07-01,2015-12-31,0.1066,EUR/kWh,EUR,,primary
nrg_pc_205:MWH2000-19999:I_TAX:EUR,EE,cost,industrial,,,2016-01-01,2016-06-30,0.097,EUR/kWh,EUR,,primary
nrg_pc_205:MWH2000-19999:I_TAX:EUR,EE,cost,industrial,,,2016-07-01,2016-12-31,0.0967,EUR/kWh,EUR,,primary
nrg_pc_205:MWH2000-19999:I_TAX:EUR,EE,cost,industrial,,,2017-01-01,2017-06-30,0.0929,EUR/kWh,EUR,,primary
nrg_pc_205:MWH2000-19999:I_TAX:EUR,EE,cost,industrial,,,2017-07-01,2017-12-31,0.0906,EUR/kWh,EUR,,primary
nrg_pc_205:MWH2000-19999:I_TAX:EUR,EE,cost,industrial,,,2018-01-01,2018-06-30,0.0899,EUR/kWh,EUR,,primary
nrg_pc_205:MWH2000-19999:I_TAX:EUR,EE,cost,industrial,,,2018-07-01,2018-12-31,0.0954,EUR/kWh,EUR,,primary
nrg_pc_205:MWH2000-19999:I_TAX:EUR,EE,cost,industrial,,,2019-01-01,2019-06-30,0.0972,EUR/kWh,EUR,,primary
nrg_pc_205:MWH2000-19999:I_TAX:EUR,EE,cost,industrial,,,2019-07-01,2019-12-31,0.0982,EUR/kWh,EUR,,primary
nrg_pc_205:MWH2000-19999:I_TAX:EUR,EE,cost,industrial,,,2020-01-01,2020-06-30,0.0887,EUR/kWh,EUR,,primary
nrg_pc_205:MWH2000-19999:I_TAX:EUR,EE,cost,industrial,,,2020-07-01,2020-12-31,0.092,EUR/kWh,EUR,,primary
nrg_pc_205:MWH2000-19999:I_TAX:EUR,EE,cost,industrial,,,2021-01-01,2021-06-30,0.1014,EUR/kWh,EUR,,primary
nrg_pc_205:MWH2000-19999:I_TAX:EUR,EE,cost,industrial,,,2021-07-01,2021-12-31,0.1523,EUR/kWh,EUR,,primary
nrg_pc_205:MWH2000-19999:I_TAX:EUR,EE,cost,industrial,,,2022-01-01,2022-06-30,0.186,EUR/kWh,EUR,,primary
nrg_pc_205:MWH2000-19999:I_TAX:EUR,EE,cost,industrial,,,2022-07-01,2022-12-31,0.2714,EUR/kWh,EUR,,primary
nrg_pc_205:MWH2000-19999:I_TAX:EUR,EE,cost,industrial,,,2023-01-01,2023-06-30,0.1819,EUR/kWh,EUR,,primary
nrg_pc_205:MWH2000-19999:I_TAX:EUR,EE,cost,industrial,,,2023-07-01,2023-12-31,0.1768,EUR/kWh,EUR,,primary
nrg_pc_205:MWH2000-19999:I_TAX:EUR,EE,cost,industrial,,,2024-01-01,2024-06-30,0.1609,EUR/kWh,EUR,,primary
nrg_pc_205:MWH2000-19999:I_TAX:EUR,EE,cost,industrial,,,2024-07-01,2024-12-31,0.1713,EUR/kWh,EUR,,primary
nrg_pc_205:MWH2000-19999:I_TAX:EUR,EE,cost,industrial,,,2025-01-01,2025-06-30,0.1588,EUR/kWh,EUR,,primary
nrg_pc_205:MWH2000-19999:I_TAX:EUR,EE,cost,industrial,,,2025-07-01,2025-12-31,0.1604,EUR/kWh,EUR,,primary
nrg_pc_205:MWH2000-19999:I_TAX:EUR,EE,cost,industrial,,,2026-01-01,2026-06-30,0.1601,EUR/kWh,EUR,,primary
nrg_pc_205:MWH2000-19999:I_TAX:EUR,EL,cost,industrial,,,2015-01-01,2015-06-30,0.1132,EUR/kWh,EUR,,primary
nrg_pc_205:MWH2000-19999:I_TAX:EUR,EL,cost,industrial,,,2015-07-01,2015-12-31,0.1014,EUR/kWh,EUR,,primary
nrg_pc_205:MWH2000-19999:I_TAX:EUR,EL,cost,industrial,,,2016-01-01,2016-06-30,0.105,EUR/kWh,EUR,,primary
nrg_pc_205:MWH2000-19999:I_TAX:EUR,EL,cost,industrial,,,2016-07-01,2016-12-31,0.0975,EUR/kWh,EUR,,primary
nrg_pc_205:MWH2000-19999:I_TAX:EUR,EL,cost,industrial,,,2017-01-01,2017-06-30,0.1023,EUR/kWh,EUR,,primary
nrg_pc_205:MWH2000-19999:I_TAX:EUR,EL,cost,industrial,,,2017-07-01,2017-12-31,0.1118,EUR/kWh,EUR,,primary
nrg_pc_205:MWH2000-19999:I_TAX:EUR,EL,cost,industrial,,,2018-01-01,2018-06-30,0.0983,EUR/kWh,EUR,,primary
nrg_pc_205:MWH2000-19999:I_TAX:EUR,EL,cost,industrial,,,2018-07-01,2018-12-31,0.0997,EUR/kWh,EUR,,primary
nrg_pc_205:MWH2000-19999:I_TAX:EUR,EL,cost,industrial,,,2019-01-01,2019-06-30,0.1026,EUR/kWh,EUR,,primary
nrg_pc_205:MWH2000-19999:I_TAX:EUR,EL,cost,industrial,,,2019-07-01,2019-12-31,0.1006,EUR/kWh,EUR,,primary
nrg_pc_205:MWH2000-19999:I_TAX:EUR,EL,cost,industrial,,,2020-01-01,2020-06-30,0.0994,EUR/kWh,EUR,,primary
nrg_pc_205:MWH2000-19999:I_TAX:EUR,EL,cost,industrial,,,2020-07-01,2020-12-31,0.0954,EUR/kWh,EUR,,primary
nrg_pc_205:MWH2000-19999:I_TAX:EUR,EL,cost,industrial,,,2021-01-01,2021-06-30,0.109,EUR/kWh,EUR,,primary
nrg_pc_205:MWH2000-19999:I_TAX:EUR,EL,cost,industrial,,,2021-07-01,2021-12-31,0.2042,EUR/kWh,EUR,,primary
nrg_pc_205:MWH2000-19999:I_TAX:EUR,EL,cost,industrial,,,2022-01-01,2022-06-30,0.2337,EUR/kWh,EUR,,primary
nrg_pc_205:MWH2000-19999:I_TAX:EUR,EL,cost,industrial,,,2022-07-01,2022-12-31,0.2425,EUR/kWh,EUR,,primary
nrg_pc_205:MWH2000-19999:I_TAX:EUR,EL,cost,industrial,,,2023-01-01,2023-06-30,0.1859,EUR/kWh,EUR,,primary
nrg_pc_205:MWH2000-19999:I_TAX:EUR,EL,cost,industrial,,,2023-07-01,2023-12-31,0.1795,EUR/kWh,EUR,,primary
nrg_pc_205:MWH2000-19999:I_TAX:EUR,EL,cost,industrial,,,2024-01-01,2024-06-30,0.1481,EUR/kWh,EUR,,primary
nrg_pc_205:MWH2000-19999:I_TAX:EUR,EL,cost,industrial,,,2024-07-01,2024-12-31,0.1973,EUR/kWh,EUR,,primary
nrg_pc_205:MWH2000-19999:I_TAX:EUR,EL,cost,industrial,,,2025-01-01,2025-06-30,0.1919,EUR/kWh,EUR,,primary
nrg_pc_205:MWH2000-19999:I_TAX:EUR,EL,cost,industrial,,,2025-07-01,2025-12-31,0.1718,EUR/kWh,EUR,,primary
nrg_pc_205:MWH2000-19999:I_TAX:EUR,EL,cost,industrial,,,2026-01-01,2026-06-30,0.17,EUR/kWh,EUR,,primary
nrg_pc_205:MWH2000-19999:I_TAX:EUR,ES,cost,industrial,,,2015-01-01,2015-06-30,0.1172,EUR/kWh,EUR,,primary
nrg_pc_205:MWH2000-19999:I_TAX:EUR,ES,cost,industrial,,,2015-07-01,2015-12-31,0.1156,EUR/kWh,EUR,,primary
nrg_pc_205:MWH2000-19999:I_TAX:EUR,ES,cost,industrial,,,2016-01-01,2016-06-30,0.1092,EUR/kWh,EUR,,primary
nrg_pc_205:MWH2000-19999:I_TAX:EUR,ES,cost,industrial,,,2016-07-01,2016-12-31,0.1045,EUR/kWh,EUR,,primary
nrg_pc_205:MWH2000-19999:I_TAX:EUR,ES,cost,industrial,,,2017-01-01,2017-06-30,0.1066,EUR/kWh,EUR,,primary
nrg_pc_205:MWH2000-19999:I_TAX:EUR,ES,cost,industrial,,,2017-07-01,2017-12-31,0.104,EUR/kWh,EUR,,primary
nrg_pc_205:MWH2000-19999:I_TAX:EUR,ES,cost,industrial,,,2018-01-01,2018-06-30,0.12,EUR/kWh,EUR,,primary
nrg_pc_205:MWH2000-19999:I_TAX:EUR,ES,cost,industrial,,,2018-07-01,2018-12-31,0.115,EUR/kWh,EUR,,primary
nrg_pc_205:MWH2000-19999:I_TAX:EUR,ES,cost,industrial,,,2019-01-01,2019-06-30,0.117,EUR/kWh,EUR,,primary
nrg_pc_205:MWH2000-19999:I_TAX:EUR,ES,cost,industrial,,,2019-07-01,2019-12-31,0.1123,EUR/kWh,EUR,,primary
nrg_pc_205:MWH2000-19999:I_TAX:EUR,ES,cost,industrial,,,2020-01-01,2020-06-30,0.1017,EUR/kWh,EUR,,primary
nrg_pc_205:MWH2000-19999:I_TAX:EUR,ES,cost,industrial,,,2020-07-01,2020-12-31,0.1016,EUR/kWh,EUR,,primary
nrg_pc_205:MWH2000-19999:I_TAX:EUR,ES,cost,industrial,,,2021-01-01,2021-06-30,0.1061,EUR/kWh,EUR,,primary
nrg_pc_205:MWH2000-19999:I_TAX:EUR,ES,cost,industrial,,,2021-07-01,2021-12-31,0.1778,EUR/kWh,EUR,,primary
nrg_pc_205:MWH2000-19999:I_TAX:EUR,ES,cost,industrial,,,2022-01-01,2022-06-30,0.2279,EUR/kWh,EUR,,primary
nrg_pc_205:MWH2000-19999:I_TAX:EUR,ES,cost,industrial,,,2022-07-01,2022-12-31,0.2811,EUR/kWh,EUR,,primary
nrg_pc_205:MWH2000-19999:I_TAX:EUR,ES,cost,industrial,,,2023-01-01,2023-06-30,0.173,EUR/kWh,EUR,,primary
nrg_pc_205:MWH2000-19999:I_TAX:EUR,ES,cost,industrial,,,2023-07-01,2023-12-31,0.1615,EUR/kWh,EUR,,primary
nrg_pc_205:MWH2000-19999:I_TAX:EUR,ES,cost,industrial,,,2024-01-01,2024-06-30,0.138,EUR/kWh,EUR,,primary
nrg_pc_205:MWH2000-19999:I_TAX:EUR,ES,cost,industrial,,,2024-07-01,2024-12-31,0.1549,EUR/kWh,EUR,,primary
nrg_pc_205:MWH2000-19999:I_TAX:EUR,ES,cost,industrial,,,2025-01-01,2025-06-30,0.15,EUR/kWh,EUR,,primary
nrg_pc_205:MWH2000-19999:I_TAX:EUR,ES,cost,industrial,,,2025-07-01,2025-12-31,0.1431,EUR/kWh,EUR,,primary
nrg_pc_205:MWH2000-19999:I_TAX:EUR,ES,cost,industrial,,,2026-01-01,2026-06-30,0.1413,EUR/kWh,EUR,,primary
nrg_pc_205:MWH2000-19999:I_TAX:EUR,EU,cost,industrial,,,2015-01-01,2015-06-30,0.1282,EUR/kWh,EUR,,primary
nrg_pc_205:MWH2000-19999:I_TAX:EUR,EU,cost,industrial,,,2015-07-01,2015-12-31,0.1263,EUR/kWh,EUR,,primary
nrg_pc_205:MWH2000-19999:I_TAX:EUR,EU,cost,industrial,,,2016-01-01,2016-06-30,0.1217,EUR/kWh,EUR,,primary
nrg_pc_205:MWH2000-19999:I_TAX:EUR,EU,cost,industrial,,,2016-07-01,2016-12-31,0.1204,EUR/kWh,EUR,,primary
nrg_pc_205:MWH2000-19999:I_TAX:EUR,EU,cost,industrial,,,2017-01-01,2017-06-30,0.121,EUR/kWh,EUR,,primary
nrg_pc_205:MWH2000-19999:I_TAX:EUR,EU,cost,industrial,,,2017-07-01,2017-12-31,0.1199,EUR/kWh,EUR,,primary
nrg_pc_205:MWH2000-19999:I_TAX:EUR,EU,cost,industrial,,,2018-01-01,2018-06-30,0.1188,EUR/kWh,EUR,,primary
nrg_pc_205:MWH2000-19999:I_TAX:EUR,EU,cost,industrial,,,2018-07-01,2018-12-31,0.1196,EUR/kWh,EUR,,primary
nrg_pc_205:MWH2000-19999:I_TAX:EUR,EU,cost,industrial,,,2019-01-01,2019-06-30,0.1295,EUR/kWh,EUR,,primary
nrg_pc_205:MWH2000-19999:I_TAX:EUR,EU,cost,industrial,,,2019-07-01,2019-12-31,0.1273,EUR/kWh,EUR,,primary
nrg_pc_205:MWH2000-19999:I_TAX:EUR,EU,cost,industrial,,,2020-01-01,2020-06-30,0.1307,EUR/kWh,EUR,,primary
nrg_pc_205:MWH2000-19999:I_TAX:EUR,EU,cost,industrial,,,2020-07-01,2020-12-31,0.1307,EUR/kWh,EUR,,primary
nrg_pc_205:MWH2000-19999:I_TAX:EUR,EU,cost,industrial,,,2021-01-01,2021-06-30,0.1343,EUR/kWh,EUR,,primary
nrg_pc_205:MWH2000-19999:I_TAX:EUR,EU,cost,industrial,,,2021-07-01,2021-12-31,0.1595,EUR/kWh,EUR,,primary
nrg_pc_205:MWH2000-19999:I_TAX:EUR,EU,cost,industrial,,,2022-01-01,2022-06-30,0.209,EUR/kWh,EUR,,primary
nrg_pc_205:MWH2000-19999:I_TAX:EUR,EU,cost,industrial,,,2022-07-01,2022-12-31,0.2384,EUR/kWh,EUR,,primary
nrg_pc_205:MWH2000-19999:I_TAX:EUR,EU,cost,industrial,,,2023-01-01,2023-06-30,0.2409,EUR/kWh,EUR,,primary
nrg_pc_205:MWH2000-19999:I_TAX:EUR,EU,cost,industrial,,,2023-07-01,2023-12-31,0.2251,EUR/kWh,EUR,,primary
nrg_pc_205:MWH2000-19999:I_TAX:EUR,EU,cost,industrial,,,2024-01-01,2024-06-30,0.1962,EUR/kWh,EUR,,primary
nrg_pc_205:MWH2000-19999:I_TAX:EUR,EU,cost,industrial,,,2024-07-01,2024-12-31,0.2057,EUR/kWh,EUR,,primary
nrg_pc_205:MWH2000-19999:I_TAX:EUR,EU,cost,industrial,,,2025-01-01,2025-06-30,0.1969,EUR/kWh,EUR,,primary
nrg_pc_205:MWH2000-19999:I_TAX:EUR,EU,cost,industrial,,,2025-07-01,2025-12-31,0.192,EUR/kWh,EUR,,primary
nrg_pc_205:MWH2000-19999:I_TAX:EUR,FI,cost,industrial,,,2015-01-01,2015-06-30,0.0822,EUR/kWh,EUR,,primary
nrg_pc_205:MWH2000-19999:I_TAX:EUR,FI,cost,industrial,,,2015-07-01,2015-12-31,0.0845,EUR/kWh,EUR,,primary
nrg_pc_205:MWH2000-19999:I_TAX:EUR,FI,cost,industrial,,,2016-01-01,2016-06-30,0.0807,EUR/kWh,EUR,,primary
nrg_pc_205:MWH2000-19999:I_TAX:EUR,FI,cost,industrial,,,2016-07-01,2016-12-31,0.0827,EUR/kWh,EUR,,primary
nrg_pc_205:MWH2000-19999:I_TAX:EUR,FI,cost,industrial,,,2017-01-01,2017-06-30,0.0791,EUR/kWh,EUR,,primary
nrg_pc_205:MWH2000-19999:I_TAX:EUR,FI,cost,industrial,,,2017-07-01,2017-12-31,0.0807,EUR/kWh,EUR,,primary
nrg_pc_205:MWH2000-19999:I_TAX:EUR,FI,cost,industrial,,,2018-01-01,2018-06-30,0.0806,EUR/kWh,EUR,,primary
nrg_pc_205:MWH2000-19999:I_TAX:EUR,FI,cost,industrial,,,2018-07-01,2018-12-31,0.0841,EUR/kWh,EUR,,primary
nrg_pc_205:MWH2000-19999:I_TAX:EUR,FI,cost,industrial,,,2019-01-01,2019-06-30,0.0836,EUR/kWh,EUR,,primary
nrg_pc_205:MWH2000-19999:I_TAX:EUR,FI,cost,industrial,,,2019-07-01,2019-12-31,0.0839,EUR/kWh,EUR,,primary
nrg_pc_205:MWH2000-19999:I_TAX:EUR,FI,cost,industrial,,,2020-01-01,2020-06-30,0.0808,EUR/kWh,EUR,,primary
nrg_pc_205:MWH2000-19999:I_TAX:EUR,FI,cost,industrial,,,2020-07-01,2020-12-31,0.0894,EUR/kWh,EUR,,primary
nrg_pc_205:MWH2000-19999:I_TAX:EUR,FI,cost,industrial,,,2021-01-01,2021-06-30,0.079,EUR/kWh,EUR,,primary
nrg_pc_205:MWH2000-19999:I_TAX:EUR,FI,cost,industrial,,,2021-07-01,2021-12-31,0.097,EUR/kWh,EUR,,primary
nrg_pc_205:MWH2000-19999:I_TAX:EUR,FI,cost,industrial,,,2022-01-01,2022-06-30,0.1071,EUR/kWh,EUR,,primary
nrg_pc_205:MWH2000-19999:I_TAX:EUR,FI,cost,industrial,,,2022-07-01,2022-12-31,0.1585,EUR/kWh,EUR,,primary
nrg_pc_205:MWH2000-19999:I_TAX:EUR,FI,cost,industrial,,,2023-01-01,2023-06-30,0.1171,EUR/kWh,EUR,,primary
nrg_pc_205:MWH2000-19999:I_TAX:EUR,FI,cost,industrial,,,2023-07-01,2023-12-31,0.1059,EUR/kWh,EUR,,primary
nrg_pc_205:MWH2000-19999:I_TAX:EUR,FI,cost,industrial,,,2024-01-01,2024-06-30,0.1008,EUR/kWh,EUR,,primary
nrg_pc_205:MWH2000-19999:I_TAX:EUR,FI,cost,industrial,,,2024-07-01,2024-12-31,0.0848,EUR/kWh,EUR,,primary
nrg_pc_205:MWH2000-19999:I_TAX:EUR,FI,cost,industrial,,,2025-01-01,2025-06-30,0.0875,EUR/kWh,EUR,,primary
nrg_pc_205:MWH2000-19999:I_TAX:EUR,FI,cost,industrial,,,2025-07-01,2025-12-31,0.0846,EUR/kWh,EUR,,primary
nrg_pc_205:MWH2000-19999:I_TAX:EUR,FI,cost,industrial,,,2026-01-01,2026-06-30,0.1069,EUR/kWh,EUR,,primary
nrg_pc_205:MWH2000-19999:I_TAX:EUR,FR,cost,industrial,,,2015-01-01,2015-06-30,0.1073,EUR/kWh,EUR,,primary
nrg_pc_205:MWH2000-19999:I_TAX:EUR,FR,cost,industrial,,,2015-07-01,2015-12-31,0.1016,EUR/kWh,EUR,,primary
nrg_pc_205:MWH2000-19999:I_TAX:EUR,FR,cost,industrial,,,2016-01-01,2016-06-30,0.0941,EUR/kWh,EUR,,primary
nrg_pc_205:MWH2000-19999:I_TAX:EUR,FR,cost,industrial,,,2016-07-01,2016-12-31,0.09,EUR/kWh,EUR,,primary
nrg_pc_205:MWH2000-19999:I_TAX:EUR,FR,cost,industrial,,,2017-01-01,2017-06-30,0.0938,EUR/kWh,EUR,,primary
nrg_pc_205:MWH2000-19999:I_TAX:EUR,FR,cost,industrial,,,2017-07-01,2017-12-31,0.0885,EUR/kWh,EUR,,primary
nrg_pc_205:MWH2000-19999:I_TAX:EUR,FR,cost,industrial,,,2018-01-01,2018-06-30,0.0921,EUR/kWh,EUR,,primary
nrg_pc_205:MWH2000-19999:I_TAX:EUR,FR,cost,industrial,,,2018-07-01,2018-12-31,0.0861,EUR/kWh,EUR,,primary
nrg_pc_205:MWH2000-19999:I_TAX:EUR,FR,cost,industrial,,,2019-01-01,2019-06-30,0.0997,EUR/kWh,EUR,,primary
nrg_pc_205:MWH2000-19999:I_TAX:EUR,FR,cost,industrial,,,2019-07-01,2019-12-31,0.0941,EUR/kWh,EUR,,primary
nrg_pc_205:MWH2000-19999:I_TAX:EUR,FR,cost,industrial,,,2020-01-01,2020-06-30,0.1016,EUR/kWh,EUR,,primary
nrg_pc_205:MWH2000-19999:I_TAX:EUR,FR,cost,industrial,,,2020-07-01,2020-12-31,0.0964,EUR/kWh,EUR,,primary
nrg_pc_205:MWH2000-19999:I_TAX:EUR,FR,cost,industrial,,,2021-01-01,2021-06-30,0.1035,EUR/kWh,EUR,,primary
nrg_pc_205:MWH2000-19999:I_TAX:EUR,FR,cost,industrial,,,2021-07-01,2021-12-31,0.1047,EUR/kWh,EUR,,primary
nrg_pc_205:MWH2000-19999:I_TAX:EUR,FR,cost,industrial,,,2022-01-01,2022-06-30,0.1488,EUR/kWh,EUR,,primary
nrg_pc_205:MWH2000-19999:I_TAX:EUR,FR,cost,industrial,,,2022-07-01,2022-12-31,0.1346,EUR/kWh,EUR,,primary
nrg_pc_205:MWH2000-19999:I_TAX:EUR,FR,cost,industrial,,,2023-01-01,2023-06-30,0.2662,EUR/kWh,EUR,,primary
nrg_pc_205:MWH2000-19999:I_TAX:EUR,FR,cost,industrial,,,2023-07-01,2023-12-31,0.2426,EUR/kWh,EUR,,primary
nrg_pc_205:MWH2000-19999:I_TAX:EUR,FR,cost,industrial,,,2024-01-01,2024-06-30,0.1651,EUR/kWh,EUR,,primary
nrg_pc_205:MWH2000-19999:I_TAX:EUR,FR,cost,industrial,,,2024-07-01,2024-12-31,0.1704,EUR/kWh,EUR,,primary
nrg_pc_205:MWH2000-19999:I_TAX:EUR,FR,cost,industrial,,,2025-01-01,2025-06-30,0.1523,EUR/kWh,EUR,,primary
nrg_pc_205:MWH2000-19999:I_TAX:EUR,FR,cost,industrial,,,2025-07-01,2025-12-31,0.1425,EUR/kWh,EUR,,primary
nrg_pc_205:MWH2000-19999:I_TAX:EUR,FR,cost,industrial,,,2026-01-01,2026-06-30,0.1472,EUR/kWh,EUR,,primary
nrg_pc_205:MWH2000-19999:I_TAX:EUR,HR,cost,industrial,,,2015-01-01,2015-06-30,0.0988,EUR/kWh,EUR,,primary
nrg_pc_205:MWH2000-19999:I_TAX:EUR,HR,cost,industrial,,,2015-07-01,2015-12-31,0.1006,EUR/kWh,EUR,,primary
nrg_pc_205:MWH2000-19999:I_TAX:EUR,HR,cost,industrial,,,2016-01-01,2016-06-30,0.0973,EUR/kWh,EUR,,primary
nrg_pc_205:MWH2000-19999:I_TAX:EUR,HR,cost,industrial,,,2016-07-01,2016-12-31,0.0957,EUR/kWh,EUR,,primary
nrg_pc_205:MWH2000-19999:I_TAX:EUR,HR,cost,industrial,,,2017-01-01,2017-06-30,0.086,EUR/kWh,EUR,,primary
nrg_pc_205:MWH2000-19999:I_TAX:EUR,HR,cost,industrial,,,2017-07-01,2017-12-31,0.0912,EUR/kWh,EUR,,primary
nrg_pc_205:MWH2000-19999:I_TAX:EUR,HR,cost,industrial,,,2018-01-01,2018-06-30,0.0982,EUR/kWh,EUR,,primary
nrg_pc_205:MWH2000-19999:I_TAX:EUR,HR,cost,industrial,,,2018-07-01,2018-12-31,0.1012,EUR/kWh,EUR,,primary
nrg_pc_205:MWH2000-19999:I_TAX:EUR,HR,cost,industrial,,,2019-01-01,2019-06-30,0.1052,EUR/kWh,EUR,,primary
nrg_pc_205:MWH2000-19999:I_TAX:EUR,HR,cost,industrial,,,2019-07-01,2019-12-31,0.1075,EUR/kWh,EUR,,primary
nrg_pc_205:MWH2000-19999:I_TAX:EUR,HR,cost,industrial,,,2020-01-01,2020-06-30,0.1073,EUR/kWh,EUR,,primary
nrg_pc_205:MWH2000-19999:I_TAX:EUR,HR,cost,industrial,,,2020-07-01,2020-12-31,0.1061,EUR/kWh,EUR,,primary
nrg_pc_205:MWH2000-19999:I_TAX:EUR,HR,cost,industrial,,,2021-01-01,2021-06-30,0.1045,EUR/kWh,EUR,,primary
nrg_pc_205:MWH2000-19999:I_TAX:EUR,HR,cost,industrial,,,2021-07-01,2021-12-31,0.115,EUR/kWh,EUR,,primary
nrg_pc_205:MWH2000-19999:I_TAX:EUR,HR,cost,industrial,,,2022-01-01,2022-06-30,0.1501,EUR/kWh,EUR,,primary
nrg_pc_205:MWH2000-19999:I_TAX:EUR,HR,cost,industrial,,,2022-07-01,2022-12-31,0.2175,EUR/kWh,EUR,,primary
nrg_pc_205:MWH2000-19999:I_TAX:EUR,HR,cost,industrial,,,2023-01-01,2023-06-30,0.2652,EUR/kWh,EUR,,primary
nrg_pc_205:MWH2000-19999:I_TAX:EUR,HR,cost,industrial,,,2023-07-01,2023-12-31,0.2273,EUR/kWh,EUR,,primary
nrg_pc_205:MWH2000-19999:I_TAX:EUR,HR,cost,industrial,,,2024-01-01,2024-06-30,0.202,EUR/kWh,EUR,,primary
nrg_pc_205:MWH2000-19999:I_TAX:EUR,HR,cost,industrial,,,2024-07-01,2024-12-31,0.1834,EUR/kWh,EUR,,primary
nrg_pc_205:MWH2000-19999:I_TAX:EUR,HR,cost,industrial,,,2025-01-01,2025-06-30,0.1733,EUR/kWh,EUR,,primary
nrg_pc_205:MWH2000-19999:I_TAX:EUR,HR,cost,industrial,,,2025-07-01,2025-12-31,0.1567,EUR/kWh,EUR,,primary
nrg_pc_205:MWH2000-19999:I_TAX:EUR,HR,cost,industrial,,,2026-01-01,2026-06-30,0.1613,EUR/kWh,EUR,,primary
nrg_pc_205:MWH2000-19999:I_TAX:EUR,HU,cost,industrial,,,2015-01-01,2015-06-30,0.106,EUR/kWh,EUR,,primary
nrg_pc_205:MWH2000-19999:I_TAX:EUR,HU,cost,industrial,,,2015-07-01,2015-12-31,0.1064,EUR/kWh,EUR,,primary
nrg_pc_205:MWH2000-19999:I_TAX:EUR,HU,cost,industrial,,,2016-01-01,2016-06-30,0.0951,EUR/kWh,EUR,,primary
nrg_pc_205:MWH2000-19999:I_TAX:EUR,HU,cost,industrial,,,2016-07-01,2016-12-31,0.0933,EUR/kWh,EUR,,primary
nrg_pc_205:MWH2000-19999:I_TAX:EUR,HU,cost,industrial,,,2017-01-01,2017-06-30,0.089,EUR/kWh,EUR,e,primary
nrg_pc_205:MWH2000-19999:I_TAX:EUR,HU,cost,industrial,,,2017-07-01,2017-12-31,0.0908,EUR/kWh,EUR,,primary
nrg_pc_205:MWH2000-19999:I_TAX:EUR,HU,cost,industrial,,,2018-01-01,2018-06-30,0.095,EUR/kWh,EUR,,primary
nrg_pc_205:MWH2000-19999:I_TAX:EUR,HU,cost,industrial,,,2018-07-01,2018-12-31,0.0944,EUR/kWh,EUR,,primary
nrg_pc_205:MWH2000-19999:I_TAX:EUR,HU,cost,industrial,,,2019-01-01,2019-06-30,0.1121,EUR/kWh,EUR,,primary
nrg_pc_205:MWH2000-19999:I_TAX:EUR,HU,cost,industrial,,,2019-07-01,2019-12-31,0.108,EUR/kWh,EUR,,primary
nrg_pc_205:MWH2000-19999:I_TAX:EUR,HU,cost,industrial,,,2020-01-01,2020-06-30,0.1116,EUR/kWh,EUR,,primary
nrg_pc_205:MWH2000-19999:I_TAX:EUR,HU,cost,industrial,,,2020-07-01,2020-12-31,0.1101,EUR/kWh,EUR,,primary
nrg_pc_205:MWH2000-19999:I_TAX:EUR,HU,cost,industrial,,,2021-01-01,2021-06-30,0.1059,EUR/kWh,EUR,,primary
nrg_pc_205:MWH2000-19999:I_TAX:EUR,HU,cost,industrial,,,2021-07-01,2021-12-31,0.1278,EUR/kWh,EUR,,primary
nrg_pc_205:MWH2000-19999:I_TAX:EUR,HU,cost,industrial,,,2022-01-01,2022-06-30,0.2257,EUR/kWh,EUR,,primary
nrg_pc_205:MWH2000-19999:I_TAX:EUR,HU,cost,industrial,,,2022-07-01,2022-12-31,0.3045,EUR/kWh,EUR,,primary
nrg_pc_205:MWH2000-19999:I_TAX:EUR,HU,cost,industrial,,,2023-01-01,2023-06-30,0.3451,EUR/kWh,EUR,,primary
nrg_pc_205:MWH2000-19999:I_TAX:EUR,HU,cost,industrial,,,2023-07-01,2023-12-31,0.2953,EUR/kWh,EUR,,primary
nrg_pc_205:MWH2000-19999:I_TAX:EUR,HU,cost,industrial,,,2024-01-01,2024-06-30,0.2362,EUR/kWh,EUR,,primary
nrg_pc_205:MWH2000-19999:I_TAX:EUR,HU,cost,industrial,,,2024-07-01,2024-12-31,0.2636,EUR/kWh,EUR,,primary
nrg_pc_205:MWH2000-19999:I_TAX:EUR,HU,cost,industrial,,,2025-01-01,2025-06-30,0.2327,EUR/kWh,EUR,,primary
nrg_pc_205:MWH2000-19999:I_TAX:EUR,HU,cost,industrial,,,2025-07-01,2025-12-31,0.2339,EUR/kWh,EUR,,primary
nrg_pc_205:MWH2000-19999:I_TAX:EUR,HU,cost,industrial,,,2026-01-01,2026-06-30,0.243,EUR/kWh,EUR,,primary
nrg_pc_205:MWH2000-19999:I_TAX:EUR,IE,cost,industrial,,,2015-01-01,2015-06-30,0.1293,EUR/kWh,EUR,,primary
nrg_pc_205:MWH2000-19999:I_TAX:EUR,IE,cost,industrial,,,2015-07-01,2015-12-31,0.1234,EUR/kWh,EUR,,primary
nrg_pc_205:MWH2000-19999:I_TAX:EUR,IE,cost,industrial,,,2016-01-01,2016-06-30,0.1126,EUR/kWh,EUR,,primary
nrg_pc_205:MWH2000-19999:I_TAX:EUR,IE,cost,industrial,,,2016-07-01,2016-12-31,0.1129,EUR/kWh,EUR,,primary
nrg_pc_205:MWH2000-19999:I_TAX:EUR,IE,cost,industrial,,,2017-01-01,2017-06-30,0.1142,EUR/kWh,EUR,,primary
nrg_pc_205:MWH2000-19999:I_TAX:EUR,IE,cost,industrial,,,2017-07-01,2017-12-31,0.1114,EUR/kWh,EUR,,primary
nrg_pc_205:MWH2000-19999:I_TAX:EUR,IE,cost,industrial,,,2018-01-01,2018-06-30,0.1193,EUR/kWh,EUR,,primary
nrg_pc_205:MWH2000-19999:I_TAX:EUR,IE,cost,industrial,,,2018-07-01,2018-12-31,0.1227,EUR/kWh,EUR,,primary
nrg_pc_205:MWH2000-19999:I_TAX:EUR,IE,cost,industrial,,,2019-01-01,2019-06-30,0.1178,EUR/kWh,EUR,,primary
nrg_pc_205:MWH2000-19999:I_TAX:EUR,IE,cost,industrial,,,2019-07-01,2019-12-31,0.1152,EUR/kWh,EUR,,primary
nrg_pc_205:MWH2000-19999:I_TAX:EUR,IE,cost,industrial,,,2020-01-01,2020-06-30,0.1129,EUR/kWh,EUR,,primary
nrg_pc_205:MWH2000-19999:I_TAX:EUR,IE,cost,industrial,,,2020-07-01,2020-12-31,0.118,EUR/kWh,EUR,,primary
nrg_pc_205:MWH2000-19999:I_TAX:EUR,IE,cost,industrial,,,2021-01-01,2021-06-30,0.1346,EUR/kWh,EUR,,primary
nrg_pc_205:MWH2000-19999:I_TAX:EUR,IE,cost,industrial,,,2021-07-01,2021-12-31,0.1855,EUR/kWh,EUR,,primary
nrg_pc_205:MWH2000-19999:I_TAX:EUR,IE,cost,industrial,,,2022-01-01,2022-06-30,0.2114,EUR/kWh,EUR,,primary
nrg_pc_205:MWH2000-19999:I_TAX:EUR,IE,cost,industrial,,,2022-07-01,2022-12-31,0.267,EUR/kWh,EUR,,primary
nrg_pc_205:MWH2000-19999:I_TAX:EUR,IE,cost,industrial,,,2023-01-01,2023-06-30,0.2581,EUR/kWh,EUR,,primary
nrg_pc_205:MWH2000-19999:I_TAX:EUR,IE,cost,industrial,,,2023-07-01,2023-12-31,0.2342,EUR/kWh,EUR,,primary
nrg_pc_205:MWH2000-19999:I_TAX:EUR,IE,cost,industrial,,,2024-01-01,2024-06-30,0.2334,EUR/kWh,EUR,,primary
nrg_pc_205:MWH2000-19999:I_TAX:EUR,IE,cost,industrial,,,2024-07-01,2024-12-31,0.2385,EUR/kWh,EUR,,primary
nrg_pc_205:MWH2000-19999:I_TAX:EUR,IE,cost,industrial,,,2025-01-01,2025-06-30,0.2527,EUR/kWh,EUR,,primary
nrg_pc_205:MWH2000-19999:I_TAX:EUR,IE,cost,industrial,,,2025-07-01,2025-12-31,0.2349,EUR/kWh,EUR,,primary
nrg_pc_205:MWH2000-19999:I_TAX:EUR,IE,cost,industrial,,,2026-01-01,2026-06-30,0.2479,EUR/kWh,EUR,,primary
nrg_pc_205:MWH2000-19999:I_TAX:EUR,IT,cost,industrial,,,2015-01-01,2015-06-30,0.1663,EUR/kWh,EUR,,primary
nrg_pc_205:MWH2000-19999:I_TAX:EUR,IT,cost,industrial,,,2015-07-01,2015-12-31,0.166,EUR/kWh,EUR,,primary
nrg_pc_205:MWH2000-19999:I_TAX:EUR,IT,cost,industrial,,,2016-01-01,2016-06-30,0.1572,EUR/kWh,EUR,,primary
nrg_pc_205:MWH2000-19999:I_TAX:EUR,IT,cost,industrial,,,2016-07-01,2016-12-31,0.1611,EUR/kWh,EUR,,primary
nrg_pc_205:MWH2000-19999:I_TAX:EUR,IT,cost,industrial,,,2017-01-01,2017-06-30,0.1508,EUR/kWh,EUR,,primary
nrg_pc_205:MWH2000-19999:I_TAX:EUR,IT,cost,industrial,,,2017-07-01,2017-12-31,0.1486,EUR/kWh,EUR,,primary
nrg_pc_205:MWH2000-19999:I_TAX:EUR,IT,cost,industrial,,,2018-01-01,2018-06-30,0.1335,EUR/kWh,EUR,,primary
nrg_pc_205:MWH2000-19999:I_TAX:EUR,IT,cost,industrial,,,2018-07-01,2018-12-31,0.1367,EUR/kWh,EUR,,primary
nrg_pc_205:MWH2000-19999:I_TAX:EUR,IT,cost,industrial,,,2019-01-01,2019-06-30,0.1587,EUR/kWh,EUR,,primary
nrg_pc_205:MWH2000-19999:I_TAX:EUR,IT,cost,industrial,,,2019-07-01,2019-12-31,0.1575,EUR/kWh,EUR,,primary
nrg_pc_205:MWH2000-19999:I_TAX:EUR,IT,cost,industrial,,,2020-01-01,2020-06-30,0.1437,EUR/kWh,EUR,,primary
nrg_pc_205:MWH2000-19999:I_TAX:EUR,IT,cost,industrial,,,2020-07-01,2020-12-31,0.1469,EUR/kWh,EUR,,primary
nrg_pc_205:MWH2000-19999:I_TAX:EUR,IT,cost,industrial,,,2021-01-01,2021-06-30,0.1507,EUR/kWh,EUR,,primary
nrg_pc_205:MWH2000-19999:I_TAX:EUR,IT,cost,industrial,,,2021-07-01,2021-12-31,0.1801,EUR/kWh,EUR,,primary
nrg_pc_205:MWH2000-19999:I_TAX:EUR,IT,cost,industrial,,,2022-01-01,2022-06-30,0.2639,EUR/kWh,EUR,,primary
nrg_pc_205:MWH2000-19999:I_TAX:EUR,IT,cost,industrial,,,2022-07-01,2022-12-31,0.3542,EUR/kWh,EUR,,primary
nrg_pc_205:MWH2000-19999:I_TAX:EUR,IT,cost,industrial,,,2023-01-01,2023-06-30,0.2703,EUR/kWh,EUR,,primary
nrg_pc_205:MWH2000-19999:I_TAX:EUR,IT,cost,industrial,,,2023-07-01,2023-12-31,0.2331,EUR/kWh,EUR,,primary
nrg_pc_205:MWH2000-19999:I_TAX:EUR,IT,cost,industrial,,,2024-01-01,2024-06-30,0.2081,EUR/kWh,EUR,,primary
nrg_pc_205:MWH2000-19999:I_TAX:EUR,IT,cost,industrial,,,2024-07-01,2024-12-31,0.2253,EUR/kWh,EUR,,primary
nrg_pc_205:MWH2000-19999:I_TAX:EUR,IT,cost,industrial,,,2025-01-01,2025-06-30,0.2277,EUR/kWh,EUR,,primary
nrg_pc_205:MWH2000-19999:I_TAX:EUR,IT,cost,industrial,,,2025-07-01,2025-12-31,0.2177,EUR/kWh,EUR,,primary
nrg_pc_205:MWH2000-19999:I_TAX:EUR,IT,cost,industrial,,,2026-01-01,2026-06-30,0.2219,EUR/kWh,EUR,,primary
nrg_pc_205:MWH2000-19999:I_TAX:EUR,LT,cost,industrial,,,2015-01-01,2015-06-30,0.1098,EUR/kWh,EUR,,primary
nrg_pc_205:MWH2000-19999:I_TAX:EUR,LT,cost,industrial,,,2015-07-01,2015-12-31,0.1093,EUR/kWh,EUR,,primary
nrg_pc_205:MWH2000-19999:I_TAX:EUR,LT,cost,industrial,,,2016-01-01,2016-06-30,0.101,EUR/kWh,EUR,,primary
nrg_pc_205:MWH2000-19999:I_TAX:EUR,LT,cost,industrial,,,2016-07-01,2016-12-31,0.0959,EUR/kWh,EUR,,primary
nrg_pc_205:MWH2000-19999:I_TAX:EUR,LT,cost,industrial,,,2017-01-01,2017-06-30,0.0913,EUR/kWh,EUR,,primary
nrg_pc_205:MWH2000-19999:I_TAX:EUR,LT,cost,industrial,,,2017-07-01,2017-12-31,0.0902,EUR/kWh,EUR,,primary
nrg_pc_205:MWH2000-19999:I_TAX:EUR,LT,cost,industrial,,,2018-01-01,2018-06-30,0.0917,EUR/kWh,EUR,,primary
nrg_pc_205:MWH2000-19999:I_TAX:EUR,LT,cost,industrial,,,2018-07-01,2018-12-31,0.0983,EUR/kWh,EUR,,primary
nrg_pc_205:MWH2000-19999:I_TAX:EUR,LT,cost,industrial,,,2019-01-01,2019-06-30,0.1023,EUR/kWh,EUR,,primary
nrg_pc_205:MWH2000-19999:I_TAX:EUR,LT,cost,industrial,,,2019-07-01,2019-12-31,0.1022,EUR/kWh,EUR,,primary
nrg_pc_205:MWH2000-19999:I_TAX:EUR,LT,cost,industrial,,,2020-01-01,2020-06-30,0.097,EUR/kWh,EUR,,primary
nrg_pc_205:MWH2000-19999:I_TAX:EUR,LT,cost,industrial,,,2020-07-01,2020-12-31,0.1082,EUR/kWh,EUR,,primary
nrg_pc_205:MWH2000-19999:I_TAX:EUR,LT,cost,industrial,,,2021-01-01,2021-06-30,0.1117,EUR/kWh,EUR,,primary
nrg_pc_205:MWH2000-19999:I_TAX:EUR,LT,cost,industrial,,,2021-07-01,2021-12-31,0.1528,EUR/kWh,EUR,,primary
nrg_pc_205:MWH2000-19999:I_TAX:EUR,LT,cost,industrial,,,2022-01-01,2022-06-30,0.1738,EUR/kWh,EUR,,primary
nrg_pc_205:MWH2000-19999:I_TAX:EUR,LT,cost,industrial,,,2022-07-01,2022-12-31,0.2965,EUR/kWh,EUR,,primary
nrg_pc_205:MWH2000-19999:I_TAX:EUR,LT,cost,industrial,,,2023-01-01,2023-06-30,0.1789,EUR/kWh,EUR,,primary
nrg_pc_205:MWH2000-19999:I_TAX:EUR,LT,cost,industrial,,,2023-07-01,2023-12-31,0.1797,EUR/kWh,EUR,,primary
nrg_pc_205:MWH2000-19999:I_TAX:EUR,LT,cost,industrial,,,2024-01-01,2024-06-30,0.1744,EUR/kWh,EUR,,primary
nrg_pc_205:MWH2000-19999:I_TAX:EUR,LT,cost,industrial,,,2024-07-01,2024-12-31,0.1729,EUR/kWh,EUR,,primary
nrg_pc_205:MWH2000-19999:I_TAX:EUR,LT,cost,industrial,,,2025-01-01,2025-06-30,0.1626,EUR/kWh,EUR,,primary
nrg_pc_205:MWH2000-19999:I_TAX:EUR,LT,cost,industrial,,,2025-07-01,2025-12-31,0.1642,EUR/kWh,EUR,,primary
nrg_pc_205:MWH2000-19999:I_TAX:EUR,LT,cost,industrial,,,2026-01-01,2026-06-30,0.1758,EUR/kWh,EUR,,primary
nrg_pc_205:MWH2000-19999:I_TAX:EUR,LU,cost,industrial,,,2015-01-01,2015-06-30,0.069,EUR/kWh,EUR,,primary
nrg_pc_205:MWH2000-19999:I_TAX:EUR,LU,cost,industrial,,,2015-07-01,2015-12-31,0.0631,EUR/kWh,EUR,,primary
nrg_pc_205:MWH2000-19999:I_TAX:EUR,LU,cost,industrial,,,2016-01-01,2016-06-30,0.0583,EUR/kWh,EUR,,primary
nrg_pc_205:MWH2000-19999:I_TAX:EUR,LU,cost,industrial,,,2016-07-01,2016-12-31,0.0587,EUR/kWh,EUR,,primary
nrg_pc_205:MWH2000-19999:I_TAX:EUR,LU,cost,industrial,,,2017-01-01,2017-06-30,0.0696,EUR/kWh,EUR,,primary
nrg_pc_205:MWH2000-19999:I_TAX:EUR,LU,cost,industrial,,,2017-07-01,2017-12-31,0.0719,EUR/kWh,EUR,,primary
nrg_pc_205:MWH2000-19999:I_TAX:EUR,LU,cost,industrial,,,2018-01-01,2018-06-30,0.0731,EUR/kWh,EUR,,primary
nrg_pc_205:MWH2000-19999:I_TAX:EUR,LU,cost,industrial,,,2018-07-01,2018-12-31,0.074,EUR/kWh,EUR,,primary
nrg_pc_205:MWH2000-19999:I_TAX:EUR,LU,cost,industrial,,,2019-01-01,2019-06-30,0.0778,EUR/kWh,EUR,,primary
nrg_pc_205:MWH2000-19999:I_TAX:EUR,LU,cost,industrial,,,2019-07-01,2019-12-31,0.0798,EUR/kWh,EUR,,primary
nrg_pc_205:MWH2000-19999:I_TAX:EUR,LU,cost,industrial,,,2020-01-01,2020-06-30,0.0601,EUR/kWh,EUR,,primary
nrg_pc_205:MWH2000-19999:I_TAX:EUR,LU,cost,industrial,,,2020-07-01,2020-12-31,0.0824,EUR/kWh,EUR,,primary
nrg_pc_205:MWH2000-19999:I_TAX:EUR,LU,cost,industrial,,,2021-01-01,2021-06-30,0.0821,EUR/kWh,EUR,,primary
nrg_pc_205:MWH2000-19999:I_TAX:EUR,LU,cost,industrial,,,2021-07-01,2021-12-31,0.0898,EUR/kWh,EUR,,primary
nrg_pc_205:MWH2000-19999:I_TAX:EUR,LU,cost,industrial,,,2022-01-01,2022-06-30,0.1302,EUR/kWh,EUR,,primary
nrg_pc_205:MWH2000-19999:I_TAX:EUR,LU,cost,industrial,,,2022-07-01,2022-12-31,0.1499,EUR/kWh,EUR,,primary
nrg_pc_205:MWH2000-19999:I_TAX:EUR,LU,cost,industrial,,,2023-01-01,2023-06-30,0.2435,EUR/kWh,EUR,,primary
nrg_pc_205:MWH2000-19999:I_TAX:EUR,LU,cost,industrial,,,2023-07-01,2023-12-31,0.2191,EUR/kWh,EUR,,primary
nrg_pc_205:MWH2000-19999:I_TAX:EUR,LU,cost,industrial,,,2024-01-01,2024-06-30,0.1867,EUR/kWh,EUR,,primary
nrg_pc_205:MWH2000-19999:I_TAX:EUR,LU,cost,industrial,,,2024-07-01,2024-12-31,0.1869,EUR/kWh,EUR,,primary
nrg_pc_205:MWH2000-19999:I_TAX:EUR,LU,cost,industrial,,,2025-01-01,2025-06-30,0.1598,EUR/kWh,EUR,,primary
nrg_pc_205:MWH2000-19999:I_TAX:EUR,LU,cost,industrial,,,2025-07-01,2025-12-31,0.1564,EUR/kWh,EUR,,primary
nrg_pc_205:MWH2000-19999:I_TAX:EUR,LU,cost,industrial,,,2026-01-01,2026-06-30,0.1316,EUR/kWh,EUR,,primary
nrg_pc_205:MWH2000-19999:I_TAX:EUR,LV,cost,industrial,,,2015-01-01,2015-06-30,0.1308,EUR/kWh,EUR,,primary
nrg_pc_205:MWH2000-19999:I_TAX:EUR,LV,cost,industrial,,,2015-07-01,2015-12-31,0.1297,EUR/kWh,EUR,,primary
nrg_pc_205:MWH2000-19999:I_TAX:EUR,LV,cost,industrial,,,2016-01-01,2016-06-30,0.13,EUR/kWh,EUR,,primary
nrg_pc_205:MWH2000-19999:I_TAX:EUR,LV,cost,industrial,,,2016-07-01,2016-12-31,0.1297,EUR/kWh,EUR,,primary
nrg_pc_205:MWH2000-19999:I_TAX:EUR,LV,cost,industrial,,,2017-01-01,2017-06-30,0.125,EUR/kWh,EUR,,primary
nrg_pc_205:MWH2000-19999:I_TAX:EUR,LV,cost,industrial,,,2017-07-01,2017-12-31,0.1243,EUR/kWh,EUR,,primary
nrg_pc_205:MWH2000-19999:I_TAX:EUR,LV,cost,industrial,,,2018-01-01,2018-06-30,0.1046,EUR/kWh,EUR,,primary
nrg_pc_205:MWH2000-19999:I_TAX:EUR,LV,cost,industrial,,,2018-07-01,2018-12-31,0.1094,EUR/kWh,EUR,,primary
nrg_pc_205:MWH2000-19999:I_TAX:EUR,LV,cost,industrial,,,2019-01-01,2019-06-30,0.1107,EUR/kWh,EUR,,primary
nrg_pc_205:MWH2000-19999:I_TAX:EUR,LV,cost,industrial,,,2019-07-01,2019-12-31,0.1116,EUR/kWh,EUR,,primary
nrg_pc_205:MWH2000-19999:I_TAX:EUR,LV,cost,industrial,,,2020-01-01,2020-06-30,0.1022,EUR/kWh,EUR,,primary
nrg_pc_205:MWH2000-19999:I_TAX:EUR,LV,cost,industrial,,,2020-07-01,2020-12-31,0.1075,EUR/kWh,EUR,,primary
nrg_pc_205:MWH2000-19999:I_TAX:EUR,LV,cost,industrial,,,2021-01-01,2021-06-30,0.1042,EUR/kWh,EUR,,primary
nrg_pc_205:MWH2000-19999:I_TAX:EUR,LV,cost,industrial,,,2021-07-01,2021-12-31,0.1497,EUR/kWh,EUR,,primary
nrg_pc_205:MWH2000-19999:I_TAX:EUR,LV,cost,industrial,,,2022-01-01,2022-06-30,0.1552,EUR/kWh,EUR,,primary
nrg_pc_205:MWH2000-19999:I_TAX:EUR,LV,cost,industrial,,,2022-07-01,2022-12-31,0.281,EUR/kWh,EUR,,primary
nrg_pc_205:MWH2000-19999:I_TAX:EUR,LV,cost,industrial,,,2023-01-01,2023-06-30,0.1614,EUR/kWh,EUR,,primary
nrg_pc_205:MWH2000-19999:I_TAX:EUR,LV,cost,industrial,,,2023-07-01,2023-12-31,0.1631,EUR/kWh,EUR,,primary
nrg_pc_205:MWH2000-19999:I_TAX:EUR,LV,cost,industrial,,,2024-01-01,2024-06-30,0.1477,EUR/kWh,EUR,,primary
nrg_pc_205:MWH2000-19999:I_TAX:EUR,LV,cost,industrial,,,2024-07-01,2024-12-31,0.1479,EUR/kWh,EUR,,primary
nrg_pc_205:MWH2000-19999:I_TAX:EUR,LV,cost,industrial,,,2025-01-01,2025-06-30,0.1367,EUR/kWh,EUR,,primary
nrg_pc_205:MWH2000-19999:I_TAX:EUR,LV,cost,industrial,,,2025-07-01,2025-12-31,0.1406,EUR/kWh,EUR,,primary
nrg_pc_205:MWH2000-19999:I_TAX:EUR,LV,cost,industrial,,,2026-01-01,2026-06-30,0.1438,EUR/kWh,EUR,,primary
nrg_pc_205:MWH2000-19999:I_TAX:EUR,MT,cost,industrial,,,2015-01-01,2015-06-30,0.1482,EUR/kWh,EUR,,primary
nrg_pc_205:MWH2000-19999:I_TAX:EUR,MT,cost,industrial,,,2015-07-01,2015-12-31,0.1301,EUR/kWh,EUR,,primary
nrg_pc_205:MWH2000-19999:I_TAX:EUR,MT,cost,industrial,,,2016-01-01,2016-06-30,0.1282,EUR/kWh,EUR,,primary
nrg_pc_205:MWH2000-19999:I_TAX:EUR,MT,cost,industrial,,,2016-07-01,2016-12-31,0.1294,EUR/kWh,EUR,,primary
nrg_pc_205:MWH2000-19999:I_TAX:EUR,MT,cost,industrial,,,2017-01-01,2017-06-30,0.1263,EUR/kWh,EUR,,primary
nrg_pc_205:MWH2000-19999:I_TAX:EUR,MT,cost,industrial,,,2017-07-01,2017-12-31,0.1259,EUR/kWh,EUR,,primary
nrg_pc_205:MWH2000-19999:I_TAX:EUR,MT,cost,industrial,,,2018-01-01,2018-06-30,0.1258,EUR/kWh,EUR,,primary
nrg_pc_205:MWH2000-19999:I_TAX:EUR,MT,cost,industrial,,,2018-07-01,2018-12-31,0.1255,EUR/kWh,EUR,,primary
nrg_pc_205:MWH2000-19999:I_TAX:EUR,MT,cost,industrial,,,2019-01-01,2019-06-30,0.125,EUR/kWh,EUR,,primary
nrg_pc_205:MWH2000-19999:I_TAX:EUR,MT,cost,industrial,,,2019-07-01,2019-12-31,0.1244,EUR/kWh,EUR,,primary
nrg_pc_205:MWH2000-19999:I_TAX:EUR,MT,cost,industrial,,,2020-01-01,2020-06-30,0.1242,EUR/kWh,EUR,,primary
nrg_pc_205:MWH2000-19999:I_TAX:EUR,MT,cost,industrial,,,2020-07-01,2020-12-31,0.1243,EUR/kWh,EUR,,primary
nrg_pc_205:MWH2000-19999:I_TAX:EUR,MT,cost,industrial,,,2021-01-01,2021-06-30,0.1245,EUR/kWh,EUR,,primary
nrg_pc_205:MWH2000-19999:I_TAX:EUR,MT,cost,industrial,,,2021-07-01,2021-12-31,0.1286,EUR/kWh,EUR,,primary
nrg_pc_205:MWH2000-19999:I_TAX:EUR,MT,cost,industrial,,,2022-01-01,2022-06-30,0.1247,EUR/kWh,EUR,,primary
nrg_pc_205:MWH2000-19999:I_TAX:EUR,MT,cost,industrial,,,2022-07-01,2022-12-31,0.1245,EUR/kWh,EUR,,primary
nrg_pc_205:MWH2000-19999:I_TAX:EUR,MT,cost,industrial,,,2023-01-01,2023-06-30,0.1286,EUR/kWh,EUR,,primary
nrg_pc_205:MWH2000-19999:I_TAX:EUR,MT,cost,industrial,,,2023-07-01,2023-12-31,0.1285,EUR/kWh,EUR,,primary
nrg_pc_205:MWH2000-19999:I_TAX:EUR,MT,cost,industrial,,,2024-01-01,2024-06-30,0.1285,EUR/kWh,EUR,,primary
nrg_pc_205:MWH2000-19999:I_TAX:EUR,MT,cost,industrial,,,2024-07-01,2024-12-31,0.1242,EUR/kWh,EUR,,primary
nrg_pc_205:MWH2000-19999:I_TAX:EUR,MT,cost,industrial,,,2025-01-01,2025-06-30,0.1236,EUR/kWh,EUR,,primary
nrg_pc_205:MWH2000-19999:I_TAX:EUR,MT,cost,industrial,,,2025-07-01,2025-12-31,0.1257,EUR/kWh,EUR,,primary
nrg_pc_205:MWH2000-19999:I_TAX:EUR,MT,cost,industrial,,,2026-01-01,2026-06-30,0.1247,EUR/kWh,EUR,p,primary
nrg_pc_205:MWH2000-19999:I_TAX:EUR,NL,cost,industrial,,,2015-01-01,2015-06-30,0.0989,EUR/kWh,EUR,,primary
nrg_pc_205:MWH2000-19999:I_TAX:EUR,NL,cost,industrial,,,2015-07-01,2015-12-31,0.0964,EUR/kWh,EUR,,primary
nrg_pc_205:MWH2000-19999:I_TAX:EUR,NL,cost,industrial,,,2016-01-01,2016-06-30,0.0937,EUR/kWh,EUR,,primary
nrg_pc_205:MWH2000-19999:I_TAX:EUR,NL,cost,industrial,,,2016-07-01,2016-12-31,0.0927,EUR/kWh,EUR,,primary
nrg_pc_205:MWH2000-19999:I_TAX:EUR,NL,cost,industrial,,,2017-01-01,2017-06-30,0.088,EUR/kWh,EUR,,primary
nrg_pc_205:MWH2000-19999:I_TAX:EUR,NL,cost,industrial,,,2017-07-01,2017-12-31,0.086,EUR/kWh,EUR,,primary
nrg_pc_205:MWH2000-19999:I_TAX:EUR,NL,cost,industrial,,,2018-01-01,2018-06-30,0.091,EUR/kWh,EUR,,primary
nrg_pc_205:MWH2000-19999:I_TAX:EUR,NL,cost,industrial,,,2018-07-01,2018-12-31,0.094,EUR/kWh,EUR,,primary
nrg_pc_205:MWH2000-19999:I_TAX:EUR,NL,cost,industrial,,,2019-01-01,2019-06-30,0.107,EUR/kWh,EUR,,primary
nrg_pc_205:MWH2000-19999:I_TAX:EUR,NL,cost,industrial,,,2019-07-01,2019-12-31,0.106,EUR/kWh,EUR,,primary
nrg_pc_205:MWH2000-19999:I_TAX:EUR,NL,cost,industrial,,,2020-01-01,2020-06-30,0.1216,EUR/kWh,EUR,,primary
nrg_pc_205:MWH2000-19999:I_TAX:EUR,NL,cost,industrial,,,2020-07-01,2020-12-31,0.121,EUR/kWh,EUR,,primary
nrg_pc_205:MWH2000-19999:I_TAX:EUR,NL,cost,industrial,,,2021-01-01,2021-06-30,0.1297,EUR/kWh,EUR,,primary
nrg_pc_205:MWH2000-19999:I_TAX:EUR,NL,cost,industrial,,,2021-07-01,2021-12-31,0.1559,EUR/kWh,EUR,,primary
nrg_pc_205:MWH2000-19999:I_TAX:EUR,NL,cost,industrial,,,2022-01-01,2022-06-30,0.2108,EUR/kWh,EUR,,primary
nrg_pc_205:MWH2000-19999:I_TAX:EUR,NL,cost,industrial,,,2022-07-01,2022-12-31,0.2294,EUR/kWh,EUR,,primary
nrg_pc_205:MWH2000-19999:I_TAX:EUR,NL,cost,industrial,,,2023-01-01,2023-06-30,0.3031,EUR/kWh,EUR,,primary
nrg_pc_205:MWH2000-19999:I_TAX:EUR,NL,cost,industrial,,,2023-07-01,2023-12-31,0.2769,EUR/kWh,EUR,,primary
nrg_pc_205:MWH2000-19999:I_TAX:EUR,NL,cost,industrial,,,2024-01-01,2024-06-30,0.2367,EUR/kWh,EUR,,primary
nrg_pc_205:MWH2000-19999:I_TAX:EUR,NL,cost,industrial,,,2024-07-01,2024-12-31,0.2372,EUR/kWh,EUR,,primary
nrg_pc_205:MWH2000-19999:I_TAX:EUR,NL,cost,industrial,,,2025-01-01,2025-06-30,0.2286,EUR/kWh,EUR,,primary
nrg_pc_205:MWH2000-19999:I_TAX:EUR,NL,cost,industrial,,,2025-07-01,2025-12-31,0.2207,EUR/kWh,EUR,,primary
nrg_pc_205:MWH2000-19999:I_TAX:EUR,NL,cost,industrial,,,2026-01-01,2026-06-30,0.2207,EUR/kWh,EUR,,primary
nrg_pc_205:MWH2000-19999:I_TAX:EUR,PL,cost,industrial,,,2015-01-01,2015-06-30,0.0944,EUR/kWh,EUR,,primary
nrg_pc_205:MWH2000-19999:I_TAX:EUR,PL,cost,industrial,,,2015-07-01,2015-12-31,0.0925,EUR/kWh,EUR,,primary
nrg_pc_205:MWH2000-19999:I_TAX:EUR,PL,cost,industrial,,,2016-01-01,2016-06-30,0.0882,EUR/kWh,EUR,,primary
nrg_pc_205:MWH2000-19999:I_TAX:EUR,PL,cost,industrial,,,2016-07-01,2016-12-31,0.0873,EUR/kWh,EUR,,primary
nrg_pc_205:MWH2000-19999:I_TAX:EUR,PL,cost,industrial,,,2017-01-01,2017-06-30,0.0937,EUR/kWh,EUR,,primary
nrg_pc_205:MWH2000-19999:I_TAX:EUR,PL,cost,industrial,,,2017-07-01,2017-12-31,0.093,EUR/kWh,EUR,,primary
nrg_pc_205:MWH2000-19999:I_TAX:EUR,PL,cost,industrial,,,2018-01-01,2018-06-30,0.0955,EUR/kWh,EUR,,primary
nrg_pc_205:MWH2000-19999:I_TAX:EUR,PL,cost,industrial,,,2018-07-01,2018-12-31,0.096,EUR/kWh,EUR,,primary
nrg_pc_205:MWH2000-19999:I_TAX:EUR,PL,cost,industrial,,,2019-01-01,2019-06-30,0.1138,EUR/kWh,EUR,,primary
nrg_pc_205:MWH2000-19999:I_TAX:EUR,PL,cost,industrial,,,2019-07-01,2019-12-31,0.0944,EUR/kWh,EUR,,primary
nrg_pc_205:MWH2000-19999:I_TAX:EUR,PL,cost,industrial,,,2020-01-01,2020-06-30,0.1207,EUR/kWh,EUR,,primary
nrg_pc_205:MWH2000-19999:I_TAX:EUR,PL,cost,industrial,,,2020-07-01,2020-12-31,0.1183,EUR/kWh,EUR,,primary
nrg_pc_205:MWH2000-19999:I_TAX:EUR,PL,cost,industrial,,,2021-01-01,2021-06-30,0.1178,EUR/kWh,EUR,,primary
nrg_pc_205:MWH2000-19999:I_TAX:EUR,PL,cost,industrial,,,2021-07-01,2021-12-31,0.122,EUR/kWh,EUR,,primary
nrg_pc_205:MWH2000-19999:I_TAX:EUR,PL,cost,industrial,,,2022-01-01,2022-06-30,0.1578,EUR/kWh,EUR,,primary
nrg_pc_205:MWH2000-19999:I_TAX:EUR,PL,cost,industrial,,,2022-07-01,2022-12-31,0.1772,EUR/kWh,EUR,,primary
nrg_pc_205:MWH2000-19999:I_TAX:EUR,PL,cost,industrial,,,2023-01-01,2023-06-30,0.257,EUR/kWh,EUR,,primary
nrg_pc_205:MWH2000-19999:I_TAX:EUR,PL,cost,industrial,,,2023-07-01,2023-12-31,0.2454,EUR/kWh,EUR,,primary
nrg_pc_205:MWH2000-19999:I_TAX:EUR,PL,cost,industrial,,,2024-01-01,2024-06-30,0.222,EUR/kWh,EUR,,primary
nrg_pc_205:MWH2000-19999:I_TAX:EUR,PL,cost,industrial,,,2024-07-01,2024-12-31,0.231,EUR/kWh,EUR,,primary
nrg_pc_205:MWH2000-19999:I_TAX:EUR,PL,cost,industrial,,,2025-01-01,2025-06-30,0.2124,EUR/kWh,EUR,,primary
nrg_pc_205:MWH2000-19999:I_TAX:EUR,PL,cost,industrial,,,2025-07-01,2025-12-31,0.2135,EUR/kWh,EUR,,primary
nrg_pc_205:MWH2000-19999:I_TAX:EUR,PL,cost,industrial,,,2026-01-01,2026-06-30,0.2228,EUR/kWh,EUR,,primary
nrg_pc_205:MWH2000-19999:I_TAX:EUR,PT,cost,industrial,,,2015-01-01,2015-06-30,0.1269,EUR/kWh,EUR,,primary
nrg_pc_205:MWH2000-19999:I_TAX:EUR,PT,cost,industrial,,,2015-07-01,2015-12-31,0.1277,EUR/kWh,EUR,,primary
nrg_pc_205:MWH2000-19999:I_TAX:EUR,PT,cost,industrial,,,2016-01-01,2016-06-30,0.1254,EUR/kWh,EUR,,primary
nrg_pc_205:MWH2000-19999:I_TAX:EUR,PT,cost,industrial,,,2016-07-01,2016-12-31,0.1263,EUR/kWh,EUR,,primary
nrg_pc_205:MWH2000-19999:I_TAX:EUR,PT,cost,industrial,,,2017-01-01,2017-06-30,0.1268,EUR/kWh,EUR,,primary
nrg_pc_205:MWH2000-19999:I_TAX:EUR,PT,cost,industrial,,,2017-07-01,2017-12-31,0.1283,EUR/kWh,EUR,,primary
nrg_pc_205:MWH2000-19999:I_TAX:EUR,PT,cost,industrial,,,2018-01-01,2018-06-30,0.1289,EUR/kWh,EUR,,primary
nrg_pc_205:MWH2000-19999:I_TAX:EUR,PT,cost,industrial,,,2018-07-01,2018-12-31,0.1341,EUR/kWh,EUR,,primary
nrg_pc_205:MWH2000-19999:I_TAX:EUR,PT,cost,industrial,,,2019-01-01,2019-06-30,0.1224,EUR/kWh,EUR,,primary
nrg_pc_205:MWH2000-19999:I_TAX:EUR,PT,cost,industrial,,,2019-07-01,2019-12-31,0.1288,EUR/kWh,EUR,,primary
nrg_pc_205:MWH2000-19999:I_TAX:EUR,PT,cost,industrial,,,2020-01-01,2020-06-30,0.1249,EUR/kWh,EUR,,primary
nrg_pc_205:MWH2000-19999:I_TAX:EUR,PT,cost,industrial,,,2020-07-01,2020-12-31,0.1232,EUR/kWh,EUR,,primary
nrg_pc_205:MWH2000-19999:I_TAX:EUR,PT,cost,industrial,,,2021-01-01,2021-06-30,0.1183,EUR/kWh,EUR,,primary
nrg_pc_205:MWH2000-19999:I_TAX:EUR,PT,cost,industrial,,,2021-07-01,2021-12-31,0.1449,EUR/kWh,EUR,,primary
nrg_pc_205:MWH2000-19999:I_TAX:EUR,PT,cost,industrial,,,2022-01-01,2022-06-30,0.1613,EUR/kWh,EUR,,primary
nrg_pc_205:MWH2000-19999:I_TAX:EUR,PT,cost,industrial,,,2022-07-01,2022-12-31,0.1656,EUR/kWh,EUR,,primary
nrg_pc_205:MWH2000-19999:I_TAX:EUR,PT,cost,industrial,,,2023-01-01,2023-06-30,0.1065,EUR/kWh,EUR,,primary
nrg_pc_205:MWH2000-19999:I_TAX:EUR,PT,cost,industrial,,,2023-07-01,2023-12-31,0.1357,EUR/kWh,EUR,,primary
nrg_pc_205:MWH2000-19999:I_TAX:EUR,PT,cost,industrial,,,2024-01-01,2024-06-30,0.1288,EUR/kWh,EUR,,primary
nrg_pc_205:MWH2000-19999:I_TAX:EUR,PT,cost,industrial,,,2024-07-01,2024-12-31,0.1525,EUR/kWh,EUR,,primary
nrg_pc_205:MWH2000-19999:I_TAX:EUR,PT,cost,industrial,,,2025-01-01,2025-06-30,0.15,EUR/kWh,EUR,,primary
nrg_pc_205:MWH2000-19999:I_TAX:EUR,PT,cost,industrial,,,2025-07-01,2025-12-31,0.1482,EUR/kWh,EUR,,primary
nrg_pc_205:MWH2000-19999:I_TAX:EUR,PT,cost,industrial,,,2026-01-01,2026-06-30,0.1383,EUR/kWh,EUR,,primary
nrg_pc_205:MWH2000-19999:I_TAX:EUR,RO,cost,industrial,,,2015-01-01,2015-06-30,0.0927,EUR/kWh,EUR,,primary
nrg_pc_205:MWH2000-19999:I_TAX:EUR,RO,cost,industrial,,,2015-07-01,2015-12-31,0.0886,EUR/kWh,EUR,,primary
nrg_pc_205:MWH2000-19999:I_TAX:EUR,RO,cost,industrial,,,2016-01-01,2016-06-30,0.0819,EUR/kWh,EUR,,primary
nrg_pc_205:MWH2000-19999:I_TAX:EUR,RO,cost,industrial,,,2016-07-01,2016-12-31,0.0865,EUR/kWh,EUR,,primary
nrg_pc_205:MWH2000-19999:I_TAX:EUR,RO,cost,industrial,,,2017-01-01,2017-06-30,0.0848,EUR/kWh,EUR,,primary
nrg_pc_205:MWH2000-19999:I_TAX:EUR,RO,cost,industrial,,,2017-07-01,2017-12-31,0.0868,EUR/kWh,EUR,,primary
nrg_pc_205:MWH2000-19999:I_TAX:EUR,RO,cost,industrial,,,2018-01-01,2018-06-30,0.0918,EUR/kWh,EUR,,primary
nrg_pc_205:MWH2000-19999:I_TAX:EUR,RO,cost,industrial,,,2018-07-01,2018-12-31,0.0966,EUR/kWh,EUR,,primary
nrg_pc_205:MWH2000-19999:I_TAX:EUR,RO,cost,industrial,,,2019-01-01,2019-06-30,0.1078,EUR/kWh,EUR,,primary
nrg_pc_205:MWH2000-19999:I_TAX:EUR,RO,cost,industrial,,,2019-07-01,2019-12-31,0.1124,EUR/kWh,EUR,,primary
nrg_pc_205:MWH2000-19999:I_TAX:EUR,RO,cost,industrial,,,2020-01-01,2020-06-30,0.1188,EUR/kWh,EUR,,primary
nrg_pc_205:MWH2000-19999:I_TAX:EUR,RO,cost,industrial,,,2020-07-01,2020-12-31,0.1134,EUR/kWh,EUR,,primary
nrg_pc_205:MWH2000-19999:I_TAX:EUR,RO,cost,industrial,,,2021-01-01,2021-06-30,0.1094,EUR/kWh,EUR,,primary
nrg_pc_205:MWH2000-19999:I_TAX:EUR,RO,cost,industrial,,,2021-07-01,2021-12-31,0.1539,EUR/kWh,EUR,,primary
nrg_pc_205:MWH2000-19999:I_TAX:EUR,RO,cost,industrial,,,2022-01-01,2022-06-30,0.2941,EUR/kWh,EUR,d,primary
nrg_pc_205:MWH2000-19999:I_TAX:EUR,RO,cost,industrial,,,2022-07-01,2022-12-31,0.3762,EUR/kWh,EUR,d,primary
nrg_pc_205:MWH2000-19999:I_TAX:EUR,RO,cost,industrial,,,2023-01-01,2023-06-30,0.2078,EUR/kWh,EUR,,primary
nrg_pc_205:MWH2000-19999:I_TAX:EUR,RO,cost,industrial,,,2023-07-01,2023-12-31,0.1976,EUR/kWh,EUR,,primary
nrg_pc_205:MWH2000-19999:I_TAX:EUR,RO,cost,industrial,,,2024-01-01,2024-06-30,0.1831,EUR/kWh,EUR,,primary
nrg_pc_205:MWH2000-19999:I_TAX:EUR,RO,cost,industrial,,,2024-07-01,2024-12-31,0.1945,EUR/kWh,EUR,,primary
nrg_pc_205:MWH2000-19999:I_TAX:EUR,RO,cost,industrial,,,2025-01-01,2025-06-30,0.1944,EUR/kWh,EUR,,primary
nrg_pc_205:MWH2000-19999:I_TAX:EUR,RO,cost,industrial,,,2025-07-01,2025-12-31,0.2071,EUR/kWh,EUR,,primary
nrg_pc_205:MWH2000-19999:I_TAX:EUR,RO,cost,industrial,,,2026-01-01,2026-06-30,0.2085,EUR/kWh,EUR,,primary
nrg_pc_205:MWH2000-19999:I_TAX:EUR,SE,cost,industrial,,,2015-01-01,2015-06-30,0.0682,EUR/kWh,EUR,,primary
nrg_pc_205:MWH2000-19999:I_TAX:EUR,SE,cost,industrial,,,2015-07-01,2015-12-31,0.0643,EUR/kWh,EUR,,primary
nrg_pc_205:MWH2000-19999:I_TAX:EUR,SE,cost,industrial,,,2016-01-01,2016-06-30,0.0664,EUR/kWh,EUR,,primary
nrg_pc_205:MWH2000-19999:I_TAX:EUR,SE,cost,industrial,,,2016-07-01,2016-12-31,0.0697,EUR/kWh,EUR,,primary
nrg_pc_205:MWH2000-19999:I_TAX:EUR,SE,cost,industrial,,,2017-01-01,2017-06-30,0.0691,EUR/kWh,EUR,,primary
nrg_pc_205:MWH2000-19999:I_TAX:EUR,SE,cost,industrial,,,2017-07-01,2017-12-31,0.0695,EUR/kWh,EUR,,primary
nrg_pc_205:MWH2000-19999:I_TAX:EUR,SE,cost,industrial,,,2018-01-01,2018-06-30,0.0707,EUR/kWh,EUR,,primary
nrg_pc_205:MWH2000-19999:I_TAX:EUR,SE,cost,industrial,,,2018-07-01,2018-12-31,0.077,EUR/kWh,EUR,,primary
nrg_pc_205:MWH2000-19999:I_TAX:EUR,SE,cost,industrial,,,2019-01-01,2019-06-30,0.083,EUR/kWh,EUR,,primary
nrg_pc_205:MWH2000-19999:I_TAX:EUR,SE,cost,industrial,,,2019-07-01,2019-12-31,0.0745,EUR/kWh,EUR,,primary
nrg_pc_205:MWH2000-19999:I_TAX:EUR,SE,cost,industrial,,,2020-01-01,2020-06-30,0.0596,EUR/kWh,EUR,,primary
nrg_pc_205:MWH2000-19999:I_TAX:EUR,SE,cost,industrial,,,2020-07-01,2020-12-31,0.0693,EUR/kWh,EUR,,primary
nrg_pc_205:MWH2000-19999:I_TAX:EUR,SE,cost,industrial,,,2021-01-01,2021-06-30,0.0756,EUR/kWh,EUR,,primary
nrg_pc_205:MWH2000-19999:I_TAX:EUR,SE,cost,industrial,,,2021-07-01,2021-12-31,0.1105,EUR/kWh,EUR,,primary
nrg_pc_205:MWH2000-19999:I_TAX:EUR,SE,cost,industrial,,,2022-01-01,2022-06-30,0.1226,EUR/kWh,EUR,,primary
nrg_pc_205:MWH2000-19999:I_TAX:EUR,SE,cost,industrial,,,2022-07-01,2022-12-31,0.1684,EUR/kWh,EUR,,primary
nrg_pc_205:MWH2000-19999:I_TAX:EUR,SE,cost,industrial,,,2023-01-01,2023-06-30,0.1227,EUR/kWh,EUR,,primary
nrg_pc_205:MWH2000-19999:I_TAX:EUR,SE,cost,industrial,,,2023-07-01,2023-12-31,0.0973,EUR/kWh,EUR,,primary
nrg_pc_205:MWH2000-19999:I_TAX:EUR,SE,cost,industrial,,,2024-01-01,2024-06-30,0.1046,EUR/kWh,EUR,,primary
nrg_pc_205:MWH2000-19999:I_TAX:EUR,SE,cost,industrial,,,2024-07-01,2024-12-31,0.0907,EUR/kWh,EUR,,primary
nrg_pc_205:MWH2000-19999:I_TAX:EUR,SE,cost,industrial,,,2025-01-01,2025-06-30,0.1048,EUR/kWh,EUR,,primary
nrg_pc_205:MWH2000-19999:I_TAX:EUR,SE,cost,industrial,,,2025-07-01,2025-12-31,0.1065,EUR/kWh,EUR,,primary
nrg_pc_205:MWH2000-19999:I_TAX:EUR,SE,cost,industrial,,,2026-01-01,2026-06-30,0.132,EUR/kWh,EUR,,primary
nrg_pc_205:MWH2000-19999:I_TAX:EUR,SI,cost,industrial,,,2015-01-01,2015-06-30,0.0882,EUR/kWh,EUR,,primary
nrg_pc_205:MWH2000-19999:I_TAX:EUR,SI,cost,industrial,,,2015-07-01,2015-12-31,0.0919,EUR/kWh,EUR,,primary
nrg_pc_205:MWH2000-19999:I_TAX:EUR,SI,cost,industrial,,,2016-01-01,2016-06-30,0.0868,EUR/kWh,EUR,,primary
nrg_pc_205:MWH2000-19999:I_TAX:EUR,SI,cost,industrial,,,2016-07-01,2016-12-31,0.0874,EUR/kWh,EUR,,primary
nrg_pc_205:MWH2000-19999:I_TAX:EUR,SI,cost,industrial,,,2017-01-01,2017-06-30,0.0818,EUR/kWh,EUR,,primary
nrg_pc_205:MWH2000-19999:I_TAX:EUR,SI,cost,industrial,,,2017-07-01,2017-12-31,0.0823,EUR/kWh,EUR,,primary
nrg_pc_205:MWH2000-19999:I_TAX:EUR,SI,cost,industrial,,,2018-01-01,2018-06-30,0.0875,EUR/kWh,EUR,,primary
nrg_pc_205:MWH2000-19999:I_TAX:EUR,SI,cost,industrial,,,2018-07-01,2018-12-31,0.0892,EUR/kWh,EUR,,primary
nrg_pc_205:MWH2000-19999:I_TAX:EUR,SI,cost,industrial,,,2019-01-01,2019-06-30,0.0979,EUR/kWh,EUR,,primary
nrg_pc_205:MWH2000-19999:I_TAX:EUR,SI,cost,industrial,,,2019-07-01,2019-12-31,0.0991,EUR/kWh,EUR,,primary
nrg_pc_205:MWH2000-19999:I_TAX:EUR,SI,cost,industrial,,,2020-01-01,2020-06-30,0.1047,EUR/kWh,EUR,,primary
nrg_pc_205:MWH2000-19999:I_TAX:EUR,SI,cost,industrial,,,2020-07-01,2020-12-31,0.1042,EUR/kWh,EUR,,primary
nrg_pc_205:MWH2000-19999:I_TAX:EUR,SI,cost,industrial,,,2021-01-01,2021-06-30,0.0986,EUR/kWh,EUR,,primary
nrg_pc_205:MWH2000-19999:I_TAX:EUR,SI,cost,industrial,,,2021-07-01,2021-12-31,0.1223,EUR/kWh,EUR,,primary
nrg_pc_205:MWH2000-19999:I_TAX:EUR,SI,cost,industrial,,,2022-01-01,2022-06-30,0.1833,EUR/kWh,EUR,,primary
nrg_pc_205:MWH2000-19999:I_TAX:EUR,SI,cost,industrial,,,2022-07-01,2022-12-31,0.2173,EUR/kWh,EUR,,primary
nrg_pc_205:MWH2000-19999:I_TAX:EUR,SI,cost,industrial,,,2023-01-01,2023-06-30,0.2484,EUR/kWh,EUR,,primary
nrg_pc_205:MWH2000-19999:I_TAX:EUR,SI,cost,industrial,,,2023-07-01,2023-12-31,0.2543,EUR/kWh,EUR,,primary
nrg_pc_205:MWH2000-19999:I_TAX:EUR,SI,cost,industrial,,,2024-01-01,2024-06-30,0.1893,EUR/kWh,EUR,,primary
nrg_pc_205:MWH2000-19999:I_TAX:EUR,SI,cost,industrial,,,2024-07-01,2024-12-31,0.2048,EUR/kWh,EUR,,primary
nrg_pc_205:MWH2000-19999:I_TAX:EUR,SI,cost,industrial,,,2025-01-01,2025-06-30,0.1777,EUR/kWh,EUR,,primary
nrg_pc_205:MWH2000-19999:I_TAX:EUR,SI,cost,industrial,,,2025-07-01,2025-12-31,0.1728,EUR/kWh,EUR,,primary
nrg_pc_205:MWH2000-19999:I_TAX:EUR,SI,cost,industrial,,,2026-01-01,2026-06-30,0.1705,EUR/kWh,EUR,,primary
nrg_pc_205:MWH2000-19999:I_TAX:EUR,SK,cost,industrial,,,2015-01-01,2015-06-30,0.1212,EUR/kWh,EUR,,primary
nrg_pc_205:MWH2000-19999:I_TAX:EUR,SK,cost,industrial,,,2015-07-01,2015-12-31,0.1183,EUR/kWh,EUR,,primary
nrg_pc_205:MWH2000-19999:I_TAX:EUR,SK,cost,industrial,,,2016-01-01,2016-06-30,0.1162,EUR/kWh,EUR,,primary
nrg_pc_205:MWH2000-19999:I_TAX:EUR,SK,cost,industrial,,,2016-07-01,2016-12-31,0.1196,EUR/kWh,EUR,,primary
nrg_pc_205:MWH2000-19999:I_TAX:EUR,SK,cost,industrial,,,2017-01-01,2017-06-30,0.1244,EUR/kWh,EUR,,primary
nrg_pc_205:MWH2000-19999:I_TAX:EUR,SK,cost,industrial,,,2017-07-01,2017-12-31,0.1252,EUR/kWh,EUR,,primary
nrg_pc_205:MWH2000-19999:I_TAX:EUR,SK,cost,industrial,,,2018-01-01,2018-06-30,0.1318,EUR/kWh,EUR,,primary
nrg_pc_205:MWH2000-19999:I_TAX:EUR,SK,cost,industrial,,,2018-07-01,2018-12-31,0.1304,EUR/kWh,EUR,,primary
nrg_pc_205:MWH2000-19999:I_TAX:EUR,SK,cost,industrial,,,2019-01-01,2019-06-30,0.1463,EUR/kWh,EUR,,primary
nrg_pc_205:MWH2000-19999:I_TAX:EUR,SK,cost,industrial,,,2019-07-01,2019-12-31,0.1496,EUR/kWh,EUR,,primary
nrg_pc_205:MWH2000-19999:I_TAX:EUR,SK,cost,industrial,,,2020-01-01,2020-06-30,0.1456,EUR/kWh,EUR,,primary
nrg_pc_205:MWH2000-19999:I_TAX:EUR,SK,cost,industrial,,,2020-07-01,2020-12-31,0.152,EUR/kWh,EUR,,primary
nrg_pc_205:MWH2000-19999:I_TAX:EUR,SK,cost,industrial,,,2021-01-01,2021-06-30,0.1412,EUR/kWh,EUR,,primary
nrg_pc_205:MWH2000-19999:I_TAX:EUR,SK,cost,industrial,,,2021-07-01,2021-12-31,0.155,EUR/kWh,EUR,,primary
nrg_pc_205:MWH2000-19999:I_TAX:EUR,SK,cost,industrial,,,2022-01-01,2022-06-30,0.2573,EUR/kWh,EUR,,primary
nrg_pc_205:MWH2000-19999:I_TAX:EUR,SK,cost,industrial,,,2022-07-01,2022-12-31,0.3046,EUR/kWh,EUR,,primary
nrg_pc_205:MWH2000-19999:I_TAX:EUR,SK,cost,industrial,,,2023-01-01,2023-06-30,0.2952,EUR/kWh,EUR,,primary
nrg_pc_205:MWH2000-19999:I_TAX:EUR,SK,cost,industrial,,,2023-07-01,2023-12-31,0.2605,EUR/kWh,EUR,,primary
nrg_pc_205:MWH2000-19999:I_TAX:EUR,SK,cost,industrial,,,2024-01-01,2024-06-30,0.1993,EUR/kWh,EUR,,primary
nrg_pc_205:MWH2000-19999:I_TAX:EUR,SK,cost,industrial,,,2024-07-01,2024-12-31,0.2258,EUR/kWh,EUR,,primary
nrg_pc_205:MWH2000-19999:I_TAX:EUR,SK,cost,industrial,,,2025-01-01,2025-06-30,0.2121,EUR/kWh,EUR,,primary
nrg_pc_205:MWH2000-19999:I_TAX:EUR,SK,cost,industrial,,,2025-07-01,2025-12-31,0.2188,EUR/kWh,EUR,,primary
nrg_pc_205:MWH2000-19999:I_TAX:EUR,SK,cost,industrial,,,2026-01-01,2026-06-30,0.211,EUR/kWh,EUR,,primary
nrg_pc_205:MWH2000-19999:X_TAX:EUR,AT,cost,industrial,,,2015-01-01,2015-06-30,0.0647,EUR/kWh,EUR,,primary
nrg_pc_205:MWH2000-19999:X_TAX:EUR,AT,cost,industrial,,,2015-07-01,2015-12-31,0.0651,EUR/kWh,EUR,,primary
nrg_pc_205:MWH2000-19999:X_TAX:EUR,AT,cost,industrial,,,2016-01-01,2016-06-30,0.0599,EUR/kWh,EUR,,primary
nrg_pc_205:MWH2000-19999:X_TAX:EUR,AT,cost,industrial,,,2016-07-01,2016-12-31,0.054,EUR/kWh,EUR,,primary
nrg_pc_205:MWH2000-19999:X_TAX:EUR,AT,cost,industrial,,,2017-01-01,2017-06-30,0.0553,EUR/kWh,EUR,,primary
nrg_pc_205:MWH2000-19999:X_TAX:EUR,AT,cost,industrial,,,2017-07-01,2017-12-31,0.0581,EUR/kWh,EUR,,primary
nrg_pc_205:MWH2000-19999:X_TAX:EUR,AT,cost,industrial,,,2018-01-01,2018-06-30,0.0598,EUR/kWh,EUR,,primary
nrg_pc_205:MWH2000-19999:X_TAX:EUR,AT,cost,industrial,,,2018-07-01,2018-12-31,0.0634,EUR/kWh,EUR,,primary
nrg_pc_205:MWH2000-19999:X_TAX:EUR,AT,cost,industrial,,,2019-01-01,2019-06-30,0.0711,EUR/kWh,EUR,,primary
nrg_pc_205:MWH2000-19999:X_TAX:EUR,AT,cost,industrial,,,2019-07-01,2019-12-31,0.0717,EUR/kWh,EUR,,primary
nrg_pc_205:MWH2000-19999:X_TAX:EUR,AT,cost,industrial,,,2020-01-01,2020-06-30,0.0693,EUR/kWh,EUR,,primary
nrg_pc_205:MWH2000-19999:X_TAX:EUR,AT,cost,industrial,,,2020-07-01,2020-12-31,0.0759,EUR/kWh,EUR,,primary
nrg_pc_205:MWH2000-19999:X_TAX:EUR,AT,cost,industrial,,,2021-01-01,2021-06-30,0.0789,EUR/kWh,EUR,,primary
nrg_pc_205:MWH2000-19999:X_TAX:EUR,AT,cost,industrial,,,2021-07-01,2021-12-31,0.0928,EUR/kWh,EUR,,primary
nrg_pc_205:MWH2000-19999:X_TAX:EUR,AT,cost,industrial,,,2022-01-01,2022-06-30,0.1578,EUR/kWh,EUR,,primary
nrg_pc_205:MWH2000-19999:X_TAX:EUR,AT,cost,industrial,,,2022-07-01,2022-12-31,0.1893,EUR/kWh,EUR,,primary
nrg_pc_205:MWH2000-19999:X_TAX:EUR,AT,cost,industrial,,,2023-01-01,2023-06-30,0.2278,EUR/kWh,EUR,,primary
nrg_pc_205:MWH2000-19999:X_TAX:EUR,AT,cost,industrial,,,2023-07-01,2023-12-31,0.2179,EUR/kWh,EUR,,primary
nrg_pc_205:MWH2000-19999:X_TAX:EUR,AT,cost,industrial,,,2024-01-01,2024-06-30,0.1684,EUR/kWh,EUR,,primary
nrg_pc_205:MWH2000-19999:X_TAX:EUR,AT,cost,industrial,,,2024-07-01,2024-12-31,0.175,EUR/kWh,EUR,,primary
nrg_pc_205:MWH2000-19999:X_TAX:EUR,AT,cost,industrial,,,2025-01-01,2025-06-30,0.158,EUR/kWh,EUR,,primary
nrg_pc_205:MWH2000-19999:X_TAX:EUR,AT,cost,industrial,,,2025-07-01,2025-12-31,0.1564,EUR/kWh,EUR,,primary
nrg_pc_205:MWH2000-19999:X_TAX:EUR,AT,cost,industrial,,,2026-01-01,2026-06-30,0.1523,EUR/kWh,EUR,,primary
nrg_pc_205:MWH2000-19999:X_TAX:EUR,BE,cost,industrial,,,2015-01-01,2015-06-30,0.0779,EUR/kWh,EUR,,primary
nrg_pc_205:MWH2000-19999:X_TAX:EUR,BE,cost,industrial,,,2015-07-01,2015-12-31,0.08,EUR/kWh,EUR,,primary
nrg_pc_205:MWH2000-19999:X_TAX:EUR,BE,cost,industrial,,,2016-01-01,2016-06-30,0.075,EUR/kWh,EUR,,primary
nrg_pc_205:MWH2000-19999:X_TAX:EUR,BE,cost,industrial,,,2016-07-01,2016-12-31,0.0786,EUR/kWh,EUR,,primary
nrg_pc_205:MWH2000-19999:X_TAX:EUR,BE,cost,industrial,,,2017-01-01,2017-06-30,0.0712,EUR/kWh,EUR,,primary
nrg_pc_205:MWH2000-19999:X_TAX:EUR,BE,cost,industrial,,,2017-07-01,2017-12-31,0.0628,EUR/kWh,EUR,,primary
nrg_pc_205:MWH2000-19999:X_TAX:EUR,BE,cost,industrial,,,2018-01-01,2018-06-30,0.0625,EUR/kWh,EUR,,primary
nrg_pc_205:MWH2000-19999:X_TAX:EUR,BE,cost,industrial,,,2018-07-01,2018-12-31,0.0685,EUR/kWh,EUR,,primary
nrg_pc_205:MWH2000-19999:X_TAX:EUR,BE,cost,industrial,,,2019-01-01,2019-06-30,0.0708,EUR/kWh,EUR,,primary
nrg_pc_205:MWH2000-19999:X_TAX:EUR,BE,cost,industrial,,,2019-07-01,2019-12-31,0.0736,EUR/kWh,EUR,,primary
nrg_pc_205:MWH2000-19999:X_TAX:EUR,BE,cost,industrial,,,2020-01-01,2020-06-30,0.0712,EUR/kWh,EUR,,primary
nrg_pc_205:MWH2000-19999:X_TAX:EUR,BE,cost,industrial,,,2020-07-01,2020-12-31,0.0719,EUR/kWh,EUR,,primary
nrg_pc_205:MWH2000-19999:X_TAX:EUR,BE,cost,industrial,,,2021-01-01,2021-06-30,0.0705,EUR/kWh,EUR,,primary
nrg_pc_205:MWH2000-19999:X_TAX:EUR,BE,cost,industrial,,,2021-07-01,2021-12-31,0.0869,EUR/kWh,EUR,,primary
nrg_pc_205:MWH2000-19999:X_TAX:EUR,BE,cost,industrial,,,2022-01-01,2022-06-30,0.1282,EUR/kWh,EUR,,primary
nrg_pc_205:MWH2000-19999:X_TAX:EUR,BE,cost,industrial,,,2022-07-01,2022-12-31,0.1686,EUR/kWh,EUR,,primary
nrg_pc_205:MWH2000-19999:X_TAX:EUR,BE,cost,industrial,,,2023-01-01,2023-06-30,0.1922,EUR/kWh,EUR,,primary
nrg_pc_205:MWH2000-19999:X_TAX:EUR,BE,cost,industrial,,,2023-07-01,2023-12-31,0.1775,EUR/kWh,EUR,,primary
nrg_pc_205:MWH2000-19999:X_TAX:EUR,BE,cost,industrial,,,2024-01-01,2024-06-30,0.1319,EUR/kWh,EUR,,primary
nrg_pc_205:MWH2000-19999:X_TAX:EUR,BE,cost,industrial,,,2024-07-01,2024-12-31,0.1329,EUR/kWh,EUR,,primary
nrg_pc_205:MWH2000-19999:X_TAX:EUR,BE,cost,industrial,,,2025-01-01,2025-06-30,0.1383,EUR/kWh,EUR,,primary
nrg_pc_205:MWH2000-19999:X_TAX:EUR,BE,cost,industrial,,,2025-07-01,2025-12-31,0.1304,EUR/kWh,EUR,,primary
nrg_pc_205:MWH2000-19999:X_TAX:EUR,BE,cost,industrial,,,2026-01-01,2026-06-30,0.1333,EUR/kWh,EUR,,primary
nrg_pc_205:MWH2000-19999:X_TAX:EUR,BG,cost,industrial,,,2015-01-01,2015-06-30,0.0609,EUR/kWh,EUR,,primary
nrg_pc_205:MWH2000-19999:X_TAX:EUR,BG,cost,industrial,,,2015-07-01,2015-12-31,0.069,EUR/kWh,EUR,,primary
nrg_pc_205:MWH2000-19999:X_TAX:EUR,BG,cost,industrial,,,2016-01-01,2016-06-30,0.0754,EUR/kWh,EUR,,primary
nrg_pc_205:MWH2000-19999:X_TAX:EUR,BG,cost,industrial,,,2016-07-01,2016-12-31,0.0691,EUR/kWh,EUR,,primary
nrg_pc_205:MWH2000-19999:X_TAX:EUR,BG,cost,industrial,,,2017-01-01,2017-06-30,0.067,EUR/kWh,EUR,,primary
nrg_pc_205:MWH2000-19999:X_TAX:EUR,BG,cost,industrial,,,2017-07-01,2017-12-31,0.0695,EUR/kWh,EUR,,primary
nrg_pc_205:MWH2000-19999:X_TAX:EUR,BG,cost,industrial,,,2018-01-01,2018-06-30,0.0736,EUR/kWh,EUR,,primary
nrg_pc_205:MWH2000-19999:X_TAX:EUR,BG,cost,industrial,,,2018-07-01,2018-12-31,0.0756,EUR/kWh,EUR,,primary
nrg_pc_205:MWH2000-19999:X_TAX:EUR,BG,cost,industrial,,,2019-01-01,2019-06-30,0.0806,EUR/kWh,EUR,,primary
nrg_pc_205:MWH2000-19999:X_TAX:EUR,BG,cost,industrial,,,2019-07-01,2019-12-31,0.0816,EUR/kWh,EUR,,primary
nrg_pc_205:MWH2000-19999:X_TAX:EUR,BG,cost,industrial,,,2020-01-01,2020-06-30,0.0771,EUR/kWh,EUR,,primary
nrg_pc_205:MWH2000-19999:X_TAX:EUR,BG,cost,industrial,,,2020-07-01,2020-12-31,0.0779,EUR/kWh,EUR,,primary
nrg_pc_205:MWH2000-19999:X_TAX:EUR,BG,cost,industrial,,,2021-01-01,2021-06-30,0.0784,EUR/kWh,EUR,,primary
nrg_pc_205:MWH2000-19999:X_TAX:EUR,BG,cost,industrial,,,2021-07-01,2021-12-31,0.1645,EUR/kWh,EUR,,primary
nrg_pc_205:MWH2000-19999:X_TAX:EUR,BG,cost,industrial,,,2022-01-01,2022-06-30,0.2296,EUR/kWh,EUR,,primary
nrg_pc_205:MWH2000-19999:X_TAX:EUR,BG,cost,industrial,,,2022-07-01,2022-12-31,0.334,EUR/kWh,EUR,,primary
nrg_pc_205:MWH2000-19999:X_TAX:EUR,BG,cost,industrial,,,2023-01-01,2023-06-30,0.1514,EUR/kWh,EUR,,primary
nrg_pc_205:MWH2000-19999:X_TAX:EUR,BG,cost,industrial,,,2023-07-01,2023-12-31,0.1319,EUR/kWh,EUR,,primary
nrg_pc_205:MWH2000-19999:X_TAX:EUR,BG,cost,industrial,,,2024-01-01,2024-06-30,0.1071,EUR/kWh,EUR,,primary
nrg_pc_205:MWH2000-19999:X_TAX:EUR,BG,cost,industrial,,,2024-07-01,2024-12-31,0.1561,EUR/kWh,EUR,,primary
nrg_pc_205:MWH2000-19999:X_TAX:EUR,BG,cost,industrial,,,2025-01-01,2025-06-30,0.1377,EUR/kWh,EUR,,primary
nrg_pc_205:MWH2000-19999:X_TAX:EUR,BG,cost,industrial,,,2025-07-01,2025-12-31,0.1345,EUR/kWh,EUR,,primary
nrg_pc_205:MWH2000-19999:X_TAX:EUR,BG,cost,industrial,,,2026-01-01,2026-06-30,0.1355,EUR/kWh,EUR,,primary
nrg_pc_205:MWH2000-19999:X_TAX:EUR,CY,cost,industrial,,,2015-01-01,2015-06-30,0.1178,EUR/kWh,EUR,,primary
nrg_pc_205:MWH2000-19999:X_TAX:EUR,CY,cost,industrial,,,2015-07-01,2015-12-31,0.1151,EUR/kWh,EUR,,primary
nrg_pc_205:MWH2000-19999:X_TAX:EUR,CY,cost,industrial,,,2016-01-01,2016-06-30,0.0818,EUR/kWh,EUR,,primary
nrg_pc_205:MWH2000-19999:X_TAX:EUR,CY,cost,industrial,,,2016-07-01,2016-12-31,0.1123,EUR/kWh,EUR,,primary
nrg_pc_205:MWH2000-19999:X_TAX:EUR,CY,cost,industrial,,,2017-01-01,2017-06-30,0.1156,EUR/kWh,EUR,,primary
nrg_pc_205:MWH2000-19999:X_TAX:EUR,CY,cost,industrial,,,2017-07-01,2017-12-31,0.1205,EUR/kWh,EUR,,primary
nrg_pc_205:MWH2000-19999:X_TAX:EUR,CY,cost,industrial,,,2018-01-01,2018-06-30,0.1171,EUR/kWh,EUR,,primary
nrg_pc_205:MWH2000-19999:X_TAX:EUR,CY,cost,industrial,,,2018-07-01,2018-12-31,0.1612,EUR/kWh,EUR,,primary
nrg_pc_205:MWH2000-19999:X_TAX:EUR,CY,cost,industrial,,,2019-01-01,2019-06-30,0.1227,EUR/kWh,EUR,,primary
nrg_pc_205:MWH2000-19999:X_TAX:EUR,CY,cost,industrial,,,2019-07-01,2019-12-31,0.1406,EUR/kWh,EUR,,primary
nrg_pc_205:MWH2000-19999:X_TAX:EUR,CY,cost,industrial,,,2020-01-01,2020-06-30,0.1143,EUR/kWh,EUR,,primary
nrg_pc_205:MWH2000-19999:X_TAX:EUR,CY,cost,industrial,,,2020-07-01,2020-12-31,0.1046,EUR/kWh,EUR,,primary
nrg_pc_205:MWH2000-19999:X_TAX:EUR,CY,cost,industrial,,,2021-01-01,2021-06-30,0.1061,EUR/kWh,EUR,,primary
nrg_pc_205:MWH2000-19999:X_TAX:EUR,CY,cost,industrial,,,2021-07-01,2021-12-31,0.1365,EUR/kWh,EUR,,primary
nrg_pc_205:MWH2000-19999:X_TAX:EUR,CY,cost,industrial,,,2022-01-01,2022-06-30,0.1668,EUR/kWh,EUR,,primary
nrg_pc_205:MWH2000-19999:X_TAX:EUR,CY,cost,industrial,,,2022-07-01,2022-12-31,0.2393,EUR/kWh,EUR,,primary
nrg_pc_205:MWH2000-19999:X_TAX:EUR,CY,cost,industrial,,,2023-01-01,2023-06-30,0.1888,EUR/kWh,EUR,,primary
nrg_pc_205:MWH2000-19999:X_TAX:EUR,CY,cost,industrial,,,2023-07-01,2023-12-31,0.1925,EUR/kWh,EUR,,primary
nrg_pc_205:MWH2000-19999:X_TAX:EUR,CY,cost,industrial,,,2024-01-01,2024-06-30,0.1776,EUR/kWh,EUR,,primary
nrg_pc_205:MWH2000-19999:X_TAX:EUR,CY,cost,industrial,,,2024-07-01,2024-12-31,0.1854,EUR/kWh,EUR,,primary
nrg_pc_205:MWH2000-19999:X_TAX:EUR,CY,cost,industrial,,,2025-01-01,2025-06-30,0.1594,EUR/kWh,EUR,,primary
nrg_pc_205:MWH2000-19999:X_TAX:EUR,CY,cost,industrial,,,2025-07-01,2025-12-31,0.164,EUR/kWh,EUR,,primary
nrg_pc_205:MWH2000-19999:X_TAX:EUR,CY,cost,industrial,,,2026-01-01,2026-06-30,0.1823,EUR/kWh,EUR,,primary
nrg_pc_205:MWH2000-19999:X_TAX:EUR,CZ,cost,industrial,,,2015-01-01,2015-06-30,0.0707,EUR/kWh,EUR,,primary
nrg_pc_205:MWH2000-19999:X_TAX:EUR,CZ,cost,industrial,,,2015-07-01,2015-12-31,0.0709,EUR/kWh,EUR,,primary
nrg_pc_205:MWH2000-19999:X_TAX:EUR,CZ,cost,industrial,,,2016-01-01,2016-06-30,0.0628,EUR/kWh,EUR,,primary
nrg_pc_205:MWH2000-19999:X_TAX:EUR,CZ,cost,industrial,,,2016-07-01,2016-12-31,0.0618,EUR/kWh,EUR,,primary
nrg_pc_205:MWH2000-19999:X_TAX:EUR,CZ,cost,industrial,,,2017-01-01,2017-06-30,0.061,EUR/kWh,EUR,,primary
nrg_pc_205:MWH2000-19999:X_TAX:EUR,CZ,cost,industrial,,,2017-07-01,2017-12-31,0.062,EUR/kWh,EUR,,primary
nrg_pc_205:MWH2000-19999:X_TAX:EUR,CZ,cost,industrial,,,2018-01-01,2018-06-30,0.0627,EUR/kWh,EUR,,primary
nrg_pc_205:MWH2000-19999:X_TAX:EUR,CZ,cost,industrial,,,2018-07-01,2018-12-31,0.0625,EUR/kWh,EUR,,primary
nrg_pc_205:MWH2000-19999:X_TAX:EUR,CZ,cost,industrial,,,2019-01-01,2019-06-30,0.0635,EUR/kWh,EUR,,primary
nrg_pc_205:MWH2000-19999:X_TAX:EUR,CZ,cost,industrial,,,2019-07-01,2019-12-31,0.066,EUR/kWh,EUR,,primary
nrg_pc_205:MWH2000-19999:X_TAX:EUR,CZ,cost,industrial,,,2020-01-01,2020-06-30,0.0713,EUR/kWh,EUR,,primary
nrg_pc_205:MWH2000-19999:X_TAX:EUR,CZ,cost,industrial,,,2020-07-01,2020-12-31,0.0719,EUR/kWh,EUR,,primary
nrg_pc_205:MWH2000-19999:X_TAX:EUR,CZ,cost,industrial,,,2021-01-01,2021-06-30,0.0771,EUR/kWh,EUR,,primary
nrg_pc_205:MWH2000-19999:X_TAX:EUR,CZ,cost,industrial,,,2021-07-01,2021-12-31,0.088,EUR/kWh,EUR,,primary
nrg_pc_205:MWH2000-19999:X_TAX:EUR,CZ,cost,industrial,,,2022-01-01,2022-06-30,0.1552,EUR/kWh,EUR,,primary
nrg_pc_205:MWH2000-19999:X_TAX:EUR,CZ,cost,industrial,,,2022-07-01,2022-12-31,0.1664,EUR/kWh,EUR,,primary
nrg_pc_205:MWH2000-19999:X_TAX:EUR,CZ,cost,industrial,,,2023-01-01,2023-06-30,0.1819,EUR/kWh,EUR,,primary
nrg_pc_205:MWH2000-19999:X_TAX:EUR,CZ,cost,industrial,,,2023-07-01,2023-12-31,0.1716,EUR/kWh,EUR,,primary
nrg_pc_205:MWH2000-19999:X_TAX:EUR,CZ,cost,industrial,,,2024-01-01,2024-06-30,0.156,EUR/kWh,EUR,,primary
nrg_pc_205:MWH2000-19999:X_TAX:EUR,CZ,cost,industrial,,,2024-07-01,2024-12-31,0.1581,EUR/kWh,EUR,,primary
nrg_pc_205:MWH2000-19999:X_TAX:EUR,CZ,cost,industrial,,,2025-01-01,2025-06-30,0.1481,EUR/kWh,EUR,,primary
nrg_pc_205:MWH2000-19999:X_TAX:EUR,CZ,cost,industrial,,,2025-07-01,2025-12-31,0.1456,EUR/kWh,EUR,,primary
nrg_pc_205:MWH2000-19999:X_TAX:EUR,CZ,cost,industrial,,,2026-01-01,2026-06-30,0.1445,EUR/kWh,EUR,,primary
nrg_pc_205:MWH2000-19999:X_TAX:EUR,DE,cost,industrial,,,2015-01-01,2015-06-30,0.0686,EUR/kWh,EUR,,primary
nrg_pc_205:MWH2000-19999:X_TAX:EUR,DE,cost,industrial,,,2015-07-01,2015-12-31,0.0705,EUR/kWh,EUR,,primary
nrg_pc_205:MWH2000-19999:X_TAX:EUR,DE,cost,industrial,,,2016-01-01,2016-06-30,0.0671,EUR/kWh,EUR,,primary
nrg_pc_205:MWH2000-19999:X_TAX:EUR,DE,cost,industrial,,,2016-07-01,2016-12-31,0.0677,EUR/kWh,EUR,,primary
nrg_pc_205:MWH2000-19999:X_TAX:EUR,DE,cost,industrial,,,2017-01-01,2017-06-30,0.0628,EUR/kWh,EUR,,primary
nrg_pc_205:MWH2000-19999:X_TAX:EUR,DE,cost,industrial,,,2017-07-01,2017-12-31,0.0645,EUR/kWh,EUR,,primary
nrg_pc_205:MWH2000-19999:X_TAX:EUR,DE,cost,industrial,,,2018-01-01,2018-06-30,0.0621,EUR/kWh,EUR,,primary
nrg_pc_205:MWH2000-19999:X_TAX:EUR,DE,cost,industrial,,,2018-07-01,2018-12-31,0.065,EUR/kWh,EUR,,primary
nrg_pc_205:MWH2000-19999:X_TAX:EUR,DE,cost,industrial,,,2019-01-01,2019-06-30,0.0717,EUR/kWh,EUR,,primary
nrg_pc_205:MWH2000-19999:X_TAX:EUR,DE,cost,industrial,,,2019-07-01,2019-12-31,0.0623,EUR/kWh,EUR,,primary
nrg_pc_205:MWH2000-19999:X_TAX:EUR,DE,cost,industrial,,,2020-01-01,2020-06-30,0.0706,EUR/kWh,EUR,,primary
nrg_pc_205:MWH2000-19999:X_TAX:EUR,DE,cost,industrial,,,2020-07-01,2020-12-31,0.0731,EUR/kWh,EUR,,primary
nrg_pc_205:MWH2000-19999:X_TAX:EUR,DE,cost,industrial,,,2021-01-01,2021-06-30,0.0734,EUR/kWh,EUR,,primary
nrg_pc_205:MWH2000-19999:X_TAX:EUR,DE,cost,industrial,,,2021-07-01,2021-12-31,0.0897,EUR/kWh,EUR,,primary
nrg_pc_205:MWH2000-19999:X_TAX:EUR,DE,cost,industrial,,,2022-01-01,2022-06-30,0.144,EUR/kWh,EUR,,primary
nrg_pc_205:MWH2000-19999:X_TAX:EUR,DE,cost,industrial,,,2022-07-01,2022-12-31,0.173,EUR/kWh,EUR,,primary
nrg_pc_205:MWH2000-19999:X_TAX:EUR,DE,cost,industrial,,,2023-01-01,2023-06-30,0.1814,EUR/kWh,EUR,,primary
nrg_pc_205:MWH2000-19999:X_TAX:EUR,DE,cost,industrial,,,2023-07-01,2023-12-31,0.1781,EUR/kWh,EUR,,primary
nrg_pc_205:MWH2000-19999:X_TAX:EUR,DE,cost,industrial,,,2024-01-01,2024-06-30,0.1748,EUR/kWh,EUR,,primary
nrg_pc_205:MWH2000-19999:X_TAX:EUR,DE,cost,industrial,,,2024-07-01,2024-12-31,0.181,EUR/kWh,EUR,,primary
nrg_pc_205:MWH2000-19999:X_TAX:EUR,DE,cost,industrial,,,2025-01-01,2025-06-30,0.1598,EUR/kWh,EUR,,primary
nrg_pc_205:MWH2000-19999:X_TAX:EUR,DE,cost,industrial,,,2025-07-01,2025-12-31,0.1613,EUR/kWh,EUR,,primary
nrg_pc_205:MWH2000-19999:X_TAX:EUR,DE,cost,industrial,,,2026-01-01,2026-06-30,0.1382,EUR/kWh,EUR,p,primary
nrg_pc_205:MWH2000-19999:X_TAX:EUR,DK,cost,industrial,,,2015-01-01,2015-06-30,0.059,EUR/kWh,EUR,,primary
nrg_pc_205:MWH2000-19999:X_TAX:EUR,DK,cost,industrial,,,2015-07-01,2015-12-31,0.0577,EUR/kWh,EUR,,primary
nrg_pc_205:MWH2000-19999:X_TAX:EUR,DK,cost,industrial,,,2016-01-01,2016-06-30,0.0587,EUR/kWh,EUR,,primary
nrg_pc_205:MWH2000-19999:X_TAX:EUR,DK,cost,industrial,,,2016-07-01,2016-12-31,0.0618,EUR/kWh,EUR,,primary
nrg_pc_205:MWH2000-19999:X_TAX:EUR,DK,cost,industrial,,,2017-01-01,2017-06-30,0.0603,EUR/kWh,EUR,,primary
nrg_pc_205:MWH2000-19999:X_TAX:EUR,DK,cost,industrial,,,2017-07-01,2017-12-31,0.0623,EUR/kWh,EUR,,primary
nrg_pc_205:MWH2000-19999:X_TAX:EUR,DK,cost,industrial,,,2018-01-01,2018-06-30,0.0589,EUR/kWh,EUR,,primary
nrg_pc_205:MWH2000-19999:X_TAX:EUR,DK,cost,industrial,,,2018-07-01,2018-12-31,0.0636,EUR/kWh,EUR,,primary
nrg_pc_205:MWH2000-19999:X_TAX:EUR,DK,cost,industrial,,,2019-01-01,2019-06-30,0.0626,EUR/kWh,EUR,,primary
nrg_pc_205:MWH2000-19999:X_TAX:EUR,DK,cost,industrial,,,2019-07-01,2019-12-31,0.0606,EUR/kWh,EUR,,primary
nrg_pc_205:MWH2000-19999:X_TAX:EUR,DK,cost,industrial,,,2020-01-01,2020-06-30,0.056,EUR/kWh,EUR,,primary
nrg_pc_205:MWH2000-19999:X_TAX:EUR,DK,cost,industrial,,,2020-07-01,2020-12-31,0.0633,EUR/kWh,EUR,,primary
nrg_pc_205:MWH2000-19999:X_TAX:EUR,DK,cost,industrial,,,2021-01-01,2021-06-30,0.0715,EUR/kWh,EUR,,primary
nrg_pc_205:MWH2000-19999:X_TAX:EUR,DK,cost,industrial,,,2021-07-01,2021-12-31,0.1165,EUR/kWh,EUR,,primary
nrg_pc_205:MWH2000-19999:X_TAX:EUR,DK,cost,industrial,,,2022-01-01,2022-06-30,0.1521,EUR/kWh,EUR,,primary
nrg_pc_205:MWH2000-19999:X_TAX:EUR,DK,cost,industrial,,,2022-07-01,2022-12-31,0.2202,EUR/kWh,EUR,,primary
nrg_pc_205:MWH2000-19999:X_TAX:EUR,DK,cost,industrial,,,2023-01-01,2023-06-30,0.1338,EUR/kWh,EUR,,primary
nrg_pc_205:MWH2000-19999:X_TAX:EUR,DK,cost,industrial,,,2023-07-01,2023-12-31,0.1101,EUR/kWh,EUR,,primary
nrg_pc_205:MWH2000-19999:X_TAX:EUR,DK,cost,industrial,,,2024-01-01,2024-06-30,0.107,EUR/kWh,EUR,,primary
nrg_pc_205:MWH2000-19999:X_TAX:EUR,DK,cost,industrial,,,2024-07-01,2024-12-31,0.1248,EUR/kWh,EUR,,primary
nrg_pc_205:MWH2000-19999:X_TAX:EUR,DK,cost,industrial,,,2025-01-01,2025-06-30,0.1249,EUR/kWh,EUR,,primary
nrg_pc_205:MWH2000-19999:X_TAX:EUR,DK,cost,industrial,,,2025-07-01,2025-12-31,0.1221,EUR/kWh,EUR,,primary
nrg_pc_205:MWH2000-19999:X_TAX:EUR,DK,cost,industrial,,,2026-01-01,2026-06-30,0.1256,EUR/kWh,EUR,,primary
nrg_pc_205:MWH2000-19999:X_TAX:EUR,EE,cost,industrial,,,2015-01-01,2015-06-30,0.0685,EUR/kWh,EUR,,primary
nrg_pc_205:MWH2000-19999:X_TAX:EUR,EE,cost,industrial,,,2015-07-01,2015-12-31,0.0754,EUR/kWh,EUR,,primary
nrg_pc_205:MWH2000-19999:X_TAX:EUR,EE,cost,industrial,,,2016-01-01,2016-06-30,0.0667,EUR/kWh,EUR,,primary
nrg_pc_205:MWH2000-19999:X_TAX:EUR,EE,cost,industrial,,,2016-07-01,2016-12-31,0.0666,EUR/kWh,EUR,,primary
nrg_pc_205:MWH2000-19999:X_TAX:EUR,EE,cost,industrial,,,2017-01-01,2017-06-30,0.0626,EUR/kWh,EUR,,primary
nrg_pc_205:MWH2000-19999:X_TAX:EUR,EE,cost,industrial,,,2017-07-01,2017-12-31,0.0607,EUR/kWh,EUR,,primary
nrg_pc_205:MWH2000-19999:X_TAX:EUR,EE,cost,industrial,,,2018-01-01,2018-06-30,0.0616,EUR/kWh,EUR,,primary
nrg_pc_205:MWH2000-19999:X_TAX:EUR,EE,cost,industrial,,,2018-07-01,2018-12-31,0.0662,EUR/kWh,EUR,,primary
nrg_pc_205:MWH2000-19999:X_TAX:EUR,EE,cost,industrial,,,2019-01-01,2019-06-30,0.0662,EUR/kWh,EUR,,primary
nrg_pc_205:MWH2000-19999:X_TAX:EUR,EE,cost,industrial,,,2019-07-01,2019-12-31,0.067,EUR/kWh,EUR,,primary
nrg_pc_205:MWH2000-19999:X_TAX:EUR,EE,cost,industrial,,,2020-01-01,2020-06-30,0.0593,EUR/kWh,EUR,,primary
nrg_pc_205:MWH2000-19999:X_TAX:EUR,EE,cost,industrial,,,2020-07-01,2020-12-31,0.0644,EUR/kWh,EUR,,primary
nrg_pc_205:MWH2000-19999:X_TAX:EUR,EE,cost,industrial,,,2021-01-01,2021-06-30,0.0722,EUR/kWh,EUR,,primary
nrg_pc_205:MWH2000-19999:X_TAX:EUR,EE,cost,industrial,,,2021-07-01,2021-12-31,0.1146,EUR/kWh,EUR,,primary
nrg_pc_205:MWH2000-19999:X_TAX:EUR,EE,cost,industrial,,,2022-01-01,2022-06-30,0.1427,EUR/kWh,EUR,,primary
nrg_pc_205:MWH2000-19999:X_TAX:EUR,EE,cost,industrial,,,2022-07-01,2022-12-31,0.2139,EUR/kWh,EUR,,primary
nrg_pc_205:MWH2000-19999:X_TAX:EUR,EE,cost,industrial,,,2023-01-01,2023-06-30,0.1382,EUR/kWh,EUR,,primary
nrg_pc_205:MWH2000-19999:X_TAX:EUR,EE,cost,industrial,,,2023-07-01,2023-12-31,0.135,EUR/kWh,EUR,,primary
nrg_pc_205:MWH2000-19999:X_TAX:EUR,EE,cost,industrial,,,2024-01-01,2024-06-30,0.1203,EUR/kWh,EUR,,primary
nrg_pc_205:MWH2000-19999:X_TAX:EUR,EE,cost,industrial,,,2024-07-01,2024-12-31,0.1285,EUR/kWh,EUR,,primary
nrg_pc_205:MWH2000-19999:X_TAX:EUR,EE,cost,industrial,,,2025-01-01,2025-06-30,0.1201,EUR/kWh,EUR,,primary
nrg_pc_205:MWH2000-19999:X_TAX:EUR,EE,cost,industrial,,,2025-07-01,2025-12-31,0.1189,EUR/kWh,EUR,,primary
nrg_pc_205:MWH2000-19999:X_TAX:EUR,EE,cost,industrial,,,2026-01-01,2026-06-30,0.1095,EUR/kWh,EUR,,primary
nrg_pc_205:MWH2000-19999:X_TAX:EUR,EL,cost,industrial,,,2015-01-01,2015-06-30,0.082,EUR/kWh,EUR,,primary
nrg_pc_205:MWH2000-19999:X_TAX:EUR,EL,cost,industrial,,,2015-07-01,2015-12-31,0.0834,EUR/kWh,EUR,,primary
nrg_pc_205:MWH2000-19999:X_TAX:EUR,EL,cost,industrial,,,2016-01-01,2016-06-30,0.0754,EUR/kWh,EUR,,primary
nrg_pc_205:MWH2000-19999:X_TAX:EUR,EL,cost,industrial,,,2016-07-01,2016-12-31,0.0688,EUR/kWh,EUR,,primary
nrg_pc_205:MWH2000-19999:X_TAX:EUR,EL,cost,industrial,,,2017-01-01,2017-06-30,0.0722,EUR/kWh,EUR,,primary
nrg_pc_205:MWH2000-19999:X_TAX:EUR,EL,cost,industrial,,,2017-07-01,2017-12-31,0.075,EUR/kWh,EUR,,primary
nrg_pc_205:MWH2000-19999:X_TAX:EUR,EL,cost,industrial,,,2018-01-01,2018-06-30,0.0683,EUR/kWh,EUR,,primary
nrg_pc_205:MWH2000-19999:X_TAX:EUR,EL,cost,industrial,,,2018-07-01,2018-12-31,0.0692,EUR/kWh,EUR,,primary
nrg_pc_205:MWH2000-19999:X_TAX:EUR,EL,cost,industrial,,,2019-01-01,2019-06-30,0.0717,EUR/kWh,EUR,,primary
nrg_pc_205:MWH2000-19999:X_TAX:EUR,EL,cost,industrial,,,2019-07-01,2019-12-31,0.0729,EUR/kWh,EUR,,primary
nrg_pc_205:MWH2000-19999:X_TAX:EUR,EL,cost,industrial,,,2020-01-01,2020-06-30,0.0742,EUR/kWh,EUR,,primary
nrg_pc_205:MWH2000-19999:X_TAX:EUR,EL,cost,industrial,,,2020-07-01,2020-12-31,0.0701,EUR/kWh,EUR,,primary
nrg_pc_205:MWH2000-19999:X_TAX:EUR,EL,cost,industrial,,,2021-01-01,2021-06-30,0.0809,EUR/kWh,EUR,,primary
nrg_pc_205:MWH2000-19999:X_TAX:EUR,EL,cost,industrial,,,2021-07-01,2021-12-31,0.1749,EUR/kWh,EUR,,primary
nrg_pc_205:MWH2000-19999:X_TAX:EUR,EL,cost,industrial,,,2022-01-01,2022-06-30,0.2791,EUR/kWh,EUR,,primary
nrg_pc_205:MWH2000-19999:X_TAX:EUR,EL,cost,industrial,,,2022-07-01,2022-12-31,0.3855,EUR/kWh,EUR,,primary
nrg_pc_205:MWH2000-19999:X_TAX:EUR,EL,cost,industrial,,,2023-01-01,2023-06-30,0.1541,EUR/kWh,EUR,,primary
nrg_pc_205:MWH2000-19999:X_TAX:EUR,EL,cost,industrial,,,2023-07-01,2023-12-31,0.1467,EUR/kWh,EUR,,primary
nrg_pc_205:MWH2000-19999:X_TAX:EUR,EL,cost,industrial,,,2024-01-01,2024-06-30,0.1187,EUR/kWh,EUR,,primary
nrg_pc_205:MWH2000-19999:X_TAX:EUR,EL,cost,industrial,,,2024-07-01,2024-12-31,0.1642,EUR/kWh,EUR,,primary
nrg_pc_205:MWH2000-19999:X_TAX:EUR,EL,cost,industrial,,,2025-01-01,2025-06-30,0.1594,EUR/kWh,EUR,,primary
nrg_pc_205:MWH2000-19999:X_TAX:EUR,EL,cost,industrial,,,2025-07-01,2025-12-31,0.1432,EUR/kWh,EUR,,primary
nrg_pc_205:MWH2000-19999:X_TAX:EUR,EL,cost,industrial,,,2026-01-01,2026-06-30,0.1388,EUR/kWh,EUR,,primary
nrg_pc_205:MWH2000-19999:X_TAX:EUR,ES,cost,industrial,,,2015-01-01,2015-06-30,0.0921,EUR/kWh,EUR,,primary
nrg_pc_205:MWH2000-19999:X_TAX:EUR,ES,cost,industrial,,,2015-07-01,2015-12-31,0.0909,EUR/kWh,EUR,,primary
nrg_pc_205:MWH2000-19999:X_TAX:EUR,ES,cost,industrial,,,2016-01-01,2016-06-30,0.0858,EUR/kWh,EUR,,primary
nrg_pc_205:MWH2000-19999:X_TAX:EUR,ES,cost,industrial,,,2016-07-01,2016-12-31,0.0821,EUR/kWh,EUR,,primary
nrg_pc_205:MWH2000-19999:X_TAX:EUR,ES,cost,industrial,,,2017-01-01,2017-06-30,0.0838,EUR/kWh,EUR,,primary
nrg_pc_205:MWH2000-19999:X_TAX:EUR,ES,cost,industrial,,,2017-07-01,2017-12-31,0.0817,EUR/kWh,EUR,,primary
nrg_pc_205:MWH2000-19999:X_TAX:EUR,ES,cost,industrial,,,2018-01-01,2018-06-30,0.0944,EUR/kWh,EUR,,primary
nrg_pc_205:MWH2000-19999:X_TAX:EUR,ES,cost,industrial,,,2018-07-01,2018-12-31,0.0904,EUR/kWh,EUR,,primary
nrg_pc_205:MWH2000-19999:X_TAX:EUR,ES,cost,industrial,,,2019-01-01,2019-06-30,0.0839,EUR/kWh,EUR,d,primary
nrg_pc_205:MWH2000-19999:X_TAX:EUR,ES,cost,industrial,,,2019-07-01,2019-12-31,0.0785,EUR/kWh,EUR,,primary
nrg_pc_205:MWH2000-19999:X_TAX:EUR,ES,cost,industrial,,,2020-01-01,2020-06-30,0.0645,EUR/kWh,EUR,,primary
nrg_pc_205:MWH2000-19999:X_TAX:EUR,ES,cost,industrial,,,2020-07-01,2020-12-31,0.0656,EUR/kWh,EUR,,primary
nrg_pc_205:MWH2000-19999:X_TAX:EUR,ES,cost,industrial,,,2021-01-01,2021-06-30,0.0761,EUR/kWh,EUR,,primary
nrg_pc_205:MWH2000-19999:X_TAX:EUR,ES,cost,industrial,,,2021-07-01,2021-12-31,0.1171,EUR/kWh,EUR,,primary
nrg_pc_205:MWH2000-19999:X_TAX:EUR,ES,cost,industrial,,,2022-01-01,2022-06-30,0.1801,EUR/kWh,EUR,,primary
nrg_pc_205:MWH2000-19999:X_TAX:EUR,ES,cost,industrial,,,2022-07-01,2022-12-31,0.2218,EUR/kWh,EUR,,primary
nrg_pc_205:MWH2000-19999:X_TAX:EUR,ES,cost,industrial,,,2023-01-01,2023-06-30,0.1382,EUR/kWh,EUR,,primary
nrg_pc_205:MWH2000-19999:X_TAX:EUR,ES,cost,industrial,,,2023-07-01,2023-12-31,0.1292,EUR/kWh,EUR,,primary
nrg_pc_205:MWH2000-19999:X_TAX:EUR,ES,cost,industrial,,,2024-01-01,2024-06-30,0.1039,EUR/kWh,EUR,,primary
nrg_pc_205:MWH2000-19999:X_TAX:EUR,ES,cost,industrial,,,2024-07-01,2024-12-31,0.1178,EUR/kWh,EUR,,primary
nrg_pc_205:MWH2000-19999:X_TAX:EUR,ES,cost,industrial,,,2025-01-01,2025-06-30,0.1115,EUR/kWh,EUR,,primary
nrg_pc_205:MWH2000-19999:X_TAX:EUR,ES,cost,industrial,,,2025-07-01,2025-12-31,0.1061,EUR/kWh,EUR,,primary
nrg_pc_205:MWH2000-19999:X_TAX:EUR,ES,cost,industrial,,,2026-01-01,2026-06-30,0.1047,EUR/kWh,EUR,,primary
nrg_pc_205:MWH2000-19999:X_TAX:EUR,EU,cost,industrial,,,2015-01-01,2015-06-30,0.0738,EUR/kWh,EUR,,primary
nrg_pc_205:MWH2000-19999:X_TAX:EUR,EU,cost,industrial,,,2015-07-01,2015-12-31,0.073,EUR/kWh,EUR,,primary
nrg_pc_205:MWH2000-19999:X_TAX:EUR,EU,cost,industrial,,,2016-01-01,2016-06-30,0.069,EUR/kWh,EUR,,primary
nrg_pc_205:MWH2000-19999:X_TAX:EUR,EU,cost,industrial,,,2016-07-01,2016-12-31,0.0688,EUR/kWh,EUR,,primary
nrg_pc_205:MWH2000-19999:X_TAX:EUR,EU,cost,industrial,,,2017-01-01,2017-06-30,0.066,EUR/kWh,EUR,,primary
nrg_pc_205:MWH2000-19999:X_TAX:EUR,EU,cost,industrial,,,2017-07-01,2017-12-31,0.0652,EUR/kWh,EUR,,primary
nrg_pc_205:MWH2000-19999:X_TAX:EUR,EU,cost,industrial,,,2018-01-01,2018-06-30,0.0672,EUR/kWh,EUR,,primary
nrg_pc_205:MWH2000-19999:X_TAX:EUR,EU,cost,industrial,,,2018-07-01,2018-12-31,0.0683,EUR/kWh,EUR,,primary
nrg_pc_205:MWH2000-19999:X_TAX:EUR,EU,cost,industrial,,,2019-01-01,2019-06-30,0.0747,EUR/kWh,EUR,,primary
nrg_pc_205:MWH2000-19999:X_TAX:EUR,EU,cost,industrial,,,2019-07-01,2019-12-31,0.0701,EUR/kWh,EUR,,primary
nrg_pc_205:MWH2000-19999:X_TAX:EUR,EU,cost,industrial,,,2020-01-01,2020-06-30,0.0708,EUR/kWh,EUR,,primary
nrg_pc_205:MWH2000-19999:X_TAX:EUR,EU,cost,industrial,,,2020-07-01,2020-12-31,0.0718,EUR/kWh,EUR,,primary
nrg_pc_205:MWH2000-19999:X_TAX:EUR,EU,cost,industrial,,,2021-01-01,2021-06-30,0.0747,EUR/kWh,EUR,,primary
nrg_pc_205:MWH2000-19999:X_TAX:EUR,EU,cost,industrial,,,2021-07-01,2021-12-31,0.0972,EUR/kWh,EUR,,primary
nrg_pc_205:MWH2000-19999:X_TAX:EUR,EU,cost,industrial,,,2022-01-01,2022-06-30,0.1549,EUR/kWh,EUR,,primary
nrg_pc_205:MWH2000-19999:X_TAX:EUR,EU,cost,industrial,,,2022-07-01,2022-12-31,0.1918,EUR/kWh,EUR,,primary
nrg_pc_205:MWH2000-19999:X_TAX:EUR,EU,cost,industrial,,,2023-01-01,2023-06-30,0.1831,EUR/kWh,EUR,,primary
nrg_pc_205:MWH2000-19999:X_TAX:EUR,EU,cost,industrial,,,2023-07-01,2023-12-31,0.1665,EUR/kWh,EUR,,primary
nrg_pc_205:MWH2000-19999:X_TAX:EUR,EU,cost,industrial,,,2024-01-01,2024-06-30,0.1389,EUR/kWh,EUR,,primary
nrg_pc_205:MWH2000-19999:X_TAX:EUR,EU,cost,industrial,,,2024-07-01,2024-12-31,0.1471,EUR/kWh,EUR,,primary
nrg_pc_205:MWH2000-19999:X_TAX:EUR,EU,cost,industrial,,,2025-01-01,2025-06-30,0.1387,EUR/kWh,EUR,,primary
nrg_pc_205:MWH2000-19999:X_TAX:EUR,EU,cost,industrial,,,2025-07-01,2025-12-31,0.1349,EUR/kWh,EUR,,primary
nrg_pc_205:MWH2000-19999:X_TAX:EUR,FI,cost,industrial,,,2015-01-01,2015-06-30,0.0592,EUR/kWh,EUR,,primary
nrg_pc_205:MWH2000-19999:X_TAX:EUR,FI,cost,industrial,,,2015-07-01,2015-12-31,0.0611,EUR/kWh,EUR,,primary
nrg_pc_205:MWH2000-19999:X_TAX:EUR,FI,cost,industrial,,,2016-01-01,2016-06-30,0.058,EUR/kWh,EUR,,primary
nrg_pc_205:MWH2000-19999:X_TAX:EUR,FI,cost,industrial,,,2016-07-01,2016-12-31,0.0597,EUR/kWh,EUR,,primary
nrg_pc_205:MWH2000-19999:X_TAX:EUR,FI,cost,industrial,,,2017-01-01,2017-06-30,0.0567,EUR/kWh,EUR,,primary
nrg_pc_205:MWH2000-19999:X_TAX:EUR,FI,cost,industrial,,,2017-07-01,2017-12-31,0.058,EUR/kWh,EUR,,primary
nrg_pc_205:MWH2000-19999:X_TAX:EUR,FI,cost,industrial,,,2018-01-01,2018-06-30,0.058,EUR/kWh,EUR,,primary
nrg_pc_205:MWH2000-19999:X_TAX:EUR,FI,cost,industrial,,,2018-07-01,2018-12-31,0.0608,EUR/kWh,EUR,,primary
nrg_pc_205:MWH2000-19999:X_TAX:EUR,FI,cost,industrial,,,2019-01-01,2019-06-30,0.0604,EUR/kWh,EUR,,primary
nrg_pc_205:MWH2000-19999:X_TAX:EUR,FI,cost,industrial,,,2019-07-01,2019-12-31,0.0606,EUR/kWh,EUR,,primary
nrg_pc_205:MWH2000-19999:X_TAX:EUR,FI,cost,industrial,,,2020-01-01,2020-06-30,0.0581,EUR/kWh,EUR,,primary
nrg_pc_205:MWH2000-19999:X_TAX:EUR,FI,cost,industrial,,,2020-07-01,2020-12-31,0.0651,EUR/kWh,EUR,,primary
nrg_pc_205:MWH2000-19999:X_TAX:EUR,FI,cost,industrial,,,2021-01-01,2021-06-30,0.0631,EUR/kWh,EUR,,primary
nrg_pc_205:MWH2000-19999:X_TAX:EUR,FI,cost,industrial,,,2021-07-01,2021-12-31,0.0776,EUR/kWh,EUR,,primary
nrg_pc_205:MWH2000-19999:X_TAX:EUR,FI,cost,industrial,,,2022-01-01,2022-06-30,0.0858,EUR/kWh,EUR,,primary
nrg_pc_205:MWH2000-19999:X_TAX:EUR,FI,cost,industrial,,,2022-07-01,2022-12-31,0.1295,EUR/kWh,EUR,,primary
nrg_pc_205:MWH2000-19999:X_TAX:EUR,FI,cost,industrial,,,2023-01-01,2023-06-30,0.0938,EUR/kWh,EUR,,primary
nrg_pc_205:MWH2000-19999:X_TAX:EUR,FI,cost,industrial,,,2023-07-01,2023-12-31,0.0848,EUR/kWh,EUR,,primary
nrg_pc_205:MWH2000-19999:X_TAX:EUR,FI,cost,industrial,,,2024-01-01,2024-06-30,0.0806,EUR/kWh,EUR,d,primary
nrg_pc_205:MWH2000-19999:X_TAX:EUR,FI,cost,industrial,,,2024-07-01,2024-12-31,0.0671,EUR/kWh,EUR,d,primary
nrg_pc_205:MWH2000-19999:X_TAX:EUR,FI,cost,industrial,,,2025-01-01,2025-06-30,0.0691,EUR/kWh,EUR,,primary
nrg_pc_205:MWH2000-19999:X_TAX:EUR,FI,cost,industrial,,,2025-07-01,2025-12-31,0.0668,EUR/kWh,EUR,,primary
nrg_pc_205:MWH2000-19999:X_TAX:EUR,FI,cost,industrial,,,2026-01-01,2026-06-30,0.0842,EUR/kWh,EUR,,primary
nrg_pc_205:MWH2000-19999:X_TAX:EUR,FR,cost,industrial,,,2015-01-01,2015-06-30,0.0683,EUR/kWh,EUR,,primary
nrg_pc_205:MWH2000-19999:X_TAX:EUR,FR,cost,industrial,,,2015-07-01,2015-12-31,0.0646,EUR/kWh,EUR,,primary
nrg_pc_205:MWH2000-19999:X_TAX:EUR,FR,cost,industrial,,,2016-01-01,2016-06-30,0.0627,EUR/kWh,EUR,,primary
nrg_pc_205:MWH2000-19999:X_TAX:EUR,FR,cost,industrial,,,2016-07-01,2016-12-31,0.0592,EUR/kWh,EUR,,primary
nrg_pc_205:MWH2000-19999:X_TAX:EUR,FR,cost,industrial,,,2017-01-01,2017-06-30,0.061,EUR/kWh,EUR,,primary
nrg_pc_205:MWH2000-19999:X_TAX:EUR,FR,cost,industrial,,,2017-07-01,2017-12-31,0.0567,EUR/kWh,EUR,,primary
nrg_pc_205:MWH2000-19999:X_TAX:EUR,FR,cost,industrial,,,2018-01-01,2018-06-30,0.062,EUR/kWh,EUR,,primary
nrg_pc_205:MWH2000-19999:X_TAX:EUR,FR,cost,industrial,,,2018-07-01,2018-12-31,0.0572,EUR/kWh,EUR,,primary
nrg_pc_205:MWH2000-19999:X_TAX:EUR,FR,cost,industrial,,,2019-01-01,2019-06-30,0.0689,EUR/kWh,EUR,,primary
nrg_pc_205:MWH2000-19999:X_TAX:EUR,FR,cost,industrial,,,2019-07-01,2019-12-31,0.064,EUR/kWh,EUR,,primary
nrg_pc_205:MWH2000-19999:X_TAX:EUR,FR,cost,industrial,,,2020-01-01,2020-06-30,0.0706,EUR/kWh,EUR,,primary
nrg_pc_205:MWH2000-19999:X_TAX:EUR,FR,cost,industrial,,,2020-07-01,2020-12-31,0.0667,EUR/kWh,EUR,,primary
nrg_pc_205:MWH2000-19999:X_TAX:EUR,FR,cost,industrial,,,2021-01-01,2021-06-30,0.0729,EUR/kWh,EUR,,primary
nrg_pc_205:MWH2000-19999:X_TAX:EUR,FR,cost,industrial,,,2021-07-01,2021-12-31,0.0745,EUR/kWh,EUR,,primary
nrg_pc_205:MWH2000-19999:X_TAX:EUR,FR,cost,industrial,,,2022-01-01,2022-06-30,0.1202,EUR/kWh,EUR,,primary
nrg_pc_205:MWH2000-19999:X_TAX:EUR,FR,cost,industrial,,,2022-07-01,2022-12-31,0.1123,EUR/kWh,EUR,,primary
nrg_pc_205:MWH2000-19999:X_TAX:EUR,FR,cost,industrial,,,2023-01-01,2023-06-30,0.2217,EUR/kWh,EUR,,primary
nrg_pc_205:MWH2000-19999:X_TAX:EUR,FR,cost,industrial,,,2023-07-01,2023-12-31,0.2013,EUR/kWh,EUR,,primary
nrg_pc_205:MWH2000-19999:X_TAX:EUR,FR,cost,industrial,,,2024-01-01,2024-06-30,0.1306,EUR/kWh,EUR,,primary
nrg_pc_205:MWH2000-19999:X_TAX:EUR,FR,cost,industrial,,,2024-07-01,2024-12-31,0.1327,EUR/kWh,EUR,,primary
nrg_pc_205:MWH2000-19999:X_TAX:EUR,FR,cost,industrial,,,2025-01-01,2025-06-30,0.1164,EUR/kWh,EUR,,primary
nrg_pc_205:MWH2000-19999:X_TAX:EUR,FR,cost,industrial,,,2025-07-01,2025-12-31,0.1068,EUR/kWh,EUR,,primary
nrg_pc_205:MWH2000-19999:X_TAX:EUR,FR,cost,industrial,,,2026-01-01,2026-06-30,0.1064,EUR/kWh,EUR,,primary
nrg_pc_205:MWH2000-19999:X_TAX:EUR,HR,cost,industrial,,,2015-01-01,2015-06-30,0.0745,EUR/kWh,EUR,,primary
nrg_pc_205:MWH2000-19999:X_TAX:EUR,HR,cost,industrial,,,2015-07-01,2015-12-31,0.0758,EUR/kWh,EUR,,primary
nrg_pc_205:MWH2000-19999:X_TAX:EUR,HR,cost,industrial,,,2016-01-01,2016-06-30,0.0732,EUR/kWh,EUR,,primary
nrg_pc_205:MWH2000-19999:X_TAX:EUR,HR,cost,industrial,,,2016-07-01,2016-12-31,0.072,EUR/kWh,EUR,,primary
nrg_pc_205:MWH2000-19999:X_TAX:EUR,HR,cost,industrial,,,2017-01-01,2017-06-30,0.0712,EUR/kWh,EUR,,primary
nrg_pc_205:MWH2000-19999:X_TAX:EUR,HR,cost,industrial,,,2017-07-01,2017-12-31,0.0706,EUR/kWh,EUR,,primary
nrg_pc_205:MWH2000-19999:X_TAX:EUR,HR,cost,industrial,,,2018-01-01,2018-06-30,0.0733,EUR/kWh,EUR,,primary
nrg_pc_205:MWH2000-19999:X_TAX:EUR,HR,cost,industrial,,,2018-07-01,2018-12-31,0.0761,EUR/kWh,EUR,,primary
nrg_pc_205:MWH2000-19999:X_TAX:EUR,HR,cost,industrial,,,2019-01-01,2019-06-30,0.0793,EUR/kWh,EUR,,primary
nrg_pc_205:MWH2000-19999:X_TAX:EUR,HR,cost,industrial,,,2019-07-01,2019-12-31,0.0812,EUR/kWh,EUR,,primary
nrg_pc_205:MWH2000-19999:X_TAX:EUR,HR,cost,industrial,,,2020-01-01,2020-06-30,0.0811,EUR/kWh,EUR,,primary
nrg_pc_205:MWH2000-19999:X_TAX:EUR,HR,cost,industrial,,,2020-07-01,2020-12-31,0.0803,EUR/kWh,EUR,,primary
nrg_pc_205:MWH2000-19999:X_TAX:EUR,HR,cost,industrial,,,2021-01-01,2021-06-30,0.0795,EUR/kWh,EUR,,primary
nrg_pc_205:MWH2000-19999:X_TAX:EUR,HR,cost,industrial,,,2021-07-01,2021-12-31,0.0888,EUR/kWh,EUR,,primary
nrg_pc_205:MWH2000-19999:X_TAX:EUR,HR,cost,industrial,,,2022-01-01,2022-06-30,0.1197,EUR/kWh,EUR,,primary
nrg_pc_205:MWH2000-19999:X_TAX:EUR,HR,cost,industrial,,,2022-07-01,2022-12-31,0.1789,EUR/kWh,EUR,,primary
nrg_pc_205:MWH2000-19999:X_TAX:EUR,HR,cost,industrial,,,2023-01-01,2023-06-30,0.2206,EUR/kWh,EUR,,primary
nrg_pc_205:MWH2000-19999:X_TAX:EUR,HR,cost,industrial,,,2023-07-01,2023-12-31,0.1872,EUR/kWh,EUR,,primary
nrg_pc_205:MWH2000-19999:X_TAX:EUR,HR,cost,industrial,,,2024-01-01,2024-06-30,0.1656,EUR/kWh,EUR,,primary
nrg_pc_205:MWH2000-19999:X_TAX:EUR,HR,cost,industrial,,,2024-07-01,2024-12-31,0.1491,EUR/kWh,EUR,,primary
nrg_pc_205:MWH2000-19999:X_TAX:EUR,HR,cost,industrial,,,2025-01-01,2025-06-30,0.1404,EUR/kWh,EUR,,primary
nrg_pc_205:MWH2000-19999:X_TAX:EUR,HR,cost,industrial,,,2025-07-01,2025-12-31,0.1256,EUR/kWh,EUR,,primary
nrg_pc_205:MWH2000-19999:X_TAX:EUR,HR,cost,industrial,,,2026-01-01,2026-06-30,0.1298,EUR/kWh,EUR,,primary
nrg_pc_205:MWH2000-19999:X_TAX:EUR,HU,cost,industrial,,,2015-01-01,2015-06-30,0.0763,EUR/kWh,EUR,,primary
nrg_pc_205:MWH2000-19999:X_TAX:EUR,HU,cost,industrial,,,2015-07-01,2015-12-31,0.0767,EUR/kWh,EUR,,primary
nrg_pc_205:MWH2000-19999:X_TAX:EUR,HU,cost,industrial,,,2016-01-01,2016-06-30,0.0687,EUR/kWh,EUR,,primary
nrg_pc_205:MWH2000-19999:X_TAX:EUR,HU,cost,industrial,,,2016-07-01,2016-12-31,0.0672,EUR/kWh,EUR,,primary
nrg_pc_205:MWH2000-19999:X_TAX:EUR,HU,cost,industrial,,,2017-01-01,2017-06-30,0.0593,EUR/kWh,EUR,e,primary
nrg_pc_205:MWH2000-19999:X_TAX:EUR,HU,cost,industrial,,,2017-07-01,2017-12-31,0.061,EUR/kWh,EUR,,primary
nrg_pc_205:MWH2000-19999:X_TAX:EUR,HU,cost,industrial,,,2018-01-01,2018-06-30,0.0665,EUR/kWh,EUR,,primary
nrg_pc_205:MWH2000-19999:X_TAX:EUR,HU,cost,industrial,,,2018-07-01,2018-12-31,0.0675,EUR/kWh,EUR,,primary
nrg_pc_205:MWH2000-19999:X_TAX:EUR,HU,cost,industrial,,,2019-01-01,2019-06-30,0.0795,EUR/kWh,EUR,,primary
nrg_pc_205:MWH2000-19999:X_TAX:EUR,HU,cost,industrial,,,2019-07-01,2019-12-31,0.0771,EUR/kWh,EUR,,primary
nrg_pc_205:MWH2000-19999:X_TAX:EUR,HU,cost,industrial,,,2020-01-01,2020-06-30,0.0762,EUR/kWh,EUR,,primary
nrg_pc_205:MWH2000-19999:X_TAX:EUR,HU,cost,industrial,,,2020-07-01,2020-12-31,0.0781,EUR/kWh,EUR,,primary
nrg_pc_205:MWH2000-19999:X_TAX:EUR,HU,cost,industrial,,,2021-01-01,2021-06-30,0.0752,EUR/kWh,EUR,,primary
nrg_pc_205:MWH2000-19999:X_TAX:EUR,HU,cost,industrial,,,2021-07-01,2021-12-31,0.0977,EUR/kWh,EUR,,primary
nrg_pc_205:MWH2000-19999:X_TAX:EUR,HU,cost,industrial,,,2022-01-01,2022-06-30,0.1844,EUR/kWh,EUR,,primary
nrg_pc_205:MWH2000-19999:X_TAX:EUR,HU,cost,industrial,,,2022-07-01,2022-12-31,0.236,EUR/kWh,EUR,,primary
nrg_pc_205:MWH2000-19999:X_TAX:EUR,HU,cost,industrial,,,2023-01-01,2023-06-30,0.2653,EUR/kWh,EUR,,primary
nrg_pc_205:MWH2000-19999:X_TAX:EUR,HU,cost,industrial,,,2023-07-01,2023-12-31,0.2255,EUR/kWh,EUR,,primary
nrg_pc_205:MWH2000-19999:X_TAX:EUR,HU,cost,industrial,,,2024-01-01,2024-06-30,0.168,EUR/kWh,EUR,,primary
nrg_pc_205:MWH2000-19999:X_TAX:EUR,HU,cost,industrial,,,2024-07-01,2024-12-31,0.1961,EUR/kWh,EUR,,primary
nrg_pc_205:MWH2000-19999:X_TAX:EUR,HU,cost,industrial,,,2025-01-01,2025-06-30,0.1678,EUR/kWh,EUR,,primary
nrg_pc_205:MWH2000-19999:X_TAX:EUR,HU,cost,industrial,,,2025-07-01,2025-12-31,0.1707,EUR/kWh,EUR,,primary
nrg_pc_205:MWH2000-19999:X_TAX:EUR,HU,cost,industrial,,,2026-01-01,2026-06-30,0.1728,EUR/kWh,EUR,,primary
nrg_pc_205:MWH2000-19999:X_TAX:EUR,IE,cost,industrial,,,2015-01-01,2015-06-30,0.1082,EUR/kWh,EUR,,primary
nrg_pc_205:MWH2000-19999:X_TAX:EUR,IE,cost,industrial,,,2015-07-01,2015-12-31,0.103,EUR/kWh,EUR,,primary
nrg_pc_205:MWH2000-19999:X_TAX:EUR,IE,cost,industrial,,,2016-01-01,2016-06-30,0.0931,EUR/kWh,EUR,,primary
nrg_pc_205:MWH2000-19999:X_TAX:EUR,IE,cost,industrial,,,2016-07-01,2016-12-31,0.0926,EUR/kWh,EUR,,primary
nrg_pc_205:MWH2000-19999:X_TAX:EUR,IE,cost,industrial,,,2017-01-01,2017-06-30,0.0915,EUR/kWh,EUR,,primary
nrg_pc_205:MWH2000-19999:X_TAX:EUR,IE,cost,industrial,,,2017-07-01,2017-12-31,0.0885,EUR/kWh,EUR,,primary
nrg_pc_205:MWH2000-19999:X_TAX:EUR,IE,cost,industrial,,,2018-01-01,2018-06-30,0.0955,EUR/kWh,EUR,,primary
nrg_pc_205:MWH2000-19999:X_TAX:EUR,IE,cost,industrial,,,2018-07-01,2018-12-31,0.1018,EUR/kWh,EUR,,primary
nrg_pc_205:MWH2000-19999:X_TAX:EUR,IE,cost,industrial,,,2019-01-01,2019-06-30,0.1011,EUR/kWh,EUR,,primary
nrg_pc_205:MWH2000-19999:X_TAX:EUR,IE,cost,industrial,,,2019-07-01,2019-12-31,0.0987,EUR/kWh,EUR,,primary
nrg_pc_205:MWH2000-19999:X_TAX:EUR,IE,cost,industrial,,,2020-01-01,2020-06-30,0.0967,EUR/kWh,EUR,,primary
nrg_pc_205:MWH2000-19999:X_TAX:EUR,IE,cost,industrial,,,2020-07-01,2020-12-31,0.0987,EUR/kWh,EUR,,primary
nrg_pc_205:MWH2000-19999:X_TAX:EUR,IE,cost,industrial,,,2021-01-01,2021-06-30,0.1107,EUR/kWh,EUR,,primary
nrg_pc_205:MWH2000-19999:X_TAX:EUR,IE,cost,industrial,,,2021-07-01,2021-12-31,0.1588,EUR/kWh,EUR,,primary
nrg_pc_205:MWH2000-19999:X_TAX:EUR,IE,cost,industrial,,,2022-01-01,2022-06-30,0.1874,EUR/kWh,EUR,,primary
nrg_pc_205:MWH2000-19999:X_TAX:EUR,IE,cost,industrial,,,2022-07-01,2022-12-31,0.2455,EUR/kWh,EUR,,primary
nrg_pc_205:MWH2000-19999:X_TAX:EUR,IE,cost,industrial,,,2023-01-01,2023-06-30,0.25,EUR/kWh,EUR,,primary
nrg_pc_205:MWH2000-19999:X_TAX:EUR,IE,cost,industrial,,,2023-07-01,2023-12-31,0.2273,EUR/kWh,EUR,,primary
nrg_pc_205:MWH2000-19999:X_TAX:EUR,IE,cost,industrial,,,2024-01-01,2024-06-30,0.2159,EUR/kWh,EUR,,primary
nrg_pc_205:MWH2000-19999:X_TAX:EUR,IE,cost,industrial,,,2024-07-01,2024-12-31,0.2196,EUR/kWh,EUR,,primary
nrg_pc_205:MWH2000-19999:X_TAX:EUR,IE,cost,industrial,,,2025-01-01,2025-06-30,0.2281,EUR/kWh,EUR,,primary
nrg_pc_205:MWH2000-19999:X_TAX:EUR,IE,cost,industrial,,,2025-07-01,2025-12-31,0.2118,EUR/kWh,EUR,,primary
nrg_pc_205:MWH2000-19999:X_TAX:EUR,IE,cost,industrial,,,2026-01-01,2026-06-30,0.2255,EUR/kWh,EUR,,primary
nrg_pc_205:MWH2000-19999:X_TAX:EUR,IT,cost,industrial,,,2015-01-01,2015-06-30,0.087,EUR/kWh,EUR,,primary
nrg_pc_205:MWH2000-19999:X_TAX:EUR,IT,cost,industrial,,,2015-07-01,2015-12-31,0.0845,EUR/kWh,EUR,,primary
nrg_pc_205:MWH2000-19999:X_TAX:EUR,IT,cost,industrial,,,2016-01-01,2016-06-30,0.0774,EUR/kWh,EUR,,primary
nrg_pc_205:MWH2000-19999:X_TAX:EUR,IT,cost,industrial,,,2016-07-01,2016-12-31,0.0808,EUR/kWh,EUR,,primary
nrg_pc_205:MWH2000-19999:X_TAX:EUR,IT,cost,industrial,,,2017-01-01,2017-06-30,0.076,EUR/kWh,EUR,,primary
nrg_pc_205:MWH2000-19999:X_TAX:EUR,IT,cost,industrial,,,2017-07-01,2017-12-31,0.0753,EUR/kWh,EUR,,primary
nrg_pc_205:MWH2000-19999:X_TAX:EUR,IT,cost,industrial,,,2018-01-01,2018-06-30,0.0791,EUR/kWh,EUR,,primary
nrg_pc_205:MWH2000-19999:X_TAX:EUR,IT,cost,industrial,,,2018-07-01,2018-12-31,0.0827,EUR/kWh,EUR,,primary
nrg_pc_205:MWH2000-19999:X_TAX:EUR,IT,cost,industrial,,,2019-01-01,2019-06-30,0.0903,EUR/kWh,EUR,,primary
nrg_pc_205:MWH2000-19999:X_TAX:EUR,IT,cost,industrial,,,2019-07-01,2019-12-31,0.0886,EUR/kWh,EUR,,primary
nrg_pc_205:MWH2000-19999:X_TAX:EUR,IT,cost,industrial,,,2020-01-01,2020-06-30,0.0808,EUR/kWh,EUR,,primary
nrg_pc_205:MWH2000-19999:X_TAX:EUR,IT,cost,industrial,,,2020-07-01,2020-12-31,0.0841,EUR/kWh,EUR,,primary
nrg_pc_205:MWH2000-19999:X_TAX:EUR,IT,cost,industrial,,,2021-01-01,2021-06-30,0.0876,EUR/kWh,EUR,,primary
nrg_pc_205:MWH2000-19999:X_TAX:EUR,IT,cost,industrial,,,2021-07-01,2021-12-31,0.1281,EUR/kWh,EUR,,primary
nrg_pc_205:MWH2000-19999:X_TAX:EUR,IT,cost,industrial,,,2022-01-01,2022-06-30,0.2232,EUR/kWh,EUR,,primary
nrg_pc_205:MWH2000-19999:X_TAX:EUR,IT,cost,industrial,,,2022-07-01,2022-12-31,0.3079,EUR/kWh,EUR,,primary
nrg_pc_205:MWH2000-19999:X_TAX:EUR,IT,cost,industrial,,,2023-01-01,2023-06-30,0.2093,EUR/kWh,EUR,,primary
nrg_pc_205:MWH2000-19999:X_TAX:EUR,IT,cost,industrial,,,2023-07-01,2023-12-31,0.1717,EUR/kWh,EUR,,primary
nrg_pc_205:MWH2000-19999:X_TAX:EUR,IT,cost,industrial,,,2024-01-01,2024-06-30,0.1438,EUR/kWh,EUR,,primary
nrg_pc_205:MWH2000-19999:X_TAX:EUR,IT,cost,industrial,,,2024-07-01,2024-12-31,0.1584,EUR/kWh,EUR,,primary
nrg_pc_205:MWH2000-19999:X_TAX:EUR,IT,cost,industrial,,,2025-01-01,2025-06-30,0.1661,EUR/kWh,EUR,,primary
nrg_pc_205:MWH2000-19999:X_TAX:EUR,IT,cost,industrial,,,2025-07-01,2025-12-31,0.1587,EUR/kWh,EUR,,primary
nrg_pc_205:MWH2000-19999:X_TAX:EUR,IT,cost,industrial,,,2026-01-01,2026-06-30,0.1659,EUR/kWh,EUR,,primary
nrg_pc_205:MWH2000-19999:X_TAX:EUR,LT,cost,industrial,,,2015-01-01,2015-06-30,0.0738,EUR/kWh,EUR,,primary
nrg_pc_205:MWH2000-19999:X_TAX:EUR,LT,cost,industrial,,,2015-07-01,2015-12-31,0.0735,EUR/kWh,EUR,,primary
nrg_pc_205:MWH2000-19999:X_TAX:EUR,LT,cost,industrial,,,2016-01-01,2016-06-30,0.0675,EUR/kWh,EUR,,primary
nrg_pc_205:MWH2000-19999:X_TAX:EUR,LT,cost,industrial,,,2016-07-01,2016-12-31,0.0641,EUR/kWh,EUR,,primary
nrg_pc_205:MWH2000-19999:X_TAX:EUR,LT,cost,industrial,,,2017-01-01,2017-06-30,0.0609,EUR/kWh,EUR,,primary
nrg_pc_205:MWH2000-19999:X_TAX:EUR,LT,cost,industrial,,,2017-07-01,2017-12-31,0.0604,EUR/kWh,EUR,,primary
nrg_pc_205:MWH2000-19999:X_TAX:EUR,LT,cost,industrial,,,2018-01-01,2018-06-30,0.0622,EUR/kWh,EUR,,primary
nrg_pc_205:MWH2000-19999:X_TAX:EUR,LT,cost,industrial,,,2018-07-01,2018-12-31,0.0675,EUR/kWh,EUR,,primary
nrg_pc_205:MWH2000-19999:X_TAX:EUR,LT,cost,industrial,,,2019-01-01,2019-06-30,0.0753,EUR/kWh,EUR,,primary
nrg_pc_205:MWH2000-19999:X_TAX:EUR,LT,cost,industrial,,,2019-07-01,2019-12-31,0.0753,EUR/kWh,EUR,,primary
nrg_pc_205:MWH2000-19999:X_TAX:EUR,LT,cost,industrial,,,2020-01-01,2020-06-30,0.0732,EUR/kWh,EUR,,primary
nrg_pc_205:MWH2000-19999:X_TAX:EUR,LT,cost,industrial,,,2020-07-01,2020-12-31,0.0745,EUR/kWh,EUR,,primary
nrg_pc_205:MWH2000-19999:X_TAX:EUR,LT,cost,industrial,,,2021-01-01,2021-06-30,0.0808,EUR/kWh,EUR,,primary
nrg_pc_205:MWH2000-19999:X_TAX:EUR,LT,cost,industrial,,,2021-07-01,2021-12-31,0.1162,EUR/kWh,EUR,,primary
nrg_pc_205:MWH2000-19999:X_TAX:EUR,LT,cost,industrial,,,2022-01-01,2022-06-30,0.1403,EUR/kWh,EUR,,primary
nrg_pc_205:MWH2000-19999:X_TAX:EUR,LT,cost,industrial,,,2022-07-01,2022-12-31,0.2446,EUR/kWh,EUR,,primary
nrg_pc_205:MWH2000-19999:X_TAX:EUR,LT,cost,industrial,,,2023-01-01,2023-06-30,0.1534,EUR/kWh,EUR,,primary
nrg_pc_205:MWH2000-19999:X_TAX:EUR,LT,cost,industrial,,,2023-07-01,2023-12-31,0.1525,EUR/kWh,EUR,,primary
nrg_pc_205:MWH2000-19999:X_TAX:EUR,LT,cost,industrial,,,2024-01-01,2024-06-30,0.1426,EUR/kWh,EUR,,primary
nrg_pc_205:MWH2000-19999:X_TAX:EUR,LT,cost,industrial,,,2024-07-01,2024-12-31,0.1428,EUR/kWh,EUR,,primary
nrg_pc_205:MWH2000-19999:X_TAX:EUR,LT,cost,industrial,,,2025-01-01,2025-06-30,0.1346,EUR/kWh,EUR,,primary
nrg_pc_205:MWH2000-19999:X_TAX:EUR,LT,cost,industrial,,,2025-07-01,2025-12-31,0.1358,EUR/kWh,EUR,,primary
nrg_pc_205:MWH2000-19999:X_TAX:EUR,LT,cost,industrial,,,2026-01-01,2026-06-30,0.145,EUR/kWh,EUR,,primary
nrg_pc_205:MWH2000-19999:X_TAX:EUR,LU,cost,industrial,,,2015-01-01,2015-06-30,0.0556,EUR/kWh,EUR,,primary
nrg_pc_205:MWH2000-19999:X_TAX:EUR,LU,cost,industrial,,,2015-07-01,2015-12-31,0.0558,EUR/kWh,EUR,,primary
nrg_pc_205:MWH2000-19999:X_TAX:EUR,LU,cost,industrial,,,2016-01-01,2016-06-30,0.0512,EUR/kWh,EUR,,primary
nrg_pc_205:MWH2000-19999:X_TAX:EUR,LU,cost,industrial,,,2016-07-01,2016-12-31,0.0517,EUR/kWh,EUR,,primary
nrg_pc_205:MWH2000-19999:X_TAX:EUR,LU,cost,industrial,,,2017-01-01,2017-06-30,0.0588,EUR/kWh,EUR,,primary
nrg_pc_205:MWH2000-19999:X_TAX:EUR,LU,cost,industrial,,,2017-07-01,2017-12-31,0.0603,EUR/kWh,EUR,,primary
nrg_pc_205:MWH2000-19999:X_TAX:EUR,LU,cost,industrial,,,2018-01-01,2018-06-30,0.0616,EUR/kWh,EUR,,primary
nrg_pc_205:MWH2000-19999:X_TAX:EUR,LU,cost,industrial,,,2018-07-01,2018-12-31,0.0622,EUR/kWh,EUR,,primary
nrg_pc_205:MWH2000-19999:X_TAX:EUR,LU,cost,industrial,,,2019-01-01,2019-06-30,0.0656,EUR/kWh,EUR,,primary
nrg_pc_205:MWH2000-19999:X_TAX:EUR,LU,cost,industrial,,,2019-07-01,2019-12-31,0.0671,EUR/kWh,EUR,,primary
nrg_pc_205:MWH2000-19999:X_TAX:EUR,LU,cost,industrial,,,2020-01-01,2020-06-30,0.0523,EUR/kWh,EUR,,primary
nrg_pc_205:MWH2000-19999:X_TAX:EUR,LU,cost,industrial,,,2020-07-01,2020-12-31,0.0681,EUR/kWh,EUR,,primary
nrg_pc_205:MWH2000-19999:X_TAX:EUR,LU,cost,industrial,,,2021-01-01,2021-06-30,0.0675,EUR/kWh,EUR,,primary
nrg_pc_205:MWH2000-19999:X_TAX:EUR,LU,cost,industrial,,,2021-07-01,2021-12-31,0.0749,EUR/kWh,EUR,,primary
nrg_pc_205:MWH2000-19999:X_TAX:EUR,LU,cost,industrial,,,2022-01-01,2022-06-30,0.115,EUR/kWh,EUR,,primary
nrg_pc_205:MWH2000-19999:X_TAX:EUR,LU,cost,industrial,,,2022-07-01,2022-12-31,0.133,EUR/kWh,EUR,,primary
nrg_pc_205:MWH2000-19999:X_TAX:EUR,LU,cost,industrial,,,2023-01-01,2023-06-30,0.2263,EUR/kWh,EUR,,primary
nrg_pc_205:MWH2000-19999:X_TAX:EUR,LU,cost,industrial,,,2023-07-01,2023-12-31,0.2034,EUR/kWh,EUR,,primary
nrg_pc_205:MWH2000-19999:X_TAX:EUR,LU,cost,industrial,,,2024-01-01,2024-06-30,0.1717,EUR/kWh,EUR,,primary
nrg_pc_205:MWH2000-19999:X_TAX:EUR,LU,cost,industrial,,,2024-07-01,2024-12-31,0.1715,EUR/kWh,EUR,,primary
nrg_pc_205:MWH2000-19999:X_TAX:EUR,LU,cost,industrial,,,2025-01-01,2025-06-30,0.1464,EUR/kWh,EUR,,primary
nrg_pc_205:MWH2000-19999:X_TAX:EUR,LU,cost,industrial,,,2025-07-01,2025-12-31,0.1433,EUR/kWh,EUR,,primary
nrg_pc_205:MWH2000-19999:X_TAX:EUR,LU,cost,industrial,,,2026-01-01,2026-06-30,0.1187,EUR/kWh,EUR,,primary
nrg_pc_205:MWH2000-19999:X_TAX:EUR,LV,cost,industrial,,,2015-01-01,2015-06-30,0.0813,EUR/kWh,EUR,,primary
nrg_pc_205:MWH2000-19999:X_TAX:EUR,LV,cost,industrial,,,2015-07-01,2015-12-31,0.0804,EUR/kWh,EUR,,primary
nrg_pc_205:MWH2000-19999:X_TAX:EUR,LV,cost,industrial,,,2016-01-01,2016-06-30,0.0806,EUR/kWh,EUR,,primary
nrg_pc_205:MWH2000-19999:X_TAX:EUR,LV,cost,industrial,,,2016-07-01,2016-12-31,0.0804,EUR/kWh,EUR,,primary
nrg_pc_205:MWH2000-19999:X_TAX:EUR,LV,cost,industrial,,,2017-01-01,2017-06-30,0.0765,EUR/kWh,EUR,,primary
nrg_pc_205:MWH2000-19999:X_TAX:EUR,LV,cost,industrial,,,2017-07-01,2017-12-31,0.076,EUR/kWh,EUR,,primary
nrg_pc_205:MWH2000-19999:X_TAX:EUR,LV,cost,industrial,,,2018-01-01,2018-06-30,0.0676,EUR/kWh,EUR,,primary
nrg_pc_205:MWH2000-19999:X_TAX:EUR,LV,cost,industrial,,,2018-07-01,2018-12-31,0.0719,EUR/kWh,EUR,,primary
nrg_pc_205:MWH2000-19999:X_TAX:EUR,LV,cost,industrial,,,2019-01-01,2019-06-30,0.0729,EUR/kWh,EUR,,primary
nrg_pc_205:MWH2000-19999:X_TAX:EUR,LV,cost,industrial,,,2019-07-01,2019-12-31,0.0735,EUR/kWh,EUR,,primary
nrg_pc_205:MWH2000-19999:X_TAX:EUR,LV,cost,industrial,,,2020-01-01,2020-06-30,0.0659,EUR/kWh,EUR,,primary
nrg_pc_205:MWH2000-19999:X_TAX:EUR,LV,cost,industrial,,,2020-07-01,2020-12-31,0.0702,EUR/kWh,EUR,,primary
nrg_pc_205:MWH2000-19999:X_TAX:EUR,LV,cost,industrial,,,2021-01-01,2021-06-30,0.0725,EUR/kWh,EUR,,primary
nrg_pc_205:MWH2000-19999:X_TAX:EUR,LV,cost,industrial,,,2021-07-01,2021-12-31,0.1103,EUR/kWh,EUR,,primary
nrg_pc_205:MWH2000-19999:X_TAX:EUR,LV,cost,industrial,,,2022-01-01,2022-06-30,0.1423,EUR/kWh,EUR,,primary
nrg_pc_205:MWH2000-19999:X_TAX:EUR,LV,cost,industrial,,,2022-07-01,2022-12-31,0.2402,EUR/kWh,EUR,,primary
nrg_pc_205:MWH2000-19999:X_TAX:EUR,LV,cost,industrial,,,2023-01-01,2023-06-30,0.1483,EUR/kWh,EUR,,primary
nrg_pc_205:MWH2000-19999:X_TAX:EUR,LV,cost,industrial,,,2023-07-01,2023-12-31,0.133,EUR/kWh,EUR,,primary
nrg_pc_205:MWH2000-19999:X_TAX:EUR,LV,cost,industrial,,,2024-01-01,2024-06-30,0.1201,EUR/kWh,EUR,,primary
nrg_pc_205:MWH2000-19999:X_TAX:EUR,LV,cost,industrial,,,2024-07-01,2024-12-31,0.1209,EUR/kWh,EUR,,primary
nrg_pc_205:MWH2000-19999:X_TAX:EUR,LV,cost,industrial,,,2025-01-01,2025-06-30,0.111,EUR/kWh,EUR,,primary
nrg_pc_205:MWH2000-19999:X_TAX:EUR,LV,cost,industrial,,,2025-07-01,2025-12-31,0.1136,EUR/kWh,EUR,,primary
nrg_pc_205:MWH2000-19999:X_TAX:EUR,LV,cost,industrial,,,2026-01-01,2026-06-30,0.1185,EUR/kWh,EUR,,primary
nrg_pc_205:MWH2000-19999:X_TAX:EUR,MT,cost,industrial,,,2015-01-01,2015-06-30,0.1412,EUR/kWh,EUR,,primary
nrg_pc_205:MWH2000-19999:X_TAX:EUR,MT,cost,industrial,,,2015-07-01,2015-12-31,0.1239,EUR/kWh,EUR,,primary
nrg_pc_205:MWH2000-19999:X_TAX:EUR,MT,cost,industrial,,,2016-01-01,2016-06-30,0.1221,EUR/kWh,EUR,,primary
nrg_pc_205:MWH2000-19999:X_TAX:EUR,MT,cost,industrial,,,2016-07-01,2016-12-31,0.1233,EUR/kWh,EUR,,primary
nrg_pc_205:MWH2000-19999:X_TAX:EUR,MT,cost,industrial,,,2017-01-01,2017-06-30,0.1188,EUR/kWh,EUR,,primary
nrg_pc_205:MWH2000-19999:X_TAX:EUR,MT,cost,industrial,,,2017-07-01,2017-12-31,0.1184,EUR/kWh,EUR,,primary
nrg_pc_205:MWH2000-19999:X_TAX:EUR,MT,cost,industrial,,,2018-01-01,2018-06-30,0.1183,EUR/kWh,EUR,,primary
nrg_pc_205:MWH2000-19999:X_TAX:EUR,MT,cost,industrial,,,2018-07-01,2018-12-31,0.118,EUR/kWh,EUR,,primary
nrg_pc_205:MWH2000-19999:X_TAX:EUR,MT,cost,industrial,,,2019-01-01,2019-06-30,0.1175,EUR/kWh,EUR,,primary
nrg_pc_205:MWH2000-19999:X_TAX:EUR,MT,cost,industrial,,,2019-07-01,2019-12-31,0.117,EUR/kWh,EUR,,primary
nrg_pc_205:MWH2000-19999:X_TAX:EUR,MT,cost,industrial,,,2020-01-01,2020-06-30,0.1168,EUR/kWh,EUR,,primary
nrg_pc_205:MWH2000-19999:X_TAX:EUR,MT,cost,industrial,,,2020-07-01,2020-12-31,0.1169,EUR/kWh,EUR,,primary
nrg_pc_205:MWH2000-19999:X_TAX:EUR,MT,cost,industrial,,,2021-01-01,2021-06-30,0.1171,EUR/kWh,EUR,,primary
nrg_pc_205:MWH2000-19999:X_TAX:EUR,MT,cost,industrial,,,2021-07-01,2021-12-31,0.121,EUR/kWh,EUR,,primary
nrg_pc_205:MWH2000-19999:X_TAX:EUR,MT,cost,industrial,,,2022-01-01,2022-06-30,0.1173,EUR/kWh,EUR,,primary
nrg_pc_205:MWH2000-19999:X_TAX:EUR,MT,cost,industrial,,,2022-07-01,2022-12-31,0.1171,EUR/kWh,EUR,,primary
nrg_pc_205:MWH2000-19999:X_TAX:EUR,MT,cost,industrial,,,2023-01-01,2023-06-30,0.121,EUR/kWh,EUR,,primary
nrg_pc_205:MWH2000-19999:X_TAX:EUR,MT,cost,industrial,,,2023-07-01,2023-12-31,0.1209,EUR/kWh,EUR,,primary
nrg_pc_205:MWH2000-19999:X_TAX:EUR,MT,cost,industrial,,,2024-01-01,2024-06-30,0.1209,EUR/kWh,EUR,,primary
nrg_pc_205:MWH2000-19999:X_TAX:EUR,MT,cost,industrial,,,2024-07-01,2024-12-31,0.1168,EUR/kWh,EUR,,primary
nrg_pc_205:MWH2000-19999:X_TAX:EUR,MT,cost,industrial,,,2025-01-01,2025-06-30,0.1162,EUR/kWh,EUR,,primary
nrg_pc_205:MWH2000-19999:X_TAX:EUR,MT,cost,industrial,,,2025-07-01,2025-12-31,0.1182,EUR/kWh,EUR,,primary
nrg_pc_205:MWH2000-19999:X_TAX:EUR,MT,cost,industrial,,,2026-01-01,2026-06-30,0.1173,EUR/kWh,EUR,p,primary
nrg_pc_205:MWH2000-19999:X_TAX:EUR,NL,cost,industrial,,,2015-01-01,2015-06-30,0.0672,EUR/kWh,EUR,,primary
nrg_pc_205:MWH2000-19999:X_TAX:EUR,NL,cost,industrial,,,2015-07-01,2015-12-31,0.066,EUR/kWh,EUR,,primary
nrg_pc_205:MWH2000-19999:X_TAX:EUR,NL,cost,industrial,,,2016-01-01,2016-06-30,0.0613,EUR/kWh,EUR,,primary
nrg_pc_205:MWH2000-19999:X_TAX:EUR,NL,cost,industrial,,,2016-07-01,2016-12-31,0.0614,EUR/kWh,EUR,,primary
nrg_pc_205:MWH2000-19999:X_TAX:EUR,NL,cost,industrial,,,2017-01-01,2017-06-30,0.055,EUR/kWh,EUR,,primary
nrg_pc_205:MWH2000-19999:X_TAX:EUR,NL,cost,industrial,,,2017-07-01,2017-12-31,0.055,EUR/kWh,EUR,,primary
nrg_pc_205:MWH2000-19999:X_TAX:EUR,NL,cost,industrial,,,2018-01-01,2018-06-30,0.056,EUR/kWh,EUR,,primary
nrg_pc_205:MWH2000-19999:X_TAX:EUR,NL,cost,industrial,,,2018-07-01,2018-12-31,0.059,EUR/kWh,EUR,,primary
nrg_pc_205:MWH2000-19999:X_TAX:EUR,NL,cost,industrial,,,2019-01-01,2019-06-30,0.066,EUR/kWh,EUR,,primary
nrg_pc_205:MWH2000-19999:X_TAX:EUR,NL,cost,industrial,,,2019-07-01,2019-12-31,0.066,EUR/kWh,EUR,,primary
nrg_pc_205:MWH2000-19999:X_TAX:EUR,NL,cost,industrial,,,2020-01-01,2020-06-30,0.0656,EUR/kWh,EUR,,primary
nrg_pc_205:MWH2000-19999:X_TAX:EUR,NL,cost,industrial,,,2020-07-01,2020-12-31,0.0661,EUR/kWh,EUR,,primary
nrg_pc_205:MWH2000-19999:X_TAX:EUR,NL,cost,industrial,,,2021-01-01,2021-06-30,0.0701,EUR/kWh,EUR,,primary
nrg_pc_205:MWH2000-19999:X_TAX:EUR,NL,cost,industrial,,,2021-07-01,2021-12-31,0.0927,EUR/kWh,EUR,,primary
nrg_pc_205:MWH2000-19999:X_TAX:EUR,NL,cost,industrial,,,2022-01-01,2022-06-30,0.1388,EUR/kWh,EUR,,primary
nrg_pc_205:MWH2000-19999:X_TAX:EUR,NL,cost,industrial,,,2022-07-01,2022-12-31,0.1758,EUR/kWh,EUR,,primary
nrg_pc_205:MWH2000-19999:X_TAX:EUR,NL,cost,industrial,,,2023-01-01,2023-06-30,0.2101,EUR/kWh,EUR,,primary
nrg_pc_205:MWH2000-19999:X_TAX:EUR,NL,cost,industrial,,,2023-07-01,2023-12-31,0.1895,EUR/kWh,EUR,,primary
nrg_pc_205:MWH2000-19999:X_TAX:EUR,NL,cost,industrial,,,2024-01-01,2024-06-30,0.1553,EUR/kWh,EUR,,primary
nrg_pc_205:MWH2000-19999:X_TAX:EUR,NL,cost,industrial,,,2024-07-01,2024-12-31,0.1567,EUR/kWh,EUR,,primary
nrg_pc_205:MWH2000-19999:X_TAX:EUR,NL,cost,industrial,,,2025-01-01,2025-06-30,0.1497,EUR/kWh,EUR,,primary
nrg_pc_205:MWH2000-19999:X_TAX:EUR,NL,cost,industrial,,,2025-07-01,2025-12-31,0.1438,EUR/kWh,EUR,,primary
nrg_pc_205:MWH2000-19999:X_TAX:EUR,NL,cost,industrial,,,2026-01-01,2026-06-30,0.1445,EUR/kWh,EUR,,primary
nrg_pc_205:MWH2000-19999:X_TAX:EUR,PL,cost,industrial,,,2015-01-01,2015-06-30,0.0719,EUR/kWh,EUR,,primary
nrg_pc_205:MWH2000-19999:X_TAX:EUR,PL,cost,industrial,,,2015-07-01,2015-12-31,0.0705,EUR/kWh,EUR,,primary
nrg_pc_205:MWH2000-19999:X_TAX:EUR,PL,cost,industrial,,,2016-01-01,2016-06-30,0.0671,EUR/kWh,EUR,,primary
nrg_pc_205:MWH2000-19999:X_TAX:EUR,PL,cost,industrial,,,2016-07-01,2016-12-31,0.0664,EUR/kWh,EUR,,primary
nrg_pc_205:MWH2000-19999:X_TAX:EUR,PL,cost,industrial,,,2017-01-01,2017-06-30,0.0579,EUR/kWh,EUR,,primary
nrg_pc_205:MWH2000-19999:X_TAX:EUR,PL,cost,industrial,,,2017-07-01,2017-12-31,0.0559,EUR/kWh,EUR,,primary
nrg_pc_205:MWH2000-19999:X_TAX:EUR,PL,cost,industrial,,,2018-01-01,2018-06-30,0.0552,EUR/kWh,EUR,,primary
nrg_pc_205:MWH2000-19999:X_TAX:EUR,PL,cost,industrial,,,2018-07-01,2018-12-31,0.0554,EUR/kWh,EUR,,primary
nrg_pc_205:MWH2000-19999:X_TAX:EUR,PL,cost,industrial,,,2019-01-01,2019-06-30,0.072,EUR/kWh,EUR,,primary
nrg_pc_205:MWH2000-19999:X_TAX:EUR,PL,cost,industrial,,,2019-07-01,2019-12-31,0.057,EUR/kWh,EUR,,primary
nrg_pc_205:MWH2000-19999:X_TAX:EUR,PL,cost,industrial,,,2020-01-01,2020-06-30,0.0714,EUR/kWh,EUR,,primary
nrg_pc_205:MWH2000-19999:X_TAX:EUR,PL,cost,industrial,,,2020-07-01,2020-12-31,0.0691,EUR/kWh,EUR,,primary
nrg_pc_205:MWH2000-19999:X_TAX:EUR,PL,cost,industrial,,,2021-01-01,2021-06-30,0.0627,EUR/kWh,EUR,,primary
nrg_pc_205:MWH2000-19999:X_TAX:EUR,PL,cost,industrial,,,2021-07-01,2021-12-31,0.0601,EUR/kWh,EUR,,primary
nrg_pc_205:MWH2000-19999:X_TAX:EUR,PL,cost,industrial,,,2022-01-01,2022-06-30,0.0921,EUR/kWh,EUR,,primary
nrg_pc_205:MWH2000-19999:X_TAX:EUR,PL,cost,industrial,,,2022-07-01,2022-12-31,0.1077,EUR/kWh,EUR,,primary
nrg_pc_205:MWH2000-19999:X_TAX:EUR,PL,cost,industrial,,,2023-01-01,2023-06-30,0.1373,EUR/kWh,EUR,,primary
nrg_pc_205:MWH2000-19999:X_TAX:EUR,PL,cost,industrial,,,2023-07-01,2023-12-31,0.1295,EUR/kWh,EUR,,primary
nrg_pc_205:MWH2000-19999:X_TAX:EUR,PL,cost,industrial,,,2024-01-01,2024-06-30,0.1101,EUR/kWh,EUR,,primary
nrg_pc_205:MWH2000-19999:X_TAX:EUR,PL,cost,industrial,,,2024-07-01,2024-12-31,0.1201,EUR/kWh,EUR,,primary
nrg_pc_205:MWH2000-19999:X_TAX:EUR,PL,cost,industrial,,,2025-01-01,2025-06-30,0.112,EUR/kWh,EUR,,primary
nrg_pc_205:MWH2000-19999:X_TAX:EUR,PL,cost,industrial,,,2025-07-01,2025-12-31,0.1127,EUR/kWh,EUR,,primary
nrg_pc_205:MWH2000-19999:X_TAX:EUR,PL,cost,industrial,,,2026-01-01,2026-06-30,0.1119,EUR/kWh,EUR,,primary
nrg_pc_205:MWH2000-19999:X_TAX:EUR,PT,cost,industrial,,,2015-01-01,2015-06-30,0.0902,EUR/kWh,EUR,,primary
nrg_pc_205:MWH2000-19999:X_TAX:EUR,PT,cost,industrial,,,2015-07-01,2015-12-31,0.0908,EUR/kWh,EUR,,primary
nrg_pc_205:MWH2000-19999:X_TAX:EUR,PT,cost,industrial,,,2016-01-01,2016-06-30,0.0855,EUR/kWh,EUR,,primary
nrg_pc_205:MWH2000-19999:X_TAX:EUR,PT,cost,industrial,,,2016-07-01,2016-12-31,0.0861,EUR/kWh,EUR,,primary
nrg_pc_205:MWH2000-19999:X_TAX:EUR,PT,cost,industrial,,,2017-01-01,2017-06-30,0.0767,EUR/kWh,EUR,,primary
nrg_pc_205:MWH2000-19999:X_TAX:EUR,PT,cost,industrial,,,2017-07-01,2017-12-31,0.0776,EUR/kWh,EUR,,primary
nrg_pc_205:MWH2000-19999:X_TAX:EUR,PT,cost,industrial,,,2018-01-01,2018-06-30,0.0735,EUR/kWh,EUR,,primary
nrg_pc_205:MWH2000-19999:X_TAX:EUR,PT,cost,industrial,,,2018-07-01,2018-12-31,0.0765,EUR/kWh,EUR,,primary
nrg_pc_205:MWH2000-19999:X_TAX:EUR,PT,cost,industrial,,,2019-01-01,2019-06-30,0.0768,EUR/kWh,EUR,,primary
nrg_pc_205:MWH2000-19999:X_TAX:EUR,PT,cost,industrial,,,2019-07-01,2019-12-31,0.08,EUR/kWh,EUR,,primary
nrg_pc_205:MWH2000-19999:X_TAX:EUR,PT,cost,industrial,,,2020-01-01,2020-06-30,0.0727,EUR/kWh,EUR,,primary
nrg_pc_205:MWH2000-19999:X_TAX:EUR,PT,cost,industrial,,,2020-07-01,2020-12-31,0.0714,EUR/kWh,EUR,,primary
nrg_pc_205:MWH2000-19999:X_TAX:EUR,PT,cost,industrial,,,2021-01-01,2021-06-30,0.0699,EUR/kWh,EUR,,primary
nrg_pc_205:MWH2000-19999:X_TAX:EUR,PT,cost,industrial,,,2021-07-01,2021-12-31,0.0918,EUR/kWh,EUR,,primary
nrg_pc_205:MWH2000-19999:X_TAX:EUR,PT,cost,industrial,,,2022-01-01,2022-06-30,0.1517,EUR/kWh,EUR,,primary
nrg_pc_205:MWH2000-19999:X_TAX:EUR,PT,cost,industrial,,,2022-07-01,2022-12-31,0.1713,EUR/kWh,EUR,,primary
nrg_pc_205:MWH2000-19999:X_TAX:EUR,PT,cost,industrial,,,2023-01-01,2023-06-30,0.1442,EUR/kWh,EUR,,primary
nrg_pc_205:MWH2000-19999:X_TAX:EUR,PT,cost,industrial,,,2023-07-01,2023-12-31,0.1156,EUR/kWh,EUR,,primary
nrg_pc_205:MWH2000-19999:X_TAX:EUR,PT,cost,industrial,,,2024-01-01,2024-06-30,0.0994,EUR/kWh,EUR,,primary
nrg_pc_205:MWH2000-19999:X_TAX:EUR,PT,cost,industrial,,,2024-07-01,2024-12-31,0.1072,EUR/kWh,EUR,,primary
nrg_pc_205:MWH2000-19999:X_TAX:EUR,PT,cost,industrial,,,2025-01-01,2025-06-30,0.1064,EUR/kWh,EUR,,primary
nrg_pc_205:MWH2000-19999:X_TAX:EUR,PT,cost,industrial,,,2025-07-01,2025-12-31,0.1066,EUR/kWh,EUR,,primary
nrg_pc_205:MWH2000-19999:X_TAX:EUR,PT,cost,industrial,,,2026-01-01,2026-06-30,0.0992,EUR/kWh,EUR,,primary
nrg_pc_205:MWH2000-19999:X_TAX:EUR,RO,cost,industrial,,,2015-01-01,2015-06-30,0.0625,EUR/kWh,EUR,,primary
nrg_pc_205:MWH2000-19999:X_TAX:EUR,RO,cost,industrial,,,2015-07-01,2015-12-31,0.0598,EUR/kWh,EUR,,primary
nrg_pc_205:MWH2000-19999:X_TAX:EUR,RO,cost,industrial,,,2016-01-01,2016-06-30,0.0556,EUR/kWh,EUR,,primary
nrg_pc_205:MWH2000-19999:X_TAX:EUR,RO,cost,industrial,,,2016-07-01,2016-12-31,0.0594,EUR/kWh,EUR,,primary
nrg_pc_205:MWH2000-19999:X_TAX:EUR,RO,cost,industrial,,,2017-01-01,2017-06-30,0.0585,EUR/kWh,EUR,,primary
nrg_pc_205:MWH2000-19999:X_TAX:EUR,RO,cost,industrial,,,2017-07-01,2017-12-31,0.0601,EUR/kWh,EUR,,primary
nrg_pc_205:MWH2000-19999:X_TAX:EUR,RO,cost,industrial,,,2018-01-01,2018-06-30,0.065,EUR/kWh,EUR,,primary
nrg_pc_205:MWH2000-19999:X_TAX:EUR,RO,cost,industrial,,,2018-07-01,2018-12-31,0.0678,EUR/kWh,EUR,,primary
nrg_pc_205:MWH2000-19999:X_TAX:EUR,RO,cost,industrial,,,2019-01-01,2019-06-30,0.0756,EUR/kWh,EUR,,primary
nrg_pc_205:MWH2000-19999:X_TAX:EUR,RO,cost,industrial,,,2019-07-01,2019-12-31,0.0789,EUR/kWh,EUR,,primary
nrg_pc_205:MWH2000-19999:X_TAX:EUR,RO,cost,industrial,,,2020-01-01,2020-06-30,0.0828,EUR/kWh,EUR,,primary
nrg_pc_205:MWH2000-19999:X_TAX:EUR,RO,cost,industrial,,,2020-07-01,2020-12-31,0.0786,EUR/kWh,EUR,,primary
nrg_pc_205:MWH2000-19999:X_TAX:EUR,RO,cost,industrial,,,2021-01-01,2021-06-30,0.0755,EUR/kWh,EUR,,primary
nrg_pc_205:MWH2000-19999:X_TAX:EUR,RO,cost,industrial,,,2021-07-01,2021-12-31,0.1135,EUR/kWh,EUR,,primary
nrg_pc_205:MWH2000-19999:X_TAX:EUR,RO,cost,industrial,,,2022-01-01,2022-06-30,0.2275,EUR/kWh,EUR,d,primary
nrg_pc_205:MWH2000-19999:X_TAX:EUR,RO,cost,industrial,,,2022-07-01,2022-12-31,0.2985,EUR/kWh,EUR,d,primary
nrg_pc_205:MWH2000-19999:X_TAX:EUR,RO,cost,industrial,,,2023-01-01,2023-06-30,0.1608,EUR/kWh,EUR,,primary
nrg_pc_205:MWH2000-19999:X_TAX:EUR,RO,cost,industrial,,,2023-07-01,2023-12-31,0.1511,EUR/kWh,EUR,,primary
nrg_pc_205:MWH2000-19999:X_TAX:EUR,RO,cost,industrial,,,2024-01-01,2024-06-30,0.136,EUR/kWh,EUR,,primary
nrg_pc_205:MWH2000-19999:X_TAX:EUR,RO,cost,industrial,,,2024-07-01,2024-12-31,0.1472,EUR/kWh,EUR,,primary
nrg_pc_205:MWH2000-19999:X_TAX:EUR,RO,cost,industrial,,,2025-01-01,2025-06-30,0.1479,EUR/kWh,EUR,,primary
nrg_pc_205:MWH2000-19999:X_TAX:EUR,RO,cost,industrial,,,2025-07-01,2025-12-31,0.1555,EUR/kWh,EUR,,primary
nrg_pc_205:MWH2000-19999:X_TAX:EUR,RO,cost,industrial,,,2026-01-01,2026-06-30,0.156,EUR/kWh,EUR,,primary
nrg_pc_205:MWH2000-19999:X_TAX:EUR,SE,cost,industrial,,,2015-01-01,2015-06-30,0.054,EUR/kWh,EUR,,primary
nrg_pc_205:MWH2000-19999:X_TAX:EUR,SE,cost,industrial,,,2015-07-01,2015-12-31,0.0509,EUR/kWh,EUR,,primary
nrg_pc_205:MWH2000-19999:X_TAX:EUR,SE,cost,industrial,,,2016-01-01,2016-06-30,0.0525,EUR/kWh,EUR,,primary
nrg_pc_205:MWH2000-19999:X_TAX:EUR,SE,cost,industrial,,,2016-07-01,2016-12-31,0.0552,EUR/kWh,EUR,,primary
nrg_pc_205:MWH2000-19999:X_TAX:EUR,SE,cost,industrial,,,2017-01-01,2017-06-30,0.0548,EUR/kWh,EUR,,primary
nrg_pc_205:MWH2000-19999:X_TAX:EUR,SE,cost,industrial,,,2017-07-01,2017-12-31,0.0551,EUR/kWh,EUR,,primary
nrg_pc_205:MWH2000-19999:X_TAX:EUR,SE,cost,industrial,,,2018-01-01,2018-06-30,0.0525,EUR/kWh,EUR,,primary
nrg_pc_205:MWH2000-19999:X_TAX:EUR,SE,cost,industrial,,,2018-07-01,2018-12-31,0.0576,EUR/kWh,EUR,,primary
nrg_pc_205:MWH2000-19999:X_TAX:EUR,SE,cost,industrial,,,2019-01-01,2019-06-30,0.0625,EUR/kWh,EUR,,primary
nrg_pc_205:MWH2000-19999:X_TAX:EUR,SE,cost,industrial,,,2019-07-01,2019-12-31,0.0557,EUR/kWh,EUR,,primary
nrg_pc_205:MWH2000-19999:X_TAX:EUR,SE,cost,industrial,,,2020-01-01,2020-06-30,0.0472,EUR/kWh,EUR,,primary
nrg_pc_205:MWH2000-19999:X_TAX:EUR,SE,cost,industrial,,,2020-07-01,2020-12-31,0.055,EUR/kWh,EUR,,primary
nrg_pc_205:MWH2000-19999:X_TAX:EUR,SE,cost,industrial,,,2021-01-01,2021-06-30,0.0599,EUR/kWh,EUR,,primary
nrg_pc_205:MWH2000-19999:X_TAX:EUR,SE,cost,industrial,,,2021-07-01,2021-12-31,0.0878,EUR/kWh,EUR,,primary
nrg_pc_205:MWH2000-19999:X_TAX:EUR,SE,cost,industrial,,,2022-01-01,2022-06-30,0.0975,EUR/kWh,EUR,,primary
nrg_pc_205:MWH2000-19999:X_TAX:EUR,SE,cost,industrial,,,2022-07-01,2022-12-31,0.1341,EUR/kWh,EUR,,primary
nrg_pc_205:MWH2000-19999:X_TAX:EUR,SE,cost,industrial,,,2023-01-01,2023-06-30,0.0976,EUR/kWh,EUR,,primary
nrg_pc_205:MWH2000-19999:X_TAX:EUR,SE,cost,industrial,,,2023-07-01,2023-12-31,0.0773,EUR/kWh,EUR,,primary
nrg_pc_205:MWH2000-19999:X_TAX:EUR,SE,cost,industrial,,,2024-01-01,2024-06-30,0.0831,EUR/kWh,EUR,,primary
nrg_pc_205:MWH2000-19999:X_TAX:EUR,SE,cost,industrial,,,2024-07-01,2024-12-31,0.072,EUR/kWh,EUR,,primary
nrg_pc_205:MWH2000-19999:X_TAX:EUR,SE,cost,industrial,,,2025-01-01,2025-06-30,0.0833,EUR/kWh,EUR,,primary
nrg_pc_205:MWH2000-19999:X_TAX:EUR,SE,cost,industrial,,,2025-07-01,2025-12-31,0.0846,EUR/kWh,EUR,,primary
nrg_pc_205:MWH2000-19999:X_TAX:EUR,SE,cost,industrial,,,2026-01-01,2026-06-30,0.105,EUR/kWh,EUR,,primary
nrg_pc_205:MWH2000-19999:X_TAX:EUR,SI,cost,industrial,,,2015-01-01,2015-06-30,0.063,EUR/kWh,EUR,,primary
nrg_pc_205:MWH2000-19999:X_TAX:EUR,SI,cost,industrial,,,2015-07-01,2015-12-31,0.0631,EUR/kWh,EUR,,primary
nrg_pc_205:MWH2000-19999:X_TAX:EUR,SI,cost,industrial,,,2016-01-01,2016-06-30,0.0594,EUR/kWh,EUR,,primary
nrg_pc_205:MWH2000-19999:X_TAX:EUR,SI,cost,industrial,,,2016-07-01,2016-12-31,0.0593,EUR/kWh,EUR,,primary
nrg_pc_205:MWH2000-19999:X_TAX:EUR,SI,cost,industrial,,,2017-01-01,2017-06-30,0.0552,EUR/kWh,EUR,,primary
nrg_pc_205:MWH2000-19999:X_TAX:EUR,SI,cost,industrial,,,2017-07-01,2017-12-31,0.0555,EUR/kWh,EUR,,primary
nrg_pc_205:MWH2000-19999:X_TAX:EUR,SI,cost,industrial,,,2018-01-01,2018-06-30,0.0598,EUR/kWh,EUR,,primary
nrg_pc_205:MWH2000-19999:X_TAX:EUR,SI,cost,industrial,,,2018-07-01,2018-12-31,0.0611,EUR/kWh,EUR,,primary
nrg_pc_205:MWH2000-19999:X_TAX:EUR,SI,cost,industrial,,,2019-01-01,2019-06-30,0.0684,EUR/kWh,EUR,,primary
nrg_pc_205:MWH2000-19999:X_TAX:EUR,SI,cost,industrial,,,2019-07-01,2019-12-31,0.0691,EUR/kWh,EUR,,primary
nrg_pc_205:MWH2000-19999:X_TAX:EUR,SI,cost,industrial,,,2020-01-01,2020-06-30,0.0734,EUR/kWh,EUR,,primary
nrg_pc_205:MWH2000-19999:X_TAX:EUR,SI,cost,industrial,,,2020-07-01,2020-12-31,0.0732,EUR/kWh,EUR,,primary
nrg_pc_205:MWH2000-19999:X_TAX:EUR,SI,cost,industrial,,,2021-01-01,2021-06-30,0.069,EUR/kWh,EUR,,primary
nrg_pc_205:MWH2000-19999:X_TAX:EUR,SI,cost,industrial,,,2021-07-01,2021-12-31,0.0772,EUR/kWh,EUR,,primary
nrg_pc_205:MWH2000-19999:X_TAX:EUR,SI,cost,industrial,,,2022-01-01,2022-06-30,0.1397,EUR/kWh,EUR,,primary
nrg_pc_205:MWH2000-19999:X_TAX:EUR,SI,cost,industrial,,,2022-07-01,2022-12-31,0.1796,EUR/kWh,EUR,,primary
nrg_pc_205:MWH2000-19999:X_TAX:EUR,SI,cost,industrial,,,2023-01-01,2023-06-30,0.212,EUR/kWh,EUR,,primary
nrg_pc_205:MWH2000-19999:X_TAX:EUR,SI,cost,industrial,,,2023-07-01,2023-12-31,0.1974,EUR/kWh,EUR,,primary
nrg_pc_205:MWH2000-19999:X_TAX:EUR,SI,cost,industrial,,,2024-01-01,2024-06-30,0.1446,EUR/kWh,EUR,,primary
nrg_pc_205:MWH2000-19999:X_TAX:EUR,SI,cost,industrial,,,2024-07-01,2024-12-31,0.1569,EUR/kWh,EUR,,primary
nrg_pc_205:MWH2000-19999:X_TAX:EUR,SI,cost,industrial,,,2025-01-01,2025-06-30,0.1343,EUR/kWh,EUR,,primary
nrg_pc_205:MWH2000-19999:X_TAX:EUR,SI,cost,industrial,,,2025-07-01,2025-12-31,0.1323,EUR/kWh,EUR,,primary
nrg_pc_205:MWH2000-19999:X_TAX:EUR,SI,cost,industrial,,,2026-01-01,2026-06-30,0.1307,EUR/kWh,EUR,,primary
nrg_pc_205:MWH2000-19999:X_TAX:EUR,SK,cost,industrial,,,2015-01-01,2015-06-30,0.0965,EUR/kWh,EUR,,primary
nrg_pc_205:MWH2000-19999:X_TAX:EUR,SK,cost,industrial,,,2015-07-01,2015-12-31,0.0941,EUR/kWh,EUR,,primary
nrg_pc_205:MWH2000-19999:X_TAX:EUR,SK,cost,industrial,,,2016-01-01,2016-06-30,0.0923,EUR/kWh,EUR,,primary
nrg_pc_205:MWH2000-19999:X_TAX:EUR,SK,cost,industrial,,,2016-07-01,2016-12-31,0.0952,EUR/kWh,EUR,,primary
nrg_pc_205:MWH2000-19999:X_TAX:EUR,SK,cost,industrial,,,2017-01-01,2017-06-30,0.066,EUR/kWh,EUR,,primary
nrg_pc_205:MWH2000-19999:X_TAX:EUR,SK,cost,industrial,,,2017-07-01,2017-12-31,0.0666,EUR/kWh,EUR,,primary
nrg_pc_205:MWH2000-19999:X_TAX:EUR,SK,cost,industrial,,,2018-01-01,2018-06-30,0.0722,EUR/kWh,EUR,,primary
nrg_pc_205:MWH2000-19999:X_TAX:EUR,SK,cost,industrial,,,2018-07-01,2018-12-31,0.0705,EUR/kWh,EUR,,primary
nrg_pc_205:MWH2000-19999:X_TAX:EUR,SK,cost,industrial,,,2019-01-01,2019-06-30,0.0854,EUR/kWh,EUR,,primary
nrg_pc_205:MWH2000-19999:X_TAX:EUR,SK,cost,industrial,,,2019-07-01,2019-12-31,0.0882,EUR/kWh,EUR,,primary
nrg_pc_205:MWH2000-19999:X_TAX:EUR,SK,cost,industrial,,,2020-01-01,2020-06-30,0.0869,EUR/kWh,EUR,,primary
nrg_pc_205:MWH2000-19999:X_TAX:EUR,SK,cost,industrial,,,2020-07-01,2020-12-31,0.0923,EUR/kWh,EUR,,primary
nrg_pc_205:MWH2000-19999:X_TAX:EUR,SK,cost,industrial,,,2021-01-01,2021-06-30,0.0831,EUR/kWh,EUR,,primary
nrg_pc_205:MWH2000-19999:X_TAX:EUR,SK,cost,industrial,,,2021-07-01,2021-12-31,0.0946,EUR/kWh,EUR,,primary
nrg_pc_205:MWH2000-19999:X_TAX:EUR,SK,cost,industrial,,,2022-01-01,2022-06-30,0.1916,EUR/kWh,EUR,,primary
nrg_pc_205:MWH2000-19999:X_TAX:EUR,SK,cost,industrial,,,2022-07-01,2022-12-31,0.231,EUR/kWh,EUR,,primary
nrg_pc_205:MWH2000-19999:X_TAX:EUR,SK,cost,industrial,,,2023-01-01,2023-06-30,0.2122,EUR/kWh,EUR,,primary
nrg_pc_205:MWH2000-19999:X_TAX:EUR,SK,cost,industrial,,,2023-07-01,2023-12-31,0.1833,EUR/kWh,EUR,,primary
nrg_pc_205:MWH2000-19999:X_TAX:EUR,SK,cost,industrial,,,2024-01-01,2024-06-30,0.1433,EUR/kWh,EUR,,primary
nrg_pc_205:MWH2000-19999:X_TAX:EUR,SK,cost,industrial,,,2024-07-01,2024-12-31,0.1654,EUR/kWh,EUR,,primary
nrg_pc_205:MWH2000-19999:X_TAX:EUR,SK,cost,industrial,,,2025-01-01,2025-06-30,0.1516,EUR/kWh,EUR,,primary
nrg_pc_205:MWH2000-19999:X_TAX:EUR,SK,cost,industrial,,,2025-07-01,2025-12-31,0.1599,EUR/kWh,EUR,,primary
nrg_pc_205:MWH2000-19999:X_TAX:EUR,SK,cost,industrial,,,2026-01-01,2026-06-30,0.1565,EUR/kWh,EUR,,primary
nrg_pc_205:MWH2000-19999:X_VAT:EUR,AT,cost,industrial,,,2015-01-01,2015-06-30,0.0897,EUR/kWh,EUR,,primary
nrg_pc_205:MWH2000-19999:X_VAT:EUR,AT,cost,industrial,,,2015-07-01,2015-12-31,0.0909,EUR/kWh,EUR,,primary
nrg_pc_205:MWH2000-19999:X_VAT:EUR,AT,cost,industrial,,,2016-01-01,2016-06-30,0.0857,EUR/kWh,EUR,,primary
nrg_pc_205:MWH2000-19999:X_VAT:EUR,AT,cost,industrial,,,2016-07-01,2016-12-31,0.0795,EUR/kWh,EUR,,primary
nrg_pc_205:MWH2000-19999:X_VAT:EUR,AT,cost,industrial,,,2017-01-01,2017-06-30,0.0814,EUR/kWh,EUR,,primary
nrg_pc_205:MWH2000-19999:X_VAT:EUR,AT,cost,industrial,,,2017-07-01,2017-12-31,0.0843,EUR/kWh,EUR,,primary
nrg_pc_205:MWH2000-19999:X_VAT:EUR,AT,cost,industrial,,,2018-01-01,2018-06-30,0.0846,EUR/kWh,EUR,,primary
nrg_pc_205:MWH2000-19999:X_VAT:EUR,AT,cost,industrial,,,2018-07-01,2018-12-31,0.0884,EUR/kWh,EUR,,primary
nrg_pc_205:MWH2000-19999:X_VAT:EUR,AT,cost,industrial,,,2019-01-01,2019-06-30,0.0948,EUR/kWh,EUR,,primary
nrg_pc_205:MWH2000-19999:X_VAT:EUR,AT,cost,industrial,,,2019-07-01,2019-12-31,0.0958,EUR/kWh,EUR,,primary
nrg_pc_205:MWH2000-19999:X_VAT:EUR,AT,cost,industrial,,,2020-01-01,2020-06-30,0.0964,EUR/kWh,EUR,,primary
nrg_pc_205:MWH2000-19999:X_VAT:EUR,AT,cost,industrial,,,2020-07-01,2020-12-31,0.1032,EUR/kWh,EUR,,primary
nrg_pc_205:MWH2000-19999:X_VAT:EUR,AT,cost,industrial,,,2021-01-01,2021-06-30,0.1079,EUR/kWh,EUR,,primary
nrg_pc_205:MWH2000-19999:X_VAT:EUR,AT,cost,industrial,,,2021-07-01,2021-12-31,0.1195,EUR/kWh,EUR,,primary
nrg_pc_205:MWH2000-19999:X_VAT:EUR,AT,cost,industrial,,,2022-01-01,2022-06-30,0.174,EUR/kWh,EUR,,primary
nrg_pc_205:MWH2000-19999:X_VAT:EUR,AT,cost,industrial,,,2022-07-01,2022-12-31,0.1944,EUR/kWh,EUR,e,primary
nrg_pc_205:MWH2000-19999:X_VAT:EUR,AT,cost,industrial,,,2023-01-01,2023-06-30,0.2323,EUR/kWh,EUR,e,primary
nrg_pc_205:MWH2000-19999:X_VAT:EUR,AT,cost,industrial,,,2023-07-01,2023-12-31,0.2219,EUR/kWh,EUR,e,primary
nrg_pc_205:MWH2000-19999:X_VAT:EUR,AT,cost,industrial,,,2024-01-01,2024-06-30,0.1722,EUR/kWh,EUR,e,primary
nrg_pc_205:MWH2000-19999:X_VAT:EUR,AT,cost,industrial,,,2024-07-01,2024-12-31,0.179,EUR/kWh,EUR,e,primary
nrg_pc_205:MWH2000-19999:X_VAT:EUR,AT,cost,industrial,,,2025-01-01,2025-06-30,0.1803,EUR/kWh,EUR,e,primary
nrg_pc_205:MWH2000-19999:X_VAT:EUR,AT,cost,industrial,,,2025-07-01,2025-12-31,0.1799,EUR/kWh,EUR,e,primary
nrg_pc_205:MWH2000-19999:X_VAT:EUR,AT,cost,industrial,,,2026-01-01,2026-06-30,0.1692,EUR/kWh,EUR,,primary
nrg_pc_205:MWH2000-19999:X_VAT:EUR,BE,cost,industrial,,,2015-01-01,2015-06-30,0.0956,EUR/kWh,EUR,,primary
nrg_pc_205:MWH2000-19999:X_VAT:EUR,BE,cost,industrial,,,2015-07-01,2015-12-31,0.0972,EUR/kWh,EUR,,primary
nrg_pc_205:MWH2000-19999:X_VAT:EUR,BE,cost,industrial,,,2016-01-01,2016-06-30,0.0947,EUR/kWh,EUR,,primary
nrg_pc_205:MWH2000-19999:X_VAT:EUR,BE,cost,industrial,,,2016-07-01,2016-12-31,0.0979,EUR/kWh,EUR,,primary
nrg_pc_205:MWH2000-19999:X_VAT:EUR,BE,cost,industrial,,,2017-01-01,2017-06-30,0.0915,EUR/kWh,EUR,,primary
nrg_pc_205:MWH2000-19999:X_VAT:EUR,BE,cost,industrial,,,2017-07-01,2017-12-31,0.091,EUR/kWh,EUR,,primary
nrg_pc_205:MWH2000-19999:X_VAT:EUR,BE,cost,industrial,,,2018-01-01,2018-06-30,0.0888,EUR/kWh,EUR,,primary
nrg_pc_205:MWH2000-19999:X_VAT:EUR,BE,cost,industrial,,,2018-07-01,2018-12-31,0.0954,EUR/kWh,EUR,,primary
nrg_pc_205:MWH2000-19999:X_VAT:EUR,BE,cost,industrial,,,2019-01-01,2019-06-30,0.0988,EUR/kWh,EUR,,primary
nrg_pc_205:MWH2000-19999:X_VAT:EUR,BE,cost,industrial,,,2019-07-01,2019-12-31,0.0989,EUR/kWh,EUR,,primary
nrg_pc_205:MWH2000-19999:X_VAT:EUR,BE,cost,industrial,,,2020-01-01,2020-06-30,0.0988,EUR/kWh,EUR,,primary
nrg_pc_205:MWH2000-19999:X_VAT:EUR,BE,cost,industrial,,,2020-07-01,2020-12-31,0.0995,EUR/kWh,EUR,,primary
nrg_pc_205:MWH2000-19999:X_VAT:EUR,BE,cost,industrial,,,2021-01-01,2021-06-30,0.101,EUR/kWh,EUR,,primary
nrg_pc_205:MWH2000-19999:X_VAT:EUR,BE,cost,industrial,,,2021-07-01,2021-12-31,0.1161,EUR/kWh,EUR,,primary
nrg_pc_205:MWH2000-19999:X_VAT:EUR,BE,cost,industrial,,,2022-01-01,2022-06-30,0.1596,EUR/kWh,EUR,,primary
nrg_pc_205:MWH2000-19999:X_VAT:EUR,BE,cost,industrial,,,2022-07-01,2022-12-31,0.1975,EUR/kWh,EUR,,primary
nrg_pc_205:MWH2000-19999:X_VAT:EUR,BE,cost,industrial,,,2023-01-01,2023-06-30,0.2193,EUR/kWh,EUR,,primary
nrg_pc_205:MWH2000-19999:X_VAT:EUR,BE,cost,industrial,,,2023-07-01,2023-12-31,0.2088,EUR/kWh,EUR,,primary
nrg_pc_205:MWH2000-19999:X_VAT:EUR,BE,cost,industrial,,,2024-01-01,2024-06-30,0.1622,EUR/kWh,EUR,,primary
nrg_pc_205:MWH2000-19999:X_VAT:EUR,BE,cost,industrial,,,2024-07-01,2024-12-31,0.1608,EUR/kWh,EUR,,primary
nrg_pc_205:MWH2000-19999:X_VAT:EUR,BE,cost,industrial,,,2025-01-01,2025-06-30,0.1659,EUR/kWh,EUR,,primary
nrg_pc_205:MWH2000-19999:X_VAT:EUR,BE,cost,industrial,,,2025-07-01,2025-12-31,0.1571,EUR/kWh,EUR,,primary
nrg_pc_205:MWH2000-19999:X_VAT:EUR,BE,cost,industrial,,,2026-01-01,2026-06-30,0.16,EUR/kWh,EUR,,primary
nrg_pc_205:MWH2000-19999:X_VAT:EUR,BG,cost,industrial,,,2015-01-01,2015-06-30,0.062,EUR/kWh,EUR,,primary
nrg_pc_205:MWH2000-19999:X_VAT:EUR,BG,cost,industrial,,,2015-07-01,2015-12-31,0.07,EUR/kWh,EUR,,primary
nrg_pc_205:MWH2000-19999:X_VAT:EUR,BG,cost,industrial,,,2016-01-01,2016-06-30,0.0764,EUR/kWh,EUR,,primary
nrg_pc_205:MWH2000-19999:X_VAT:EUR,BG,cost,industrial,,,2016-07-01,2016-12-31,0.0701,EUR/kWh,EUR,,primary
nrg_pc_205:MWH2000-19999:X_VAT:EUR,BG,cost,industrial,,,2017-01-01,2017-06-30,0.0681,EUR/kWh,EUR,,primary
nrg_pc_205:MWH2000-19999:X_VAT:EUR,BG,cost,industrial,,,2017-07-01,2017-12-31,0.0705,EUR/kWh,EUR,,primary
nrg_pc_205:MWH2000-19999:X_VAT:EUR,BG,cost,industrial,,,2018-01-01,2018-06-30,0.0746,EUR/kWh,EUR,,primary
nrg_pc_205:MWH2000-19999:X_VAT:EUR,BG,cost,industrial,,,2018-07-01,2018-12-31,0.0766,EUR/kWh,EUR,,primary
nrg_pc_205:MWH2000-19999:X_VAT:EUR,BG,cost,industrial,,,2019-01-01,2019-06-30,0.0817,EUR/kWh,EUR,,primary
nrg_pc_205:MWH2000-19999:X_VAT:EUR,BG,cost,industrial,,,2019-07-01,2019-12-31,0.0826,EUR/kWh,EUR,,primary
nrg_pc_205:MWH2000-19999:X_VAT:EUR,BG,cost,industrial,,,2020-01-01,2020-06-30,0.0781,EUR/kWh,EUR,,primary
nrg_pc_205:MWH2000-19999:X_VAT:EUR,BG,cost,industrial,,,2020-07-01,2020-12-31,0.0789,EUR/kWh,EUR,,primary
nrg_pc_205:MWH2000-19999:X_VAT:EUR,BG,cost,industrial,,,2021-01-01,2021-06-30,0.0903,EUR/kWh,EUR,,primary
nrg_pc_205:MWH2000-19999:X_VAT:EUR,BG,cost,industrial,,,2021-07-01,2021-12-31,0.1473,EUR/kWh,EUR,,primary
nrg_pc_205:MWH2000-19999:X_VAT:EUR,BG,cost,industrial,,,2022-01-01,2022-06-30,0.1657,EUR/kWh,EUR,,primary
nrg_pc_205:MWH2000-19999:X_VAT:EUR,BG,cost,industrial,,,2022-07-01,2022-12-31,0.1614,EUR/kWh,EUR,,primary
nrg_pc_205:MWH2000-19999:X_VAT:EUR,BG,cost,industrial,,,2023-01-01,2023-06-30,0.1409,EUR/kWh,EUR,,primary
nrg_pc_205:MWH2000-19999:X_VAT:EUR,BG,cost,industrial,,,2023-07-01,2023-12-31,0.1323,EUR/kWh,EUR,,primary
nrg_pc_205:MWH2000-19999:X_VAT:EUR,BG,cost,industrial,,,2024-01-01,2024-06-30,0.108,EUR/kWh,EUR,,primary
nrg_pc_205:MWH2000-19999:X_VAT:EUR,BG,cost,industrial,,,2024-07-01,2024-12-31,0.1289,EUR/kWh,EUR,,primary
nrg_pc_205:MWH2000-19999:X_VAT:EUR,BG,cost,industrial,,,2025-01-01,2025-06-30,0.1206,EUR/kWh,EUR,,primary
nrg_pc_205:MWH2000-19999:X_VAT:EUR,BG,cost,industrial,,,2025-07-01,2025-12-31,0.1355,EUR/kWh,EUR,,primary
nrg_pc_205:MWH2000-19999:X_VAT:EUR,BG,cost,industrial,,,2026-01-01,2026-06-30,0.137,EUR/kWh,EUR,,primary
nrg_pc_205:MWH2000-19999:X_VAT:EUR,CY,cost,industrial,,,2015-01-01,2015-06-30,0.1256,EUR/kWh,EUR,,primary
nrg_pc_205:MWH2000-19999:X_VAT:EUR,CY,cost,industrial,,,2015-07-01,2015-12-31,0.1244,EUR/kWh,EUR,,primary
nrg_pc_205:MWH2000-19999:X_VAT:EUR,CY,cost,industrial,,,2016-01-01,2016-06-30,0.0912,EUR/kWh,EUR,,primary
nrg_pc_205:MWH2000-19999:X_VAT:EUR,CY,cost,industrial,,,2016-07-01,2016-12-31,0.1207,EUR/kWh,EUR,,primary
nrg_pc_205:MWH2000-19999:X_VAT:EUR,CY,cost,industrial,,,2017-01-01,2017-06-30,0.1295,EUR/kWh,EUR,,primary
nrg_pc_205:MWH2000-19999:X_VAT:EUR,CY,cost,industrial,,,2017-07-01,2017-12-31,0.1339,EUR/kWh,EUR,,primary
nrg_pc_205:MWH2000-19999:X_VAT:EUR,CY,cost,industrial,,,2018-01-01,2018-06-30,0.1335,EUR/kWh,EUR,,primary
nrg_pc_205:MWH2000-19999:X_VAT:EUR,CY,cost,industrial,,,2018-07-01,2018-12-31,0.172,EUR/kWh,EUR,,primary
nrg_pc_205:MWH2000-19999:X_VAT:EUR,CY,cost,industrial,,,2019-01-01,2019-06-30,0.1553,EUR/kWh,EUR,,primary
nrg_pc_205:MWH2000-19999:X_VAT:EUR,CY,cost,industrial,,,2019-07-01,2019-12-31,0.1726,EUR/kWh,EUR,,primary
nrg_pc_205:MWH2000-19999:X_VAT:EUR,CY,cost,industrial,,,2020-01-01,2020-06-30,0.1411,EUR/kWh,EUR,,primary
nrg_pc_205:MWH2000-19999:X_VAT:EUR,CY,cost,industrial,,,2020-07-01,2020-12-31,0.1317,EUR/kWh,EUR,,primary
nrg_pc_205:MWH2000-19999:X_VAT:EUR,CY,cost,industrial,,,2021-01-01,2021-06-30,0.1483,EUR/kWh,EUR,,primary
nrg_pc_205:MWH2000-19999:X_VAT:EUR,CY,cost,industrial,,,2021-07-01,2021-12-31,0.1913,EUR/kWh,EUR,,primary
nrg_pc_205:MWH2000-19999:X_VAT:EUR,CY,cost,industrial,,,2022-01-01,2022-06-30,0.2405,EUR/kWh,EUR,,primary
nrg_pc_205:MWH2000-19999:X_VAT:EUR,CY,cost,industrial,,,2022-07-01,2022-12-31,0.3106,EUR/kWh,EUR,,primary
nrg_pc_205:MWH2000-19999:X_VAT:EUR,CY,cost,industrial,,,2023-01-01,2023-06-30,0.2725,EUR/kWh,EUR,,primary
nrg_pc_205:MWH2000-19999:X_VAT:EUR,CY,cost,industrial,,,2023-07-01,2023-12-31,0.2691,EUR/kWh,EUR,,primary
nrg_pc_205:MWH2000-19999:X_VAT:EUR,CY,cost,industrial,,,2024-01-01,2024-06-30,0.2399,EUR/kWh,EUR,,primary
nrg_pc_205:MWH2000-19999:X_VAT:EUR,CY,cost,industrial,,,2024-07-01,2024-12-31,0.25,EUR/kWh,EUR,,primary
nrg_pc_205:MWH2000-19999:X_VAT:EUR,CY,cost,industrial,,,2025-01-01,2025-06-30,0.2267,EUR/kWh,EUR,,primary
nrg_pc_205:MWH2000-19999:X_VAT:EUR,CY,cost,industrial,,,2025-07-01,2025-12-31,0.2366,EUR/kWh,EUR,,primary
nrg_pc_205:MWH2000-19999:X_VAT:EUR,CY,cost,industrial,,,2026-01-01,2026-06-30,0.2244,EUR/kWh,EUR,,primary
nrg_pc_205:MWH2000-19999:X_VAT:EUR,CZ,cost,industrial,,,2015-01-01,2015-06-30,0.0718,EUR/kWh,EUR,,primary
nrg_pc_205:MWH2000-19999:X_VAT:EUR,CZ,cost,industrial,,,2015-07-01,2015-12-31,0.072,EUR/kWh,EUR,,primary
nrg_pc_205:MWH2000-19999:X_VAT:EUR,CZ,cost,industrial,,,2016-01-01,2016-06-30,0.0639,EUR/kWh,EUR,,primary
nrg_pc_205:MWH2000-19999:X_VAT:EUR,CZ,cost,industrial,,,2016-07-01,2016-12-31,0.0629,EUR/kWh,EUR,,primary
nrg_pc_205:MWH2000-19999:X_VAT:EUR,CZ,cost,industrial,,,2017-01-01,2017-06-30,0.062,EUR/kWh,EUR,,primary
nrg_pc_205:MWH2000-19999:X_VAT:EUR,CZ,cost,industrial,,,2017-07-01,2017-12-31,0.063,EUR/kWh,EUR,,primary
nrg_pc_205:MWH2000-19999:X_VAT:EUR,CZ,cost,industrial,,,2018-01-01,2018-06-30,0.0638,EUR/kWh,EUR,,primary
nrg_pc_205:MWH2000-19999:X_VAT:EUR,CZ,cost,industrial,,,2018-07-01,2018-12-31,0.0636,EUR/kWh,EUR,,primary
nrg_pc_205:MWH2000-19999:X_VAT:EUR,CZ,cost,industrial,,,2019-01-01,2019-06-30,0.073,EUR/kWh,EUR,,primary
nrg_pc_205:MWH2000-19999:X_VAT:EUR,CZ,cost,industrial,,,2019-07-01,2019-12-31,0.0755,EUR/kWh,EUR,,primary
nrg_pc_205:MWH2000-19999:X_VAT:EUR,CZ,cost,industrial,,,2020-01-01,2020-06-30,0.0812,EUR/kWh,EUR,,primary
nrg_pc_205:MWH2000-19999:X_VAT:EUR,CZ,cost,industrial,,,2020-07-01,2020-12-31,0.0817,EUR/kWh,EUR,,primary
nrg_pc_205:MWH2000-19999:X_VAT:EUR,CZ,cost,industrial,,,2021-01-01,2021-06-30,0.0882,EUR/kWh,EUR,,primary
nrg_pc_205:MWH2000-19999:X_VAT:EUR,CZ,cost,industrial,,,2021-07-01,2021-12-31,0.0992,EUR/kWh,EUR,,primary
nrg_pc_205:MWH2000-19999:X_VAT:EUR,CZ,cost,industrial,,,2022-01-01,2022-06-30,0.1648,EUR/kWh,EUR,,primary
nrg_pc_205:MWH2000-19999:X_VAT:EUR,CZ,cost,industrial,,,2022-07-01,2022-12-31,0.1718,EUR/kWh,EUR,,primary
nrg_pc_205:MWH2000-19999:X_VAT:EUR,CZ,cost,industrial,,,2023-01-01,2023-06-30,0.1832,EUR/kWh,EUR,,primary
nrg_pc_205:MWH2000-19999:X_VAT:EUR,CZ,cost,industrial,,,2023-07-01,2023-12-31,0.1728,EUR/kWh,EUR,,primary
nrg_pc_205:MWH2000-19999:X_VAT:EUR,CZ,cost,industrial,,,2024-01-01,2024-06-30,0.1732,EUR/kWh,EUR,,primary
nrg_pc_205:MWH2000-19999:X_VAT:EUR,CZ,cost,industrial,,,2024-07-01,2024-12-31,0.1752,EUR/kWh,EUR,,primary
nrg_pc_205:MWH2000-19999:X_VAT:EUR,CZ,cost,industrial,,,2025-01-01,2025-06-30,0.1655,EUR/kWh,EUR,,primary
nrg_pc_205:MWH2000-19999:X_VAT:EUR,CZ,cost,industrial,,,2025-07-01,2025-12-31,0.1636,EUR/kWh,EUR,,primary
nrg_pc_205:MWH2000-19999:X_VAT:EUR,CZ,cost,industrial,,,2026-01-01,2026-06-30,0.1458,EUR/kWh,EUR,,primary
nrg_pc_205:MWH2000-19999:X_VAT:EUR,DE,cost,industrial,,,2015-01-01,2015-06-30,0.1316,EUR/kWh,EUR,,primary
nrg_pc_205:MWH2000-19999:X_VAT:EUR,DE,cost,industrial,,,2015-07-01,2015-12-31,0.13,EUR/kWh,EUR,,primary
nrg_pc_205:MWH2000-19999:X_VAT:EUR,DE,cost,industrial,,,2016-01-01,2016-06-30,0.1285,EUR/kWh,EUR,,primary
nrg_pc_205:MWH2000-19999:X_VAT:EUR,DE,cost,industrial,,,2016-07-01,2016-12-31,0.1262,EUR/kWh,EUR,,primary
nrg_pc_205:MWH2000-19999:X_VAT:EUR,DE,cost,industrial,,,2017-01-01,2017-06-30,0.1268,EUR/kWh,EUR,,primary
nrg_pc_205:MWH2000-19999:X_VAT:EUR,DE,cost,industrial,,,2017-07-01,2017-12-31,0.127,EUR/kWh,EUR,,primary
nrg_pc_205:MWH2000-19999:X_VAT:EUR,DE,cost,industrial,,,2018-01-01,2018-06-30,0.122,EUR/kWh,EUR,,primary
nrg_pc_205:MWH2000-19999:X_VAT:EUR,DE,cost,industrial,,,2018-07-01,2018-12-31,0.1244,EUR/kWh,EUR,,primary
nrg_pc_205:MWH2000-19999:X_VAT:EUR,DE,cost,industrial,,,2019-01-01,2019-06-30,0.131,EUR/kWh,EUR,,primary
nrg_pc_205:MWH2000-19999:X_VAT:EUR,DE,cost,industrial,,,2019-07-01,2019-12-31,0.1361,EUR/kWh,EUR,,primary
nrg_pc_205:MWH2000-19999:X_VAT:EUR,DE,cost,industrial,,,2020-01-01,2020-06-30,0.1509,EUR/kWh,EUR,,primary
nrg_pc_205:MWH2000-19999:X_VAT:EUR,DE,cost,industrial,,,2020-07-01,2020-12-31,0.1534,EUR/kWh,EUR,,primary
nrg_pc_205:MWH2000-19999:X_VAT:EUR,DE,cost,industrial,,,2021-01-01,2021-06-30,0.1501,EUR/kWh,EUR,,primary
nrg_pc_205:MWH2000-19999:X_VAT:EUR,DE,cost,industrial,,,2021-07-01,2021-12-31,0.1642,EUR/kWh,EUR,,primary
nrg_pc_205:MWH2000-19999:X_VAT:EUR,DE,cost,industrial,,,2022-01-01,2022-06-30,0.1928,EUR/kWh,EUR,,primary
nrg_pc_205:MWH2000-19999:X_VAT:EUR,DE,cost,industrial,,,2022-07-01,2022-12-31,0.1949,EUR/kWh,EUR,,primary
nrg_pc_205:MWH2000-19999:X_VAT:EUR,DE,cost,industrial,,,2023-01-01,2023-06-30,0.2055,EUR/kWh,EUR,,primary
nrg_pc_205:MWH2000-19999:X_VAT:EUR,DE,cost,industrial,,,2023-07-01,2023-12-31,0.2017,EUR/kWh,EUR,,primary
nrg_pc_205:MWH2000-19999:X_VAT:EUR,DE,cost,industrial,,,2024-01-01,2024-06-30,0.2017,EUR/kWh,EUR,,primary
nrg_pc_205:MWH2000-19999:X_VAT:EUR,DE,cost,industrial,,,2024-07-01,2024-12-31,0.2076,EUR/kWh,EUR,,primary
nrg_pc_205:MWH2000-19999:X_VAT:EUR,DE,cost,industrial,,,2025-01-01,2025-06-30,0.1932,EUR/kWh,EUR,,primary
nrg_pc_205:MWH2000-19999:X_VAT:EUR,DE,cost,industrial,,,2025-07-01,2025-12-31,0.1922,EUR/kWh,EUR,,primary
nrg_pc_205:MWH2000-19999:X_VAT:EUR,DE,cost,industrial,,,2026-01-01,2026-06-30,0.1742,EUR/kWh,EUR,p,primary
nrg_pc_205:MWH2000-19999:X_VAT:EUR,DK,cost,industrial,,,2015-01-01,2015-06-30,0.0898,EUR/kWh,EUR,,primary
nrg_pc_205:MWH2000-19999:X_VAT:EUR,DK,cost,industrial,,,2015-07-01,2015-12-31,0.0897,EUR/kWh,EUR,,primary
nrg_pc_205:MWH2000-19999:X_VAT:EUR,DK,cost,industrial,,,2016-01-01,2016-06-30,0.0941,EUR/kWh,EUR,,primary
nrg_pc_205:MWH2000-19999:X_VAT:EUR,DK,cost,industrial,,,2016-07-01,2016-12-31,0.0909,EUR/kWh,EUR,,primary
nrg_pc_205:MWH2000-19999:X_VAT:EUR,DK,cost,industrial,,,2017-01-01,2017-06-30,0.0826,EUR/kWh,EUR,,primary
nrg_pc_205:MWH2000-19999:X_VAT:EUR,DK,cost,industrial,,,2017-07-01,2017-12-31,0.083,EUR/kWh,EUR,,primary
nrg_pc_205:MWH2000-19999:X_VAT:EUR,DK,cost,industrial,,,2018-01-01,2018-06-30,0.0795,EUR/kWh,EUR,,primary
nrg_pc_205:MWH2000-19999:X_VAT:EUR,DK,cost,industrial,,,2018-07-01,2018-12-31,0.0769,EUR/kWh,EUR,,primary
nrg_pc_205:MWH2000-19999:X_VAT:EUR,DK,cost,industrial,,,2019-01-01,2019-06-30,0.0698,EUR/kWh,EUR,,primary
nrg_pc_205:MWH2000-19999:X_VAT:EUR,DK,cost,industrial,,,2019-07-01,2019-12-31,0.067,EUR/kWh,EUR,,primary
nrg_pc_205:MWH2000-19999:X_VAT:EUR,DK,cost,industrial,,,2020-01-01,2020-06-30,0.0631,EUR/kWh,EUR,,primary
nrg_pc_205:MWH2000-19999:X_VAT:EUR,DK,cost,industrial,,,2020-07-01,2020-12-31,0.0704,EUR/kWh,EUR,,primary
nrg_pc_205:MWH2000-19999:X_VAT:EUR,DK,cost,industrial,,,2021-01-01,2021-06-30,0.0787,EUR/kWh,EUR,,primary
nrg_pc_205:MWH2000-19999:X_VAT:EUR,DK,cost,industrial,,,2021-07-01,2021-12-31,0.1179,EUR/kWh,EUR,,primary
nrg_pc_205:MWH2000-19999:X_VAT:EUR,DK,cost,industrial,,,2022-01-01,2022-06-30,0.1535,EUR/kWh,EUR,,primary
nrg_pc_205:MWH2000-19999:X_VAT:EUR,DK,cost,industrial,,,2022-07-01,2022-12-31,0.2216,EUR/kWh,EUR,,primary
nrg_pc_205:MWH2000-19999:X_VAT:EUR,DK,cost,industrial,,,2023-01-01,2023-06-30,0.1351,EUR/kWh,EUR,,primary
nrg_pc_205:MWH2000-19999:X_VAT:EUR,DK,cost,industrial,,,2023-07-01,2023-12-31,0.1114,EUR/kWh,EUR,,primary
nrg_pc_205:MWH2000-19999:X_VAT:EUR,DK,cost,industrial,,,2024-01-01,2024-06-30,0.1083,EUR/kWh,EUR,,primary
nrg_pc_205:MWH2000-19999:X_VAT:EUR,DK,cost,industrial,,,2024-07-01,2024-12-31,0.1267,EUR/kWh,EUR,,primary
nrg_pc_205:MWH2000-19999:X_VAT:EUR,DK,cost,industrial,,,2025-01-01,2025-06-30,0.126,EUR/kWh,EUR,,primary
nrg_pc_205:MWH2000-19999:X_VAT:EUR,DK,cost,industrial,,,2025-07-01,2025-12-31,0.1232,EUR/kWh,EUR,,primary
nrg_pc_205:MWH2000-19999:X_VAT:EUR,DK,cost,industrial,,,2026-01-01,2026-06-30,0.1267,EUR/kWh,EUR,,primary
nrg_pc_205:MWH2000-19999:X_VAT:EUR,EE,cost,industrial,,,2015-01-01,2015-06-30,0.0819,EUR/kWh,EUR,,primary
nrg_pc_205:MWH2000-19999:X_VAT:EUR,EE,cost,industrial,,,2015-07-01,2015-12-31,0.0888,EUR/kWh,EUR,,primary
nrg_pc_205:MWH2000-19999:X_VAT:EUR,EE,cost,industrial,,,2016-01-01,2016-06-30,0.0808,EUR/kWh,EUR,,primary
nrg_pc_205:MWH2000-19999:X_VAT:EUR,EE,cost,industrial,,,2016-07-01,2016-12-31,0.0806,EUR/kWh,EUR,,primary
nrg_pc_205:MWH2000-19999:X_VAT:EUR,EE,cost,industrial,,,2017-01-01,2017-06-30,0.0774,EUR/kWh,EUR,,primary
nrg_pc_205:MWH2000-19999:X_VAT:EUR,EE,cost,industrial,,,2017-07-01,2017-12-31,0.0755,EUR/kWh,EUR,,primary
nrg_pc_205:MWH2000-19999:X_VAT:EUR,EE,cost,industrial,,,2018-01-01,2018-06-30,0.0749,EUR/kWh,EUR,,primary
nrg_pc_205:MWH2000-19999:X_VAT:EUR,EE,cost,industrial,,,2018-07-01,2018-12-31,0.0795,EUR/kWh,EUR,,primary
nrg_pc_205:MWH2000-19999:X_VAT:EUR,EE,cost,industrial,,,2019-01-01,2019-06-30,0.081,EUR/kWh,EUR,,primary
nrg_pc_205:MWH2000-19999:X_VAT:EUR,EE,cost,industrial,,,2019-07-01,2019-12-31,0.0818,EUR/kWh,EUR,,primary
nrg_pc_205:MWH2000-19999:X_VAT:EUR,EE,cost,industrial,,,2020-01-01,2020-06-30,0.0739,EUR/kWh,EUR,,primary
nrg_pc_205:MWH2000-19999:X_VAT:EUR,EE,cost,industrial,,,2020-07-01,2020-12-31,0.0767,EUR/kWh,EUR,,primary
nrg_pc_205:MWH2000-19999:X_VAT:EUR,EE,cost,industrial,,,2021-01-01,2021-06-30,0.0845,EUR/kWh,EUR,,primary
nrg_pc_205:MWH2000-19999:X_VAT:EUR,EE,cost,industrial,,,2021-07-01,2021-12-31,0.1269,EUR/kWh,EUR,,primary
nrg_pc_205:MWH2000-19999:X_VAT:EUR,EE,cost,industrial,,,2022-01-01,2022-06-30,0.155,EUR/kWh,EUR,,primary
nrg_pc_205:MWH2000-19999:X_VAT:EUR,EE,cost,industrial,,,2022-07-01,2022-12-31,0.2262,EUR/kWh,EUR,,primary
nrg_pc_205:MWH2000-19999:X_VAT:EUR,EE,cost,industrial,,,2023-01-01,2023-06-30,0.1516,EUR/kWh,EUR,,primary
nrg_pc_205:MWH2000-19999:X_VAT:EUR,EE,cost,industrial,,,2023-07-01,2023-12-31,0.1473,EUR/kWh,EUR,,primary
nrg_pc_205:MWH2000-19999:X_VAT:EUR,EE,cost,industrial,,,2024-01-01,2024-06-30,0.1319,EUR/kWh,EUR,,primary
nrg_pc_205:MWH2000-19999:X_VAT:EUR,EE,cost,industrial,,,2024-07-01,2024-12-31,0.1404,EUR/kWh,EUR,,primary
nrg_pc_205:MWH2000-19999:X_VAT:EUR,EE,cost,industrial,,,2025-01-01,2025-06-30,0.1302,EUR/kWh,EUR,,primary
nrg_pc_205:MWH2000-19999:X_VAT:EUR,EE,cost,industrial,,,2025-07-01,2025-12-31,0.1294,EUR/kWh,EUR,,primary
nrg_pc_205:MWH2000-19999:X_VAT:EUR,EE,cost,industrial,,,2026-01-01,2026-06-30,0.1313,EUR/kWh,EUR,,primary
nrg_pc_205:MWH2000-19999:X_VAT:EUR,EL,cost,industrial,,,2015-01-01,2015-06-30,0.1002,EUR/kWh,EUR,,primary
nrg_pc_205:MWH2000-19999:X_VAT:EUR,EL,cost,industrial,,,2015-07-01,2015-12-31,0.0897,EUR/kWh,EUR,,primary
nrg_pc_205:MWH2000-19999:X_VAT:EUR,EL,cost,industrial,,,2016-01-01,2016-06-30,0.0929,EUR/kWh,EUR,,primary
nrg_pc_205:MWH2000-19999:X_VAT:EUR,EL,cost,industrial,,,2016-07-01,2016-12-31,0.0862,EUR/kWh,EUR,,primary
nrg_pc_205:MWH2000-19999:X_VAT:EUR,EL,cost,industrial,,,2017-01-01,2017-06-30,0.0902,EUR/kWh,EUR,,primary
nrg_pc_205:MWH2000-19999:X_VAT:EUR,EL,cost,industrial,,,2017-07-01,2017-12-31,0.0999,EUR/kWh,EUR,,primary
nrg_pc_205:MWH2000-19999:X_VAT:EUR,EL,cost,industrial,,,2018-01-01,2018-06-30,0.0873,EUR/kWh,EUR,,primary
nrg_pc_205:MWH2000-19999:X_VAT:EUR,EL,cost,industrial,,,2018-07-01,2018-12-31,0.0885,EUR/kWh,EUR,,primary
nrg_pc_205:MWH2000-19999:X_VAT:EUR,EL,cost,industrial,,,2019-01-01,2019-06-30,0.0926,EUR/kWh,EUR,,primary
nrg_pc_205:MWH2000-19999:X_VAT:EUR,EL,cost,industrial,,,2019-07-01,2019-12-31,0.095,EUR/kWh,EUR,,primary
nrg_pc_205:MWH2000-19999:X_VAT:EUR,EL,cost,industrial,,,2020-01-01,2020-06-30,0.0939,EUR/kWh,EUR,,primary
nrg_pc_205:MWH2000-19999:X_VAT:EUR,EL,cost,industrial,,,2020-07-01,2020-12-31,0.0901,EUR/kWh,EUR,,primary
nrg_pc_205:MWH2000-19999:X_VAT:EUR,EL,cost,industrial,,,2021-01-01,2021-06-30,0.1029,EUR/kWh,EUR,,primary
nrg_pc_205:MWH2000-19999:X_VAT:EUR,EL,cost,industrial,,,2021-07-01,2021-12-31,0.1927,EUR/kWh,EUR,,primary
nrg_pc_205:MWH2000-19999:X_VAT:EUR,EL,cost,industrial,,,2022-01-01,2022-06-30,0.2206,EUR/kWh,EUR,,primary
nrg_pc_205:MWH2000-19999:X_VAT:EUR,EL,cost,industrial,,,2022-07-01,2022-12-31,0.2289,EUR/kWh,EUR,,primary
nrg_pc_205:MWH2000-19999:X_VAT:EUR,EL,cost,industrial,,,2023-01-01,2023-06-30,0.1755,EUR/kWh,EUR,,primary
nrg_pc_205:MWH2000-19999:X_VAT:EUR,EL,cost,industrial,,,2023-07-01,2023-12-31,0.1694,EUR/kWh,EUR,,primary
nrg_pc_205:MWH2000-19999:X_VAT:EUR,EL,cost,industrial,,,2024-01-01,2024-06-30,0.1398,EUR/kWh,EUR,,primary
nrg_pc_205:MWH2000-19999:X_VAT:EUR,EL,cost,industrial,,,2024-07-01,2024-12-31,0.1864,EUR/kWh,EUR,,primary
nrg_pc_205:MWH2000-19999:X_VAT:EUR,EL,cost,industrial,,,2025-01-01,2025-06-30,0.1811,EUR/kWh,EUR,,primary
nrg_pc_205:MWH2000-19999:X_VAT:EUR,EL,cost,industrial,,,2025-07-01,2025-12-31,0.1621,EUR/kWh,EUR,,primary
nrg_pc_205:MWH2000-19999:X_VAT:EUR,EL,cost,industrial,,,2026-01-01,2026-06-30,0.1604,EUR/kWh,EUR,,primary
nrg_pc_205:MWH2000-19999:X_VAT:EUR,ES,cost,industrial,,,2015-01-01,2015-06-30,0.0968,EUR/kWh,EUR,,primary
nrg_pc_205:MWH2000-19999:X_VAT:EUR,ES,cost,industrial,,,2015-07-01,2015-12-31,0.0955,EUR/kWh,EUR,,primary
nrg_pc_205:MWH2000-19999:X_VAT:EUR,ES,cost,industrial,,,2016-01-01,2016-06-30,0.0902,EUR/kWh,EUR,,primary
nrg_pc_205:MWH2000-19999:X_VAT:EUR,ES,cost,industrial,,,2016-07-01,2016-12-31,0.0863,EUR/kWh,EUR,,primary
nrg_pc_205:MWH2000-19999:X_VAT:EUR,ES,cost,industrial,,,2017-01-01,2017-06-30,0.0881,EUR/kWh,EUR,,primary
nrg_pc_205:MWH2000-19999:X_VAT:EUR,ES,cost,industrial,,,2017-07-01,2017-12-31,0.0859,EUR/kWh,EUR,,primary
nrg_pc_205:MWH2000-19999:X_VAT:EUR,ES,cost,industrial,,,2018-01-01,2018-06-30,0.0992,EUR/kWh,EUR,,primary
nrg_pc_205:MWH2000-19999:X_VAT:EUR,ES,cost,industrial,,,2018-07-01,2018-12-31,0.095,EUR/kWh,EUR,,primary
nrg_pc_205:MWH2000-19999:X_VAT:EUR,ES,cost,industrial,,,2019-01-01,2019-06-30,0.0967,EUR/kWh,EUR,,primary
nrg_pc_205:MWH2000-19999:X_VAT:EUR,ES,cost,industrial,,,2019-07-01,2019-12-31,0.0928,EUR/kWh,EUR,,primary
nrg_pc_205:MWH2000-19999:X_VAT:EUR,ES,cost,industrial,,,2020-01-01,2020-06-30,0.0841,EUR/kWh,EUR,,primary
nrg_pc_205:MWH2000-19999:X_VAT:EUR,ES,cost,industrial,,,2020-07-01,2020-12-31,0.084,EUR/kWh,EUR,,primary
nrg_pc_205:MWH2000-19999:X_VAT:EUR,ES,cost,industrial,,,2021-01-01,2021-06-30,0.0877,EUR/kWh,EUR,,primary
nrg_pc_205:MWH2000-19999:X_VAT:EUR,ES,cost,industrial,,,2021-07-01,2021-12-31,0.1528,EUR/kWh,EUR,,primary
nrg_pc_205:MWH2000-19999:X_VAT:EUR,ES,cost,industrial,,,2022-01-01,2022-06-30,0.1902,EUR/kWh,EUR,,primary
nrg_pc_205:MWH2000-19999:X_VAT:EUR,ES,cost,industrial,,,2022-07-01,2022-12-31,0.2395,EUR/kWh,EUR,,primary
nrg_pc_205:MWH2000-19999:X_VAT:EUR,ES,cost,industrial,,,2023-01-01,2023-06-30,0.1442,EUR/kWh,EUR,,primary
nrg_pc_205:MWH2000-19999:X_VAT:EUR,ES,cost,industrial,,,2023-07-01,2023-12-31,0.1344,EUR/kWh,EUR,,primary
nrg_pc_205:MWH2000-19999:X_VAT:EUR,ES,cost,industrial,,,2024-01-01,2024-06-30,0.1157,EUR/kWh,EUR,,primary
nrg_pc_205:MWH2000-19999:X_VAT:EUR,ES,cost,industrial,,,2024-07-01,2024-12-31,0.1294,EUR/kWh,EUR,,primary
nrg_pc_205:MWH2000-19999:X_VAT:EUR,ES,cost,industrial,,,2025-01-01,2025-06-30,0.125,EUR/kWh,EUR,,primary
nrg_pc_205:MWH2000-19999:X_VAT:EUR,ES,cost,industrial,,,2025-07-01,2025-12-31,0.1191,EUR/kWh,EUR,,primary
nrg_pc_205:MWH2000-19999:X_VAT:EUR,ES,cost,industrial,,,2026-01-01,2026-06-30,0.1177,EUR/kWh,EUR,,primary
nrg_pc_205:MWH2000-19999:X_VAT:EUR,EU,cost,industrial,,,2015-01-01,2015-06-30,0.1033,EUR/kWh,EUR,,primary
nrg_pc_205:MWH2000-19999:X_VAT:EUR,EU,cost,industrial,,,2015-07-01,2015-12-31,0.1016,EUR/kWh,EUR,,primary
nrg_pc_205:MWH2000-19999:X_VAT:EUR,EU,cost,industrial,,,2016-01-01,2016-06-30,0.0977,EUR/kWh,EUR,,primary
nrg_pc_205:MWH2000-19999:X_VAT:EUR,EU,cost,industrial,,,2016-07-01,2016-12-31,0.0966,EUR/kWh,EUR,,primary
nrg_pc_205:MWH2000-19999:X_VAT:EUR,EU,cost,industrial,,,2017-01-01,2017-06-30,0.097,EUR/kWh,EUR,,primary
nrg_pc_205:MWH2000-19999:X_VAT:EUR,EU,cost,industrial,,,2017-07-01,2017-12-31,0.0962,EUR/kWh,EUR,,primary
nrg_pc_205:MWH2000-19999:X_VAT:EUR,EU,cost,industrial,,,2018-01-01,2018-06-30,0.0953,EUR/kWh,EUR,,primary
nrg_pc_205:MWH2000-19999:X_VAT:EUR,EU,cost,industrial,,,2018-07-01,2018-12-31,0.0959,EUR/kWh,EUR,,primary
nrg_pc_205:MWH2000-19999:X_VAT:EUR,EU,cost,industrial,,,2019-01-01,2019-06-30,0.1045,EUR/kWh,EUR,,primary
nrg_pc_205:MWH2000-19999:X_VAT:EUR,EU,cost,industrial,,,2019-07-01,2019-12-31,0.1031,EUR/kWh,EUR,,primary
nrg_pc_205:MWH2000-19999:X_VAT:EUR,EU,cost,industrial,,,2020-01-01,2020-06-30,0.1064,EUR/kWh,EUR,,primary
nrg_pc_205:MWH2000-19999:X_VAT:EUR,EU,cost,industrial,,,2020-07-01,2020-12-31,0.1072,EUR/kWh,EUR,,primary
nrg_pc_205:MWH2000-19999:X_VAT:EUR,EU,cost,industrial,,,2021-01-01,2021-06-30,0.1095,EUR/kWh,EUR,,primary
nrg_pc_205:MWH2000-19999:X_VAT:EUR,EU,cost,industrial,,,2021-07-01,2021-12-31,0.1316,EUR/kWh,EUR,,primary
nrg_pc_205:MWH2000-19999:X_VAT:EUR,EU,cost,industrial,,,2022-01-01,2022-06-30,0.1742,EUR/kWh,EUR,,primary
nrg_pc_205:MWH2000-19999:X_VAT:EUR,EU,cost,industrial,,,2022-07-01,2022-12-31,0.2016,EUR/kWh,EUR,,primary
nrg_pc_205:MWH2000-19999:X_VAT:EUR,EU,cost,industrial,,,2023-01-01,2023-06-30,0.2015,EUR/kWh,EUR,,primary
nrg_pc_205:MWH2000-19999:X_VAT:EUR,EU,cost,industrial,,,2023-07-01,2023-12-31,0.1866,EUR/kWh,EUR,,primary
nrg_pc_205:MWH2000-19999:X_VAT:EUR,EU,cost,industrial,,,2024-01-01,2024-06-30,0.163,EUR/kWh,EUR,,primary
nrg_pc_205:MWH2000-19999:X_VAT:EUR,EU,cost,industrial,,,2024-07-01,2024-12-31,0.1712,EUR/kWh,EUR,,primary
nrg_pc_205:MWH2000-19999:X_VAT:EUR,EU,cost,industrial,,,2025-01-01,2025-06-30,0.164,EUR/kWh,EUR,,primary
nrg_pc_205:MWH2000-19999:X_VAT:EUR,EU,cost,industrial,,,2025-07-01,2025-12-31,0.1596,EUR/kWh,EUR,,primary
nrg_pc_205:MWH2000-19999:X_VAT:EUR,FI,cost,industrial,,,2015-01-01,2015-06-30,0.0663,EUR/kWh,EUR,,primary
nrg_pc_205:MWH2000-19999:X_VAT:EUR,FI,cost,industrial,,,2015-07-01,2015-12-31,0.0681,EUR/kWh,EUR,,primary
nrg_pc_205:MWH2000-19999:X_VAT:EUR,FI,cost,industrial,,,2016-01-01,2016-06-30,0.065,EUR/kWh,EUR,,primary
nrg_pc_205:MWH2000-19999:X_VAT:EUR,FI,cost,industrial,,,2016-07-01,2016-12-31,0.0667,EUR/kWh,EUR,,primary
nrg_pc_205:MWH2000-19999:X_VAT:EUR,FI,cost,industrial,,,2017-01-01,2017-06-30,0.0638,EUR/kWh,EUR,,primary
nrg_pc_205:MWH2000-19999:X_VAT:EUR,FI,cost,industrial,,,2017-07-01,2017-12-31,0.0651,EUR/kWh,EUR,,primary
nrg_pc_205:MWH2000-19999:X_VAT:EUR,FI,cost,industrial,,,2018-01-01,2018-06-30,0.065,EUR/kWh,EUR,,primary
nrg_pc_205:MWH2000-19999:X_VAT:EUR,FI,cost,industrial,,,2018-07-01,2018-12-31,0.0679,EUR/kWh,EUR,,primary
nrg_pc_205:MWH2000-19999:X_VAT:EUR,FI,cost,industrial,,,2019-01-01,2019-06-30,0.0674,EUR/kWh,EUR,,primary
nrg_pc_205:MWH2000-19999:X_VAT:EUR,FI,cost,industrial,,,2019-07-01,2019-12-31,0.0676,EUR/kWh,EUR,,primary
nrg_pc_205:MWH2000-19999:X_VAT:EUR,FI,cost,industrial,,,2020-01-01,2020-06-30,0.0651,EUR/kWh,EUR,,primary
nrg_pc_205:MWH2000-19999:X_VAT:EUR,FI,cost,industrial,,,2020-07-01,2020-12-31,0.0721,EUR/kWh,EUR,,primary
nrg_pc_205:MWH2000-19999:X_VAT:EUR,FI,cost,industrial,,,2021-01-01,2021-06-30,0.0637,EUR/kWh,EUR,,primary
nrg_pc_205:MWH2000-19999:X_VAT:EUR,FI,cost,industrial,,,2021-07-01,2021-12-31,0.0782,EUR/kWh,EUR,,primary
nrg_pc_205:MWH2000-19999:X_VAT:EUR,FI,cost,industrial,,,2022-01-01,2022-06-30,0.0864,EUR/kWh,EUR,,primary
nrg_pc_205:MWH2000-19999:X_VAT:EUR,FI,cost,industrial,,,2022-07-01,2022-12-31,0.1301,EUR/kWh,EUR,,primary
nrg_pc_205:MWH2000-19999:X_VAT:EUR,FI,cost,industrial,,,2023-01-01,2023-06-30,0.0944,EUR/kWh,EUR,,primary
nrg_pc_205:MWH2000-19999:X_VAT:EUR,FI,cost,industrial,,,2023-07-01,2023-12-31,0.0854,EUR/kWh,EUR,,primary
nrg_pc_205:MWH2000-19999:X_VAT:EUR,FI,cost,industrial,,,2024-01-01,2024-06-30,0.0813,EUR/kWh,EUR,,primary
nrg_pc_205:MWH2000-19999:X_VAT:EUR,FI,cost,industrial,,,2024-07-01,2024-12-31,0.0678,EUR/kWh,EUR,,primary
nrg_pc_205:MWH2000-19999:X_VAT:EUR,FI,cost,industrial,,,2025-01-01,2025-06-30,0.0697,EUR/kWh,EUR,,primary
nrg_pc_205:MWH2000-19999:X_VAT:EUR,FI,cost,industrial,,,2025-07-01,2025-12-31,0.0674,EUR/kWh,EUR,,primary
nrg_pc_205:MWH2000-19999:X_VAT:EUR,FI,cost,industrial,,,2026-01-01,2026-06-30,0.0852,EUR/kWh,EUR,,primary
nrg_pc_205:MWH2000-19999:X_VAT:EUR,FR,cost,industrial,,,2015-01-01,2015-06-30,0.0895,EUR/kWh,EUR,,primary
nrg_pc_205:MWH2000-19999:X_VAT:EUR,FR,cost,industrial,,,2015-07-01,2015-12-31,0.0847,EUR/kWh,EUR,,primary
nrg_pc_205:MWH2000-19999:X_VAT:EUR,FR,cost,industrial,,,2016-01-01,2016-06-30,0.079,EUR/kWh,EUR,,primary
nrg_pc_205:MWH2000-19999:X_VAT:EUR,FR,cost,industrial,,,2016-07-01,2016-12-31,0.0756,EUR/kWh,EUR,,primary
nrg_pc_205:MWH2000-19999:X_VAT:EUR,FR,cost,industrial,,,2017-01-01,2017-06-30,0.0784,EUR/kWh,EUR,,primary
nrg_pc_205:MWH2000-19999:X_VAT:EUR,FR,cost,industrial,,,2017-07-01,2017-12-31,0.0741,EUR/kWh,EUR,,primary
nrg_pc_205:MWH2000-19999:X_VAT:EUR,FR,cost,industrial,,,2018-01-01,2018-06-30,0.0773,EUR/kWh,EUR,,primary
nrg_pc_205:MWH2000-19999:X_VAT:EUR,FR,cost,industrial,,,2018-07-01,2018-12-31,0.0724,EUR/kWh,EUR,,primary
nrg_pc_205:MWH2000-19999:X_VAT:EUR,FR,cost,industrial,,,2019-01-01,2019-06-30,0.0835,EUR/kWh,EUR,,primary
nrg_pc_205:MWH2000-19999:X_VAT:EUR,FR,cost,industrial,,,2019-07-01,2019-12-31,0.0789,EUR/kWh,EUR,,primary
nrg_pc_205:MWH2000-19999:X_VAT:EUR,FR,cost,industrial,,,2020-01-01,2020-06-30,0.0851,EUR/kWh,EUR,,primary
nrg_pc_205:MWH2000-19999:X_VAT:EUR,FR,cost,industrial,,,2020-07-01,2020-12-31,0.0807,EUR/kWh,EUR,,primary
nrg_pc_205:MWH2000-19999:X_VAT:EUR,FR,cost,industrial,,,2021-01-01,2021-06-30,0.087,EUR/kWh,EUR,,primary
nrg_pc_205:MWH2000-19999:X_VAT:EUR,FR,cost,industrial,,,2021-07-01,2021-12-31,0.0882,EUR/kWh,EUR,,primary
nrg_pc_205:MWH2000-19999:X_VAT:EUR,FR,cost,industrial,,,2022-01-01,2022-06-30,0.1253,EUR/kWh,EUR,,primary
nrg_pc_205:MWH2000-19999:X_VAT:EUR,FR,cost,industrial,,,2022-07-01,2022-12-31,0.1142,EUR/kWh,EUR,,primary
nrg_pc_205:MWH2000-19999:X_VAT:EUR,FR,cost,industrial,,,2023-01-01,2023-06-30,0.2235,EUR/kWh,EUR,,primary
nrg_pc_205:MWH2000-19999:X_VAT:EUR,FR,cost,industrial,,,2023-07-01,2023-12-31,0.2032,EUR/kWh,EUR,,primary
nrg_pc_205:MWH2000-19999:X_VAT:EUR,FR,cost,industrial,,,2024-01-01,2024-06-30,0.1409,EUR/kWh,EUR,,primary
nrg_pc_205:MWH2000-19999:X_VAT:EUR,FR,cost,industrial,,,2024-07-01,2024-12-31,0.1446,EUR/kWh,EUR,,primary
nrg_pc_205:MWH2000-19999:X_VAT:EUR,FR,cost,industrial,,,2025-01-01,2025-06-30,0.1296,EUR/kWh,EUR,,primary
nrg_pc_205:MWH2000-19999:X_VAT:EUR,FR,cost,industrial,,,2025-07-01,2025-12-31,0.1212,EUR/kWh,EUR,,primary
nrg_pc_205:MWH2000-19999:X_VAT:EUR,FR,cost,industrial,,,2026-01-01,2026-06-30,0.1239,EUR/kWh,EUR,,primary
nrg_pc_205:MWH2000-19999:X_VAT:EUR,HR,cost,industrial,,,2015-01-01,2015-06-30,0.0791,EUR/kWh,EUR,,primary
nrg_pc_205:MWH2000-19999:X_VAT:EUR,HR,cost,industrial,,,2015-07-01,2015-12-31,0.0805,EUR/kWh,EUR,,primary
nrg_pc_205:MWH2000-19999:X_VAT:EUR,HR,cost,industrial,,,2016-01-01,2016-06-30,0.0778,EUR/kWh,EUR,,primary
nrg_pc_205:MWH2000-19999:X_VAT:EUR,HR,cost,industrial,,,2016-07-01,2016-12-31,0.0768,EUR/kWh,EUR,,primary
nrg_pc_205:MWH2000-19999:X_VAT:EUR,HR,cost,industrial,,,2017-01-01,2017-06-30,0.0761,EUR/kWh,EUR,,primary
nrg_pc_205:MWH2000-19999:X_VAT:EUR,HR,cost,industrial,,,2017-07-01,2017-12-31,0.0807,EUR/kWh,EUR,,primary
nrg_pc_205:MWH2000-19999:X_VAT:EUR,HR,cost,industrial,,,2018-01-01,2018-06-30,0.0869,EUR/kWh,EUR,,primary
nrg_pc_205:MWH2000-19999:X_VAT:EUR,HR,cost,industrial,,,2018-07-01,2018-12-31,0.0896,EUR/kWh,EUR,,primary
nrg_pc_205:MWH2000-19999:X_VAT:EUR,HR,cost,industrial,,,2019-01-01,2019-06-30,0.0931,EUR/kWh,EUR,,primary
nrg_pc_205:MWH2000-19999:X_VAT:EUR,HR,cost,industrial,,,2019-07-01,2019-12-31,0.0952,EUR/kWh,EUR,,primary
nrg_pc_205:MWH2000-19999:X_VAT:EUR,HR,cost,industrial,,,2020-01-01,2020-06-30,0.095,EUR/kWh,EUR,,primary
nrg_pc_205:MWH2000-19999:X_VAT:EUR,HR,cost,industrial,,,2020-07-01,2020-12-31,0.0939,EUR/kWh,EUR,,primary
nrg_pc_205:MWH2000-19999:X_VAT:EUR,HR,cost,industrial,,,2021-01-01,2021-06-30,0.0925,EUR/kWh,EUR,,primary
nrg_pc_205:MWH2000-19999:X_VAT:EUR,HR,cost,industrial,,,2021-07-01,2021-12-31,0.1018,EUR/kWh,EUR,,primary
nrg_pc_205:MWH2000-19999:X_VAT:EUR,HR,cost,industrial,,,2022-01-01,2022-06-30,0.1328,EUR/kWh,EUR,,primary
nrg_pc_205:MWH2000-19999:X_VAT:EUR,HR,cost,industrial,,,2022-07-01,2022-12-31,0.1924,EUR/kWh,EUR,,primary
nrg_pc_205:MWH2000-19999:X_VAT:EUR,HR,cost,industrial,,,2023-01-01,2023-06-30,0.2347,EUR/kWh,EUR,,primary
nrg_pc_205:MWH2000-19999:X_VAT:EUR,HR,cost,industrial,,,2023-07-01,2023-12-31,0.201,EUR/kWh,EUR,,primary
nrg_pc_205:MWH2000-19999:X_VAT:EUR,HR,cost,industrial,,,2024-01-01,2024-06-30,0.1788,EUR/kWh,EUR,,primary
nrg_pc_205:MWH2000-19999:X_VAT:EUR,HR,cost,industrial,,,2024-07-01,2024-12-31,0.1623,EUR/kWh,EUR,,primary
nrg_pc_205:MWH2000-19999:X_VAT:EUR,HR,cost,industrial,,,2025-01-01,2025-06-30,0.1534,EUR/kWh,EUR,,primary
nrg_pc_205:MWH2000-19999:X_VAT:EUR,HR,cost,industrial,,,2025-07-01,2025-12-31,0.1386,EUR/kWh,EUR,,primary
nrg_pc_205:MWH2000-19999:X_VAT:EUR,HR,cost,industrial,,,2026-01-01,2026-06-30,0.1427,EUR/kWh,EUR,,primary
nrg_pc_205:MWH2000-19999:X_VAT:EUR,HU,cost,industrial,,,2015-01-01,2015-06-30,0.0852,EUR/kWh,EUR,,primary
nrg_pc_205:MWH2000-19999:X_VAT:EUR,HU,cost,industrial,,,2015-07-01,2015-12-31,0.0854,EUR/kWh,EUR,,primary
nrg_pc_205:MWH2000-19999:X_VAT:EUR,HU,cost,industrial,,,2016-01-01,2016-06-30,0.0763,EUR/kWh,EUR,,primary
nrg_pc_205:MWH2000-19999:X_VAT:EUR,HU,cost,industrial,,,2016-07-01,2016-12-31,0.0749,EUR/kWh,EUR,,primary
nrg_pc_205:MWH2000-19999:X_VAT:EUR,HU,cost,industrial,,,2017-01-01,2017-06-30,0.0728,EUR/kWh,EUR,e,primary
nrg_pc_205:MWH2000-19999:X_VAT:EUR,HU,cost,industrial,,,2017-07-01,2017-12-31,0.074,EUR/kWh,EUR,,primary
nrg_pc_205:MWH2000-19999:X_VAT:EUR,HU,cost,industrial,,,2018-01-01,2018-06-30,0.0768,EUR/kWh,EUR,,primary
nrg_pc_205:MWH2000-19999:X_VAT:EUR,HU,cost,industrial,,,2018-07-01,2018-12-31,0.076,EUR/kWh,EUR,,primary
nrg_pc_205:MWH2000-19999:X_VAT:EUR,HU,cost,industrial,,,2019-01-01,2019-06-30,0.0904,EUR/kWh,EUR,,primary
nrg_pc_205:MWH2000-19999:X_VAT:EUR,HU,cost,industrial,,,2019-07-01,2019-12-31,0.0869,EUR/kWh,EUR,,primary
nrg_pc_205:MWH2000-19999:X_VAT:EUR,HU,cost,industrial,,,2020-01-01,2020-06-30,0.0908,EUR/kWh,EUR,,primary
nrg_pc_205:MWH2000-19999:X_VAT:EUR,HU,cost,industrial,,,2020-07-01,2020-12-31,0.0887,EUR/kWh,EUR,,primary
nrg_pc_205:MWH2000-19999:X_VAT:EUR,HU,cost,industrial,,,2021-01-01,2021-06-30,0.0853,EUR/kWh,EUR,,primary
nrg_pc_205:MWH2000-19999:X_VAT:EUR,HU,cost,industrial,,,2021-07-01,2021-12-31,0.1011,EUR/kWh,EUR,,primary
nrg_pc_205:MWH2000-19999:X_VAT:EUR,HU,cost,industrial,,,2022-01-01,2022-06-30,0.1757,EUR/kWh,EUR,,primary
nrg_pc_205:MWH2000-19999:X_VAT:EUR,HU,cost,industrial,,,2022-07-01,2022-12-31,0.2406,EUR/kWh,EUR,,primary
nrg_pc_205:MWH2000-19999:X_VAT:EUR,HU,cost,industrial,,,2023-01-01,2023-06-30,0.2732,EUR/kWh,EUR,,primary
nrg_pc_205:MWH2000-19999:X_VAT:EUR,HU,cost,industrial,,,2023-07-01,2023-12-31,0.2342,EUR/kWh,EUR,,primary
nrg_pc_205:MWH2000-19999:X_VAT:EUR,HU,cost,industrial,,,2024-01-01,2024-06-30,0.1906,EUR/kWh,EUR,,primary
nrg_pc_205:MWH2000-19999:X_VAT:EUR,HU,cost,industrial,,,2024-07-01,2024-12-31,0.2104,EUR/kWh,EUR,,primary
nrg_pc_205:MWH2000-19999:X_VAT:EUR,HU,cost,industrial,,,2025-01-01,2025-06-30,0.1871,EUR/kWh,EUR,,primary
nrg_pc_205:MWH2000-19999:X_VAT:EUR,HU,cost,industrial,,,2025-07-01,2025-12-31,0.1876,EUR/kWh,EUR,,primary
nrg_pc_205:MWH2000-19999:X_VAT:EUR,HU,cost,industrial,,,2026-01-01,2026-06-30,0.196,EUR/kWh,EUR,,primary
nrg_pc_205:MWH2000-19999:X_VAT:EUR,IE,cost,industrial,,,2015-01-01,2015-06-30,0.1164,EUR/kWh,EUR,,primary
nrg_pc_205:MWH2000-19999:X_VAT:EUR,IE,cost,industrial,,,2015-07-01,2015-12-31,0.1115,EUR/kWh,EUR,,primary
nrg_pc_205:MWH2000-19999:X_VAT:EUR,IE,cost,industrial,,,2016-01-01,2016-06-30,0.1018,EUR/kWh,EUR,,primary
nrg_pc_205:MWH2000-19999:X_VAT:EUR,IE,cost,industrial,,,2016-07-01,2016-12-31,0.1019,EUR/kWh,EUR,,primary
nrg_pc_205:MWH2000-19999:X_VAT:EUR,IE,cost,industrial,,,2017-01-01,2017-06-30,0.1032,EUR/kWh,EUR,,primary
nrg_pc_205:MWH2000-19999:X_VAT:EUR,IE,cost,industrial,,,2017-07-01,2017-12-31,0.1006,EUR/kWh,EUR,,primary
nrg_pc_205:MWH2000-19999:X_VAT:EUR,IE,cost,industrial,,,2018-01-01,2018-06-30,0.1081,EUR/kWh,EUR,,primary
nrg_pc_205:MWH2000-19999:X_VAT:EUR,IE,cost,industrial,,,2018-07-01,2018-12-31,0.1108,EUR/kWh,EUR,,primary
nrg_pc_205:MWH2000-19999:X_VAT:EUR,IE,cost,industrial,,,2019-01-01,2019-06-30,0.1061,EUR/kWh,EUR,,primary
nrg_pc_205:MWH2000-19999:X_VAT:EUR,IE,cost,industrial,,,2019-07-01,2019-12-31,0.1036,EUR/kWh,EUR,,primary
nrg_pc_205:MWH2000-19999:X_VAT:EUR,IE,cost,industrial,,,2020-01-01,2020-06-30,0.1018,EUR/kWh,EUR,,primary
nrg_pc_205:MWH2000-19999:X_VAT:EUR,IE,cost,industrial,,,2020-07-01,2020-12-31,0.1062,EUR/kWh,EUR,,primary
nrg_pc_205:MWH2000-19999:X_VAT:EUR,IE,cost,industrial,,,2021-01-01,2021-06-30,0.1215,EUR/kWh,EUR,,primary
nrg_pc_205:MWH2000-19999:X_VAT:EUR,IE,cost,industrial,,,2021-07-01,2021-12-31,0.1676,EUR/kWh,EUR,,primary
nrg_pc_205:MWH2000-19999:X_VAT:EUR,IE,cost,industrial,,,2022-01-01,2022-06-30,0.1939,EUR/kWh,EUR,,primary
nrg_pc_205:MWH2000-19999:X_VAT:EUR,IE,cost,industrial,,,2022-07-01,2022-12-31,0.249,EUR/kWh,EUR,,primary
nrg_pc_205:MWH2000-19999:X_VAT:EUR,IE,cost,industrial,,,2023-01-01,2023-06-30,0.2405,EUR/kWh,EUR,,primary
nrg_pc_205:MWH2000-19999:X_VAT:EUR,IE,cost,industrial,,,2023-07-01,2023-12-31,0.2183,EUR/kWh,EUR,,primary
nrg_pc_205:MWH2000-19999:X_VAT:EUR,IE,cost,industrial,,,2024-01-01,2024-06-30,0.2178,EUR/kWh,EUR,,primary
nrg_pc_205:MWH2000-19999:X_VAT:EUR,IE,cost,industrial,,,2024-07-01,2024-12-31,0.2236,EUR/kWh,EUR,,primary
nrg_pc_205:MWH2000-19999:X_VAT:EUR,IE,cost,industrial,,,2025-01-01,2025-06-30,0.2357,EUR/kWh,EUR,,primary
nrg_pc_205:MWH2000-19999:X_VAT:EUR,IE,cost,industrial,,,2025-07-01,2025-12-31,0.2187,EUR/kWh,EUR,,primary
nrg_pc_205:MWH2000-19999:X_VAT:EUR,IE,cost,industrial,,,2026-01-01,2026-06-30,0.2284,EUR/kWh,EUR,,primary
nrg_pc_205:MWH2000-19999:X_VAT:EUR,IT,cost,industrial,,,2015-01-01,2015-06-30,0.1489,EUR/kWh,EUR,,primary
nrg_pc_205:MWH2000-19999:X_VAT:EUR,IT,cost,industrial,,,2015-07-01,2015-12-31,0.1485,EUR/kWh,EUR,,primary
nrg_pc_205:MWH2000-19999:X_VAT:EUR,IT,cost,industrial,,,2016-01-01,2016-06-30,0.1406,EUR/kWh,EUR,,primary
nrg_pc_205:MWH2000-19999:X_VAT:EUR,IT,cost,industrial,,,2016-07-01,2016-12-31,0.1435,EUR/kWh,EUR,,primary
nrg_pc_205:MWH2000-19999:X_VAT:EUR,IT,cost,industrial,,,2017-01-01,2017-06-30,0.1344,EUR/kWh,EUR,,primary
nrg_pc_205:MWH2000-19999:X_VAT:EUR,IT,cost,industrial,,,2017-07-01,2017-12-31,0.1324,EUR/kWh,EUR,,primary
nrg_pc_205:MWH2000-19999:X_VAT:EUR,IT,cost,industrial,,,2018-01-01,2018-06-30,0.119,EUR/kWh,EUR,,primary
nrg_pc_205:MWH2000-19999:X_VAT:EUR,IT,cost,industrial,,,2018-07-01,2018-12-31,0.1216,EUR/kWh,EUR,,primary
nrg_pc_205:MWH2000-19999:X_VAT:EUR,IT,cost,industrial,,,2019-01-01,2019-06-30,0.1417,EUR/kWh,EUR,,primary
nrg_pc_205:MWH2000-19999:X_VAT:EUR,IT,cost,industrial,,,2019-07-01,2019-12-31,0.1399,EUR/kWh,EUR,,primary
nrg_pc_205:MWH2000-19999:X_VAT:EUR,IT,cost,industrial,,,2020-01-01,2020-06-30,0.128,EUR/kWh,EUR,,primary
nrg_pc_205:MWH2000-19999:X_VAT:EUR,IT,cost,industrial,,,2020-07-01,2020-12-31,0.1309,EUR/kWh,EUR,,primary
nrg_pc_205:MWH2000-19999:X_VAT:EUR,IT,cost,industrial,,,2021-01-01,2021-06-30,0.134,EUR/kWh,EUR,,primary
nrg_pc_205:MWH2000-19999:X_VAT:EUR,IT,cost,industrial,,,2021-07-01,2021-12-31,0.1607,EUR/kWh,EUR,,primary
nrg_pc_205:MWH2000-19999:X_VAT:EUR,IT,cost,industrial,,,2022-01-01,2022-06-30,0.2344,EUR/kWh,EUR,,primary
nrg_pc_205:MWH2000-19999:X_VAT:EUR,IT,cost,industrial,,,2022-07-01,2022-12-31,0.3151,EUR/kWh,EUR,,primary
nrg_pc_205:MWH2000-19999:X_VAT:EUR,IT,cost,industrial,,,2023-01-01,2023-06-30,0.242,EUR/kWh,EUR,,primary
nrg_pc_205:MWH2000-19999:X_VAT:EUR,IT,cost,industrial,,,2023-07-01,2023-12-31,0.2088,EUR/kWh,EUR,,primary
nrg_pc_205:MWH2000-19999:X_VAT:EUR,IT,cost,industrial,,,2024-01-01,2024-06-30,0.1839,EUR/kWh,EUR,,primary
nrg_pc_205:MWH2000-19999:X_VAT:EUR,IT,cost,industrial,,,2024-07-01,2024-12-31,0.2006,EUR/kWh,EUR,,primary
nrg_pc_205:MWH2000-19999:X_VAT:EUR,IT,cost,industrial,,,2025-01-01,2025-06-30,0.203,EUR/kWh,EUR,,primary
nrg_pc_205:MWH2000-19999:X_VAT:EUR,IT,cost,industrial,,,2025-07-01,2025-12-31,0.1948,EUR/kWh,EUR,,primary
nrg_pc_205:MWH2000-19999:X_VAT:EUR,IT,cost,industrial,,,2026-01-01,2026-06-30,0.1991,EUR/kWh,EUR,,primary
nrg_pc_205:MWH2000-19999:X_VAT:EUR,LT,cost,industrial,,,2015-01-01,2015-06-30,0.0906,EUR/kWh,EUR,,primary
nrg_pc_205:MWH2000-19999:X_VAT:EUR,LT,cost,industrial,,,2015-07-01,2015-12-31,0.0903,EUR/kWh,EUR,,primary
nrg_pc_205:MWH2000-19999:X_VAT:EUR,LT,cost,industrial,,,2016-01-01,2016-06-30,0.0836,EUR/kWh,EUR,,primary
nrg_pc_205:MWH2000-19999:X_VAT:EUR,LT,cost,industrial,,,2016-07-01,2016-12-31,0.0791,EUR/kWh,EUR,,primary
nrg_pc_205:MWH2000-19999:X_VAT:EUR,LT,cost,industrial,,,2017-01-01,2017-06-30,0.0749,EUR/kWh,EUR,,primary
nrg_pc_205:MWH2000-19999:X_VAT:EUR,LT,cost,industrial,,,2017-07-01,2017-12-31,0.0744,EUR/kWh,EUR,,primary
nrg_pc_205:MWH2000-19999:X_VAT:EUR,LT,cost,industrial,,,2018-01-01,2018-06-30,0.0758,EUR/kWh,EUR,,primary
nrg_pc_205:MWH2000-19999:X_VAT:EUR,LT,cost,industrial,,,2018-07-01,2018-12-31,0.0808,EUR/kWh,EUR,,primary
nrg_pc_205:MWH2000-19999:X_VAT:EUR,LT,cost,industrial,,,2019-01-01,2019-06-30,0.0845,EUR/kWh,EUR,,primary
nrg_pc_205:MWH2000-19999:X_VAT:EUR,LT,cost,industrial,,,2019-07-01,2019-12-31,0.0844,EUR/kWh,EUR,,primary
nrg_pc_205:MWH2000-19999:X_VAT:EUR,LT,cost,industrial,,,2020-01-01,2020-06-30,0.0802,EUR/kWh,EUR,,primary
nrg_pc_205:MWH2000-19999:X_VAT:EUR,LT,cost,industrial,,,2020-07-01,2020-12-31,0.0895,EUR/kWh,EUR,,primary
nrg_pc_205:MWH2000-19999:X_VAT:EUR,LT,cost,industrial,,,2021-01-01,2021-06-30,0.0923,EUR/kWh,EUR,,primary
nrg_pc_205:MWH2000-19999:X_VAT:EUR,LT,cost,industrial,,,2021-07-01,2021-12-31,0.1262,EUR/kWh,EUR,,primary
nrg_pc_205:MWH2000-19999:X_VAT:EUR,LT,cost,industrial,,,2022-01-01,2022-06-30,0.1436,EUR/kWh,EUR,,primary
nrg_pc_205:MWH2000-19999:X_VAT:EUR,LT,cost,industrial,,,2022-07-01,2022-12-31,0.2463,EUR/kWh,EUR,,primary
nrg_pc_205:MWH2000-19999:X_VAT:EUR,LT,cost,industrial,,,2023-01-01,2023-06-30,0.1481,EUR/kWh,EUR,,primary
nrg_pc_205:MWH2000-19999:X_VAT:EUR,LT,cost,industrial,,,2023-07-01,2023-12-31,0.1485,EUR/kWh,EUR,,primary
nrg_pc_205:MWH2000-19999:X_VAT:EUR,LT,cost,industrial,,,2024-01-01,2024-06-30,0.1441,EUR/kWh,EUR,,primary
nrg_pc_205:MWH2000-19999:X_VAT:EUR,LT,cost,industrial,,,2024-07-01,2024-12-31,0.1429,EUR/kWh,EUR,,primary
nrg_pc_205:MWH2000-19999:X_VAT:EUR,LT,cost,industrial,,,2025-01-01,2025-06-30,0.1347,EUR/kWh,EUR,,primary
nrg_pc_205:MWH2000-19999:X_VAT:EUR,LT,cost,industrial,,,2025-07-01,2025-12-31,0.1361,EUR/kWh,EUR,,primary
nrg_pc_205:MWH2000-19999:X_VAT:EUR,LT,cost,industrial,,,2026-01-01,2026-06-30,0.1453,EUR/kWh,EUR,,primary
nrg_pc_205:MWH2000-19999:X_VAT:EUR,LU,cost,industrial,,,2015-01-01,2015-06-30,0.0639,EUR/kWh,EUR,,primary
nrg_pc_205:MWH2000-19999:X_VAT:EUR,LU,cost,industrial,,,2015-07-01,2015-12-31,0.0584,EUR/kWh,EUR,,primary
nrg_pc_205:MWH2000-19999:X_VAT:EUR,LU,cost,industrial,,,2016-01-01,2016-06-30,0.0539,EUR/kWh,EUR,,primary
nrg_pc_205:MWH2000-19999:X_VAT:EUR,LU,cost,industrial,,,2016-07-01,2016-12-31,0.0544,EUR/kWh,EUR,,primary
nrg_pc_205:MWH2000-19999:X_VAT:EUR,LU,cost,industrial,,,2017-01-01,2017-06-30,0.0651,EUR/kWh,EUR,,primary
nrg_pc_205:MWH2000-19999:X_VAT:EUR,LU,cost,industrial,,,2017-07-01,2017-12-31,0.0662,EUR/kWh,EUR,,primary
nrg_pc_205:MWH2000-19999:X_VAT:EUR,LU,cost,industrial,,,2018-01-01,2018-06-30,0.0674,EUR/kWh,EUR,,primary
nrg_pc_205:MWH2000-19999:X_VAT:EUR,LU,cost,industrial,,,2018-07-01,2018-12-31,0.0686,EUR/kWh,EUR,,primary
nrg_pc_205:MWH2000-19999:X_VAT:EUR,LU,cost,industrial,,,2019-01-01,2019-06-30,0.0716,EUR/kWh,EUR,,primary
nrg_pc_205:MWH2000-19999:X_VAT:EUR,LU,cost,industrial,,,2019-07-01,2019-12-31,0.0734,EUR/kWh,EUR,,primary
nrg_pc_205:MWH2000-19999:X_VAT:EUR,LU,cost,industrial,,,2020-01-01,2020-06-30,0.0554,EUR/kWh,EUR,,primary
nrg_pc_205:MWH2000-19999:X_VAT:EUR,LU,cost,industrial,,,2020-07-01,2020-12-31,0.0758,EUR/kWh,EUR,,primary
nrg_pc_205:MWH2000-19999:X_VAT:EUR,LU,cost,industrial,,,2021-01-01,2021-06-30,0.0755,EUR/kWh,EUR,,primary
nrg_pc_205:MWH2000-19999:X_VAT:EUR,LU,cost,industrial,,,2021-07-01,2021-12-31,0.0826,EUR/kWh,EUR,,primary
nrg_pc_205:MWH2000-19999:X_VAT:EUR,LU,cost,industrial,,,2022-01-01,2022-06-30,0.1202,EUR/kWh,EUR,,primary
nrg_pc_205:MWH2000-19999:X_VAT:EUR,LU,cost,industrial,,,2022-07-01,2022-12-31,0.1384,EUR/kWh,EUR,,primary
nrg_pc_205:MWH2000-19999:X_VAT:EUR,LU,cost,industrial,,,2023-01-01,2023-06-30,0.2272,EUR/kWh,EUR,,primary
nrg_pc_205:MWH2000-19999:X_VAT:EUR,LU,cost,industrial,,,2023-07-01,2023-12-31,0.2043,EUR/kWh,EUR,,primary
nrg_pc_205:MWH2000-19999:X_VAT:EUR,LU,cost,industrial,,,2024-01-01,2024-06-30,0.1725,EUR/kWh,EUR,,primary
nrg_pc_205:MWH2000-19999:X_VAT:EUR,LU,cost,industrial,,,2024-07-01,2024-12-31,0.1727,EUR/kWh,EUR,,primary
nrg_pc_205:MWH2000-19999:X_VAT:EUR,LU,cost,industrial,,,2025-01-01,2025-06-30,0.1476,EUR/kWh,EUR,,primary
nrg_pc_205:MWH2000-19999:X_VAT:EUR,LU,cost,industrial,,,2025-07-01,2025-12-31,0.1444,EUR/kWh,EUR,,primary
nrg_pc_205:MWH2000-19999:X_VAT:EUR,LU,cost,industrial,,,2026-01-01,2026-06-30,0.1219,EUR/kWh,EUR,,primary
nrg_pc_205:MWH2000-19999:X_VAT:EUR,LV,cost,industrial,,,2015-01-01,2015-06-30,0.1081,EUR/kWh,EUR,,primary
nrg_pc_205:MWH2000-19999:X_VAT:EUR,LV,cost,industrial,,,2015-07-01,2015-12-31,0.1072,EUR/kWh,EUR,,primary
nrg_pc_205:MWH2000-19999:X_VAT:EUR,LV,cost,industrial,,,2016-01-01,2016-06-30,0.1074,EUR/kWh,EUR,,primary
nrg_pc_205:MWH2000-19999:X_VAT:EUR,LV,cost,industrial,,,2016-07-01,2016-12-31,0.1072,EUR/kWh,EUR,,primary
nrg_pc_205:MWH2000-19999:X_VAT:EUR,LV,cost,industrial,,,2017-01-01,2017-06-30,0.1033,EUR/kWh,EUR,,primary
nrg_pc_205:MWH2000-19999:X_VAT:EUR,LV,cost,industrial,,,2017-07-01,2017-12-31,0.1027,EUR/kWh,EUR,,primary
nrg_pc_205:MWH2000-19999:X_VAT:EUR,LV,cost,industrial,,,2018-01-01,2018-06-30,0.0864,EUR/kWh,EUR,,primary
nrg_pc_205:MWH2000-19999:X_VAT:EUR,LV,cost,industrial,,,2018-07-01,2018-12-31,0.0904,EUR/kWh,EUR,,primary
nrg_pc_205:MWH2000-19999:X_VAT:EUR,LV,cost,industrial,,,2019-01-01,2019-06-30,0.0915,EUR/kWh,EUR,,primary
nrg_pc_205:MWH2000-19999:X_VAT:EUR,LV,cost,industrial,,,2019-07-01,2019-12-31,0.0922,EUR/kWh,EUR,,primary
nrg_pc_205:MWH2000-19999:X_VAT:EUR,LV,cost,industrial,,,2020-01-01,2020-06-30,0.0845,EUR/kWh,EUR,,primary
nrg_pc_205:MWH2000-19999:X_VAT:EUR,LV,cost,industrial,,,2020-07-01,2020-12-31,0.0888,EUR/kWh,EUR,,primary
nrg_pc_205:MWH2000-19999:X_VAT:EUR,LV,cost,industrial,,,2021-01-01,2021-06-30,0.0861,EUR/kWh,EUR,,primary
nrg_pc_205:MWH2000-19999:X_VAT:EUR,LV,cost,industrial,,,2021-07-01,2021-12-31,0.1237,EUR/kWh,EUR,,primary
nrg_pc_205:MWH2000-19999:X_VAT:EUR,LV,cost,industrial,,,2022-01-01,2022-06-30,0.1282,EUR/kWh,EUR,,primary
nrg_pc_205:MWH2000-19999:X_VAT:EUR,LV,cost,industrial,,,2022-07-01,2022-12-31,0.2322,EUR/kWh,EUR,,primary
nrg_pc_205:MWH2000-19999:X_VAT:EUR,LV,cost,industrial,,,2023-01-01,2023-06-30,0.1334,EUR/kWh,EUR,,primary
nrg_pc_205:MWH2000-19999:X_VAT:EUR,LV,cost,industrial,,,2023-07-01,2023-12-31,0.1342,EUR/kWh,EUR,,primary
nrg_pc_205:MWH2000-19999:X_VAT:EUR,LV,cost,industrial,,,2024-01-01,2024-06-30,0.122,EUR/kWh,EUR,,primary
nrg_pc_205:MWH2000-19999:X_VAT:EUR,LV,cost,industrial,,,2024-07-01,2024-12-31,0.1222,EUR/kWh,EUR,,primary
nrg_pc_205:MWH2000-19999:X_VAT:EUR,LV,cost,industrial,,,2025-01-01,2025-06-30,0.113,EUR/kWh,EUR,,primary
nrg_pc_205:MWH2000-19999:X_VAT:EUR,LV,cost,industrial,,,2025-07-01,2025-12-31,0.1162,EUR/kWh,EUR,,primary
nrg_pc_205:MWH2000-19999:X_VAT:EUR,LV,cost,industrial,,,2026-01-01,2026-06-30,0.1189,EUR/kWh,EUR,,primary
nrg_pc_205:MWH2000-19999:X_VAT:EUR,MT,cost,industrial,,,2015-01-01,2015-06-30,0.1412,EUR/kWh,EUR,,primary
nrg_pc_205:MWH2000-19999:X_VAT:EUR,MT,cost,industrial,,,2015-07-01,2015-12-31,0.1239,EUR/kWh,EUR,,primary
nrg_pc_205:MWH2000-19999:X_VAT:EUR,MT,cost,industrial,,,2016-01-01,2016-06-30,0.1221,EUR/kWh,EUR,,primary
nrg_pc_205:MWH2000-19999:X_VAT:EUR,MT,cost,industrial,,,2016-07-01,2016-12-31,0.1233,EUR/kWh,EUR,,primary
nrg_pc_205:MWH2000-19999:X_VAT:EUR,MT,cost,industrial,,,2017-01-01,2017-06-30,0.1203,EUR/kWh,EUR,,primary
nrg_pc_205:MWH2000-19999:X_VAT:EUR,MT,cost,industrial,,,2017-07-01,2017-12-31,0.1199,EUR/kWh,EUR,,primary
nrg_pc_205:MWH2000-19999:X_VAT:EUR,MT,cost,industrial,,,2018-01-01,2018-06-30,0.1198,EUR/kWh,EUR,,primary
nrg_pc_205:MWH2000-19999:X_VAT:EUR,MT,cost,industrial,,,2018-07-01,2018-12-31,0.1195,EUR/kWh,EUR,,primary
nrg_pc_205:MWH2000-19999:X_VAT:EUR,MT,cost,industrial,,,2019-01-01,2019-06-30,0.119,EUR/kWh,EUR,,primary
nrg_pc_205:MWH2000-19999:X_VAT:EUR,MT,cost,industrial,,,2019-07-01,2019-12-31,0.1185,EUR/kWh,EUR,,primary
nrg_pc_205:MWH2000-19999:X_VAT:EUR,MT,cost,industrial,,,2020-01-01,2020-06-30,0.1183,EUR/kWh,EUR,,primary
nrg_pc_205:MWH2000-19999:X_VAT:EUR,MT,cost,industrial,,,2020-07-01,2020-12-31,0.1184,EUR/kWh,EUR,,primary
nrg_pc_205:MWH2000-19999:X_VAT:EUR,MT,cost,industrial,,,2021-01-01,2021-06-30,0.1186,EUR/kWh,EUR,,primary
nrg_pc_205:MWH2000-19999:X_VAT:EUR,MT,cost,industrial,,,2021-07-01,2021-12-31,0.1225,EUR/kWh,EUR,,primary
nrg_pc_205:MWH2000-19999:X_VAT:EUR,MT,cost,industrial,,,2022-01-01,2022-06-30,0.1188,EUR/kWh,EUR,,primary
nrg_pc_205:MWH2000-19999:X_VAT:EUR,MT,cost,industrial,,,2022-07-01,2022-12-31,0.1186,EUR/kWh,EUR,,primary
nrg_pc_205:MWH2000-19999:X_VAT:EUR,MT,cost,industrial,,,2023-01-01,2023-06-30,0.1225,EUR/kWh,EUR,,primary
nrg_pc_205:MWH2000-19999:X_VAT:EUR,MT,cost,industrial,,,2023-07-01,2023-12-31,0.1224,EUR/kWh,EUR,,primary
nrg_pc_205:MWH2000-19999:X_VAT:EUR,MT,cost,industrial,,,2024-01-01,2024-06-30,0.1224,EUR/kWh,EUR,,primary
nrg_pc_205:MWH2000-19999:X_VAT:EUR,MT,cost,industrial,,,2024-07-01,2024-12-31,0.1183,EUR/kWh,EUR,,primary
nrg_pc_205:MWH2000-19999:X_VAT:EUR,MT,cost,industrial,,,2025-01-01,2025-06-30,0.1177,EUR/kWh,EUR,,primary
nrg_pc_205:MWH2000-19999:X_VAT:EUR,MT,cost,industrial,,,2025-07-01,2025-12-31,0.1197,EUR/kWh,EUR,,primary
nrg_pc_205:MWH2000-19999:X_VAT:EUR,MT,cost,industrial,,,2026-01-01,2026-06-30,0.1188,EUR/kWh,EUR,p,primary
nrg_pc_205:MWH2000-19999:X_VAT:EUR,NL,cost,industrial,,,2015-01-01,2015-06-30,0.0817,EUR/kWh,EUR,,primary
nrg_pc_205:MWH2000-19999:X_VAT:EUR,NL,cost,industrial,,,2015-07-01,2015-12-31,0.0797,EUR/kWh,EUR,,primary
nrg_pc_205:MWH2000-19999:X_VAT:EUR,NL,cost,industrial,,,2016-01-01,2016-06-30,0.0774,EUR/kWh,EUR,,primary
nrg_pc_205:MWH2000-19999:X_VAT:EUR,NL,cost,industrial,,,2016-07-01,2016-12-31,0.0766,EUR/kWh,EUR,,primary
nrg_pc_205:MWH2000-19999:X_VAT:EUR,NL,cost,industrial,,,2017-01-01,2017-06-30,0.073,EUR/kWh,EUR,,primary
nrg_pc_205:MWH2000-19999:X_VAT:EUR,NL,cost,industrial,,,2017-07-01,2017-12-31,0.071,EUR/kWh,EUR,,primary
nrg_pc_205:MWH2000-19999:X_VAT:EUR,NL,cost,industrial,,,2018-01-01,2018-06-30,0.076,EUR/kWh,EUR,,primary
nrg_pc_205:MWH2000-19999:X_VAT:EUR,NL,cost,industrial,,,2018-07-01,2018-12-31,0.078,EUR/kWh,EUR,,primary
nrg_pc_205:MWH2000-19999:X_VAT:EUR,NL,cost,industrial,,,2019-01-01,2019-06-30,0.088,EUR/kWh,EUR,,primary
nrg_pc_205:MWH2000-19999:X_VAT:EUR,NL,cost,industrial,,,2019-07-01,2019-12-31,0.088,EUR/kWh,EUR,,primary
nrg_pc_205:MWH2000-19999:X_VAT:EUR,NL,cost,industrial,,,2020-01-01,2020-06-30,0.1005,EUR/kWh,EUR,,primary
nrg_pc_205:MWH2000-19999:X_VAT:EUR,NL,cost,industrial,,,2020-07-01,2020-12-31,0.1,EUR/kWh,EUR,,primary
nrg_pc_205:MWH2000-19999:X_VAT:EUR,NL,cost,industrial,,,2021-01-01,2021-06-30,0.1072,EUR/kWh,EUR,,primary
nrg_pc_205:MWH2000-19999:X_VAT:EUR,NL,cost,industrial,,,2021-07-01,2021-12-31,0.1289,EUR/kWh,EUR,,primary
nrg_pc_205:MWH2000-19999:X_VAT:EUR,NL,cost,industrial,,,2022-01-01,2022-06-30,0.1743,EUR/kWh,EUR,,primary
nrg_pc_205:MWH2000-19999:X_VAT:EUR,NL,cost,industrial,,,2022-07-01,2022-12-31,0.2105,EUR/kWh,EUR,,primary
nrg_pc_205:MWH2000-19999:X_VAT:EUR,NL,cost,industrial,,,2023-01-01,2023-06-30,0.2505,EUR/kWh,EUR,,primary
nrg_pc_205:MWH2000-19999:X_VAT:EUR,NL,cost,industrial,,,2023-07-01,2023-12-31,0.2289,EUR/kWh,EUR,,primary
nrg_pc_205:MWH2000-19999:X_VAT:EUR,NL,cost,industrial,,,2024-01-01,2024-06-30,0.1956,EUR/kWh,EUR,,primary
nrg_pc_205:MWH2000-19999:X_VAT:EUR,NL,cost,industrial,,,2024-07-01,2024-12-31,0.1961,EUR/kWh,EUR,,primary
nrg_pc_205:MWH2000-19999:X_VAT:EUR,NL,cost,industrial,,,2025-01-01,2025-06-30,0.1889,EUR/kWh,EUR,,primary
nrg_pc_205:MWH2000-19999:X_VAT:EUR,NL,cost,industrial,,,2025-07-01,2025-12-31,0.1824,EUR/kWh,EUR,,primary
nrg_pc_205:MWH2000-19999:X_VAT:EUR,NL,cost,industrial,,,2026-01-01,2026-06-30,0.1824,EUR/kWh,EUR,,primary
nrg_pc_205:MWH2000-19999:X_VAT:EUR,PL,cost,industrial,,,2015-01-01,2015-06-30,0.0768,EUR/kWh,EUR,,primary
nrg_pc_205:MWH2000-19999:X_VAT:EUR,PL,cost,industrial,,,2015-07-01,2015-12-31,0.0752,EUR/kWh,EUR,,primary
nrg_pc_205:MWH2000-19999:X_VAT:EUR,PL,cost,industrial,,,2016-01-01,2016-06-30,0.0717,EUR/kWh,EUR,,primary
nrg_pc_205:MWH2000-19999:X_VAT:EUR,PL,cost,industrial,,,2016-07-01,2016-12-31,0.071,EUR/kWh,EUR,,primary
nrg_pc_205:MWH2000-19999:X_VAT:EUR,PL,cost,industrial,,,2017-01-01,2017-06-30,0.0762,EUR/kWh,EUR,,primary
nrg_pc_205:MWH2000-19999:X_VAT:EUR,PL,cost,industrial,,,2017-07-01,2017-12-31,0.0756,EUR/kWh,EUR,,primary
nrg_pc_205:MWH2000-19999:X_VAT:EUR,PL,cost,industrial,,,2018-01-01,2018-06-30,0.0777,EUR/kWh,EUR,,primary
nrg_pc_205:MWH2000-19999:X_VAT:EUR,PL,cost,industrial,,,2018-07-01,2018-12-31,0.0781,EUR/kWh,EUR,,primary
nrg_pc_205:MWH2000-19999:X_VAT:EUR,PL,cost,industrial,,,2019-01-01,2019-06-30,0.0925,EUR/kWh,EUR,,primary
nrg_pc_205:MWH2000-19999:X_VAT:EUR,PL,cost,industrial,,,2019-07-01,2019-12-31,0.0767,EUR/kWh,EUR,,primary
nrg_pc_205:MWH2000-19999:X_VAT:EUR,PL,cost,industrial,,,2020-01-01,2020-06-30,0.0981,EUR/kWh,EUR,,primary
nrg_pc_205:MWH2000-19999:X_VAT:EUR,PL,cost,industrial,,,2020-07-01,2020-12-31,0.0962,EUR/kWh,EUR,,primary
nrg_pc_205:MWH2000-19999:X_VAT:EUR,PL,cost,industrial,,,2021-01-01,2021-06-30,0.0958,EUR/kWh,EUR,,primary
nrg_pc_205:MWH2000-19999:X_VAT:EUR,PL,cost,industrial,,,2021-07-01,2021-12-31,0.0992,EUR/kWh,EUR,,primary
nrg_pc_205:MWH2000-19999:X_VAT:EUR,PL,cost,industrial,,,2022-01-01,2022-06-30,0.1462,EUR/kWh,EUR,,primary
nrg_pc_205:MWH2000-19999:X_VAT:EUR,PL,cost,industrial,,,2022-07-01,2022-12-31,0.1649,EUR/kWh,EUR,,primary
nrg_pc_205:MWH2000-19999:X_VAT:EUR,PL,cost,industrial,,,2023-01-01,2023-06-30,0.2089,EUR/kWh,EUR,,primary
nrg_pc_205:MWH2000-19999:X_VAT:EUR,PL,cost,industrial,,,2023-07-01,2023-12-31,0.1995,EUR/kWh,EUR,,primary
nrg_pc_205:MWH2000-19999:X_VAT:EUR,PL,cost,industrial,,,2024-01-01,2024-06-30,0.1805,EUR/kWh,EUR,,primary
nrg_pc_205:MWH2000-19999:X_VAT:EUR,PL,cost,industrial,,,2024-07-01,2024-12-31,0.1878,EUR/kWh,EUR,,primary
nrg_pc_205:MWH2000-19999:X_VAT:EUR,PL,cost,industrial,,,2025-01-01,2025-06-30,0.1726,EUR/kWh,EUR,,primary
nrg_pc_205:MWH2000-19999:X_VAT:EUR,PL,cost,industrial,,,2025-07-01,2025-12-31,0.1735,EUR/kWh,EUR,,primary
nrg_pc_205:MWH2000-19999:X_VAT:EUR,PL,cost,industrial,,,2026-01-01,2026-06-30,0.1812,EUR/kWh,EUR,,primary
nrg_pc_205:MWH2000-19999:X_VAT:EUR,PT,cost,industrial,,,2015-01-01,2015-06-30,0.1032,EUR/kWh,EUR,,primary
nrg_pc_205:MWH2000-19999:X_VAT:EUR,PT,cost,industrial,,,2015-07-01,2015-12-31,0.1039,EUR/kWh,EUR,,primary
nrg_pc_205:MWH2000-19999:X_VAT:EUR,PT,cost,industrial,,,2016-01-01,2016-06-30,0.102,EUR/kWh,EUR,,primary
nrg_pc_205:MWH2000-19999:X_VAT:EUR,PT,cost,industrial,,,2016-07-01,2016-12-31,0.1027,EUR/kWh,EUR,,primary
nrg_pc_205:MWH2000-19999:X_VAT:EUR,PT,cost,industrial,,,2017-01-01,2017-06-30,0.1031,EUR/kWh,EUR,,primary
nrg_pc_205:MWH2000-19999:X_VAT:EUR,PT,cost,industrial,,,2017-07-01,2017-12-31,0.1043,EUR/kWh,EUR,,primary
nrg_pc_205:MWH2000-19999:X_VAT:EUR,PT,cost,industrial,,,2018-01-01,2018-06-30,0.1048,EUR/kWh,EUR,,primary
nrg_pc_205:MWH2000-19999:X_VAT:EUR,PT,cost,industrial,,,2018-07-01,2018-12-31,0.109,EUR/kWh,EUR,,primary
nrg_pc_205:MWH2000-19999:X_VAT:EUR,PT,cost,industrial,,,2019-01-01,2019-06-30,0.1012,EUR/kWh,EUR,,primary
nrg_pc_205:MWH2000-19999:X_VAT:EUR,PT,cost,industrial,,,2019-07-01,2019-12-31,0.1063,EUR/kWh,EUR,,primary
nrg_pc_205:MWH2000-19999:X_VAT:EUR,PT,cost,industrial,,,2020-01-01,2020-06-30,0.1023,EUR/kWh,EUR,,primary
nrg_pc_205:MWH2000-19999:X_VAT:EUR,PT,cost,industrial,,,2020-07-01,2020-12-31,0.101,EUR/kWh,EUR,,primary
nrg_pc_205:MWH2000-19999:X_VAT:EUR,PT,cost,industrial,,,2021-01-01,2021-06-30,0.0973,EUR/kWh,EUR,,primary
nrg_pc_205:MWH2000-19999:X_VAT:EUR,PT,cost,industrial,,,2021-07-01,2021-12-31,0.1193,EUR/kWh,EUR,,primary
nrg_pc_205:MWH2000-19999:X_VAT:EUR,PT,cost,industrial,,,2022-01-01,2022-06-30,0.1326,EUR/kWh,EUR,,primary
nrg_pc_205:MWH2000-19999:X_VAT:EUR,PT,cost,industrial,,,2022-07-01,2022-12-31,0.1355,EUR/kWh,EUR,,primary
nrg_pc_205:MWH2000-19999:X_VAT:EUR,PT,cost,industrial,,,2023-01-01,2023-06-30,0.0874,EUR/kWh,EUR,,primary
nrg_pc_205:MWH2000-19999:X_VAT:EUR,PT,cost,industrial,,,2023-07-01,2023-12-31,0.1104,EUR/kWh,EUR,,primary
nrg_pc_205:MWH2000-19999:X_VAT:EUR,PT,cost,industrial,,,2024-01-01,2024-06-30,0.1055,EUR/kWh,EUR,,primary
nrg_pc_205:MWH2000-19999:X_VAT:EUR,PT,cost,industrial,,,2024-07-01,2024-12-31,0.1248,EUR/kWh,EUR,,primary
nrg_pc_205:MWH2000-19999:X_VAT:EUR,PT,cost,industrial,,,2025-01-01,2025-06-30,0.123,EUR/kWh,EUR,,primary
nrg_pc_205:MWH2000-19999:X_VAT:EUR,PT,cost,industrial,,,2025-07-01,2025-12-31,0.1216,EUR/kWh,EUR,,primary
nrg_pc_205:MWH2000-19999:X_VAT:EUR,PT,cost,industrial,,,2026-01-01,2026-06-30,0.1135,EUR/kWh,EUR,,primary
nrg_pc_205:MWH2000-19999:X_VAT:EUR,RO,cost,industrial,,,2015-01-01,2015-06-30,0.0748,EUR/kWh,EUR,,primary
nrg_pc_205:MWH2000-19999:X_VAT:EUR,RO,cost,industrial,,,2015-07-01,2015-12-31,0.0718,EUR/kWh,EUR,,primary
nrg_pc_205:MWH2000-19999:X_VAT:EUR,RO,cost,industrial,,,2016-01-01,2016-06-30,0.0683,EUR/kWh,EUR,,primary
nrg_pc_205:MWH2000-19999:X_VAT:EUR,RO,cost,industrial,,,2016-07-01,2016-12-31,0.0721,EUR/kWh,EUR,,primary
nrg_pc_205:MWH2000-19999:X_VAT:EUR,RO,cost,industrial,,,2017-01-01,2017-06-30,0.0713,EUR/kWh,EUR,,primary
nrg_pc_205:MWH2000-19999:X_VAT:EUR,RO,cost,industrial,,,2017-07-01,2017-12-31,0.073,EUR/kWh,EUR,,primary
nrg_pc_205:MWH2000-19999:X_VAT:EUR,RO,cost,industrial,,,2018-01-01,2018-06-30,0.0772,EUR/kWh,EUR,,primary
nrg_pc_205:MWH2000-19999:X_VAT:EUR,RO,cost,industrial,,,2018-07-01,2018-12-31,0.0812,EUR/kWh,EUR,,primary
nrg_pc_205:MWH2000-19999:X_VAT:EUR,RO,cost,industrial,,,2019-01-01,2019-06-30,0.0906,EUR/kWh,EUR,,primary
nrg_pc_205:MWH2000-19999:X_VAT:EUR,RO,cost,industrial,,,2019-07-01,2019-12-31,0.0945,EUR/kWh,EUR,,primary
nrg_pc_205:MWH2000-19999:X_VAT:EUR,RO,cost,industrial,,,2020-01-01,2020-06-30,0.0999,EUR/kWh,EUR,,primary
nrg_pc_205:MWH2000-19999:X_VAT:EUR,RO,cost,industrial,,,2020-07-01,2020-12-31,0.0953,EUR/kWh,EUR,,primary
nrg_pc_205:MWH2000-19999:X_VAT:EUR,RO,cost,industrial,,,2021-01-01,2021-06-30,0.0919,EUR/kWh,EUR,,primary
nrg_pc_205:MWH2000-19999:X_VAT:EUR,RO,cost,industrial,,,2021-07-01,2021-12-31,0.1294,EUR/kWh,EUR,,primary
nrg_pc_205:MWH2000-19999:X_VAT:EUR,RO,cost,industrial,,,2022-01-01,2022-06-30,0.2472,EUR/kWh,EUR,d,primary
nrg_pc_205:MWH2000-19999:X_VAT:EUR,RO,cost,industrial,,,2022-07-01,2022-12-31,0.3163,EUR/kWh,EUR,d,primary
nrg_pc_205:MWH2000-19999:X_VAT:EUR,RO,cost,industrial,,,2023-01-01,2023-06-30,0.1746,EUR/kWh,EUR,,primary
nrg_pc_205:MWH2000-19999:X_VAT:EUR,RO,cost,industrial,,,2023-07-01,2023-12-31,0.1662,EUR/kWh,EUR,,primary
nrg_pc_205:MWH2000-19999:X_VAT:EUR,RO,cost,industrial,,,2024-01-01,2024-06-30,0.154,EUR/kWh,EUR,,primary
nrg_pc_205:MWH2000-19999:X_VAT:EUR,RO,cost,industrial,,,2024-07-01,2024-12-31,0.1636,EUR/kWh,EUR,,primary
nrg_pc_205:MWH2000-19999:X_VAT:EUR,RO,cost,industrial,,,2025-01-01,2025-06-30,0.1633,EUR/kWh,EUR,,primary
nrg_pc_205:MWH2000-19999:X_VAT:EUR,RO,cost,industrial,,,2025-07-01,2025-12-31,0.1715,EUR/kWh,EUR,,primary
nrg_pc_205:MWH2000-19999:X_VAT:EUR,RO,cost,industrial,,,2026-01-01,2026-06-30,0.1723,EUR/kWh,EUR,,primary
nrg_pc_205:MWH2000-19999:X_VAT:EUR,SE,cost,industrial,,,2015-01-01,2015-06-30,0.0545,EUR/kWh,EUR,,primary
nrg_pc_205:MWH2000-19999:X_VAT:EUR,SE,cost,industrial,,,2015-07-01,2015-12-31,0.0515,EUR/kWh,EUR,,primary
nrg_pc_205:MWH2000-19999:X_VAT:EUR,SE,cost,industrial,,,2016-01-01,2016-06-30,0.0531,EUR/kWh,EUR,,primary
nrg_pc_205:MWH2000-19999:X_VAT:EUR,SE,cost,industrial,,,2016-07-01,2016-12-31,0.0557,EUR/kWh,EUR,,primary
nrg_pc_205:MWH2000-19999:X_VAT:EUR,SE,cost,industrial,,,2017-01-01,2017-06-30,0.0553,EUR/kWh,EUR,,primary
nrg_pc_205:MWH2000-19999:X_VAT:EUR,SE,cost,industrial,,,2017-07-01,2017-12-31,0.0556,EUR/kWh,EUR,,primary
nrg_pc_205:MWH2000-19999:X_VAT:EUR,SE,cost,industrial,,,2018-01-01,2018-06-30,0.0566,EUR/kWh,EUR,,primary
nrg_pc_205:MWH2000-19999:X_VAT:EUR,SE,cost,industrial,,,2018-07-01,2018-12-31,0.0616,EUR/kWh,EUR,,primary
nrg_pc_205:MWH2000-19999:X_VAT:EUR,SE,cost,industrial,,,2019-01-01,2019-06-30,0.0664,EUR/kWh,EUR,,primary
nrg_pc_205:MWH2000-19999:X_VAT:EUR,SE,cost,industrial,,,2019-07-01,2019-12-31,0.0596,EUR/kWh,EUR,,primary
nrg_pc_205:MWH2000-19999:X_VAT:EUR,SE,cost,industrial,,,2020-01-01,2020-06-30,0.0476,EUR/kWh,EUR,,primary
nrg_pc_205:MWH2000-19999:X_VAT:EUR,SE,cost,industrial,,,2020-07-01,2020-12-31,0.0555,EUR/kWh,EUR,,primary
nrg_pc_205:MWH2000-19999:X_VAT:EUR,SE,cost,industrial,,,2021-01-01,2021-06-30,0.0605,EUR/kWh,EUR,,primary
nrg_pc_205:MWH2000-19999:X_VAT:EUR,SE,cost,industrial,,,2021-07-01,2021-12-31,0.0884,EUR/kWh,EUR,,primary
nrg_pc_205:MWH2000-19999:X_VAT:EUR,SE,cost,industrial,,,2022-01-01,2022-06-30,0.0981,EUR/kWh,EUR,,primary
nrg_pc_205:MWH2000-19999:X_VAT:EUR,SE,cost,industrial,,,2022-07-01,2022-12-31,0.1347,EUR/kWh,EUR,,primary
nrg_pc_205:MWH2000-19999:X_VAT:EUR,SE,cost,industrial,,,2023-01-01,2023-06-30,0.0982,EUR/kWh,EUR,,primary
nrg_pc_205:MWH2000-19999:X_VAT:EUR,SE,cost,industrial,,,2023-07-01,2023-12-31,0.0778,EUR/kWh,EUR,,primary
nrg_pc_205:MWH2000-19999:X_VAT:EUR,SE,cost,industrial,,,2024-01-01,2024-06-30,0.0837,EUR/kWh,EUR,,primary
nrg_pc_205:MWH2000-19999:X_VAT:EUR,SE,cost,industrial,,,2024-07-01,2024-12-31,0.0725,EUR/kWh,EUR,,primary
nrg_pc_205:MWH2000-19999:X_VAT:EUR,SE,cost,industrial,,,2025-01-01,2025-06-30,0.0838,EUR/kWh,EUR,,primary
nrg_pc_205:MWH2000-19999:X_VAT:EUR,SE,cost,industrial,,,2025-07-01,2025-12-31,0.0852,EUR/kWh,EUR,,primary
nrg_pc_205:MWH2000-19999:X_VAT:EUR,SE,cost,industrial,,,2026-01-01,2026-06-30,0.1056,EUR/kWh,EUR,,primary
nrg_pc_205:MWH2000-19999:X_VAT:EUR,SI,cost,industrial,,,2015-01-01,2015-06-30,0.0723,EUR/kWh,EUR,,primary
nrg_pc_205:MWH2000-19999:X_VAT:EUR,SI,cost,industrial,,,2015-07-01,2015-12-31,0.0753,EUR/kWh,EUR,,primary
nrg_pc_205:MWH2000-19999:X_VAT:EUR,SI,cost,industrial,,,2016-01-01,2016-06-30,0.0712,EUR/kWh,EUR,,primary
nrg_pc_205:MWH2000-19999:X_VAT:EUR,SI,cost,industrial,,,2016-07-01,2016-12-31,0.0717,EUR/kWh,EUR,,primary
nrg_pc_205:MWH2000-19999:X_VAT:EUR,SI,cost,industrial,,,2017-01-01,2017-06-30,0.0671,EUR/kWh,EUR,,primary
nrg_pc_205:MWH2000-19999:X_VAT:EUR,SI,cost,industrial,,,2017-07-01,2017-12-31,0.0675,EUR/kWh,EUR,,primary
nrg_pc_205:MWH2000-19999:X_VAT:EUR,SI,cost,industrial,,,2018-01-01,2018-06-30,0.0718,EUR/kWh,EUR,,primary
nrg_pc_205:MWH2000-19999:X_VAT:EUR,SI,cost,industrial,,,2018-07-01,2018-12-31,0.0731,EUR/kWh,EUR,,primary
nrg_pc_205:MWH2000-19999:X_VAT:EUR,SI,cost,industrial,,,2019-01-01,2019-06-30,0.0802,EUR/kWh,EUR,,primary
nrg_pc_205:MWH2000-19999:X_VAT:EUR,SI,cost,industrial,,,2019-07-01,2019-12-31,0.0812,EUR/kWh,EUR,,primary
nrg_pc_205:MWH2000-19999:X_VAT:EUR,SI,cost,industrial,,,2020-01-01,2020-06-30,0.0859,EUR/kWh,EUR,,primary
nrg_pc_205:MWH2000-19999:X_VAT:EUR,SI,cost,industrial,,,2020-07-01,2020-12-31,0.0854,EUR/kWh,EUR,,primary
nrg_pc_205:MWH2000-19999:X_VAT:EUR,SI,cost,industrial,,,2021-01-01,2021-06-30,0.0809,EUR/kWh,EUR,,primary
nrg_pc_205:MWH2000-19999:X_VAT:EUR,SI,cost,industrial,,,2021-07-01,2021-12-31,0.1002,EUR/kWh,EUR,,primary
nrg_pc_205:MWH2000-19999:X_VAT:EUR,SI,cost,industrial,,,2022-01-01,2022-06-30,0.1502,EUR/kWh,EUR,,primary
nrg_pc_205:MWH2000-19999:X_VAT:EUR,SI,cost,industrial,,,2022-07-01,2022-12-31,0.1907,EUR/kWh,EUR,,primary
nrg_pc_205:MWH2000-19999:X_VAT:EUR,SI,cost,industrial,,,2023-01-01,2023-06-30,0.2228,EUR/kWh,EUR,,primary
nrg_pc_205:MWH2000-19999:X_VAT:EUR,SI,cost,industrial,,,2023-07-01,2023-12-31,0.2084,EUR/kWh,EUR,,primary
nrg_pc_205:MWH2000-19999:X_VAT:EUR,SI,cost,industrial,,,2024-01-01,2024-06-30,0.1552,EUR/kWh,EUR,,primary
nrg_pc_205:MWH2000-19999:X_VAT:EUR,SI,cost,industrial,,,2024-07-01,2024-12-31,0.1679,EUR/kWh,EUR,,primary
nrg_pc_205:MWH2000-19999:X_VAT:EUR,SI,cost,industrial,,,2025-01-01,2025-06-30,0.1456,EUR/kWh,EUR,,primary
nrg_pc_205:MWH2000-19999:X_VAT:EUR,SI,cost,industrial,,,2025-07-01,2025-12-31,0.1416,EUR/kWh,EUR,,primary
nrg_pc_205:MWH2000-19999:X_VAT:EUR,SI,cost,industrial,,,2026-01-01,2026-06-30,0.1397,EUR/kWh,EUR,,primary
nrg_pc_205:MWH2000-19999:X_VAT:EUR,SK,cost,industrial,,,2015-01-01,2015-06-30,0.101,EUR/kWh,EUR,,primary
nrg_pc_205:MWH2000-19999:X_VAT:EUR,SK,cost,industrial,,,2015-07-01,2015-12-31,0.0986,EUR/kWh,EUR,,primary
nrg_pc_205:MWH2000-19999:X_VAT:EUR,SK,cost,industrial,,,2016-01-01,2016-06-30,0.0968,EUR/kWh,EUR,,primary
nrg_pc_205:MWH2000-19999:X_VAT:EUR,SK,cost,industrial,,,2016-07-01,2016-12-31,0.0997,EUR/kWh,EUR,,primary
nrg_pc_205:MWH2000-19999:X_VAT:EUR,SK,cost,industrial,,,2017-01-01,2017-06-30,0.1037,EUR/kWh,EUR,,primary
nrg_pc_205:MWH2000-19999:X_VAT:EUR,SK,cost,industrial,,,2017-07-01,2017-12-31,0.1043,EUR/kWh,EUR,,primary
nrg_pc_205:MWH2000-19999:X_VAT:EUR,SK,cost,industrial,,,2018-01-01,2018-06-30,0.1098,EUR/kWh,EUR,,primary
nrg_pc_205:MWH2000-19999:X_VAT:EUR,SK,cost,industrial,,,2018-07-01,2018-12-31,0.1087,EUR/kWh,EUR,,primary
nrg_pc_205:MWH2000-19999:X_VAT:EUR,SK,cost,industrial,,,2019-01-01,2019-06-30,0.1219,EUR/kWh,EUR,,primary
nrg_pc_205:MWH2000-19999:X_VAT:EUR,SK,cost,industrial,,,2019-07-01,2019-12-31,0.1247,EUR/kWh,EUR,,primary
nrg_pc_205:MWH2000-19999:X_VAT:EUR,SK,cost,industrial,,,2020-01-01,2020-06-30,0.1213,EUR/kWh,EUR,,primary
nrg_pc_205:MWH2000-19999:X_VAT:EUR,SK,cost,industrial,,,2020-07-01,2020-12-31,0.1267,EUR/kWh,EUR,,primary
nrg_pc_205:MWH2000-19999:X_VAT:EUR,SK,cost,industrial,,,2021-01-01,2021-06-30,0.1177,EUR/kWh,EUR,,primary
nrg_pc_205:MWH2000-19999:X_VAT:EUR,SK,cost,industrial,,,2021-07-01,2021-12-31,0.1292,EUR/kWh,EUR,,primary
nrg_pc_205:MWH2000-19999:X_VAT:EUR,SK,cost,industrial,,,2022-01-01,2022-06-30,0.2144,EUR/kWh,EUR,,primary
nrg_pc_205:MWH2000-19999:X_VAT:EUR,SK,cost,industrial,,,2022-07-01,2022-12-31,0.2538,EUR/kWh,EUR,,primary
nrg_pc_205:MWH2000-19999:X_VAT:EUR,SK,cost,industrial,,,2023-01-01,2023-06-30,0.246,EUR/kWh,EUR,,primary
nrg_pc_205:MWH2000-19999:X_VAT:EUR,SK,cost,industrial,,,2023-07-01,2023-12-31,0.2171,EUR/kWh,EUR,,primary
nrg_pc_205:MWH2000-19999:X_VAT:EUR,SK,cost,industrial,,,2024-01-01,2024-06-30,0.1661,EUR/kWh,EUR,,primary
nrg_pc_205:MWH2000-19999:X_VAT:EUR,SK,cost,industrial,,,2024-07-01,2024-12-31,0.1882,EUR/kWh,EUR,,primary
nrg_pc_205:MWH2000-19999:X_VAT:EUR,SK,cost,industrial,,,2025-01-01,2025-06-30,0.1782,EUR/kWh,EUR,,primary
nrg_pc_205:MWH2000-19999:X_VAT:EUR,SK,cost,industrial,,,2025-07-01,2025-12-31,0.1839,EUR/kWh,EUR,,primary
nrg_pc_205:MWH2000-19999:X_VAT:EUR,SK,cost,industrial,,,2026-01-01,2026-06-30,0.1773,EUR/kWh,EUR,,primary
