series_id,region,layer,buyer_type,fuel,component,period_start,period_end,value,unit,currency,source_flag,confidence
nrg_pc_205:MWH500-1999:I_TAX:EUR,AT,cost,industrial,,,2015-01-01,2015-06-30,0.1247,EUR/kWh,EUR,,primary
nrg_pc_205:MWH500-1999:I_TAX:EUR,AT,cost,industrial,,,2015-07-01,2015-12-31,0.126,EUR/kWh,EUR,,primary
nrg_pc_205:MWH500-1999:I_TAX:EUR,AT,cost,industrial,,,2016-01-01,2016-06-30,0.1264,EUR/kWh,EUR,,primary
nrg_pc_205:MWH500-1999:I_TAX:EUR,AT,cost,industrial,,,2016-07-01,2016-12-31,0.1229,EUR/kWh,EUR,,primary
nrg_pc_205:MWH500-1999:I_TAX:EUR,AT,cost,industrial,,,2017-01-01,2017-06-30,0.1116,EUR/kWh,EUR,,primary
nrg_pc_205:MWH500-1999:I_TAX:EUR,AT,cost,industrial,,,2017-07-01,2017-12-31,0.1196,EUR/kWh,EUR,,primary
nrg_pc_205:MWH500-1999:I_TAX:EUR,AT,cost,industrial,,,2018-01-01,2018-06-30,0.1196,EUR/kWh,EUR,,primary
nrg_pc_205:MWH500-1999:I_TAX:EUR,AT,cost,industrial,,,2018-07-01,2018-12-31,0.1215,EUR/kWh,EUR,,primary
nrg_pc_205:MWH500-1999:I_TAX:EUR,AT,cost,industrial,,,2019-01-01,2019-06-30,0.129,EUR/kWh,EUR,,primary
nrg_pc_205:MWH500-1999:I_TAX:EUR,AT,cost,industrial,,,2019-07-01,2019-12-31,0.1305,EUR/kWh,EUR,,primary
nrg_pc_205:MWH500-1999:I_TAX:EUR,AT,cost,industrial,,,2020-01-01,2020-06-30,0.1429,EUR/kWh,EUR,,primary
nrg_pc_205:MWH500-1999:I_TAX:EUR,AT,cost,industrial,,,2020-07-01,2020-12-31,0.1421,EUR/kWh,EUR,,primary
nrg_pc_205:MWH500-1999:I_TAX:EUR,AT,cost,industrial,,,2021-01-01,2021-06-30,0.1474,EUR/kWh,EUR,,primary
nrg_pc_205:MWH500-1999:I_TAX:EUR,AT,cost,industrial,,,2021-07-01,2021-12-31,0.1534,EUR/kWh,EUR,,primary
nrg_pc_205:MWH500-1999:I_TAX:EUR,AT,cost,industrial,,,2022-01-01,2022-06-30,0.194,EUR/kWh,EUR,,primary
nrg_pc_205:MWH500-1999:I_TAX:EUR,AT,cost,industrial,,,2022-07-01,2022-12-31,0.2143,EUR/kWh,EUR,e,primary
nrg_pc_205:MWH500-1999:I_TAX:EUR,AT,cost,industrial,,,2023-01-01,2023-06-30,0.3117,EUR/kWh,EUR,e,primary
nrg_pc_205:MWH500-1999:I_TAX:EUR,AT,cost,industrial,,,2023-07-01,2023-12-31,0.2965,EUR/kWh,EUR,e,primary
nrg_pc_205:MWH500-1999:I_TAX:EUR,AT,cost,industrial,,,2024-01-01,2024-06-30,0.2384,EUR/kWh,EUR,e,primary
nrg_pc_205:MWH500-1999:I_TAX:EUR,AT,cost,industrial,,,2024-07-01,2024-12-31,0.2407,EUR/kWh,EUR,e,primary
nrg_pc_205:MWH500-1999:I_TAX:EUR,AT,cost,industrial,,,2025-01-01,2025-06-30,0.2434,EUR/kWh,EUR,e,primary
nrg_pc_205:MWH500-1999:I_TAX:EUR,AT,cost,industrial,,,2025-07-01,2025-12-31,0.2383,EUR/kWh,EUR,e,primary
nrg_pc_205:MWH500-1999:I_TAX:EUR,AT,cost,industrial,,,2026-01-01,2026-06-30,0.2301,EUR/kWh,EUR,,primary
nrg_pc_205:MWH500-1999:I_TAX:EUR,BE,cost,industrial,,,2015-01-01,2015-06-30,0.1301,EUR/kWh,EUR,,primary
nrg_pc_205:MWH500-1999:I_TAX:EUR,BE,cost,industrial,,,2015-07-01,2015-12-31,0.1297,EUR/kWh,EUR,,primary
nrg_pc_205:MWH500-1999:I_TAX:EUR,BE,cost,industrial,,,2016-01-01,2016-06-30,0.1349,EUR/kWh,EUR,,primary
nrg_pc_205:MWH500-1999:I_TAX:EUR,BE,cost,industrial,,,2016-07-01,2016-12-31,0.1398,EUR/kWh,EUR,,primary
nrg_pc_205:MWH500-1999:I_TAX:EUR,BE,cost,industrial,,,2017-01-01,2017-06-30,0.1336,EUR/kWh,EUR,,primary
nrg_pc_205:MWH500-1999:I_TAX:EUR,BE,cost,industrial,,,2017-07-01,2017-12-31,0.1314,EUR/kWh,EUR,,primary
nrg_pc_205:MWH500-1999:I_TAX:EUR,BE,cost,industrial,,,2018-01-01,2018-06-30,0.1315,EUR/kWh,EUR,,primary
nrg_pc_205:MWH500-1999:I_TAX:EUR,BE,cost,industrial,,,2018-07-01,2018-12-31,0.1373,EUR/kWh,EUR,,primary
nrg_pc_205:MWH500-1999:I_TAX:EUR,BE,cost,industrial,,,2019-01-01,2019-06-30,0.1385,EUR/kWh,EUR,,primary
nrg_pc_205:MWH500-1999:I_TAX:EUR,BE,cost,industrial,,,2019-07-01,2019-12-31,0.1388,EUR/kWh,EUR,,primary
nrg_pc_205:MWH500-1999:I_TAX:EUR,BE,cost,industrial,,,2020-01-01,2020-06-30,0.1408,EUR/kWh,EUR,,primary
nrg_pc_205:MWH500-1999:I_TAX:EUR,BE,cost,industrial,,,2020-07-01,2020-12-31,0.1426,EUR/kWh,EUR,,primary
nrg_pc_205:MWH500-1999:I_TAX:EUR,BE,cost,industrial,,,2021-01-01,2021-06-30,0.1464,EUR/kWh,EUR,,primary
nrg_pc_205:MWH500-1999:I_TAX:EUR,BE,cost,industrial,,,2021-07-01,2021-12-31,0.1732,EUR/kWh,EUR,,primary
nrg_pc_205:MWH500-1999:I_TAX:EUR,BE,cost,industrial,,,2022-01-01,2022-06-30,0.2349,EUR/kWh,EUR,,primary
nrg_pc_205:MWH500-1999:I_TAX:EUR,BE,cost,industrial,,,2022-07-01,2022-12-31,0.2863,EUR/kWh,EUR,,primary
nrg_pc_205:MWH500-1999:I_TAX:EUR,BE,cost,industrial,,,2023-01-01,2023-06-30,0.2743,EUR/kWh,EUR,,primary
nrg_pc_205:MWH500-1999:I_TAX:EUR,BE,cost,industrial,,,2023-07-01,2023-12-31,0.2619,EUR/kWh,EUR,,primary
nrg_pc_205:MWH500-1999:I_TAX:EUR,BE,cost,industrial,,,2024-01-01,2024-06-30,0.2153,EUR/kWh,EUR,,primary
nrg_pc_205:MWH500-1999:I_TAX:EUR,BE,cost,industrial,,,2024-07-01,2024-12-31,0.2197,EUR/kWh,EUR,,primary
nrg_pc_205:MWH500-1999:I_TAX:EUR,BE,cost,industrial,,,2025-01-01,2025-06-30,0.2348,EUR/kWh,EUR,,primary
nrg_pc_205:MWH500-1999:I_TAX:EUR,BE,cost,industrial,,,2025-07-01,2025-12-31,0.2258,EUR/kWh,EUR,,primary
nrg_pc_205:MWH500-1999:I_TAX:EUR,BE,cost,industrial,,,2026-01-01,2026-06-30,0.23,EUR/kWh,EUR,,primary
nrg_pc_205:MWH500-1999:I_TAX:EUR,BG,cost,industrial,,,2015-01-01,2015-06-30,0.0831,EUR/kWh,EUR,,primary
nrg_pc_205:MWH500-1999:I_TAX:EUR,BG,cost,industrial,,,2015-07-01,2015-12-31,0.0939,EUR/kWh,EUR,,primary
nrg_pc_205:MWH500-1999:I_TAX:EUR,BG,cost,industrial,,,2016-01-01,2016-06-30,0.1202,EUR/kWh,EUR,,primary
nrg_pc_205:MWH500-1999:I_TAX:EUR,BG,cost,industrial,,,2016-07-01,2016-12-31,0.0946,EUR/kWh,EUR,,primary
nrg_pc_205:MWH500-1999:I_TAX:EUR,BG,cost,industrial,,,2017-01-01,2017-06-30,0.0915,EUR/kWh,EUR,,primary
nrg_pc_205:MWH500-1999:I_TAX:EUR,BG,cost,industrial,,,2017-07-01,2017-12-31,0.0947,EUR/kWh,EUR,,primary
nrg_pc_205:MWH500-1999:I_TAX:EUR,BG,cost,industrial,,,2018-01-01,2018-06-30,0.0972,EUR/kWh,EUR,,primary
nrg_pc_205:MWH500-1999:I_TAX:EUR,BG,cost,industrial,,,2018-07-01,2018-12-31,0.1015,EUR/kWh,EUR,,primary
nrg_pc_205:MWH500-1999:I_TAX:EUR,BG,cost,industrial,,,2019-01-01,2019-06-30,0.1065,EUR/kWh,EUR,,primary
nrg_pc_205:MWH500-1999:I_TAX:EUR,BG,cost,industrial,,,2019-07-01,2019-12-31,0.1042,EUR/kWh,EUR,,primary
nrg_pc_205:MWH500-1999:I_TAX:EUR,BG,cost,industrial,,,2020-01-01,2020-06-30,0.0979,EUR/kWh,EUR,,primary
nrg_pc_205:MWH500-1999:I_TAX:EUR,BG,cost,industrial,,,2020-07-01,2020-12-31,0.1011,EUR/kWh,EUR,,primary
nrg_pc_205:MWH500-1999:I_TAX:EUR,BG,cost,industrial,,,2021-01-01,2021-06-30,0.1155,EUR/kWh,EUR,,primary
nrg_pc_205:MWH500-1999:I_TAX:EUR,BG,cost,industrial,,,2021-07-01,2021-12-31,0.1876,EUR/kWh,EUR,,primary
nrg_pc_205:MWH500-1999:I_TAX:EUR,BG,cost,industrial,,,2022-01-01,2022-06-30,0.2084,EUR/kWh,EUR,,primary
nrg_pc_205:MWH500-1999:I_TAX:EUR,BG,cost,industrial,,,2022-07-01,2022-12-31,0.2152,EUR/kWh,EUR,,primary
nrg_pc_205:MWH500-1999:I_TAX:EUR,BG,cost,industrial,,,2023-01-01,2023-06-30,0.1791,EUR/kWh,EUR,,primary
nrg_pc_205:MWH500-1999:I_TAX:EUR,BG,cost,industrial,,,2023-07-01,2023-12-31,0.1634,EUR/kWh,EUR,,primary
nrg_pc_205:MWH500-1999:I_TAX:EUR,BG,cost,industrial,,,2024-01-01,2024-06-30,0.1363,EUR/kWh,EUR,,primary
nrg_pc_205:MWH500-1999:I_TAX:EUR,BG,cost,industrial,,,2024-07-01,2024-12-31,0.1587,EUR/kWh,EUR,,primary
nrg_pc_205:MWH500-1999:I_TAX:EUR,BG,cost,industrial,,,2025-01-01,2025-06-30,0.1526,EUR/kWh,EUR,,primary
nrg_pc_205:MWH500-1999:I_TAX:EUR,BG,cost,industrial,,,2025-07-01,2025-12-31,0.1695,EUR/kWh,EUR,,primary
nrg_pc_205:MWH500-1999:I_TAX:EUR,BG,cost,industrial,,,2026-01-01,2026-06-30,0.1743,EUR/kWh,EUR,,primary
nrg_pc_205:MWH500-1999:I_TAX:EUR,CY,cost,industrial,,,2015-01-01,2015-06-30,0.1648,EUR/kWh,EUR,,primary
nrg_pc_205:MWH500-1999:I_TAX:EUR,CY,cost,industrial,,,2015-07-01,2015-12-31,0.1668,EUR/kWh,EUR,,primary
nrg_pc_205:MWH500-1999:I_TAX:EUR,CY,cost,industrial,,,2016-01-01,2016-06-30,0.1238,EUR/kWh,EUR,,primary
nrg_pc_205:MWH500-1999:I_TAX:EUR,CY,cost,industrial,,,2016-07-01,2016-12-31,0.1532,EUR/kWh,EUR,,primary
nrg_pc_205:MWH500-1999:I_TAX:EUR,CY,cost,industrial,,,2017-01-01,2017-06-30,0.1664,EUR/kWh,EUR,,primary
nrg_pc_205:MWH500-1999:I_TAX:EUR,CY,cost,industrial,,,2017-07-01,2017-12-31,0.1637,EUR/kWh,EUR,,primary
nrg_pc_205:MWH500-1999:I_TAX:EUR,CY,cost,industrial,,,2018-01-01,2018-06-30,0.1653,EUR/kWh,EUR,,primary
nrg_pc_205:MWH500-1999:I_TAX:EUR,CY,cost,industrial,,,2018-07-01,2018-12-31,0.2137,EUR/kWh,EUR,,primary
nrg_pc_205:MWH500-1999:I_TAX:EUR,CY,cost,industrial,,,2019-01-01,2019-06-30,0.1901,EUR/kWh,EUR,,primary
nrg_pc_205:MWH500-1999:I_TAX:EUR,CY,cost,industrial,,,2019-07-01,2019-12-31,0.2115,EUR/kWh,EUR,,primary
nrg_pc_205:MWH500-1999:I_TAX:EUR,CY,cost,industrial,,,2020-01-01,2020-06-30,0.1706,EUR/kWh,EUR,,primary
nrg_pc_205:MWH500-1999:I_TAX:EUR,CY,cost,industrial,,,2020-07-01,2020-12-31,0.1608,EUR/kWh,EUR,,primary
nrg_pc_205:MWH500-1999:I_TAX:EUR,CY,cost,industrial,,,2021-01-01,2021-06-30,0.1786,EUR/kWh,EUR,,primary
nrg_pc_205:MWH500-1999:I_TAX:EUR,CY,cost,industrial,,,2021-07-01,2021-12-31,0.2298,EUR/kWh,EUR,,primary
nrg_pc_205:MWH500-1999:I_TAX:EUR,CY,cost,industrial,,,2022-01-01,2022-06-30,0.2921,EUR/kWh,EUR,,primary
nrg_pc_205:MWH500-1999:I_TAX:EUR,CY,cost,industrial,,,2022-07-01,2022-12-31,0.3739,EUR/kWh,EUR,,primary
nrg_pc_205:MWH500-1999:I_TAX:EUR,CY,cost,industrial,,,2023-01-01,2023-06-30,0.3262,EUR/kWh,EUR,,primary
nrg_pc_205:MWH500-1999:I_TAX:EUR,CY,cost,industrial,,,2023-07-01,2023-12-31,0.3261,EUR/kWh,EUR,,primary
nrg_pc_205:MWH500-1999:I_TAX:EUR,CY,cost,industrial,,,2024-01-01,2024-06-30,0.2893,EUR/kWh,EUR,,primary
nrg_pc_205:MWH500-1999:I_TAX:EUR,CY,cost,industrial,,,2024-07-01,2024-12-31,0.3041,EUR/kWh,EUR,,primary
nrg_pc_205:MWH500-1999:I_TAX:EUR,CY,cost,industrial,,,2025-01-01,2025-06-30,0.2736,EUR/kWh,EUR,,primary
nrg_pc_205:MWH500-1999:I_TAX:EUR,CY,cost,industrial,,,2025-07-01,2025-12-31,0.2868,EUR/kWh,EUR,,primary
nrg_pc_205:MWH500-1999:I_TAX:EUR,CY,cost,industrial,,,2026-01-01,2026-06-30,0.272,EUR/kWh,EUR,,primary
nrg_pc_205:MWH500-1999:I_TAX:EUR,CZ,cost,industrial,,,2015-01-01,2015-06-30,0.0934,EUR/kWh,EUR,,primary
nrg_pc_205:MWH500-1999:I_TAX:EUR,CZ,cost,industrial,,,2015-07-01,2015-12-31,0.0947,EUR/kWh,EUR,,primary
nrg_pc_205:MWH500-1999:I_TAX:EUR,CZ,cost,industrial,,,2016-01-01,2016-06-30,0.0884,EUR/kWh,EUR,,primary
nrg_pc_205:MWH500-1999:I_TAX:EUR,CZ,cost,industrial,,,2016-07-01,2016-12-31,0.0885,EUR/kWh,EUR,,primary
nrg_pc_205:MWH500-1999:I_TAX:EUR,CZ,cost,industrial,,,2017-01-01,2017-06-30,0.0832,EUR/kWh,EUR,,primary
nrg_pc_205:MWH500-1999:I_TAX:EUR,CZ,cost,industrial,,,2017-07-01,2017-12-31,0.0859,EUR/kWh,EUR,,primary
nrg_pc_205:MWH500-1999:I_TAX:EUR,CZ,cost,industrial,,,2018-01-01,2018-06-30,0.0887,EUR/kWh,EUR,,primary
nrg_pc_205:MWH500-1999:I_TAX:EUR,CZ,cost,industrial,,,2018-07-01,2018-12-31,0.0872,EUR/kWh,EUR,,primary
nrg_pc_205:MWH500-1999:I_TAX:EUR,CZ,cost,industrial,,,2019-01-01,2019-06-30,0.093,EUR/kWh,EUR,,primary
nrg_pc_205:MWH500-1999:I_TAX:EUR,CZ,cost,industrial,,,2019-07-01,2019-12-31,0.0948,EUR/kWh,EUR,,primary
nrg_pc_205:MWH500-1999:I_TAX:EUR,CZ,cost,industrial,,,2020-01-01,2020-06-30,0.1023,EUR/kWh,EUR,,primary
nrg_pc_205:MWH500-1999:I_TAX:EUR,CZ,cost,industrial,,,2020-07-01,2020-12-31,0.1019,EUR/kWh,EUR,,primary
nrg_pc_205:MWH500-1999:I_TAX:EUR,CZ,cost,industrial,,,2021-01-01,2021-06-30,0.1069,EUR/kWh,EUR,,primary
nrg_pc_205:MWH500-1999:I_TAX:EUR,CZ,cost,industrial,,,2021-07-01,2021-12-31,0.1031,EUR/kWh,EUR,,primary
nrg_pc_205:MWH500-1999:I_TAX:EUR,CZ,cost,industrial,,,2022-01-01,2022-06-30,0.1904,EUR/kWh,EUR,,primary
nrg_pc_205:MWH500-1999:I_TAX:EUR,CZ,cost,industrial,,,2022-07-01,2022-12-31,0.2141,EUR/kWh,EUR,,primary
nrg_pc_205:MWH500-1999:I_TAX:EUR,CZ,cost,industrial,,,2023-01-01,2023-06-30,0.2389,EUR/kWh,EUR,,primary
nrg_pc_205:MWH500-1999:I_TAX:EUR,CZ,cost,industrial,,,2023-07-01,2023-12-31,0.2176,EUR/kWh,EUR,,primary
nrg_pc_205:MWH500-1999:I_TAX:EUR,CZ,cost,industrial,,,2024-01-01,2024-06-30,0.2239,EUR/kWh,EUR,,primary
nrg_pc_205:MWH500-1999:I_TAX:EUR,CZ,cost,industrial,,,2024-07-01,2024-12-31,0.2347,EUR/kWh,EUR,,primary
nrg_pc_205:MWH500-1999:I_TAX:EUR,CZ,cost,industrial,,,2025-01-01,2025-06-30,0.2232,EUR/kWh,EUR,,primary
nrg_pc_205:MWH500-1999:I_TAX:EUR,CZ,cost,industrial,,,2025-07-01,2025-12-31,0.2208,EUR/kWh,EUR,,primary
nrg_pc_205:MWH500-1999:I_TAX:EUR,CZ,cost,industrial,,,2026-01-01,2026-06-30,0.2022,EUR/kWh,EUR,,primary
nrg_pc_205:MWH500-1999:I_TAX:EUR,DE,cost,industrial,,,2015-01-01,2015-06-30,0.1979,EUR/kWh,EUR,,primary
nrg_pc_205:MWH500-1999:I_TAX:EUR,DE,cost,industrial,,,2015-07-01,2015-12-31,0.196,EUR/kWh,EUR,,primary
nrg_pc_205:MWH500-1999:I_TAX:EUR,DE,cost,industrial,,,2016-01-01,2016-06-30,0.1974,EUR/kWh,EUR,,primary
nrg_pc_205:MWH500-1999:I_TAX:EUR,DE,cost,industrial,,,2016-07-01,2016-12-31,0.1958,EUR/kWh,EUR,,primary
nrg_pc_205:MWH500-1999:I_TAX:EUR,DE,cost,industrial,,,2017-01-01,2017-06-30,0.1991,EUR/kWh,EUR,,primary
nrg_pc_205:MWH500-1999:I_TAX:EUR,DE,cost,industrial,,,2017-07-01,2017-12-31,0.1985,EUR/kWh,EUR,,primary
nrg_pc_205:MWH500-1999:I_TAX:EUR,DE,cost,industrial,,,2018-01-01,2018-06-30,0.1967,EUR/kWh,EUR,,primary
nrg_pc_205:MWH500-1999:I_TAX:EUR,DE,cost,industrial,,,2018-07-01,2018-12-31,0.1987,EUR/kWh,EUR,,primary
nrg_pc_205:MWH500-1999:I_TAX:EUR,DE,cost,industrial,,,2019-01-01,2019-06-30,0.2036,EUR/kWh,EUR,,primary
nrg_pc_205:MWH500-1999:I_TAX:EUR,DE,cost,industrial,,,2019-07-01,2019-12-31,0.1989,EUR/kWh,EUR,,primary
nrg_pc_205:MWH500-1999:I_TAX:EUR,DE,cost,industrial,,,2020-01-01,2020-06-30,0.218,EUR/kWh,EUR,,primary
nrg_pc_205:MWH500-1999:I_TAX:EUR,DE,cost,industrial,,,2020-07-01,2020-12-31,0.2181,EUR/kWh,EUR,,primary
nrg_pc_205:MWH500-1999:I_TAX:EUR,DE,cost,industrial,,,2021-01-01,2021-06-30,0.2239,EUR/kWh,EUR,,primary
nrg_pc_205:MWH500-1999:I_TAX:EUR,DE,cost,industrial,,,2021-07-01,2021-12-31,0.2298,EUR/kWh,EUR,,primary
nrg_pc_205:MWH500-1999:I_TAX:EUR,DE,cost,industrial,,,2022-01-01,2022-06-30,0.2616,EUR/kWh,EUR,,primary
nrg_pc_205:MWH500-1999:I_TAX:EUR,DE,cost,industrial,,,2022-07-01,2022-12-31,0.2524,EUR/kWh,EUR,,primary
nrg_pc_205:MWH500-1999:I_TAX:EUR,DE,cost,industrial,,,2023-01-01,2023-06-30,0.2691,EUR/kWh,EUR,,primary
nrg_pc_205:MWH500-1999:I_TAX:EUR,DE,cost,industrial,,,2023-07-01,2023-12-31,0.2671,EUR/kWh,EUR,,primary
nrg_pc_205:MWH500-1999:I_TAX:EUR,DE,cost,industrial,,,2024-01-01,2024-06-30,0.2798,EUR/kWh,EUR,,primary
nrg_pc_205:MWH500-1999:I_TAX:EUR,DE,cost,industrial,,,2024-07-01,2024-12-31,0.2834,EUR/kWh,EUR,,primary
nrg_pc_205:MWH500-1999:I_TAX:EUR,DE,cost,industrial,,,2025-01-01,2025-06-30,0.2745,EUR/kWh,EUR,,primary
nrg_pc_205:MWH500-1999:I_TAX:EUR,DE,cost,industrial,,,2025-07-01,2025-12-31,0.2722,EUR/kWh,EUR,,primary
nrg_pc_205:MWH500-1999:I_TAX:EUR,DE,cost,industrial,,,2026-01-01,2026-06-30,0.2477,EUR/kWh,EUR,p,primary
nrg_pc_205:MWH500-1999:I_TAX:EUR,DK,cost,industrial,,,2015-01-01,2015-06-30,0.2589,EUR/kWh,EUR,,primary
nrg_pc_205:MWH500-1999:I_TAX:EUR,DK,cost,industrial,,,2015-07-01,2015-12-31,0.2587,EUR/kWh,EUR,,primary
nrg_pc_205:MWH500-1999:I_TAX:EUR,DK,cost,industrial,,,2016-01-01,2016-06-30,0.2664,EUR/kWh,EUR,,primary
nrg_pc_205:MWH500-1999:I_TAX:EUR,DK,cost,industrial,,,2016-07-01,2016-12-31,0.2651,EUR/kWh,EUR,,primary
nrg_pc_205:MWH500-1999:I_TAX:EUR,DK,cost,industrial,,,2017-01-01,2017-06-30,0.2579,EUR/kWh,EUR,,primary
nrg_pc_205:MWH500-1999:I_TAX:EUR,DK,cost,industrial,,,2017-07-01,2017-12-31,0.2579,EUR/kWh,EUR,,primary
nrg_pc_205:MWH500-1999:I_TAX:EUR,DK,cost,industrial,,,2018-01-01,2018-06-30,0.2537,EUR/kWh,EUR,,primary
nrg_pc_205:MWH500-1999:I_TAX:EUR,DK,cost,industrial,,,2018-07-01,2018-12-31,0.251,EUR/kWh,EUR,,primary
nrg_pc_205:MWH500-1999:I_TAX:EUR,DK,cost,industrial,,,2019-01-01,2019-06-30,0.2358,EUR/kWh,EUR,,primary
nrg_pc_205:MWH500-1999:I_TAX:EUR,DK,cost,industrial,,,2019-07-01,2019-12-31,0.2324,EUR/kWh,EUR,,primary
nrg_pc_205:MWH500-1999:I_TAX:EUR,DK,cost,industrial,,,2020-01-01,2020-06-30,0.2252,EUR/kWh,EUR,,primary
nrg_pc_205:MWH500-1999:I_TAX:EUR,DK,cost,industrial,,,2020-07-01,2020-12-31,0.2349,EUR/kWh,EUR,,primary
nrg_pc_205:MWH500-1999:I_TAX:EUR,DK,cost,industrial,,,2021-01-01,2021-06-30,0.2503,EUR/kWh,EUR,,primary
nrg_pc_205:MWH500-1999:I_TAX:EUR,DK,cost,industrial,,,2021-07-01,2021-12-31,0.2961,EUR/kWh,EUR,,primary
nrg_pc_205:MWH500-1999:I_TAX:EUR,DK,cost,industrial,,,2022-01-01,2022-06-30,0.3521,EUR/kWh,EUR,,primary
nrg_pc_205:MWH500-1999:I_TAX:EUR,DK,cost,industrial,,,2022-07-01,2022-12-31,0.4089,EUR/kWh,EUR,,primary
nrg_pc_205:MWH500-1999:I_TAX:EUR,DK,cost,industrial,,,2023-01-01,2023-06-30,0.168,EUR/kWh,EUR,,primary
nrg_pc_205:MWH500-1999:I_TAX:EUR,DK,cost,industrial,,,2023-07-01,2023-12-31,0.2625,EUR/kWh,EUR,,primary
nrg_pc_205:MWH500-1999:I_TAX:EUR,DK,cost,industrial,,,2024-01-01,2024-06-30,0.2588,EUR/kWh,EUR,,primary
nrg_pc_205:MWH500-1999:I_TAX:EUR,DK,cost,industrial,,,2024-07-01,2024-12-31,0.2867,EUR/kWh,EUR,,primary
nrg_pc_205:MWH500-1999:I_TAX:EUR,DK,cost,industrial,,,2025-01-01,2025-06-30,0.2738,EUR/kWh,EUR,,primary
nrg_pc_205:MWH500-1999:I_TAX:EUR,DK,cost,industrial,,,2025-07-01,2025-12-31,0.2712,EUR/kWh,EUR,,primary
nrg_pc_205:MWH500-1999:I_TAX:EUR,DK,cost,industrial,,,2026-01-01,2026-06-30,0.1629,EUR/kWh,EUR,,primary
nrg_pc_205:MWH500-1999:I_TAX:EUR,EE,cost,industrial,,,2015-01-01,2015-06-30,0.1066,EUR/kWh,EUR,,primary
nrg_pc_205:MWH500-1999:I_TAX:EUR,EE,cost,industrial,,,2015-07-01,2015-12-31,0.1117,EUR/kWh,EUR,,primary
nrg_pc_205:MWH500-1999:I_TAX:EUR,EE,cost,industrial,,,2016-01-01,2016-06-30,0.1054,EUR/kWh,EUR,,primary
nrg_pc_205:MWH500-1999:I_TAX:EUR,EE,cost,industrial,,,2016-07-01,2016-12-31,0.1075,EUR/kWh,EUR,,primary
nrg_pc_205:MWH500-1999:I_TAX:EUR,EE,cost,industrial,,,2017-01-01,2017-06-30,0.1044,EUR/kWh,EUR,,primary
nrg_pc_205:MWH500-1999:I_TAX:EUR,EE,cost,industrial,,,2017-07-01,2017-12-31,0.1015,EUR/kWh,EUR,,primary
nrg_pc_205:MWH500-1999:I_TAX:EUR,EE,cost,industrial,,,2018-01-01,2018-06-30,0.1038,EUR/kWh,EUR,,primary
nrg_pc_205:MWH500-1999:I_TAX:EUR,EE,cost,industrial,,,2018-07-01,2018-12-31,0.1109,EUR/kWh,EUR,,primary
nrg_pc_205:MWH500-1999:I_TAX:EUR,EE,cost,industrial,,,2019-01-01,2019-06-30,0.11,EUR/kWh,EUR,,primary
nrg_pc_205:MWH500-1999:I_TAX:EUR,EE,cost,industrial,,,2019-07-01,2019-12-31,0.1098,EUR/kWh,EUR,,primary
nrg_pc_205:MWH500-1999:I_TAX:EUR,EE,cost,industrial,,,2020-01-01,2020-06-30,0.0988,EUR/kWh,EUR,,primary
nrg_pc_205:MWH500-1999:I_TAX:EUR,EE,cost,industrial,,,2020-07-01,2020-12-31,0.1048,EUR/kWh,EUR,,primary
nrg_pc_205:MWH500-1999:I_TAX:EUR,EE,cost,industrial,,,2021-01-01,2021-06-30,0.1148,EUR/kWh,EUR,,primary
nrg_pc_205:MWH500-1999:I_TAX:EUR,EE,cost,industrial,,,2021-07-01,2021-12-31,0.1831,EUR/kWh,EUR,,primary
nrg_pc_205:MWH500-1999:I_TAX:EUR,EE,cost,industrial,,,2022-01-01,2022-06-30,0.195,EUR/kWh,EUR,,primary
nrg_pc_205:MWH500-1999:I_TAX:EUR,EE,cost,industrial,,,2022-07-01,2022-12-31,0.3103,EUR/kWh,EUR,,primary
nrg_pc_205:MWH500-1999:I_TAX:EUR,EE,cost,industrial,,,2023-01-01,2023-06-30,0.188,EUR/kWh,EUR,,primary
nrg_pc_205:MWH500-1999:I_TAX:EUR,EE,cost,industrial,,,2023-07-01,2023-12-31,0.1884,EUR/kWh,EUR,,primary
nrg_pc_205:MWH500-1999:I_TAX:EUR,EE,cost,industrial,,,2024-01-01,2024-06-30,0.1743,EUR/kWh,EUR,,primary
nrg_pc_205:MWH500-1999:I_TAX:EUR,EE,cost,industrial,,,2024-07-01,2024-12-31,0.1811,EUR/kWh,EUR,,primary
nrg_pc_205:MWH500-1999:I_TAX:EUR,EE,cost,industrial,,,2025-01-01,2025-06-30,0.1751,EUR/kWh,EUR,,primary
nrg_pc_205:MWH500-1999:I_TAX:EUR,EE,cost,industrial,,,2025-07-01,2025-12-31,0.1748,EUR/kWh,EUR,,primary
nrg_pc_205:MWH500-1999:I_TAX:EUR,EE,cost,industrial,,,2026-01-01,2026-06-30,0.1708,EUR/kWh,EUR,,primary
nrg_pc_205:MWH500-1999:I_TAX:EUR,EL,cost,industrial,,,2015-01-01,2015-06-30,0.146,EUR/kWh,EUR,,primary
nrg_pc_205:MWH500-1999:I_TAX:EUR,EL,cost,industrial,,,2015-07-01,2015-12-31,0.1299,EUR/kWh,EUR,,primary
nrg_pc_205:MWH500-1999:I_TAX:EUR,EL,cost,industrial,,,2016-01-01,2016-06-30,0.1326,EUR/kWh,EUR,,primary
nrg_pc_205:MWH500-1999:I_TAX:EUR,EL,cost,industrial,,,2016-07-01,2016-12-31,0.126,EUR/kWh,EUR,,primary
nrg_pc_205:MWH500-1999:I_TAX:EUR,EL,cost,industrial,,,2017-01-01,2017-06-30,0.1215,EUR/kWh,EUR,,primary
nrg_pc_205:MWH500-1999:I_TAX:EUR,EL,cost,industrial,,,2017-07-01,2017-12-31,0.1315,EUR/kWh,EUR,,primary
nrg_pc_205:MWH500-1999:I_TAX:EUR,EL,cost,industrial,,,2018-01-01,2018-06-30,0.1169,EUR/kWh,EUR,,primary
nrg_pc_205:MWH500-1999:I_TAX:EUR,EL,cost,industrial,,,2018-07-01,2018-12-31,0.1184,EUR/kWh,EUR,,primary
nrg_pc_205:MWH500-1999:I_TAX:EUR,EL,cost,industrial,,,2019-01-01,2019-06-30,0.1191,EUR/kWh,EUR,,primary
nrg_pc_205:MWH500-1999:I_TAX:EUR,EL,cost,industrial,,,2019-07-01,2019-12-31,0.1149,EUR/kWh,EUR,,primary
nrg_pc_205:MWH500-1999:I_TAX:EUR,EL,cost,industrial,,,2020-01-01,2020-06-30,0.1139,EUR/kWh,EUR,,primary
nrg_pc_205:MWH500-1999:I_TAX:EUR,EL,cost,industrial,,,2020-07-01,2020-12-31,0.112,EUR/kWh,EUR,,primary
nrg_pc_205:MWH500-1999:I_TAX:EUR,EL,cost,industrial,,,2021-01-01,2021-06-30,0.1243,EUR/kWh,EUR,,primary
nrg_pc_205:MWH500-1999:I_TAX:EUR,EL,cost,industrial,,,2021-07-01,2021-12-31,0.2371,EUR/kWh,EUR,,primary
nrg_pc_205:MWH500-1999:I_TAX:EUR,EL,cost,industrial,,,2022-01-01,2022-06-30,0.2447,EUR/kWh,EUR,,primary
nrg_pc_205:MWH500-1999:I_TAX:EUR,EL,cost,industrial,,,2022-07-01,2022-12-31,0.2602,EUR/kWh,EUR,,primary
nrg_pc_205:MWH500-1999:I_TAX:EUR,EL,cost,industrial,,,2023-01-01,2023-06-30,0.2015,EUR/kWh,EUR,,primary
nrg_pc_205:MWH500-1999:I_TAX:EUR,EL,cost,industrial,,,2023-07-01,2023-12-31,0.1941,EUR/kWh,EUR,,primary
nrg_pc_205:MWH500-1999:I_TAX:EUR,EL,cost,industrial,,,2024-01-01,2024-06-30,0.1642,EUR/kWh,EUR,,primary
nrg_pc_205:MWH500-1999:I_TAX:EUR,EL,cost,industrial,,,2024-07-01,2024-12-31,0.2124,EUR/kWh,EUR,,primary
nrg_pc_205:MWH500-1999:I_TAX:EUR,EL,cost,industrial,,,2025-01-01,2025-06-30,0.2045,EUR/kWh,EUR,,primary
nrg_pc_205:MWH500-1999:I_TAX:EUR,EL,cost,industrial,,,2025-07-01,2025-12-31,0.1842,EUR/kWh,EUR,,primary
nrg_pc_205:MWH500-1999:I_TAX:EUR,EL,cost,industrial,,,2026-01-01,2026-06-30,0.1803,EUR/kWh,EUR,,primary
nrg_pc_205:MWH500-1999:I_TAX:EUR,ES,cost,industrial,,,2015-01-01,2015-06-30,0.142,EUR/kWh,EUR,,primary
nrg_pc_205:MWH500-1999:I_TAX:EUR,ES,cost,industrial,,,2015-07-01,2015-12-31,0.1371,EUR/kWh,EUR,,primary
nrg_pc_205:MWH500-1999:I_TAX:EUR,ES,cost,industrial,,,2016-01-01,2016-06-30,0.1337,EUR/kWh,EUR,,primary
nrg_pc_205:MWH500-1999:I_TAX:EUR,ES,cost,industrial,,,2016-07-01,2016-12-31,0.1245,EUR/kWh,EUR,,primary
nrg_pc_205:MWH500-1999:I_TAX:EUR,ES,cost,industrial,,,2017-01-01,2017-06-30,0.1284,EUR/kWh,EUR,,primary
nrg_pc_205:MWH500-1999:I_TAX:EUR,ES,cost,industrial,,,2017-07-01,2017-12-31,0.1249,EUR/kWh,EUR,,primary
nrg_pc_205:MWH500-1999:I_TAX:EUR,ES,cost,industrial,,,2018-01-01,2018-06-30,0.1282,EUR/kWh,EUR,,primary
nrg_pc_205:MWH500-1999:I_TAX:EUR,ES,cost,industrial,,,2018-07-01,2018-12-31,0.1329,EUR/kWh,EUR,,primary
nrg_pc_205:MWH500-1999:I_TAX:EUR,ES,cost,industrial,,,2019-01-01,2019-06-30,0.1389,EUR/kWh,EUR,,primary
nrg_pc_205:MWH500-1999:I_TAX:EUR,ES,cost,industrial,,,2019-07-01,2019-12-31,0.1336,EUR/kWh,EUR,,primary
nrg_pc_205:MWH500-1999:I_TAX:EUR,ES,cost,industrial,,,2020-01-01,2020-06-30,0.1302,EUR/kWh,EUR,,primary
nrg_pc_205:MWH500-1999:I_TAX:EUR,ES,cost,industrial,,,2020-07-01,2020-12-31,0.1422,EUR/kWh,EUR,,primary
nrg_pc_205:MWH500-1999:I_TAX:EUR,ES,cost,industrial,,,2021-01-01,2021-06-30,0.13,EUR/kWh,EUR,,primary
nrg_pc_205:MWH500-1999:I_TAX:EUR,ES,cost,industrial,,,2021-07-01,2021-12-31,0.1705,EUR/kWh,EUR,,primary
nrg_pc_205:MWH500-1999:I_TAX:EUR,ES,cost,industrial,,,2022-01-01,2022-06-30,0.2255,EUR/kWh,EUR,,primary
nrg_pc_205:MWH500-1999:I_TAX:EUR,ES,cost,industrial,,,2022-07-01,2022-12-31,0.2598,EUR/kWh,EUR,,primary
nrg_pc_205:MWH500-1999:I_TAX:EUR,ES,cost,industrial,,,2023-01-01,2023-06-30,0.1912,EUR/kWh,EUR,,primary
nrg_pc_205:MWH500-1999:I_TAX:EUR,ES,cost,industrial,,,2023-07-01,2023-12-31,0.1837,EUR/kWh,EUR,,primary
nrg_pc_205:MWH500-1999:I_TAX:EUR,ES,cost,industrial,,,2024-01-01,2024-06-30,0.1629,EUR/kWh,EUR,,primary
nrg_pc_205:MWH500-1999:I_TAX:EUR,ES,cost,industrial,,,2024-07-01,2024-12-31,0.1703,EUR/kWh,EUR,,primary
nrg_pc_205:MWH500-1999:I_TAX:EUR,ES,cost,industrial,,,2025-01-01,2025-06-30,0.1688,EUR/kWh,EUR,,primary
nrg_pc_205:MWH500-1999:I_TAX:EUR,ES,cost,industrial,,,2025-07-01,2025-12-31,0.1589,EUR/kWh,EUR,,primary
nrg_pc_205:MWH500-1999:I_TAX:EUR,ES,cost,industrial,,,2026-01-01,2026-06-30,0.1604,EUR/kWh,EUR,,primary
nrg_pc_205:MWH500-1999:I_TAX:EUR,EU,cost,industrial,,,2015-01-01,2015-06-30,0.1457,EUR/kWh,EUR,,primary
nrg_pc_205:MWH500-1999:I_TAX:EUR,EU,cost,industrial,,,2015-07-01,2015-12-31,0.1424,EUR/kWh,EUR,,primary
nrg_pc_205:MWH500-1999:I_TAX:EUR,EU,cost,industrial,,,2016-01-01,2016-06-30,0.1408,EUR/kWh,EUR,,primary
nrg_pc_205:MWH500-1999:I_TAX:EUR,EU,cost,industrial,,,2016-07-01,2016-12-31,0.1386,EUR/kWh,EUR,,primary
nrg_pc_205:MWH500-1999:I_TAX:EUR,EU,cost,industrial,,,2017-01-01,2017-06-30,0.1415,EUR/kWh,EUR,,primary
nrg_pc_205:MWH500-1999:I_TAX:EUR,EU,cost,industrial,,,2017-07-01,2017-12-31,0.1394,EUR/kWh,EUR,,primary
nrg_pc_205:MWH500-1999:I_TAX:EUR,EU,cost,industrial,,,2018-01-01,2018-06-30,0.1408,EUR/kWh,EUR,,primary
nrg_pc_205:MWH500-1999:I_TAX:EUR,EU,cost,industrial,,,2018-07-01,2018-12-31,0.1406,EUR/kWh,EUR,,primary
nrg_pc_205:MWH500-1999:I_TAX:EUR,EU,cost,industrial,,,2019-01-01,2019-06-30,0.1508,EUR/kWh,EUR,,primary
nrg_pc_205:MWH500-1999:I_TAX:EUR,EU,cost,industrial,,,2019-07-01,2019-12-31,0.1454,EUR/kWh,EUR,,primary
nrg_pc_205:MWH500-1999:I_TAX:EUR,EU,cost,industrial,,,2020-01-01,2020-06-30,0.1527,EUR/kWh,EUR,,primary
nrg_pc_205:MWH500-1999:I_TAX:EUR,EU,cost,industrial,,,2020-07-01,2020-12-31,0.1523,EUR/kWh,EUR,,primary
nrg_pc_205:MWH500-1999:I_TAX:EUR,EU,cost,industrial,,,2021-01-01,2021-06-30,0.1572,EUR/kWh,EUR,,primary
nrg_pc_205:MWH500-1999:I_TAX:EUR,EU,cost,industrial,,,2021-07-01,2021-12-31,0.175,EUR/kWh,EUR,,primary
nrg_pc_205:MWH500-1999:I_TAX:EUR,EU,cost,industrial,,,2022-01-01,2022-06-30,0.2207,EUR/kWh,EUR,,primary
nrg_pc_205:MWH500-1999:I_TAX:EUR,EU,cost,industrial,,,2022-07-01,2022-12-31,0.2498,EUR/kWh,EUR,,primary
nrg_pc_205:MWH500-1999:I_TAX:EUR,EU,cost,industrial,,,2023-01-01,2023-06-30,0.2575,EUR/kWh,EUR,,primary
nrg_pc_205:MWH500-1999:I_TAX:EUR,EU,cost,industrial,,,2023-07-01,2023-12-31,0.2417,EUR/kWh,EUR,,primary
nrg_pc_205:MWH500-1999:I_TAX:EUR,EU,cost,industrial,,,2024-01-01,2024-06-30,0.2263,EUR/kWh,EUR,,primary
nrg_pc_205:MWH500-1999:I_TAX:EUR,EU,cost,industrial,,,2024-07-01,2024-12-31,0.2332,EUR/kWh,EUR,,primary
nrg_pc_205:MWH500-1999:I_TAX:EUR,EU,cost,industrial,,,2025-01-01,2025-06-30,0.2283,EUR/kWh,EUR,,primary
nrg_pc_205:MWH500-1999:I_TAX:EUR,EU,cost,industrial,,,2025-07-01,2025-12-31,0.2206,EUR/kWh,EUR,,primary
nrg_pc_205:MWH500-1999:I_TAX:EUR,FI,cost,industrial,,,2015-01-01,2015-06-30,0.0877,EUR/kWh,EUR,,primary
nrg_pc_205:MWH500-1999:I_TAX:EUR,FI,cost,industrial,,,2015-07-01,2015-12-31,0.0875,EUR/kWh,EUR,,primary
nrg_pc_205:MWH500-1999:I_TAX:EUR,FI,cost,industrial,,,2016-01-01,2016-06-30,0.0849,EUR/kWh,EUR,,primary
nrg_pc_205:MWH500-1999:I_TAX:EUR,FI,cost,industrial,,,2016-07-01,2016-12-31,0.0861,EUR/kWh,EUR,,primary
nrg_pc_205:MWH500-1999:I_TAX:EUR,FI,cost,industrial,,,2017-01-01,2017-06-30,0.0827,EUR/kWh,EUR,,primary
nrg_pc_205:MWH500-1999:I_TAX:EUR,FI,cost,industrial,,,2017-07-01,2017-12-31,0.0838,EUR/kWh,EUR,,primary
nrg_pc_205:MWH500-1999:I_TAX:EUR,FI,cost,industrial,,,2018-01-01,2018-06-30,0.0844,EUR/kWh,EUR,,primary
nrg_pc_205:MWH500-1999:I_TAX:EUR,FI,cost,industrial,,,2018-07-01,2018-12-31,0.0876,EUR/kWh,EUR,,primary
nrg_pc_205:MWH500-1999:I_TAX:EUR,FI,cost,industrial,,,2019-01-01,2019-06-30,0.088,EUR/kWh,EUR,,primary
nrg_pc_205:MWH500-1999:I_TAX:EUR,FI,cost,industrial,,,2019-07-01,2019-12-31,0.0894,EUR/kWh,EUR,,primary
nrg_pc_205:MWH500-1999:I_TAX:EUR,FI,cost,industrial,,,2020-01-01,2020-06-30,0.0862,EUR/kWh,EUR,,primary
nrg_pc_205:MWH500-1999:I_TAX:EUR,FI,cost,industrial,,,2020-07-01,2020-12-31,0.0941,EUR/kWh,EUR,,primary
nrg_pc_205:MWH500-1999:I_TAX:EUR,FI,cost,industrial,,,2021-01-01,2021-06-30,0.0838,EUR/kWh,EUR,,primary
nrg_pc_205:MWH500-1999:I_TAX:EUR,FI,cost,industrial,,,2021-07-01,2021-12-31,0.0992,EUR/kWh,EUR,,primary
nrg_pc_205:MWH500-1999:I_TAX:EUR,FI,cost,industrial,,,2022-01-01,2022-06-30,0.1002,EUR/kWh,EUR,,primary
nrg_pc_205:MWH500-1999:I_TAX:EUR,FI,cost,industrial,,,2022-07-01,2022-12-31,0.1399,EUR/kWh,EUR,,primary
nrg_pc_205:MWH500-1999:I_TAX:EUR,FI,cost,industrial,,,2023-01-01,2023-06-30,0.1187,EUR/kWh,EUR,,primary
nrg_pc_205:MWH500-1999:I_TAX:EUR,FI,cost,industrial,,,2023-07-01,2023-12-31,0.1097,EUR/kWh,EUR,,primary
nrg_pc_205:MWH500-1999:I_TAX:EUR,FI,cost,industrial,,,2024-01-01,2024-06-30,0.1078,EUR/kWh,EUR,,primary
nrg_pc_205:MWH500-1999:I_TAX:EUR,FI,cost,industrial,,,2024-07-01,2024-12-31,0.0983,EUR/kWh,EUR,,primary
nrg_pc_205:MWH500-1999:I_TAX:EUR,FI,cost,industrial,,,2025-01-01,2025-06-30,0.0982,EUR/kWh,EUR,,primary
nrg_pc_205:MWH500-1999:I_TAX:EUR,FI,cost,industrial,,,2025-07-01,2025-12-31,0.0938,EUR/kWh,EUR,,primary
nrg_pc_205:MWH500-1999:I_TAX:EUR,FI,cost,industrial,,,2026-01-01,2026-06-30,0.1164,EUR/kWh,EUR,,primary
nrg_pc_205:MWH500-1999:I_TAX:EUR,FR,cost,industrial,,,2015-01-01,2015-06-30,0.1232,EUR/kWh,EUR,,primary
nrg_pc_205:MWH500-1999:I_TAX:EUR,FR,cost,industrial,,,2015-07-01,2015-12-31,0.1141,EUR/kWh,EUR,,primary
nrg_pc_205:MWH500-1999:I_TAX:EUR,FR,cost,industrial,,,2016-01-01,2016-06-30,0.1145,EUR/kWh,EUR,,primary
nrg_pc_205:MWH500-1999:I_TAX:EUR,FR,cost,industrial,,,2016-07-01,2016-12-31,0.1075,EUR/kWh,EUR,,primary
nrg_pc_205:MWH500-1999:I_TAX:EUR,FR,cost,industrial,,,2017-01-01,2017-06-30,0.118,EUR/kWh,EUR,,primary
nrg_pc_205:MWH500-1999:I_TAX:EUR,FR,cost,industrial,,,2017-07-01,2017-12-31,0.1102,EUR/kWh,EUR,,primary
nrg_pc_205:MWH500-1999:I_TAX:EUR,FR,cost,industrial,,,2018-01-01,2018-06-30,0.1175,EUR/kWh,EUR,,primary
nrg_pc_205:MWH500-1999:I_TAX:EUR,FR,cost,industrial,,,2018-07-01,2018-12-31,0.1053,EUR/kWh,EUR,,primary
nrg_pc_205:MWH500-1999:I_TAX:EUR,FR,cost,industrial,,,2019-01-01,2019-06-30,0.1225,EUR/kWh,EUR,,primary
nrg_pc_205:MWH500-1999:I_TAX:EUR,FR,cost,industrial,,,2019-07-01,2019-12-31,0.1136,EUR/kWh,EUR,,primary
nrg_pc_205:MWH500-1999:I_TAX:EUR,FR,cost,industrial,,,2020-01-01,2020-06-30,0.1265,EUR/kWh,EUR,,primary
nrg_pc_205:MWH500-1999:I_TAX:EUR,FR,cost,industrial,,,2020-07-01,2020-12-31,0.1142,EUR/kWh,EUR,,primary
nrg_pc_205:MWH500-1999:I_TAX:EUR,FR,cost,industrial,,,2021-01-01,2021-06-30,0.1255,EUR/kWh,EUR,,primary
nrg_pc_205:MWH500-1999:I_TAX:EUR,FR,cost,industrial,,,2021-07-01,2021-12-31,0.1207,EUR/kWh,EUR,,primary
nrg_pc_205:MWH500-1999:I_TAX:EUR,FR,cost,industrial,,,2022-01-01,2022-06-30,0.1514,EUR/kWh,EUR,,primary
nrg_pc_205:MWH500-1999:I_TAX:EUR,FR,cost,industrial,,,2022-07-01,2022-12-31,0.1486,EUR/kWh,EUR,,primary
nrg_pc_205:MWH500-1999:I_TAX:EUR,FR,cost,industrial,,,2023-01-01,2023-06-30,0.301,EUR/kWh,EUR,,primary
nrg_pc_205:MWH500-1999:I_TAX:EUR,FR,cost,industrial,,,2023-07-01,2023-12-31,0.2535,EUR/kWh,EUR,,primary
nrg_pc_205:MWH500-1999:I_TAX:EUR,FR,cost,industrial,,,2024-01-01,2024-06-30,0.2137,EUR/kWh,EUR,,primary
nrg_pc_205:MWH500-1999:I_TAX:EUR,FR,cost,industrial,,,2024-07-01,2024-12-31,0.2122,EUR/kWh,EUR,,primary
nrg_pc_205:MWH500-1999:I_TAX:EUR,FR,cost,industrial,,,2025-01-01,2025-06-30,0.1957,EUR/kWh,EUR,,primary
nrg_pc_205:MWH500-1999:I_TAX:EUR,FR,cost,industrial,,,2025-07-01,2025-12-31,0.1815,EUR/kWh,EUR,,primary
nrg_pc_205:MWH500-1999:I_TAX:EUR,FR,cost,industrial,,,2026-01-01,2026-06-30,0.1848,EUR/kWh,EUR,,primary
nrg_pc_205:MWH500-1999:I_TAX:EUR,HR,cost,industrial,,,2015-01-01,2015-06-30,0.115,EUR/kWh,EUR,,primary
nrg_pc_205:MWH500-1999:I_TAX:EUR,HR,cost,industrial,,,2015-07-01,2015-12-31,0.1159,EUR/kWh,EUR,,primary
nrg_pc_205:MWH500-1999:I_TAX:EUR,HR,cost,industrial,,,2016-01-01,2016-06-30,0.1129,EUR/kWh,EUR,,primary
nrg_pc_205:MWH500-1999:I_TAX:EUR,HR,cost,industrial,,,2016-07-01,2016-12-31,0.1096,EUR/kWh,EUR,,primary
nrg_pc_205:MWH500-1999:I_TAX:EUR,HR,cost,industrial,,,2017-01-01,2017-06-30,0.0987,EUR/kWh,EUR,,primary
nrg_pc_205:MWH500-1999:I_TAX:EUR,HR,cost,industrial,,,2017-07-01,2017-12-31,0.104,EUR/kWh,EUR,,primary
nrg_pc_205:MWH500-1999:I_TAX:EUR,HR,cost,industrial,,,2018-01-01,2018-06-30,0.1124,EUR/kWh,EUR,,primary
nrg_pc_205:MWH500-1999:I_TAX:EUR,HR,cost,industrial,,,2018-07-01,2018-12-31,0.1144,EUR/kWh,EUR,,primary
nrg_pc_205:MWH500-1999:I_TAX:EUR,HR,cost,industrial,,,2019-01-01,2019-06-30,0.1169,EUR/kWh,EUR,,primary
nrg_pc_205:MWH500-1999:I_TAX:EUR,HR,cost,industrial,,,2019-07-01,2019-12-31,0.1192,EUR/kWh,EUR,,primary
nrg_pc_205:MWH500-1999:I_TAX:EUR,HR,cost,industrial,,,2020-01-01,2020-06-30,0.1179,EUR/kWh,EUR,,primary
nrg_pc_205:MWH500-1999:I_TAX:EUR,HR,cost,industrial,,,2020-07-01,2020-12-31,0.1156,EUR/kWh,EUR,,primary
nrg_pc_205:MWH500-1999:I_TAX:EUR,HR,cost,industrial,,,2021-01-01,2021-06-30,0.1158,EUR/kWh,EUR,,primary
nrg_pc_205:MWH500-1999:I_TAX:EUR,HR,cost,industrial,,,2021-07-01,2021-12-31,0.129,EUR/kWh,EUR,,primary
nrg_pc_205:MWH500-1999:I_TAX:EUR,HR,cost,industrial,,,2022-01-01,2022-06-30,0.1755,EUR/kWh,EUR,,primary
nrg_pc_205:MWH500-1999:I_TAX:EUR,HR,cost,industrial,,,2022-07-01,2022-12-31,0.2705,EUR/kWh,EUR,,primary
nrg_pc_205:MWH500-1999:I_TAX:EUR,HR,cost,industrial,,,2023-01-01,2023-06-30,0.3312,EUR/kWh,EUR,,primary
nrg_pc_205:MWH500-1999:I_TAX:EUR,HR,cost,industrial,,,2023-07-01,2023-12-31,0.2638,EUR/kWh,EUR,,primary
nrg_pc_205:MWH500-1999:I_TAX:EUR,HR,cost,industrial,,,2024-01-01,2024-06-30,0.2318,EUR/kWh,EUR,,primary
nrg_pc_205:MWH500-1999:I_TAX:EUR,HR,cost,industrial,,,2024-07-01,2024-12-31,0.1994,EUR/kWh,EUR,,primary
nrg_pc_205:MWH500-1999:I_TAX:EUR,HR,cost,industrial,,,2025-01-01,2025-06-30,0.1964,EUR/kWh,EUR,,primary
nrg_pc_205:MWH500-1999:I_TAX:EUR,HR,cost,industrial,,,2025-07-01,2025-12-31,0.1749,EUR/kWh,EUR,,primary
nrg_pc_205:MWH500-1999:I_TAX:EUR,HR,cost,industrial,,,2026-01-01,2026-06-30,0.1819,EUR/kWh,EUR,,primary
nrg_pc_205:MWH500-1999:I_TAX:EUR,HU,cost,industrial,,,2015-01-01,2015-06-30,0.108,EUR/kWh,EUR,,primary
nrg_pc_205:MWH500-1999:I_TAX:EUR,HU,cost,industrial,,,2015-07-01,2015-12-31,0.1084,EUR/kWh,EUR,,primary
nrg_pc_205:MWH500-1999:I_TAX:EUR,HU,cost,industrial,,,2016-01-01,2016-06-30,0.1004,EUR/kWh,EUR,,primary
nrg_pc_205:MWH500-1999:I_TAX:EUR,HU,cost,industrial,,,2016-07-01,2016-12-31,0.0992,EUR/kWh,EUR,,primary
nrg_pc_205:MWH500-1999:I_TAX:EUR,HU,cost,industrial,,,2017-01-01,2017-06-30,0.0947,EUR/kWh,EUR,e,primary
nrg_pc_205:MWH500-1999:I_TAX:EUR,HU,cost,industrial,,,2017-07-01,2017-12-31,0.0957,EUR/kWh,EUR,,primary
nrg_pc_205:MWH500-1999:I_TAX:EUR,HU,cost,industrial,,,2018-01-01,2018-06-30,0.1042,EUR/kWh,EUR,,primary
nrg_pc_205:MWH500-1999:I_TAX:EUR,HU,cost,industrial,,,2018-07-01,2018-12-31,0.1023,EUR/kWh,EUR,,primary
nrg_pc_205:MWH500-1999:I_TAX:EUR,HU,cost,industrial,,,2019-01-01,2019-06-30,0.1205,EUR/kWh,EUR,,primary
nrg_pc_205:MWH500-1999:I_TAX:EUR,HU,cost,industrial,,,2019-07-01,2019-12-31,0.1188,EUR/kWh,EUR,,primary
nrg_pc_205:MWH500-1999:I_TAX:EUR,HU,cost,industrial,,,2020-01-01,2020-06-30,0.1226,EUR/kWh,EUR,,primary
nrg_pc_205:MWH500-1999:I_TAX:EUR,HU,cost,industrial,,,2020-07-01,2020-12-31,0.1167,EUR/kWh,EUR,,primary
nrg_pc_205:MWH500-1999:I_TAX:EUR,HU,cost,industrial,,,2021-01-01,2021-06-30,0.1144,EUR/kWh,EUR,,primary
nrg_pc_205:MWH500-1999:I_TAX:EUR,HU,cost,industrial,,,2021-07-01,2021-12-31,0.1304,EUR/kWh,EUR,,primary
nrg_pc_205:MWH500-1999:I_TAX:EUR,HU,cost,industrial,,,2022-01-01,2022-06-30,0.2124,EUR/kWh,EUR,,primary
nrg_pc_205:MWH500-1999:I_TAX:EUR,HU,cost,industrial,,,2022-07-01,2022-12-31,0.2846,EUR/kWh,EUR,,primary
nrg_pc_205:MWH500-1999:I_TAX:EUR,HU,cost,industrial,,,2023-01-01,2023-06-30,0.3887,EUR/kWh,EUR,,primary
nrg_pc_205:MWH500-1999:I_TAX:EUR,HU,cost,industrial,,,2023-07-01,2023-12-31,0.3401,EUR/kWh,EUR,,primary
nrg_pc_205:MWH500-1999:I_TAX:EUR,HU,cost,industrial,,,2024-01-01,2024-06-30,0.2838,EUR/kWh,EUR,,primary
nrg_pc_205:MWH500-1999:I_TAX:EUR,HU,cost,industrial,,,2024-07-01,2024-12-31,0.2861,EUR/kWh,EUR,,primary
nrg_pc_205:MWH500-1999:I_TAX:EUR,HU,cost,industrial,,,2025-01-01,2025-06-30,0.2668,EUR/kWh,EUR,,primary
nrg_pc_205:MWH500-1999:I_TAX:EUR,HU,cost,industrial,,,2025-07-01,2025-12-31,0.2665,EUR/kWh,EUR,,primary
nrg_pc_205:MWH500-1999:I_TAX:EUR,HU,cost,industrial,,,2026-01-01,2026-06-30,0.2713,EUR/kWh,EUR,,primary
nrg_pc_205:MWH500-1999:I_TAX:EUR,IE,cost,industrial,,,2015-01-01,2015-06-30,0.1601,EUR/kWh,EUR,,primary
nrg_pc_205:MWH500-1999:I_TAX:EUR,IE,cost,industrial,,,2015-07-01,2015-12-31,0.1531,EUR/kWh,EUR,,primary
nrg_pc_205:MWH500-1999:I_TAX:EUR,IE,cost,industrial,,,2016-01-01,2016-06-30,0.1498,EUR/kWh,EUR,,primary
nrg_pc_205:MWH500-1999:I_TAX:EUR,IE,cost,industrial,,,2016-07-01,2016-12-31,0.1404,EUR/kWh,EUR,,primary
nrg_pc_205:MWH500-1999:I_TAX:EUR,IE,cost,industrial,,,2017-01-01,2017-06-30,0.1392,EUR/kWh,EUR,,primary
nrg_pc_205:MWH500-1999:I_TAX:EUR,IE,cost,industrial,,,2017-07-01,2017-12-31,0.1399,EUR/kWh,EUR,,primary
nrg_pc_205:MWH500-1999:I_TAX:EUR,IE,cost,industrial,,,2018-01-01,2018-06-30,0.1491,EUR/kWh,EUR,,primary
nrg_pc_205:MWH500-1999:I_TAX:EUR,IE,cost,industrial,,,2018-07-01,2018-12-31,0.1518,EUR/kWh,EUR,,primary
nrg_pc_205:MWH500-1999:I_TAX:EUR,IE,cost,industrial,,,2019-01-01,2019-06-30,0.1524,EUR/kWh,EUR,,primary
nrg_pc_205:MWH500-1999:I_TAX:EUR,IE,cost,industrial,,,2019-07-01,2019-12-31,0.1499,EUR/kWh,EUR,,primary
nrg_pc_205:MWH500-1999:I_TAX:EUR,IE,cost,industrial,,,2020-01-01,2020-06-30,0.1493,EUR/kWh,EUR,,primary
nrg_pc_205:MWH500-1999:I_TAX:EUR,IE,cost,industrial,,,2020-07-01,2020-12-31,0.1513,EUR/kWh,EUR,,primary
nrg_pc_205:MWH500-1999:I_TAX:EUR,IE,cost,industrial,,,2021-01-01,2021-06-30,0.1705,EUR/kWh,EUR,,primary
nrg_pc_205:MWH500-1999:I_TAX:EUR,IE,cost,industrial,,,2021-07-01,2021-12-31,0.2122,EUR/kWh,EUR,,primary
nrg_pc_205:MWH500-1999:I_TAX:EUR,IE,cost,industrial,,,2022-01-01,2022-06-30,0.2417,EUR/kWh,EUR,,primary
nrg_pc_205:MWH500-1999:I_TAX:EUR,IE,cost,industrial,,,2022-07-01,2022-12-31,0.3119,EUR/kWh,EUR,,primary
nrg_pc_205:MWH500-1999:I_TAX:EUR,IE,cost,industrial,,,2023-01-01,2023-06-30,0.307,EUR/kWh,EUR,,primary
nrg_pc_205:MWH500-1999:I_TAX:EUR,IE,cost,industrial,,,2023-07-01,2023-12-31,0.2798,EUR/kWh,EUR,,primary
nrg_pc_205:MWH500-1999:I_TAX:EUR,IE,cost,industrial,,,2024-01-01,2024-06-30,0.2778,EUR/kWh,EUR,,primary
nrg_pc_205:MWH500-1999:I_TAX:EUR,IE,cost,industrial,,,2024-07-01,2024-12-31,0.2772,EUR/kWh,EUR,,primary
nrg_pc_205:MWH500-1999:I_TAX:EUR,IE,cost,industrial,,,2025-01-01,2025-06-30,0.2973,EUR/kWh,EUR,,primary
nrg_pc_205:MWH500-1999:I_TAX:EUR,IE,cost,industrial,,,2025-07-01,2025-12-31,0.2771,EUR/kWh,EUR,,primary
nrg_pc_205:MWH500-1999:I_TAX:EUR,IE,cost,industrial,,,2026-01-01,2026-06-30,0.2902,EUR/kWh,EUR,,primary
nrg_pc_205:MWH500-1999:I_TAX:EUR,IT,cost,industrial,,,2015-01-01,2015-06-30,0.1873,EUR/kWh,EUR,,primary
nrg_pc_205:MWH500-1999:I_TAX:EUR,IT,cost,industrial,,,2015-07-01,2015-12-31,0.1855,EUR/kWh,EUR,,primary
nrg_pc_205:MWH500-1999:I_TAX:EUR,IT,cost,industrial,,,2016-01-01,2016-06-30,0.1771,EUR/kWh,EUR,,primary
nrg_pc_205:MWH500-1999:I_TAX:EUR,IT,cost,industrial,,,2016-07-01,2016-12-31,0.1807,EUR/kWh,EUR,,primary
nrg_pc_205:MWH500-1999:I_TAX:EUR,IT,cost,industrial,,,2017-01-01,2017-06-30,0.1712,EUR/kWh,EUR,,primary
nrg_pc_205:MWH500-1999:I_TAX:EUR,IT,cost,industrial,,,2017-07-01,2017-12-31,0.1675,EUR/kWh,EUR,,primary
nrg_pc_205:MWH500-1999:I_TAX:EUR,IT,cost,industrial,,,2018-01-01,2018-06-30,0.1642,EUR/kWh,EUR,,primary
nrg_pc_205:MWH500-1999:I_TAX:EUR,IT,cost,industrial,,,2018-07-01,2018-12-31,0.1662,EUR/kWh,EUR,,primary
nrg_pc_205:MWH500-1999:I_TAX:EUR,IT,cost,industrial,,,2019-01-01,2019-06-30,0.1895,EUR/kWh,EUR,,primary
nrg_pc_205:MWH500-1999:I_TAX:EUR,IT,cost,industrial,,,2019-07-01,2019-12-31,0.187,EUR/kWh,EUR,,primary
nrg_pc_205:MWH500-1999:I_TAX:EUR,IT,cost,industrial,,,2020-01-01,2020-06-30,0.1738,EUR/kWh,EUR,,primary
nrg_pc_205:MWH500-1999:I_TAX:EUR,IT,cost,industrial,,,2020-07-01,2020-12-31,0.1753,EUR/kWh,EUR,,primary
nrg_pc_205:MWH500-1999:I_TAX:EUR,IT,cost,industrial,,,2021-01-01,2021-06-30,0.1837,EUR/kWh,EUR,,primary
nrg_pc_205:MWH500-1999:I_TAX:EUR,IT,cost,industrial,,,2021-07-01,2021-12-31,0.2142,EUR/kWh,EUR,,primary
nrg_pc_205:MWH500-1999:I_TAX:EUR,IT,cost,industrial,,,2022-01-01,2022-06-30,0.2949,EUR/kWh,EUR,,primary
nrg_pc_205:MWH500-1999:I_TAX:EUR,IT,cost,industrial,,,2022-07-01,2022-12-31,0.3925,EUR/kWh,EUR,,primary
nrg_pc_205:MWH500-1999:I_TAX:EUR,IT,cost,industrial,,,2023-01-01,2023-06-30,0.2819,EUR/kWh,EUR,,primary
nrg_pc_205:MWH500-1999:I_TAX:EUR,IT,cost,industrial,,,2023-07-01,2023-12-31,0.2645,EUR/kWh,EUR,,primary
nrg_pc_205:MWH500-1999:I_TAX:EUR,IT,cost,industrial,,,2024-01-01,2024-06-30,0.2417,EUR/kWh,EUR,,primary
nrg_pc_205:MWH500-1999:I_TAX:EUR,IT,cost,industrial,,,2024-07-01,2024-12-31,0.2641,EUR/kWh,EUR,,primary
nrg_pc_205:MWH500-1999:I_TAX:EUR,IT,cost,industrial,,,2025-01-01,2025-06-30,0.2706,EUR/kWh,EUR,,primary
nrg_pc_205:MWH500-1999:I_TAX:EUR,IT,cost,industrial,,,2025-07-01,2025-12-31,0.2544,EUR/kWh,EUR,,primary
nrg_pc_205:MWH500-1999:I_TAX:EUR,IT,cost,industrial,,,2026-01-01,2026-06-30,0.2593,EUR/kWh,EUR,,primary
nrg_pc_205:MWH500-1999:I_TAX:EUR,LT,cost,industrial,,,2015-01-01,2015-06-30,0.1198,EUR/kWh,EUR,,primary
nrg_pc_205:MWH500-1999:I_TAX:EUR,LT,cost,industrial,,,2015-07-01,2015-12-31,0.1205,EUR/kWh,EUR,,primary
nrg_pc_205:MWH500-1999:I_TAX:EUR,LT,cost,industrial,,,2016-01-01,2016-06-30,0.1136,EUR/kWh,EUR,,primary
nrg_pc_205:MWH500-1999:I_TAX:EUR,LT,cost,industrial,,,2016-07-01,2016-12-31,0.1069,EUR/kWh,EUR,,primary
nrg_pc_205:MWH500-1999:I_TAX:EUR,LT,cost,industrial,,,2017-01-01,2017-06-30,0.1024,EUR/kWh,EUR,,primary
nrg_pc_205:MWH500-1999:I_TAX:EUR,LT,cost,industrial,,,2017-07-01,2017-12-31,0.1,EUR/kWh,EUR,,primary
nrg_pc_205:MWH500-1999:I_TAX:EUR,LT,cost,industrial,,,2018-01-01,2018-06-30,0.1014,EUR/kWh,EUR,,primary
nrg_pc_205:MWH500-1999:I_TAX:EUR,LT,cost,industrial,,,2018-07-01,2018-12-31,0.1089,EUR/kWh,EUR,,primary
nrg_pc_205:MWH500-1999:I_TAX:EUR,LT,cost,industrial,,,2019-01-01,2019-06-30,0.1119,EUR/kWh,EUR,,primary
nrg_pc_205:MWH500-1999:I_TAX:EUR,LT,cost,industrial,,,2019-07-01,2019-12-31,0.1146,EUR/kWh,EUR,,primary
nrg_pc_205:MWH500-1999:I_TAX:EUR,LT,cost,industrial,,,2020-01-01,2020-06-30,0.1142,EUR/kWh,EUR,,primary
nrg_pc_205:MWH500-1999:I_TAX:EUR,LT,cost,industrial,,,2020-07-01,2020-12-31,0.1242,EUR/kWh,EUR,,primary
nrg_pc_205:MWH500-1999:I_TAX:EUR,LT,cost,industrial,,,2021-01-01,2021-06-30,0.1266,EUR/kWh,EUR,,primary
nrg_pc_205:MWH500-1999:I_TAX:EUR,LT,cost,industrial,,,2021-07-01,2021-12-31,0.1689,EUR/kWh,EUR,,primary
nrg_pc_205:MWH500-1999:I_TAX:EUR,LT,cost,industrial,,,2022-01-01,2022-06-30,0.2182,EUR/kWh,EUR,,primary
nrg_pc_205:MWH500-1999:I_TAX:EUR,LT,cost,industrial,,,2022-07-01,2022-12-31,0.399,EUR/kWh,EUR,,primary
nrg_pc_205:MWH500-1999:I_TAX:EUR,LT,cost,industrial,,,2023-01-01,2023-06-30,0.2018,EUR/kWh,EUR,,primary
nrg_pc_205:MWH500-1999:I_TAX:EUR,LT,cost,industrial,,,2023-07-01,2023-12-31,0.1958,EUR/kWh,EUR,,primary
nrg_pc_205:MWH500-1999:I_TAX:EUR,LT,cost,industrial,,,2024-01-01,2024-06-30,0.2043,EUR/kWh,EUR,,primary
nrg_pc_205:MWH500-1999:I_TAX:EUR,LT,cost,industrial,,,2024-07-01,2024-12-31,0.1985,EUR/kWh,EUR,,primary
nrg_pc_205:MWH500-1999:I_TAX:EUR,LT,cost,industrial,,,2025-01-01,2025-06-30,0.1932,EUR/kWh,EUR,,primary
nrg_pc_205:MWH500-1999:I_TAX:EUR,LT,cost,industrial,,,2025-07-01,2025-12-31,0.192,EUR/kWh,EUR,,primary
nrg_pc_205:MWH500-1999:I_TAX:EUR,LT,cost,industrial,,,2026-01-01,2026-06-30,0.213,EUR/kWh,EUR,,primary
nrg_pc_205:MWH500-1999:I_TAX:EUR,LU,cost,industrial,,,2015-01-01,2015-06-30,0.1003,EUR/kWh,EUR,,primary
nrg_pc_205:MWH500-1999:I_TAX:EUR,LU,cost,industrial,,,2015-07-01,2015-12-31,0.0965,EUR/kWh,EUR,,primary
nrg_pc_205:MWH500-1999:I_TAX:EUR,LU,cost,industrial,,,2016-01-01,2016-06-30,0.0943,EUR/kWh,EUR,,primary
nrg_pc_205:MWH500-1999:I_TAX:EUR,LU,cost,industrial,,,2016-07-01,2016-12-31,0.0926,EUR/kWh,EUR,,primary
nrg_pc_205:MWH500-1999:I_TAX:EUR,LU,cost,industrial,,,2017-01-01,2017-06-30,0.0849,EUR/kWh,EUR,,primary
nrg_pc_205:MWH500-1999:I_TAX:EUR,LU,cost,industrial,,,2017-07-01,2017-12-31,0.0873,EUR/kWh,EUR,,primary
nrg_pc_205:MWH500-1999:I_TAX:EUR,LU,cost,industrial,,,2018-01-01,2018-06-30,0.0905,EUR/kWh,EUR,,primary
nrg_pc_205:MWH500-1999:I_TAX:EUR,LU,cost,industrial,,,2018-07-01,2018-12-31,0.0914,EUR/kWh,EUR,,primary
nrg_pc_205:MWH500-1999:I_TAX:EUR,LU,cost,industrial,,,2019-01-01,2019-06-30,0.0975,EUR/kWh,EUR,,primary
nrg_pc_205:MWH500-1999:I_TAX:EUR,LU,cost,industrial,,,2019-07-01,2019-12-31,0.0983,EUR/kWh,EUR,,primary
nrg_pc_205:MWH500-1999:I_TAX:EUR,LU,cost,industrial,,,2020-01-01,2020-06-30,0.1009,EUR/kWh,EUR,,primary
nrg_pc_205:MWH500-1999:I_TAX:EUR,LU,cost,industrial,,,2020-07-01,2020-12-31,0.102,EUR/kWh,EUR,,primary
nrg_pc_205:MWH500-1999:I_TAX:EUR,LU,cost,industrial,,,2021-01-01,2021-06-30,0.1037,EUR/kWh,EUR,,primary
nrg_pc_205:MWH500-1999:I_TAX:EUR,LU,cost,industrial,,,2021-07-01,2021-12-31,0.1058,EUR/kWh,EUR,,primary
nrg_pc_205:MWH500-1999:I_TAX:EUR,LU,cost,industrial,,,2022-01-01,2022-06-30,0.1404,EUR/kWh,EUR,,primary
nrg_pc_205:MWH500-1999:I_TAX:EUR,LU,cost,industrial,,,2022-07-01,2022-12-31,0.1638,EUR/kWh,EUR,,primary
nrg_pc_205:MWH500-1999:I_TAX:EUR,LU,cost,industrial,,,2023-01-01,2023-06-30,0.2664,EUR/kWh,EUR,,primary
nrg_pc_205:MWH500-1999:I_TAX:EUR,LU,cost,industrial,,,2023-07-01,2023-12-31,0.2511,EUR/kWh,EUR,,primary
nrg_pc_205:MWH500-1999:I_TAX:EUR,LU,cost,industrial,,,2024-01-01,2024-06-30,0.2217,EUR/kWh,EUR,,primary
nrg_pc_205:MWH500-1999:I_TAX:EUR,LU,cost,industrial,,,2024-07-01,2024-12-31,0.2209,EUR/kWh,EUR,,primary
nrg_pc_205:MWH500-1999:I_TAX:EUR,LU,cost,industrial,,,2025-01-01,2025-06-30,0.1922,EUR/kWh,EUR,,primary
nrg_pc_205:MWH500-1999:I_TAX:EUR,LU,cost,industrial,,,2025-07-01,2025-12-31,0.186,EUR/kWh,EUR,,primary
nrg_pc_205:MWH500-1999:I_TAX:EUR,LU,cost,industrial,,,2026-01-01,2026-06-30,0.1461,EUR/kWh,EUR,,primary
nrg_pc_205:MWH500-1999:I_TAX:EUR,LV,cost,industrial,,,2015-01-01,2015-06-30,0.1425,EUR/kWh,EUR,,primary
nrg_pc_205:MWH500-1999:I_TAX:EUR,LV,cost,industrial,,,2015-07-01,2015-12-31,0.1432,EUR/kWh,EUR,,primary
nrg_pc_205:MWH500-1999:I_TAX:EUR,LV,cost,industrial,,,2016-01-01,2016-06-30,0.141,EUR/kWh,EUR,,primary
nrg_pc_205:MWH500-1999:I_TAX:EUR,LV,cost,industrial,,,2016-07-01,2016-12-31,0.1453,EUR/kWh,EUR,,primary
nrg_pc_205:MWH500-1999:I_TAX:EUR,LV,cost,industrial,,,2017-01-01,2017-06-30,0.1427,EUR/kWh,EUR,,primary
nrg_pc_205:MWH500-1999:I_TAX:EUR,LV,cost,industrial,,,2017-07-01,2017-12-31,0.1402,EUR/kWh,EUR,,primary
nrg_pc_205:MWH500-1999:I_TAX:EUR,LV,cost,industrial,,,2018-01-01,2018-06-30,0.1257,EUR/kWh,EUR,,primary
nrg_pc_205:MWH500-1999:I_TAX:EUR,LV,cost,industrial,,,2018-07-01,2018-12-31,0.1267,EUR/kWh,EUR,,primary
nrg_pc_205:MWH500-1999:I_TAX:EUR,LV,cost,industrial,,,2019-01-01,2019-06-30,0.1273,EUR/kWh,EUR,,primary
nrg_pc_205:MWH500-1999:I_TAX:EUR,LV,cost,industrial,,,2019-07-01,2019-12-31,0.1295,EUR/kWh,EUR,,primary
nrg_pc_205:MWH500-1999:I_TAX:EUR,LV,cost,industrial,,,2020-01-01,2020-06-30,0.1246,EUR/kWh,EUR,,primary
nrg_pc_205:MWH500-1999:I_TAX:EUR,LV,cost,industrial,,,2020-07-01,2020-12-31,0.1276,EUR/kWh,EUR,,primary
nrg_pc_205:MWH500-1999:I_TAX:EUR,LV,cost,industrial,,,2021-01-01,2021-06-30,0.1224,EUR/kWh,EUR,,primary
nrg_pc_205:MWH500-1999:I_TAX:EUR,LV,cost,industrial,,,2021-07-01,2021-12-31,0.1635,EUR/kWh,EUR,,primary
nrg_pc_205:MWH500-1999:I_TAX:EUR,LV,cost,industrial,,,2022-01-01,2022-06-30,0.1512,EUR/kWh,EUR,,primary
nrg_pc_205:MWH500-1999:I_TAX:EUR,LV,cost,industrial,,,2022-07-01,2022-12-31,0.2609,EUR/kWh,EUR,,primary
nrg_pc_205:MWH500-1999:I_TAX:EUR,LV,cost,industrial,,,2023-01-01,2023-06-30,0.1773,EUR/kWh,EUR,,primary
nrg_pc_205:MWH500-1999:I_TAX:EUR,LV,cost,industrial,,,2023-07-01,2023-12-31,0.1836,EUR/kWh,EUR,,primary
nrg_pc_205:MWH500-1999:I_TAX:EUR,LV,cost,industrial,,,2024-01-01,2024-06-30,0.1778,EUR/kWh,EUR,,primary
nrg_pc_205:MWH500-1999:I_TAX:EUR,LV,cost,industrial,,,2024-07-01,2024-12-31,0.1767,EUR/kWh,EUR,,primary
nrg_pc_205:MWH500-1999:I_TAX:EUR,LV,cost,industrial,,,2025-01-01,2025-06-30,0.1663,EUR/kWh,EUR,,primary
nrg_pc_205:MWH500-1999:I_TAX:EUR,LV,cost,industrial,,,2025-07-01,2025-12-31,0.1647,EUR/kWh,EUR,,primary
nrg_pc_205:MWH500-1999:I_TAX:EUR,LV,cost,industrial,,,2026-01-01,2026-06-30,0.1654,EUR/kWh,EUR,,primary
nrg_pc_205:MWH500-1999:I_TAX:EUR,MT,cost,industrial,,,2015-01-01,2015-06-30,0.1679,EUR/kWh,EUR,,primary
nrg_pc_205:MWH500-1999:I_TAX:EUR,MT,cost,industrial,,,2015-07-01,2015-12-31,0.1475,EUR/kWh,EUR,,primary
nrg_pc_205:MWH500-1999:I_TAX:EUR,MT,cost,industrial,,,2016-01-01,2016-06-30,0.1493,EUR/kWh,EUR,,primary
nrg_pc_205:MWH500-1999:I_TAX:EUR,MT,cost,industrial,,,2016-07-01,2016-12-31,0.1469,EUR/kWh,EUR,,primary
nrg_pc_205:MWH500-1999:I_TAX:EUR,MT,cost,industrial,,,2017-01-01,2017-06-30,0.1419,EUR/kWh,EUR,,primary
nrg_pc_205:MWH500-1999:I_TAX:EUR,MT,cost,industrial,,,2017-07-01,2017-12-31,0.1432,EUR/kWh,EUR,,primary
nrg_pc_205:MWH500-1999:I_TAX:EUR,MT,cost,industrial,,,2018-01-01,2018-06-30,0.1413,EUR/kWh,EUR,,primary
nrg_pc_205:MWH500-1999:I_TAX:EUR,MT,cost,industrial,,,2018-07-01,2018-12-31,0.142,EUR/kWh,EUR,,primary
nrg_pc_205:MWH500-1999:I_TAX:EUR,MT,cost,industrial,,,2019-01-01,2019-06-30,0.1412,EUR/kWh,EUR,,primary
nrg_pc_205:MWH500-1999:I_TAX:EUR,MT,cost,industrial,,,2019-07-01,2019-12-31,0.1423,EUR/kWh,EUR,,primary
nrg_pc_205:MWH500-1999:I_TAX:EUR,MT,cost,industrial,,,2020-01-01,2020-06-30,0.141,EUR/kWh,EUR,,primary
nrg_pc_205:MWH500-1999:I_TAX:EUR,MT,cost,industrial,,,2020-07-01,2020-12-31,0.1409,EUR/kWh,EUR,,primary
nrg_pc_205:MWH500-1999:I_TAX:EUR,MT,cost,industrial,,,2021-01-01,2021-06-30,0.1412,EUR/kWh,EUR,,primary
nrg_pc_205:MWH500-1999:I_TAX:EUR,MT,cost,industrial,,,2021-07-01,2021-12-31,0.1471,EUR/kWh,EUR,,primary
nrg_pc_205:MWH500-1999:I_TAX:EUR,MT,cost,industrial,,,2022-01-01,2022-06-30,0.1414,EUR/kWh,EUR,,primary
nrg_pc_205:MWH500-1999:I_TAX:EUR,MT,cost,industrial,,,2022-07-01,2022-12-31,0.1415,EUR/kWh,EUR,,primary
nrg_pc_205:MWH500-1999:I_TAX:EUR,MT,cost,industrial,,,2023-01-01,2023-06-30,0.1482,EUR/kWh,EUR,,primary
nrg_pc_205:MWH500-1999:I_TAX:EUR,MT,cost,industrial,,,2023-07-01,2023-12-31,0.1482,EUR/kWh,EUR,,primary
nrg_pc_205:MWH500-1999:I_TAX:EUR,MT,cost,industrial,,,2024-01-01,2024-06-30,0.1479,EUR/kWh,EUR,,primary
nrg_pc_205:MWH500-1999:I_TAX:EUR,MT,cost,industrial,,,2024-07-01,2024-12-31,0.1413,EUR/kWh,EUR,,primary
nrg_pc_205:MWH500-1999:I_TAX:EUR,MT,cost,industrial,,,2025-01-01,2025-06-30,0.1419,EUR/kWh,EUR,,primary
nrg_pc_205:MWH500-1999:I_TAX:EUR,MT,cost,industrial,,,2025-07-01,2025-12-31,0.1427,EUR/kWh,EUR,,primary
nrg_pc_205:MWH500-1999:I_TAX:EUR,MT,cost,industrial,,,2026-01-01,2026-06-30,0.1426,EUR/kWh,EUR,p,primary
nrg_pc_205:MWH500-1999:I_TAX:EUR,NL,cost,industrial,,,2015-01-01,2015-06-30,0.1091,EUR/kWh,EUR,,primary
nrg_pc_205:MWH500-1999:I_TAX:EUR,NL,cost,industrial,,,2015-07-01,2015-12-31,0.1024,EUR/kWh,EUR,,primary
nrg_pc_205:MWH500-1999:I_TAX:EUR,NL,cost,industrial,,,2016-01-01,2016-06-30,0.1037,EUR/kWh,EUR,,primary
nrg_pc_205:MWH500-1999:I_TAX:EUR,NL,cost,industrial,,,2016-07-01,2016-12-31,0.0974,EUR/kWh,EUR,,primary
nrg_pc_205:MWH500-1999:I_TAX:EUR,NL,cost,industrial,,,2017-01-01,2017-06-30,0.102,EUR/kWh,EUR,,primary
nrg_pc_205:MWH500-1999:I_TAX:EUR,NL,cost,industrial,,,2017-07-01,2017-12-31,0.095,EUR/kWh,EUR,,primary
nrg_pc_205:MWH500-1999:I_TAX:EUR,NL,cost,industrial,,,2018-01-01,2018-06-30,0.109,EUR/kWh,EUR,,primary
nrg_pc_205:MWH500-1999:I_TAX:EUR,NL,cost,industrial,,,2018-07-01,2018-12-31,0.103,EUR/kWh,EUR,,primary
nrg_pc_205:MWH500-1999:I_TAX:EUR,NL,cost,industrial,,,2019-01-01,2019-06-30,0.12,EUR/kWh,EUR,,primary
nrg_pc_205:MWH500-1999:I_TAX:EUR,NL,cost,industrial,,,2019-07-01,2019-12-31,0.115,EUR/kWh,EUR,,primary
nrg_pc_205:MWH500-1999:I_TAX:EUR,NL,cost,industrial,,,2020-01-01,2020-06-30,0.136,EUR/kWh,EUR,,primary
nrg_pc_205:MWH500-1999:I_TAX:EUR,NL,cost,industrial,,,2020-07-01,2020-12-31,0.1315,EUR/kWh,EUR,,primary
nrg_pc_205:MWH500-1999:I_TAX:EUR,NL,cost,industrial,,,2021-01-01,2021-06-30,0.1431,EUR/kWh,EUR,,primary
nrg_pc_205:MWH500-1999:I_TAX:EUR,NL,cost,industrial,,,2021-07-01,2021-12-31,0.1565,EUR/kWh,EUR,,primary
nrg_pc_205:MWH500-1999:I_TAX:EUR,NL,cost,industrial,,,2022-01-01,2022-06-30,0.2137,EUR/kWh,EUR,,primary
nrg_pc_205:MWH500-1999:I_TAX:EUR,NL,cost,industrial,,,2022-07-01,2022-12-31,0.2021,EUR/kWh,EUR,,primary
nrg_pc_205:MWH500-1999:I_TAX:EUR,NL,cost,industrial,,,2023-01-01,2023-06-30,0.296,EUR/kWh,EUR,,primary
nrg_pc_205:MWH500-1999:I_TAX:EUR,NL,cost,industrial,,,2023-07-01,2023-12-31,0.2633,EUR/kWh,EUR,,primary
nrg_pc_205:MWH500-1999:I_TAX:EUR,NL,cost,industrial,,,2024-01-01,2024-06-30,0.2539,EUR/kWh,EUR,,primary
nrg_pc_205:MWH500-1999:I_TAX:EUR,NL,cost,industrial,,,2024-07-01,2024-12-31,0.2553,EUR/kWh,EUR,,primary
nrg_pc_205:MWH500-1999:I_TAX:EUR,NL,cost,industrial,,,2025-01-01,2025-06-30,0.2539,EUR/kWh,EUR,,primary
nrg_pc_205:MWH500-1999:I_TAX:EUR,NL,cost,industrial,,,2025-07-01,2025-12-31,0.2433,EUR/kWh,EUR,,primary
nrg_pc_205:MWH500-1999:I_TAX:EUR,NL,cost,industrial,,,2026-01-01,2026-06-30,0.2453,EUR/kWh,EUR,,primary
nrg_pc_205:MWH500-1999:I_TAX:EUR,PL,cost,industrial,,,2015-01-01,2015-06-30,0.1085,EUR/kWh,EUR,,primary
nrg_pc_205:MWH500-1999:I_TAX:EUR,PL,cost,industrial,,,2015-07-01,2015-12-31,0.1059,EUR/kWh,EUR,,primary
nrg_pc_205:MWH500-1999:I_TAX:EUR,PL,cost,industrial,,,2016-01-01,2016-06-30,0.0993,EUR/kWh,EUR,,primary
nrg_pc_205:MWH500-1999:I_TAX:EUR,PL,cost,industrial,,,2016-07-01,2016-12-31,0.1003,EUR/kWh,EUR,,primary
nrg_pc_205:MWH500-1999:I_TAX:EUR,PL,cost,industrial,,,2017-01-01,2017-06-30,0.1065,EUR/kWh,EUR,,primary
nrg_pc_205:MWH500-1999:I_TAX:EUR,PL,cost,industrial,,,2017-07-01,2017-12-31,0.1061,EUR/kWh,EUR,,primary
nrg_pc_205:MWH500-1999:I_TAX:EUR,PL,cost,industrial,,,2018-01-01,2018-06-30,0.1078,EUR/kWh,EUR,,primary
nrg_pc_205:MWH500-1999:I_TAX:EUR,PL,cost,industrial,,,2018-07-01,2018-12-31,0.1088,EUR/kWh,EUR,,primary
nrg_pc_205:MWH500-1999:I_TAX:EUR,PL,cost,industrial,,,2019-01-01,2019-06-30,0.1233,EUR/kWh,EUR,,primary
nrg_pc_205:MWH500-1999:I_TAX:EUR,PL,cost,industrial,,,2019-07-01,2019-12-31,0.1018,EUR/kWh,EUR,,primary
nrg_pc_205:MWH500-1999:I_TAX:EUR,PL,cost,industrial,,,2020-01-01,2020-06-30,0.1336,EUR/kWh,EUR,,primary
nrg_pc_205:MWH500-1999:I_TAX:EUR,PL,cost,industrial,,,2020-07-01,2020-12-31,0.1325,EUR/kWh,EUR,,primary
nrg_pc_205:MWH500-1999:I_TAX:EUR,PL,cost,industrial,,,2021-01-01,2021-06-30,0.1343,EUR/kWh,EUR,,primary
nrg_pc_205:MWH500-1999:I_TAX:EUR,PL,cost,industrial,,,2021-07-01,2021-12-31,0.1357,EUR/kWh,EUR,,primary
nrg_pc_205:MWH500-1999:I_TAX:EUR,PL,cost,industrial,,,2022-01-01,2022-06-30,0.1674,EUR/kWh,EUR,,primary
nrg_pc_205:MWH500-1999:I_TAX:EUR,PL,cost,industrial,,,2022-07-01,2022-12-31,0.1833,EUR/kWh,EUR,,primary
nrg_pc_205:MWH500-1999:I_TAX:EUR,PL,cost,industrial,,,2023-01-01,2023-06-30,0.2624,EUR/kWh,EUR,,primary
nrg_pc_205:MWH500-1999:I_TAX:EUR,PL,cost,industrial,,,2023-07-01,2023-12-31,0.2606,EUR/kWh,EUR,,primary
nrg_pc_205:MWH500-1999:I_TAX:EUR,PL,cost,industrial,,,2024-01-01,2024-06-30,0.2563,EUR/kWh,EUR,,primary
nrg_pc_205:MWH500-1999:I_TAX:EUR,PL,cost,industrial,,,2024-07-01,2024-12-31,0.2583,EUR/kWh,EUR,,primary
nrg_pc_205:MWH500-1999:I_TAX:EUR,PL,cost,industrial,,,2025-01-01,2025-06-30,0.2454,EUR/kWh,EUR,,primary
nrg_pc_205:MWH500-1999:I_TAX:EUR,PL,cost,industrial,,,2025-07-01,2025-12-31,0.2381,EUR/kWh,EUR,,primary
nrg_pc_205:MWH500-1999:I_TAX:EUR,PL,cost,industrial,,,2026-01-01,2026-06-30,0.2546,EUR/kWh,EUR,,primary
nrg_pc_205:MWH500-1999:I_TAX:EUR,PT,cost,industrial,,,2015-01-01,2015-06-30,0.1402,EUR/kWh,EUR,,primary
nrg_pc_205:MWH500-1999:I_TAX:EUR,PT,cost,industrial,,,2015-07-01,2015-12-31,0.142,EUR/kWh,EUR,,primary
nrg_pc_205:MWH500-1999:I_TAX:EUR,PT,cost,industrial,,,2016-01-01,2016-06-30,0.1384,EUR/kWh,EUR,,primary
nrg_pc_205:MWH500-1999:I_TAX:EUR,PT,cost,industrial,,,2016-07-01,2016-12-31,0.1392,EUR/kWh,EUR,,primary
nrg_pc_205:MWH500-1999:I_TAX:EUR,PT,cost,industrial,,,2017-01-01,2017-06-30,0.1408,EUR/kWh,EUR,,primary
nrg_pc_205:MWH500-1999:I_TAX:EUR,PT,cost,industrial,,,2017-07-01,2017-12-31,0.1411,EUR/kWh,EUR,,primary
nrg_pc_205:MWH500-1999:I_TAX:EUR,PT,cost,industrial,,,2018-01-01,2018-06-30,0.1381,EUR/kWh,EUR,,primary
nrg_pc_205:MWH500-1999:I_TAX:EUR,PT,cost,industrial,,,2018-07-01,2018-12-31,0.144,EUR/kWh,EUR,,primary
nrg_pc_205:MWH500-1999:I_TAX:EUR,PT,cost,industrial,,,2019-01-01,2019-06-30,0.1409,EUR/kWh,EUR,,primary
nrg_pc_205:MWH500-1999:I_TAX:EUR,PT,cost,industrial,,,2019-07-01,2019-12-31,0.1408,EUR/kWh,EUR,,primary
nrg_pc_205:MWH500-1999:I_TAX:EUR,PT,cost,industrial,,,2020-01-01,2020-06-30,0.1371,EUR/kWh,EUR,,primary
nrg_pc_205:MWH500-1999:I_TAX:EUR,PT,cost,industrial,,,2020-07-01,2020-12-31,0.1354,EUR/kWh,EUR,,primary
nrg_pc_205:MWH500-1999:I_TAX:EUR,PT,cost,industrial,,,2021-01-01,2021-06-30,0.1294,EUR/kWh,EUR,,primary
nrg_pc_205:MWH500-1999:I_TAX:EUR,PT,cost,industrial,,,2021-07-01,2021-12-31,0.1433,EUR/kWh,EUR,,primary
nrg_pc_205:MWH500-1999:I_TAX:EUR,PT,cost,industrial,,,2022-01-01,2022-06-30,0.1459,EUR/kWh,EUR,,primary
nrg_pc_205:MWH500-1999:I_TAX:EUR,PT,cost,industrial,,,2022-07-01,2022-12-31,0.1661,EUR/kWh,EUR,,primary
nrg_pc_205:MWH500-1999:I_TAX:EUR,PT,cost,industrial,,,2023-01-01,2023-06-30,0.1162,EUR/kWh,EUR,,primary
nrg_pc_205:MWH500-1999:I_TAX:EUR,PT,cost,industrial,,,2023-07-01,2023-12-31,0.1416,EUR/kWh,EUR,,primary
nrg_pc_205:MWH500-1999:I_TAX:EUR,PT,cost,industrial,,,2024-01-01,2024-06-30,0.1403,EUR/kWh,EUR,,primary
nrg_pc_205:MWH500-1999:I_TAX:EUR,PT,cost,industrial,,,2024-07-01,2024-12-31,0.1626,EUR/kWh,EUR,,primary
nrg_pc_205:MWH500-1999:I_TAX:EUR,PT,cost,industrial,,,2025-01-01,2025-06-30,0.1607,EUR/kWh,EUR,,primary
nrg_pc_205:MWH500-1999:I_TAX:EUR,PT,cost,industrial,,,2025-07-01,2025-12-31,0.1622,EUR/kWh,EUR,,primary
nrg_pc_205:MWH500-1999:I_TAX:EUR,PT,cost,industrial,,,2026-01-01,2026-06-30,0.1554,EUR/kWh,EUR,,primary
nrg_pc_205:MWH500-1999:I_TAX:EUR,RO,cost,industrial,,,2015-01-01,2015-06-30,0.1029,EUR/kWh,EUR,,primary
nrg_pc_205:MWH500-1999:I_TAX:EUR,RO,cost,industrial,,,2015-07-01,2015-12-31,0.0989,EUR/kWh,EUR,,primary
nrg_pc_205:MWH500-1999:I_TAX:EUR,RO,cost,industrial,,,2016-01-01,2016-06-30,0.0913,EUR/kWh,EUR,,primary
nrg_pc_205:MWH500-1999:I_TAX:EUR,RO,cost,industrial,,,2016-07-01,2016-12-31,0.0926,EUR/kWh,EUR,,primary
nrg_pc_205:MWH500-1999:I_TAX:EUR,RO,cost,industrial,,,2017-01-01,2017-06-30,0.0915,EUR/kWh,EUR,,primary
nrg_pc_205:MWH500-1999:I_TAX:EUR,RO,cost,industrial,,,2017-07-01,2017-12-31,0.0936,EUR/kWh,EUR,,primary
nrg_pc_205:MWH500-1999:I_TAX:EUR,RO,cost,industrial,,,2018-01-01,2018-06-30,0.0989,EUR/kWh,EUR,,primary
nrg_pc_205:MWH500-1999:I_TAX:EUR,RO,cost,industrial,,,2018-07-01,2018-12-31,0.103,EUR/kWh,EUR,,primary
nrg_pc_205:MWH500-1999:I_TAX:EUR,RO,cost,industrial,,,2019-01-01,2019-06-30,0.1157,EUR/kWh,EUR,,primary
nrg_pc_205:MWH500-1999:I_TAX:EUR,RO,cost,industrial,,,2019-07-01,2019-12-31,0.1206,EUR/kWh,EUR,,primary
nrg_pc_205:MWH500-1999:I_TAX:EUR,RO,cost,industrial,,,2020-01-01,2020-06-30,0.1265,EUR/kWh,EUR,,primary
nrg_pc_205:MWH500-1999:I_TAX:EUR,RO,cost,industrial,,,2020-07-01,2020-12-31,0.1213,EUR/kWh,EUR,,primary
nrg_pc_205:MWH500-1999:I_TAX:EUR,RO,cost,industrial,,,2021-01-01,2021-06-30,0.118,EUR/kWh,EUR,,primary
nrg_pc_205:MWH500-1999:I_TAX:EUR,RO,cost,industrial,,,2021-07-01,2021-12-31,0.1538,EUR/kWh,EUR,,primary
nrg_pc_205:MWH500-1999:I_TAX:EUR,RO,cost,industrial,,,2022-01-01,2022-06-30,0.2793,EUR/kWh,EUR,d,primary
nrg_pc_205:MWH500-1999:I_TAX:EUR,RO,cost,industrial,,,2022-07-01,2022-12-31,0.4251,EUR/kWh,EUR,d,primary
nrg_pc_205:MWH500-1999:I_TAX:EUR,RO,cost,industrial,,,2023-01-01,2023-06-30,0.212,EUR/kWh,EUR,,primary
nrg_pc_205:MWH500-1999:I_TAX:EUR,RO,cost,industrial,,,2023-07-01,2023-12-31,0.2045,EUR/kWh,EUR,,primary
nrg_pc_205:MWH500-1999:I_TAX:EUR,RO,cost,industrial,,,2024-01-01,2024-06-30,0.1903,EUR/kWh,EUR,,primary
nrg_pc_205:MWH500-1999:I_TAX:EUR,RO,cost,industrial,,,2024-07-01,2024-12-31,0.1986,EUR/kWh,EUR,,primary
nrg_pc_205:MWH500-1999:I_TAX:EUR,RO,cost,industrial,,,2025-01-01,2025-06-30,0.2045,EUR/kWh,EUR,,primary
nrg_pc_205:MWH500-1999:I_TAX:EUR,RO,cost,industrial,,,2025-07-01,2025-12-31,0.2277,EUR/kWh,EUR,,primary
nrg_pc_205:MWH500-1999:I_TAX:EUR,RO,cost,industrial,,,2026-01-01,2026-06-30,0.2244,EUR/kWh,EUR,,primary
nrg_pc_205:MWH500-1999:I_TAX:EUR,SE,cost,industrial,,,2015-01-01,2015-06-30,0.0778,EUR/kWh,EUR,,primary
nrg_pc_205:MWH500-1999:I_TAX:EUR,SE,cost,industrial,,,2015-07-01,2015-12-31,0.0738,EUR/kWh,EUR,,primary
nrg_pc_205:MWH500-1999:I_TAX:EUR,SE,cost,industrial,,,2016-01-01,2016-06-30,0.077,EUR/kWh,EUR,,primary
nrg_pc_205:MWH500-1999:I_TAX:EUR,SE,cost,industrial,,,2016-07-01,2016-12-31,0.082,EUR/kWh,EUR,,primary
nrg_pc_205:MWH500-1999:I_TAX:EUR,SE,cost,industrial,,,2017-01-01,2017-06-30,0.081,EUR/kWh,EUR,,primary
nrg_pc_205:MWH500-1999:I_TAX:EUR,SE,cost,industrial,,,2017-07-01,2017-12-31,0.0808,EUR/kWh,EUR,,primary
nrg_pc_205:MWH500-1999:I_TAX:EUR,SE,cost,industrial,,,2018-01-01,2018-06-30,0.0855,EUR/kWh,EUR,,primary
nrg_pc_205:MWH500-1999:I_TAX:EUR,SE,cost,industrial,,,2018-07-01,2018-12-31,0.0909,EUR/kWh,EUR,,primary
nrg_pc_205:MWH500-1999:I_TAX:EUR,SE,cost,industrial,,,2019-01-01,2019-06-30,0.0965,EUR/kWh,EUR,,primary
nrg_pc_205:MWH500-1999:I_TAX:EUR,SE,cost,industrial,,,2019-07-01,2019-12-31,0.0867,EUR/kWh,EUR,,primary
nrg_pc_205:MWH500-1999:I_TAX:EUR,SE,cost,industrial,,,2020-01-01,2020-06-30,0.0738,EUR/kWh,EUR,,primary
nrg_pc_205:MWH500-1999:I_TAX:EUR,SE,cost,industrial,,,2020-07-01,2020-12-31,0.084,EUR/kWh,EUR,,primary
nrg_pc_205:MWH500-1999:I_TAX:EUR,SE,cost,industrial,,,2021-01-01,2021-06-30,0.0888,EUR/kWh,EUR,,primary
nrg_pc_205:MWH500-1999:I_TAX:EUR,SE,cost,industrial,,,2021-07-01,2021-12-31,0.1227,EUR/kWh,EUR,,primary
nrg_pc_205:MWH500-1999:I_TAX:EUR,SE,cost,industrial,,,2022-01-01,2022-06-30,0.1401,EUR/kWh,EUR,,primary
nrg_pc_205:MWH500-1999:I_TAX:EUR,SE,cost,industrial,,,2022-07-01,2022-12-31,0.1907,EUR/kWh,EUR,,primary
nrg_pc_205:MWH500-1999:I_TAX:EUR,SE,cost,industrial,,,2023-01-01,2023-06-30,0.1336,EUR/kWh,EUR,,primary
nrg_pc_205:MWH500-1999:I_TAX:EUR,SE,cost,industrial,,,2023-07-01,2023-12-31,0.1126,EUR/kWh,EUR,,primary
nrg_pc_205:MWH500-1999:I_TAX:EUR,SE,cost,industrial,,,2024-01-01,2024-06-30,0.1177,EUR/kWh,EUR,,primary
nrg_pc_205:MWH500-1999:I_TAX:EUR,SE,cost,industrial,,,2024-07-01,2024-12-31,0.1066,EUR/kWh,EUR,,primary
nrg_pc_205:MWH500-1999:I_TAX:EUR,SE,cost,industrial,,,2025-01-01,2025-06-30,0.1205,EUR/kWh,EUR,,primary
nrg_pc_205:MWH500-1999:I_TAX:EUR,SE,cost,industrial,,,2025-07-01,2025-12-31,0.1213,EUR/kWh,EUR,,primary
nrg_pc_205:MWH500-1999:I_TAX:EUR,SE,cost,industrial,,,2026-01-01,2026-06-30,0.1472,EUR/kWh,EUR,,primary
nrg_pc_205:MWH500-1999:I_TAX:EUR,SI,cost,industrial,,,2015-01-01,2015-06-30,0.1009,EUR/kWh,EUR,,primary
nrg_pc_205:MWH500-1999:I_TAX:EUR,SI,cost,industrial,,,2015-07-01,2015-12-31,0.1061,EUR/kWh,EUR,,primary
nrg_pc_205:MWH500-1999:I_TAX:EUR,SI,cost,industrial,,,2016-01-01,2016-06-30,0.1033,EUR/kWh,EUR,,primary
nrg_pc_205:MWH500-1999:I_TAX:EUR,SI,cost,industrial,,,2016-07-01,2016-12-31,0.1015,EUR/kWh,EUR,,primary
nrg_pc_205:MWH500-1999:I_TAX:EUR,SI,cost,industrial,,,2017-01-01,2017-06-30,0.0957,EUR/kWh,EUR,,primary
nrg_pc_205:MWH500-1999:I_TAX:EUR,SI,cost,industrial,,,2017-07-01,2017-12-31,0.0956,EUR/kWh,EUR,,primary
nrg_pc_205:MWH500-1999:I_TAX:EUR,SI,cost,industrial,,,2018-01-01,2018-06-30,0.105,EUR/kWh,EUR,,primary
nrg_pc_205:MWH500-1999:I_TAX:EUR,SI,cost,industrial,,,2018-07-01,2018-12-31,0.1057,EUR/kWh,EUR,,primary
nrg_pc_205:MWH500-1999:I_TAX:EUR,SI,cost,industrial,,,2019-01-01,2019-06-30,0.117,EUR/kWh,EUR,,primary
nrg_pc_205:MWH500-1999:I_TAX:EUR,SI,cost,industrial,,,2019-07-01,2019-12-31,0.1163,EUR/kWh,EUR,,primary
nrg_pc_205:MWH500-1999:I_TAX:EUR,SI,cost,industrial,,,2020-01-01,2020-06-30,0.1201,EUR/kWh,EUR,,primary
nrg_pc_205:MWH500-1999:I_TAX:EUR,SI,cost,industrial,,,2020-07-01,2020-12-31,0.119,EUR/kWh,EUR,,primary
nrg_pc_205:MWH500-1999:I_TAX:EUR,SI,cost,industrial,,,2021-01-01,2021-06-30,0.1123,EUR/kWh,EUR,,primary
nrg_pc_205:MWH500-1999:I_TAX:EUR,SI,cost,industrial,,,2021-07-01,2021-12-31,0.1219,EUR/kWh,EUR,,primary
nrg_pc_205:MWH500-1999:I_TAX:EUR,SI,cost,industrial,,,2022-01-01,2022-06-30,0.1933,EUR/kWh,EUR,,primary
nrg_pc_205:MWH500-1999:I_TAX:EUR,SI,cost,industrial,,,2022-07-01,2022-12-31,0.2239,EUR/kWh,EUR,,primary
nrg_pc_205:MWH500-1999:I_TAX:EUR,SI,cost,industrial,,,2023-01-01,2023-06-30,0.2469,EUR/kWh,EUR,,primary
nrg_pc_205:MWH500-1999:I_TAX:EUR,SI,cost,industrial,,,2023-07-01,2023-12-31,0.2497,EUR/kWh,EUR,,primary
nrg_pc_205:MWH500-1999:I_TAX:EUR,SI,cost,industrial,,,2024-01-01,2024-06-30,0.2105,EUR/kWh,EUR,,primary
nrg_pc_205:MWH500-1999:I_TAX:EUR,SI,cost,industrial,,,2024-07-01,2024-12-31,0.2199,EUR/kWh,EUR,,primary
nrg_pc_205:MWH500-1999:I_TAX:EUR,SI,cost,industrial,,,2025-01-01,2025-06-30,0.1897,EUR/kWh,EUR,,primary
nrg_pc_205:MWH500-1999:I_TAX:EUR,SI,cost,industrial,,,2025-07-01,2025-12-31,0.1834,EUR/kWh,EUR,,primary
nrg_pc_205:MWH500-1999:I_TAX:EUR,SI,cost,industrial,,,2026-01-01,2026-06-30,0.1784,EUR/kWh,EUR,,primary
nrg_pc_205:MWH500-1999:I_TAX:EUR,SK,cost,industrial,,,2015-01-01,2015-06-30,0.1351,EUR/kWh,EUR,,primary
nrg_pc_205:MWH500-1999:I_TAX:EUR,SK,cost,industrial,,,2015-07-01,2015-12-31,0.1346,EUR/kWh,EUR,,primary
nrg_pc_205:MWH500-1999:I_TAX:EUR,SK,cost,industrial,,,2016-01-01,2016-06-30,0.131,EUR/kWh,EUR,,primary
nrg_pc_205:MWH500-1999:I_TAX:EUR,SK,cost,industrial,,,2016-07-01,2016-12-31,0.1334,EUR/kWh,EUR,,primary
nrg_pc_205:MWH500-1999:I_TAX:EUR,SK,cost,industrial,,,2017-01-01,2017-06-30,0.1342,EUR/kWh,EUR,,primary
nrg_pc_205:MWH500-1999:I_TAX:EUR,SK,cost,industrial,,,2017-07-01,2017-12-31,0.1336,EUR/kWh,EUR,,primary
nrg_pc_205:MWH500-1999:I_TAX:EUR,SK,cost,industrial,,,2018-01-01,2018-06-30,0.1399,EUR/kWh,EUR,,primary
nrg_pc_205:MWH500-1999:I_TAX:EUR,SK,cost,industrial,,,2018-07-01,2018-12-31,0.1441,EUR/kWh,EUR,,primary
nrg_pc_205:MWH500-1999:I_TAX:EUR,SK,cost,industrial,,,2019-01-01,2019-06-30,0.1543,EUR/kWh,EUR,,primary
nrg_pc_205:MWH500-1999:I_TAX:EUR,SK,cost,industrial,,,2019-07-01,2019-12-31,0.158,EUR/kWh,EUR,,primary
nrg_pc_205:MWH500-1999:I_TAX:EUR,SK,cost,industrial,,,2020-01-01,2020-06-30,0.1585,EUR/kWh,EUR,,primary
nrg_pc_205:MWH500-1999:I_TAX:EUR,SK,cost,industrial,,,2020-07-01,2020-12-31,0.1579,EUR/kWh,EUR,,primary
nrg_pc_205:MWH500-1999:I_TAX:EUR,SK,cost,industrial,,,2021-01-01,2021-06-30,0.153,EUR/kWh,EUR,,primary
nrg_pc_205:MWH500-1999:I_TAX:EUR,SK,cost,industrial,,,2021-07-01,2021-12-31,0.1614,EUR/kWh,EUR,,primary
nrg_pc_205:MWH500-1999:I_TAX:EUR,SK,cost,industrial,,,2022-01-01,2022-06-30,0.2592,EUR/kWh,EUR,,primary
nrg_pc_205:MWH500-1999:I_TAX:EUR,SK,cost,industrial,,,2022-07-01,2022-12-31,0.2915,EUR/kWh,EUR,,primary
nrg_pc_205:MWH500-1999:I_TAX:EUR,SK,cost,industrial,,,2023-01-01,2023-06-30,0.3224,EUR/kWh,EUR,,primary
nrg_pc_205:MWH500-1999:I_TAX:EUR,SK,cost,industrial,,,2023-07-01,2023-12-31,0.2796,EUR/kWh,EUR,,primary
nrg_pc_205:MWH500-1999:I_TAX:EUR,SK,cost,industrial,,,2024-01-01,2024-06-30,0.226,EUR/kWh,EUR,,primary
nrg_pc_205:MWH500-1999:I_TAX:EUR,SK,cost,industrial,,,2024-07-01,2024-12-31,0.2473,EUR/kWh,EUR,,primary
nrg_pc_205:MWH500-1999:I_TAX:EUR,SK,cost,industrial,,,2025-01-01,2025-06-30,0.2341,EUR/kWh,EUR,,primary
nrg_pc_205:MWH500-1999:I_TAX:EUR,SK,cost,industrial,,,2025-07-01,2025-12-31,0.2487,EUR/kWh,EUR,,primary
nrg_pc_205:MWH500-1999:I_TAX:EUR,SK,cost,industrial,,,2026-01-01,2026-06-30,0.2305,EUR/kWh,EUR,,primary
nrg_pc_205:MWH500-1999:X_TAX:EUR,AT,cost,industrial,,,2015-01-01,2015-06-30,0.0731,EUR/kWh,EUR,,primary
nrg_pc_205:MWH500-1999:X_TAX:EUR,AT,cost,industrial,,,2015-07-01,2015-12-31,0.0729,EUR/kWh,EUR,,primary
nrg_pc_205:MWH500-1999:X_TAX:EUR,AT,cost,industrial,,,2016-01-01,2016-06-30,0.0703,EUR/kWh,EUR,,primary
nrg_pc_205:MWH500-1999:X_TAX:EUR,AT,cost,industrial,,,2016-07-01,2016-12-31,0.0685,EUR/kWh,EUR,,primary
nrg_pc_205:MWH500-1999:X_TAX:EUR,AT,cost,industrial,,,2017-01-01,2017-06-30,0.0621,EUR/kWh,EUR,,primary
nrg_pc_205:MWH500-1999:X_TAX:EUR,AT,cost,industrial,,,2017-07-01,2017-12-31,0.0688,EUR/kWh,EUR,,primary
nrg_pc_205:MWH500-1999:X_TAX:EUR,AT,cost,industrial,,,2018-01-01,2018-06-30,0.0704,EUR/kWh,EUR,,primary
nrg_pc_205:MWH500-1999:X_TAX:EUR,AT,cost,industrial,,,2018-07-01,2018-12-31,0.072,EUR/kWh,EUR,,primary
nrg_pc_205:MWH500-1999:X_TAX:EUR,AT,cost,industrial,,,2019-01-01,2019-06-30,0.0805,EUR/kWh,EUR,,primary
nrg_pc_205:MWH500-1999:X_TAX:EUR,AT,cost,industrial,,,2019-07-01,2019-12-31,0.0814,EUR/kWh,EUR,,primary
nrg_pc_205:MWH500-1999:X_TAX:EUR,AT,cost,industrial,,,2020-01-01,2020-06-30,0.0877,EUR/kWh,EUR,,primary
nrg_pc_205:MWH500-1999:X_TAX:EUR,AT,cost,industrial,,,2020-07-01,2020-12-31,0.0871,EUR/kWh,EUR,,primary
nrg_pc_205:MWH500-1999:X_TAX:EUR,AT,cost,industrial,,,2021-01-01,2021-06-30,0.0884,EUR/kWh,EUR,,primary
nrg_pc_205:MWH500-1999:X_TAX:EUR,AT,cost,industrial,,,2021-07-01,2021-12-31,0.0961,EUR/kWh,EUR,,primary
nrg_pc_205:MWH500-1999:X_TAX:EUR,AT,cost,industrial,,,2022-01-01,2022-06-30,0.1437,EUR/kWh,EUR,,primary
nrg_pc_205:MWH500-1999:X_TAX:EUR,AT,cost,industrial,,,2022-07-01,2022-12-31,0.1717,EUR/kWh,EUR,,primary
nrg_pc_205:MWH500-1999:X_TAX:EUR,AT,cost,industrial,,,2023-01-01,2023-06-30,0.2554,EUR/kWh,EUR,,primary
nrg_pc_205:MWH500-1999:X_TAX:EUR,AT,cost,industrial,,,2023-07-01,2023-12-31,0.2431,EUR/kWh,EUR,,primary
nrg_pc_205:MWH500-1999:X_TAX:EUR,AT,cost,industrial,,,2024-01-01,2024-06-30,0.1955,EUR/kWh,EUR,,primary
nrg_pc_205:MWH500-1999:X_TAX:EUR,AT,cost,industrial,,,2024-07-01,2024-12-31,0.197,EUR/kWh,EUR,,primary
nrg_pc_205:MWH500-1999:X_TAX:EUR,AT,cost,industrial,,,2025-01-01,2025-06-30,0.1782,EUR/kWh,EUR,,primary
nrg_pc_205:MWH500-1999:X_TAX:EUR,AT,cost,industrial,,,2025-07-01,2025-12-31,0.1754,EUR/kWh,EUR,,primary
nrg_pc_205:MWH500-1999:X_TAX:EUR,AT,cost,industrial,,,2026-01-01,2026-06-30,0.1714,EUR/kWh,EUR,,primary
nrg_pc_205:MWH500-1999:X_TAX:EUR,BE,cost,industrial,,,2015-01-01,2015-06-30,0.0898,EUR/kWh,EUR,,primary
nrg_pc_205:MWH500-1999:X_TAX:EUR,BE,cost,industrial,,,2015-07-01,2015-12-31,0.092,EUR/kWh,EUR,,primary
nrg_pc_205:MWH500-1999:X_TAX:EUR,BE,cost,industrial,,,2016-01-01,2016-06-30,0.085,EUR/kWh,EUR,,primary
nrg_pc_205:MWH500-1999:X_TAX:EUR,BE,cost,industrial,,,2016-07-01,2016-12-31,0.0879,EUR/kWh,EUR,,primary
nrg_pc_205:MWH500-1999:X_TAX:EUR,BE,cost,industrial,,,2017-01-01,2017-06-30,0.0816,EUR/kWh,EUR,,primary
nrg_pc_205:MWH500-1999:X_TAX:EUR,BE,cost,industrial,,,2017-07-01,2017-12-31,0.0721,EUR/kWh,EUR,,primary
nrg_pc_205:MWH500-1999:X_TAX:EUR,BE,cost,industrial,,,2018-01-01,2018-06-30,0.0765,EUR/kWh,EUR,,primary
nrg_pc_205:MWH500-1999:X_TAX:EUR,BE,cost,industrial,,,2018-07-01,2018-12-31,0.0812,EUR/kWh,EUR,,primary
nrg_pc_205:MWH500-1999:X_TAX:EUR,BE,cost,industrial,,,2019-01-01,2019-06-30,0.0807,EUR/kWh,EUR,,primary
nrg_pc_205:MWH500-1999:X_TAX:EUR,BE,cost,industrial,,,2019-07-01,2019-12-31,0.0802,EUR/kWh,EUR,,primary
nrg_pc_205:MWH500-1999:X_TAX:EUR,BE,cost,industrial,,,2020-01-01,2020-06-30,0.0795,EUR/kWh,EUR,,primary
nrg_pc_205:MWH500-1999:X_TAX:EUR,BE,cost,industrial,,,2020-07-01,2020-12-31,0.081,EUR/kWh,EUR,,primary
nrg_pc_205:MWH500-1999:X_TAX:EUR,BE,cost,industrial,,,2021-01-01,2021-06-30,0.081,EUR/kWh,EUR,,primary
nrg_pc_205:MWH500-1999:X_TAX:EUR,BE,cost,industrial,,,2021-07-01,2021-12-31,0.1035,EUR/kWh,EUR,,primary
nrg_pc_205:MWH500-1999:X_TAX:EUR,BE,cost,industrial,,,2022-01-01,2022-06-30,0.1519,EUR/kWh,EUR,,primary
nrg_pc_205:MWH500-1999:X_TAX:EUR,BE,cost,industrial,,,2022-07-01,2022-12-31,0.2012,EUR/kWh,EUR,,primary
nrg_pc_205:MWH500-1999:X_TAX:EUR,BE,cost,industrial,,,2023-01-01,2023-06-30,0.195,EUR/kWh,EUR,,primary
nrg_pc_205:MWH500-1999:X_TAX:EUR,BE,cost,industrial,,,2023-07-01,2023-12-31,0.176,EUR/kWh,EUR,,primary
nrg_pc_205:MWH500-1999:X_TAX:EUR,BE,cost,industrial,,,2024-01-01,2024-06-30,0.1392,EUR/kWh,EUR,,primary
nrg_pc_205:MWH500-1999:X_TAX:EUR,BE,cost,industrial,,,2024-07-01,2024-12-31,0.1456,EUR/kWh,EUR,,primary
nrg_pc_205:MWH500-1999:X_TAX:EUR,BE,cost,industrial,,,2025-01-01,2025-06-30,0.159,EUR/kWh,EUR,,primary
nrg_pc_205:MWH500-1999:X_TAX:EUR,BE,cost,industrial,,,2025-07-01,2025-12-31,0.1522,EUR/kWh,EUR,,primary
nrg_pc_205:MWH500-1999:X_TAX:EUR,BE,cost,industrial,,,2026-01-01,2026-06-30,0.1556,EUR/kWh,EUR,,primary
nrg_pc_205:MWH500-1999:X_TAX:EUR,BG,cost,industrial,,,2015-01-01,2015-06-30,0.0682,EUR/kWh,EUR,,primary
nrg_pc_205:MWH500-1999:X_TAX:EUR,BG,cost,industrial,,,2015-07-01,2015-12-31,0.0772,EUR/kWh,EUR,,primary
nrg_pc_205:MWH500-1999:X_TAX:EUR,BG,cost,industrial,,,2016-01-01,2016-06-30,0.0992,EUR/kWh,EUR,,primary
nrg_pc_205:MWH500-1999:X_TAX:EUR,BG,cost,industrial,,,2016-07-01,2016-12-31,0.0778,EUR/kWh,EUR,,primary
nrg_pc_205:MWH500-1999:X_TAX:EUR,BG,cost,industrial,,,2017-01-01,2017-06-30,0.0753,EUR/kWh,EUR,,primary
nrg_pc_205:MWH500-1999:X_TAX:EUR,BG,cost,industrial,,,2017-07-01,2017-12-31,0.078,EUR/kWh,EUR,,primary
nrg_pc_205:MWH500-1999:X_TAX:EUR,BG,cost,industrial,,,2018-01-01,2018-06-30,0.08,EUR/kWh,EUR,,primary
nrg_pc_205:MWH500-1999:X_TAX:EUR,BG,cost,industrial,,,2018-07-01,2018-12-31,0.0835,EUR/kWh,EUR,,primary
nrg_pc_205:MWH500-1999:X_TAX:EUR,BG,cost,industrial,,,2019-01-01,2019-06-30,0.0877,EUR/kWh,EUR,,primary
nrg_pc_205:MWH500-1999:X_TAX:EUR,BG,cost,industrial,,,2019-07-01,2019-12-31,0.0858,EUR/kWh,EUR,,primary
nrg_pc_205:MWH500-1999:X_TAX:EUR,BG,cost,industrial,,,2020-01-01,2020-06-30,0.0805,EUR/kWh,EUR,,primary
nrg_pc_205:MWH500-1999:X_TAX:EUR,BG,cost,industrial,,,2020-07-01,2020-12-31,0.0833,EUR/kWh,EUR,,primary
nrg_pc_205:MWH500-1999:X_TAX:EUR,BG,cost,industrial,,,2021-01-01,2021-06-30,0.0842,EUR/kWh,EUR,,primary
nrg_pc_205:MWH500-1999:X_TAX:EUR,BG,cost,industrial,,,2021-07-01,2021-12-31,0.1761,EUR/kWh,EUR,,primary
nrg_pc_205:MWH500-1999:X_TAX:EUR,BG,cost,industrial,,,2022-01-01,2022-06-30,0.2372,EUR/kWh,EUR,,primary
nrg_pc_205:MWH500-1999:X_TAX:EUR,BG,cost,industrial,,,2022-07-01,2022-12-31,0.3481,EUR/kWh,EUR,,primary
nrg_pc_205:MWH500-1999:X_TAX:EUR,BG,cost,industrial,,,2023-01-01,2023-06-30,0.1601,EUR/kWh,EUR,,primary
nrg_pc_205:MWH500-1999:X_TAX:EUR,BG,cost,industrial,,,2023-07-01,2023-12-31,0.1358,EUR/kWh,EUR,,primary
nrg_pc_205:MWH500-1999:X_TAX:EUR,BG,cost,industrial,,,2024-01-01,2024-06-30,0.1125,EUR/kWh,EUR,,primary
nrg_pc_205:MWH500-1999:X_TAX:EUR,BG,cost,industrial,,,2024-07-01,2024-12-31,0.1605,EUR/kWh,EUR,,primary
nrg_pc_205:MWH500-1999:X_TAX:EUR,BG,cost,industrial,,,2025-01-01,2025-06-30,0.1453,EUR/kWh,EUR,,primary
nrg_pc_205:MWH500-1999:X_TAX:EUR,BG,cost,industrial,,,2025-07-01,2025-12-31,0.1402,EUR/kWh,EUR,,primary
nrg_pc_205:MWH500-1999:X_TAX:EUR,BG,cost,industrial,,,2026-01-01,2026-06-30,0.1435,EUR/kWh,EUR,,primary
nrg_pc_205:MWH500-1999:X_TAX:EUR,CY,cost,industrial,,,2015-01-01,2015-06-30,0.1316,EUR/kWh,EUR,,primary
nrg_pc_205:MWH500-1999:X_TAX:EUR,CY,cost,industrial,,,2015-07-01,2015-12-31,0.1319,EUR/kWh,EUR,,primary
nrg_pc_205:MWH500-1999:X_TAX:EUR,CY,cost,industrial,,,2016-01-01,2016-06-30,0.0954,EUR/kWh,EUR,,primary
nrg_pc_205:MWH500-1999:X_TAX:EUR,CY,cost,industrial,,,2016-07-01,2016-12-31,0.1211,EUR/kWh,EUR,,primary
nrg_pc_205:MWH500-1999:X_TAX:EUR,CY,cost,industrial,,,2017-01-01,2017-06-30,0.1275,EUR/kWh,EUR,,primary
nrg_pc_205:MWH500-1999:X_TAX:EUR,CY,cost,industrial,,,2017-07-01,2017-12-31,0.1258,EUR/kWh,EUR,,primary
nrg_pc_205:MWH500-1999:X_TAX:EUR,CY,cost,industrial,,,2018-01-01,2018-06-30,0.1241,EUR/kWh,EUR,,primary
nrg_pc_205:MWH500-1999:X_TAX:EUR,CY,cost,industrial,,,2018-07-01,2018-12-31,0.1703,EUR/kWh,EUR,,primary
nrg_pc_205:MWH500-1999:X_TAX:EUR,CY,cost,industrial,,,2019-01-01,2019-06-30,0.1291,EUR/kWh,EUR,,primary
nrg_pc_205:MWH500-1999:X_TAX:EUR,CY,cost,industrial,,,2019-07-01,2019-12-31,0.1479,EUR/kWh,EUR,,primary
nrg_pc_205:MWH500-1999:X_TAX:EUR,CY,cost,industrial,,,2020-01-01,2020-06-30,0.1178,EUR/kWh,EUR,,primary
nrg_pc_205:MWH500-1999:X_TAX:EUR,CY,cost,industrial,,,2020-07-01,2020-12-31,0.1095,EUR/kWh,EUR,,primary
nrg_pc_205:MWH500-1999:X_TAX:EUR,CY,cost,industrial,,,2021-01-01,2021-06-30,0.1091,EUR/kWh,EUR,,primary
nrg_pc_205:MWH500-1999:X_TAX:EUR,CY,cost,industrial,,,2021-07-01,2021-12-31,0.1412,EUR/kWh,EUR,,primary
nrg_pc_205:MWH500-1999:X_TAX:EUR,CY,cost,industrial,,,2022-01-01,2022-06-30,0.1722,EUR/kWh,EUR,,primary
nrg_pc_205:MWH500-1999:X_TAX:EUR,CY,cost,industrial,,,2022-07-01,2022-12-31,0.2443,EUR/kWh,EUR,,primary
nrg_pc_205:MWH500-1999:X_TAX:EUR,CY,cost,industrial,,,2023-01-01,2023-06-30,0.1921,EUR/kWh,EUR,,primary
nrg_pc_205:MWH500-1999:X_TAX:EUR,CY,cost,industrial,,,2023-07-01,2023-12-31,0.1986,EUR/kWh,EUR,,primary
nrg_pc_205:MWH500-1999:X_TAX:EUR,CY,cost,industrial,,,2024-01-01,2024-06-30,0.1824,EUR/kWh,EUR,,primary
nrg_pc_205:MWH500-1999:X_TAX:EUR,CY,cost,industrial,,,2024-07-01,2024-12-31,0.193,EUR/kWh,EUR,,primary
nrg_pc_205:MWH500-1999:X_TAX:EUR,CY,cost,industrial,,,2025-01-01,2025-06-30,0.1643,EUR/kWh,EUR,,primary
nrg_pc_205:MWH500-1999:X_TAX:EUR,CY,cost,industrial,,,2025-07-01,2025-12-31,0.1702,EUR/kWh,EUR,,primary
nrg_pc_205:MWH500-1999:X_TAX:EUR,CY,cost,industrial,,,2026-01-01,2026-06-30,0.1898,EUR/kWh,EUR,,primary
nrg_pc_205:MWH500-1999:X_TAX:EUR,CZ,cost,industrial,,,2015-01-01,2015-06-30,0.0761,EUR/kWh,EUR,,primary
nrg_pc_205:MWH500-1999:X_TAX:EUR,CZ,cost,industrial,,,2015-07-01,2015-12-31,0.0773,EUR/kWh,EUR,,primary
nrg_pc_205:MWH500-1999:X_TAX:EUR,CZ,cost,industrial,,,2016-01-01,2016-06-30,0.072,EUR/kWh,EUR,,primary
nrg_pc_205:MWH500-1999:X_TAX:EUR,CZ,cost,industrial,,,2016-07-01,2016-12-31,0.0721,EUR/kWh,EUR,,primary
nrg_pc_205:MWH500-1999:X_TAX:EUR,CZ,cost,industrial,,,2017-01-01,2017-06-30,0.0677,EUR/kWh,EUR,,primary
nrg_pc_205:MWH500-1999:X_TAX:EUR,CZ,cost,industrial,,,2017-07-01,2017-12-31,0.0699,EUR/kWh,EUR,,primary
nrg_pc_205:MWH500-1999:X_TAX:EUR,CZ,cost,industrial,,,2018-01-01,2018-06-30,0.0722,EUR/kWh,EUR,,primary
nrg_pc_205:MWH500-1999:X_TAX:EUR,CZ,cost,industrial,,,2018-07-01,2018-12-31,0.071,EUR/kWh,EUR,,primary
nrg_pc_205:MWH500-1999:X_TAX:EUR,CZ,cost,industrial,,,2019-01-01,2019-06-30,0.0646,EUR/kWh,EUR,,primary
nrg_pc_205:MWH500-1999:X_TAX:EUR,CZ,cost,industrial,,,2019-07-01,2019-12-31,0.0661,EUR/kWh,EUR,,primary
nrg_pc_205:MWH500-1999:X_TAX:EUR,CZ,cost,industrial,,,2020-01-01,2020-06-30,0.0716,EUR/kWh,EUR,,primary
nrg_pc_205:MWH500-1999:X_TAX:EUR,CZ,cost,industrial,,,2020-07-01,2020-12-31,0.0713,EUR/kWh,EUR,,primary
nrg_pc_205:MWH500-1999:X_TAX:EUR,CZ,cost,industrial,,,2021-01-01,2021-06-30,0.0739,EUR/kWh,EUR,,primary
nrg_pc_205:MWH500-1999:X_TAX:EUR,CZ,cost,industrial,,,2021-07-01,2021-12-31,0.0758,EUR/kWh,EUR,,primary
nrg_pc_205:MWH500-1999:X_TAX:EUR,CZ,cost,industrial,,,2022-01-01,2022-06-30,0.1444,EUR/kWh,EUR,,primary
nrg_pc_205:MWH500-1999:X_TAX:EUR,CZ,cost,industrial,,,2022-07-01,2022-12-31,0.1769,EUR/kWh,EUR,,primary
nrg_pc_205:MWH500-1999:X_TAX:EUR,CZ,cost,industrial,,,2023-01-01,2023-06-30,0.1962,EUR/kWh,EUR,,primary
nrg_pc_205:MWH500-1999:X_TAX:EUR,CZ,cost,industrial,,,2023-07-01,2023-12-31,0.1786,EUR/kWh,EUR,,primary
nrg_pc_205:MWH500-1999:X_TAX:EUR,CZ,cost,industrial,,,2024-01-01,2024-06-30,0.1654,EUR/kWh,EUR,,primary
nrg_pc_205:MWH500-1999:X_TAX:EUR,CZ,cost,industrial,,,2024-07-01,2024-12-31,0.1744,EUR/kWh,EUR,,primary
nrg_pc_205:MWH500-1999:X_TAX:EUR,CZ,cost,industrial,,,2025-01-01,2025-06-30,0.1647,EUR/kWh,EUR,,primary
nrg_pc_205:MWH500-1999:X_TAX:EUR,CZ,cost,industrial,,,2025-07-01,2025-12-31,0.1622,EUR/kWh,EUR,,primary
nrg_pc_205:MWH500-1999:X_TAX:EUR,CZ,cost,industrial,,,2026-01-01,2026-06-30,0.1658,EUR/kWh,EUR,,primary
nrg_pc_205:MWH500-1999:X_TAX:EUR,DE,cost,industrial,,,2015-01-01,2015-06-30,0.0809,EUR/kWh,EUR,,primary
nrg_pc_205:MWH500-1999:X_TAX:EUR,DE,cost,industrial,,,2015-07-01,2015-12-31,0.0813,EUR/kWh,EUR,,primary
nrg_pc_205:MWH500-1999:X_TAX:EUR,DE,cost,industrial,,,2016-01-01,2016-06-30,0.0788,EUR/kWh,EUR,,primary
nrg_pc_205:MWH500-1999:X_TAX:EUR,DE,cost,industrial,,,2016-07-01,2016-12-31,0.0793,EUR/kWh,EUR,,primary
nrg_pc_205:MWH500-1999:X_TAX:EUR,DE,cost,industrial,,,2017-01-01,2017-06-30,0.0761,EUR/kWh,EUR,,primary
nrg_pc_205:MWH500-1999:X_TAX:EUR,DE,cost,industrial,,,2017-07-01,2017-12-31,0.0786,EUR/kWh,EUR,,primary
nrg_pc_205:MWH500-1999:X_TAX:EUR,DE,cost,industrial,,,2018-01-01,2018-06-30,0.0771,EUR/kWh,EUR,,primary
nrg_pc_205:MWH500-1999:X_TAX:EUR,DE,cost,industrial,,,2018-07-01,2018-12-31,0.078,EUR/kWh,EUR,,primary
nrg_pc_205:MWH500-1999:X_TAX:EUR,DE,cost,industrial,,,2019-01-01,2019-06-30,0.0855,EUR/kWh,EUR,,primary
nrg_pc_205:MWH500-1999:X_TAX:EUR,DE,cost,industrial,,,2019-07-01,2019-12-31,0.0718,EUR/kWh,EUR,,primary
nrg_pc_205:MWH500-1999:X_TAX:EUR,DE,cost,industrial,,,2020-01-01,2020-06-30,0.0849,EUR/kWh,EUR,,primary
nrg_pc_205:MWH500-1999:X_TAX:EUR,DE,cost,industrial,,,2020-07-01,2020-12-31,0.0885,EUR/kWh,EUR,,primary
nrg_pc_205:MWH500-1999:X_TAX:EUR,DE,cost,industrial,,,2021-01-01,2021-06-30,0.0908,EUR/kWh,EUR,,primary
nrg_pc_205:MWH500-1999:X_TAX:EUR,DE,cost,industrial,,,2021-07-01,2021-12-31,0.0967,EUR/kWh,EUR,,primary
nrg_pc_205:MWH500-1999:X_TAX:EUR,DE,cost,industrial,,,2022-01-01,2022-06-30,0.1512,EUR/kWh,EUR,,primary
nrg_pc_205:MWH500-1999:X_TAX:EUR,DE,cost,industrial,,,2022-07-01,2022-12-31,0.1782,EUR/kWh,EUR,,primary
nrg_pc_205:MWH500-1999:X_TAX:EUR,DE,cost,industrial,,,2023-01-01,2023-06-30,0.1904,EUR/kWh,EUR,,primary
nrg_pc_205:MWH500-1999:X_TAX:EUR,DE,cost,industrial,,,2023-07-01,2023-12-31,0.189,EUR/kWh,EUR,,primary
nrg_pc_205:MWH500-1999:X_TAX:EUR,DE,cost,industrial,,,2024-01-01,2024-06-30,0.1976,EUR/kWh,EUR,,primary
nrg_pc_205:MWH500-1999:X_TAX:EUR,DE,cost,industrial,,,2024-07-01,2024-12-31,0.201,EUR/kWh,EUR,,primary
nrg_pc_205:MWH500-1999:X_TAX:EUR,DE,cost,industrial,,,2025-01-01,2025-06-30,0.1828,EUR/kWh,EUR,,primary
nrg_pc_205:MWH500-1999:X_TAX:EUR,DE,cost,industrial,,,2025-07-01,2025-12-31,0.1828,EUR/kWh,EUR,,primary
nrg_pc_205:MWH500-1999:X_TAX:EUR,DE,cost,industrial,,,2026-01-01,2026-06-30,0.1572,EUR/kWh,EUR,p,primary
nrg_pc_205:MWH500-1999:X_TAX:EUR,DK,cost,industrial,,,2015-01-01,2015-06-30,0.0591,EUR/kWh,EUR,,primary
nrg_pc_205:MWH500-1999:X_TAX:EUR,DK,cost,industrial,,,2015-07-01,2015-12-31,0.0567,EUR/kWh,EUR,,primary
nrg_pc_205:MWH500-1999:X_TAX:EUR,DK,cost,industrial,,,2016-01-01,2016-06-30,0.0588,EUR/kWh,EUR,,primary
nrg_pc_205:MWH500-1999:X_TAX:EUR,DK,cost,industrial,,,2016-07-01,2016-12-31,0.0633,EUR/kWh,EUR,,primary
nrg_pc_205:MWH500-1999:X_TAX:EUR,DK,cost,industrial,,,2017-01-01,2017-06-30,0.0616,EUR/kWh,EUR,,primary
nrg_pc_205:MWH500-1999:X_TAX:EUR,DK,cost,industrial,,,2017-07-01,2017-12-31,0.0629,EUR/kWh,EUR,,primary
nrg_pc_205:MWH500-1999:X_TAX:EUR,DK,cost,industrial,,,2018-01-01,2018-06-30,0.0593,EUR/kWh,EUR,,primary
nrg_pc_205:MWH500-1999:X_TAX:EUR,DK,cost,industrial,,,2018-07-01,2018-12-31,0.0651,EUR/kWh,EUR,,primary
nrg_pc_205:MWH500-1999:X_TAX:EUR,DK,cost,industrial,,,2019-01-01,2019-06-30,0.0635,EUR/kWh,EUR,,primary
nrg_pc_205:MWH500-1999:X_TAX:EUR,DK,cost,industrial,,,2019-07-01,2019-12-31,0.0617,EUR/kWh,EUR,,primary
nrg_pc_205:MWH500-1999:X_TAX:EUR,DK,cost,industrial,,,2020-01-01,2020-06-30,0.054,EUR/kWh,EUR,,primary
nrg_pc_205:MWH500-1999:X_TAX:EUR,DK,cost,industrial,,,2020-07-01,2020-12-31,0.0615,EUR/kWh,EUR,,primary
nrg_pc_205:MWH500-1999:X_TAX:EUR,DK,cost,industrial,,,2021-01-01,2021-06-30,0.0725,EUR/kWh,EUR,,primary
nrg_pc_205:MWH500-1999:X_TAX:EUR,DK,cost,industrial,,,2021-07-01,2021-12-31,0.115,EUR/kWh,EUR,,primary
nrg_pc_205:MWH500-1999:X_TAX:EUR,DK,cost,industrial,,,2022-01-01,2022-06-30,0.1595,EUR/kWh,EUR,,primary
nrg_pc_205:MWH500-1999:X_TAX:EUR,DK,cost,industrial,,,2022-07-01,2022-12-31,0.2264,EUR/kWh,EUR,,primary
nrg_pc_205:MWH500-1999:X_TAX:EUR,DK,cost,industrial,,,2023-01-01,2023-06-30,0.1325,EUR/kWh,EUR,,primary
nrg_pc_205:MWH500-1999:X_TAX:EUR,DK,cost,industrial,,,2023-07-01,2023-12-31,0.1157,EUR/kWh,EUR,,primary
nrg_pc_205:MWH500-1999:X_TAX:EUR,DK,cost,industrial,,,2024-01-01,2024-06-30,0.1042,EUR/kWh,EUR,,primary
nrg_pc_205:MWH500-1999:X_TAX:EUR,DK,cost,industrial,,,2024-07-01,2024-12-31,0.1265,EUR/kWh,EUR,,primary
nrg_pc_205:MWH500-1999:X_TAX:EUR,DK,cost,industrial,,,2025-01-01,2025-06-30,0.1226,EUR/kWh,EUR,,primary
nrg_pc_205:MWH500-1999:X_TAX:EUR,DK,cost,industrial,,,2025-07-01,2025-12-31,0.1205,EUR/kWh,EUR,,primary
nrg_pc_205:MWH500-1999:X_TAX:EUR,DK,cost,industrial,,,2026-01-01,2026-06-30,0.1292,EUR/kWh,EUR,,primary
nrg_pc_205:MWH500-1999:X_TAX:EUR,EE,cost,industrial,,,2015-01-01,2015-06-30,0.0755,EUR/kWh,EUR,,primary
nrg_pc_205:MWH500-1999:X_TAX:EUR,EE,cost,industrial,,,2015-07-01,2015-12-31,0.0824,EUR/kWh,EUR,,primary
nrg_pc_205:MWH500-1999:X_TAX:EUR,EE,cost,industrial,,,2016-01-01,2016-06-30,0.0737,EUR/kWh,EUR,,primary
nrg_pc_205:MWH500-1999:X_TAX:EUR,EE,cost,industrial,,,2016-07-01,2016-12-31,0.0755,EUR/kWh,EUR,,primary
nrg_pc_205:MWH500-1999:X_TAX:EUR,EE,cost,industrial,,,2017-01-01,2017-06-30,0.0721,EUR/kWh,EUR,,primary
nrg_pc_205:MWH500-1999:X_TAX:EUR,EE,cost,industrial,,,2017-07-01,2017-12-31,0.0697,EUR/kWh,EUR,,primary
nrg_pc_205:MWH500-1999:X_TAX:EUR,EE,cost,industrial,,,2018-01-01,2018-06-30,0.0731,EUR/kWh,EUR,,primary
nrg_pc_205:MWH500-1999:X_TAX:EUR,EE,cost,industrial,,,2018-07-01,2018-12-31,0.079,EUR/kWh,EUR,,primary
nrg_pc_205:MWH500-1999:X_TAX:EUR,EE,cost,industrial,,,2019-01-01,2019-06-30,0.0768,EUR/kWh,EUR,,primary
nrg_pc_205:MWH500-1999:X_TAX:EUR,EE,cost,industrial,,,2019-07-01,2019-12-31,0.0766,EUR/kWh,EUR,,primary
nrg_pc_205:MWH500-1999:X_TAX:EUR,EE,cost,industrial,,,2020-01-01,2020-06-30,0.0675,EUR/kWh,EUR,,primary
nrg_pc_205:MWH500-1999:X_TAX:EUR,EE,cost,industrial,,,2020-07-01,2020-12-31,0.075,EUR/kWh,EUR,,primary
nrg_pc_205:MWH500-1999:X_TAX:EUR,EE,cost,industrial,,,2021-01-01,2021-06-30,0.0834,EUR/kWh,EUR,,primary
nrg_pc_205:MWH500-1999:X_TAX:EUR,EE,cost,industrial,,,2021-07-01,2021-12-31,0.1403,EUR/kWh,EUR,,primary
nrg_pc_205:MWH500-1999:X_TAX:EUR,EE,cost,industrial,,,2022-01-01,2022-06-30,0.1502,EUR/kWh,EUR,,primary
nrg_pc_205:MWH500-1999:X_TAX:EUR,EE,cost,industrial,,,2022-07-01,2022-12-31,0.2463,EUR/kWh,EUR,,primary
nrg_pc_205:MWH500-1999:X_TAX:EUR,EE,cost,industrial,,,2023-01-01,2023-06-30,0.1433,EUR/kWh,EUR,,primary
nrg_pc_205:MWH500-1999:X_TAX:EUR,EE,cost,industrial,,,2023-07-01,2023-12-31,0.1447,EUR/kWh,EUR,,primary
nrg_pc_205:MWH500-1999:X_TAX:EUR,EE,cost,industrial,,,2024-01-01,2024-06-30,0.1313,EUR/kWh,EUR,,primary
nrg_pc_205:MWH500-1999:X_TAX:EUR,EE,cost,industrial,,,2024-07-01,2024-12-31,0.1365,EUR/kWh,EUR,,primary
nrg_pc_205:MWH500-1999:X_TAX:EUR,EE,cost,industrial,,,2025-01-01,2025-06-30,0.1335,EUR/kWh,EUR,,primary
nrg_pc_205:MWH500-1999:X_TAX:EUR,EE,cost,industrial,,,2025-07-01,2025-12-31,0.1305,EUR/kWh,EUR,,primary
nrg_pc_205:MWH500-1999:X_TAX:EUR,EE,cost,industrial,,,2026-01-01,2026-06-30,0.1181,EUR/kWh,EUR,,primary
nrg_pc_205:MWH500-1999:X_TAX:EUR,EL,cost,industrial,,,2015-01-01,2015-06-30,0.1037,EUR/kWh,EUR,,primary
nrg_pc_205:MWH500-1999:X_TAX:EUR,EL,cost,industrial,,,2015-07-01,2015-12-31,0.1022,EUR/kWh,EUR,,primary
nrg_pc_205:MWH500-1999:X_TAX:EUR,EL,cost,industrial,,,2016-01-01,2016-06-30,0.0929,EUR/kWh,EUR,,primary
nrg_pc_205:MWH500-1999:X_TAX:EUR,EL,cost,industrial,,,2016-07-01,2016-12-31,0.0875,EUR/kWh,EUR,,primary
nrg_pc_205:MWH500-1999:X_TAX:EUR,EL,cost,industrial,,,2017-01-01,2017-06-30,0.0862,EUR/kWh,EUR,,primary
nrg_pc_205:MWH500-1999:X_TAX:EUR,EL,cost,industrial,,,2017-07-01,2017-12-31,0.087,EUR/kWh,EUR,,primary
nrg_pc_205:MWH500-1999:X_TAX:EUR,EL,cost,industrial,,,2018-01-01,2018-06-30,0.079,EUR/kWh,EUR,,primary
nrg_pc_205:MWH500-1999:X_TAX:EUR,EL,cost,industrial,,,2018-07-01,2018-12-31,0.0793,EUR/kWh,EUR,,primary
nrg_pc_205:MWH500-1999:X_TAX:EUR,EL,cost,industrial,,,2019-01-01,2019-06-30,0.081,EUR/kWh,EUR,,primary
nrg_pc_205:MWH500-1999:X_TAX:EUR,EL,cost,industrial,,,2019-07-01,2019-12-31,0.0815,EUR/kWh,EUR,,primary
nrg_pc_205:MWH500-1999:X_TAX:EUR,EL,cost,industrial,,,2020-01-01,2020-06-30,0.0823,EUR/kWh,EUR,,primary
nrg_pc_205:MWH500-1999:X_TAX:EUR,EL,cost,industrial,,,2020-07-01,2020-12-31,0.0805,EUR/kWh,EUR,,primary
nrg_pc_205:MWH500-1999:X_TAX:EUR,EL,cost,industrial,,,2021-01-01,2021-06-30,0.089,EUR/kWh,EUR,,primary
nrg_pc_205:MWH500-1999:X_TAX:EUR,EL,cost,industrial,,,2021-07-01,2021-12-31,0.2013,EUR/kWh,EUR,,primary
nrg_pc_205:MWH500-1999:X_TAX:EUR,EL,cost,industrial,,,2022-01-01,2022-06-30,0.283,EUR/kWh,EUR,,primary
nrg_pc_205:MWH500-1999:X_TAX:EUR,EL,cost,industrial,,,2022-07-01,2022-12-31,0.3925,EUR/kWh,EUR,,primary
nrg_pc_205:MWH500-1999:X_TAX:EUR,EL,cost,industrial,,,2023-01-01,2023-06-30,0.1627,EUR/kWh,EUR,,primary
nrg_pc_205:MWH500-1999:X_TAX:EUR,EL,cost,industrial,,,2023-07-01,2023-12-31,0.1546,EUR/kWh,EUR,,primary
nrg_pc_205:MWH500-1999:X_TAX:EUR,EL,cost,industrial,,,2024-01-01,2024-06-30,0.1274,EUR/kWh,EUR,,primary
nrg_pc_205:MWH500-1999:X_TAX:EUR,EL,cost,industrial,,,2024-07-01,2024-12-31,0.1715,EUR/kWh,EUR,,primary
nrg_pc_205:MWH500-1999:X_TAX:EUR,EL,cost,industrial,,,2025-01-01,2025-06-30,0.1651,EUR/kWh,EUR,,primary
nrg_pc_205:MWH500-1999:X_TAX:EUR,EL,cost,industrial,,,2025-07-01,2025-12-31,0.1488,EUR/kWh,EUR,,primary
nrg_pc_205:MWH500-1999:X_TAX:EUR,EL,cost,industrial,,,2026-01-01,2026-06-30,0.1426,EUR/kWh,EUR,,primary
nrg_pc_205:MWH500-1999:X_TAX:EUR,ES,cost,industrial,,,2015-01-01,2015-06-30,0.1116,EUR/kWh,EUR,,primary
nrg_pc_205:MWH500-1999:X_TAX:EUR,ES,cost,industrial,,,2015-07-01,2015-12-31,0.1078,EUR/kWh,EUR,,primary
nrg_pc_205:MWH500-1999:X_TAX:EUR,ES,cost,industrial,,,2016-01-01,2016-06-30,0.1051,EUR/kWh,EUR,,primary
nrg_pc_205:MWH500-1999:X_TAX:EUR,ES,cost,industrial,,,2016-07-01,2016-12-31,0.0979,EUR/kWh,EUR,,primary
nrg_pc_205:MWH500-1999:X_TAX:EUR,ES,cost,industrial,,,2017-01-01,2017-06-30,0.101,EUR/kWh,EUR,,primary
nrg_pc_205:MWH500-1999:X_TAX:EUR,ES,cost,industrial,,,2017-07-01,2017-12-31,0.0982,EUR/kWh,EUR,,primary
nrg_pc_205:MWH500-1999:X_TAX:EUR,ES,cost,industrial,,,2018-01-01,2018-06-30,0.1008,EUR/kWh,EUR,,primary
nrg_pc_205:MWH500-1999:X_TAX:EUR,ES,cost,industrial,,,2018-07-01,2018-12-31,0.1045,EUR/kWh,EUR,,primary
nrg_pc_205:MWH500-1999:X_TAX:EUR,ES,cost,industrial,,,2019-01-01,2019-06-30,0.0925,EUR/kWh,EUR,d,primary
nrg_pc_205:MWH500-1999:X_TAX:EUR,ES,cost,industrial,,,2019-07-01,2019-12-31,0.0867,EUR/kWh,EUR,,primary
nrg_pc_205:MWH500-1999:X_TAX:EUR,ES,cost,industrial,,,2020-01-01,2020-06-30,0.0786,EUR/kWh,EUR,,primary
nrg_pc_205:MWH500-1999:X_TAX:EUR,ES,cost,industrial,,,2020-07-01,2020-12-31,0.0882,EUR/kWh,EUR,,primary
nrg_pc_205:MWH500-1999:X_TAX:EUR,ES,cost,industrial,,,2021-01-01,2021-06-30,0.0931,EUR/kWh,EUR,,primary
nrg_pc_205:MWH500-1999:X_TAX:EUR,ES,cost,industrial,,,2021-07-01,2021-12-31,0.1115,EUR/kWh,EUR,,primary
nrg_pc_205:MWH500-1999:X_TAX:EUR,ES,cost,industrial,,,2022-01-01,2022-06-30,0.1769,EUR/kWh,EUR,,primary
nrg_pc_205:MWH500-1999:X_TAX:EUR,ES,cost,industrial,,,2022-07-01,2022-12-31,0.2064,EUR/kWh,EUR,,primary
nrg_pc_205:MWH500-1999:X_TAX:EUR,ES,cost,industrial,,,2023-01-01,2023-06-30,0.1522,EUR/kWh,EUR,,primary
nrg_pc_205:MWH500-1999:X_TAX:EUR,ES,cost,industrial,,,2023-07-01,2023-12-31,0.147,EUR/kWh,EUR,,primary
nrg_pc_205:MWH500-1999:X_TAX:EUR,ES,cost,industrial,,,2024-01-01,2024-06-30,0.1217,EUR/kWh,EUR,,primary
nrg_pc_205:MWH500-1999:X_TAX:EUR,ES,cost,industrial,,,2024-07-01,2024-12-31,0.128,EUR/kWh,EUR,,primary
nrg_pc_205:MWH500-1999:X_TAX:EUR,ES,cost,industrial,,,2025-01-01,2025-06-30,0.1234,EUR/kWh,EUR,,primary
nrg_pc_205:MWH500-1999:X_TAX:EUR,ES,cost,industrial,,,2025-07-01,2025-12-31,0.1156,EUR/kWh,EUR,,primary
nrg_pc_205:MWH500-1999:X_TAX:EUR,ES,cost,industrial,,,2026-01-01,2026-06-30,0.116,EUR/kWh,EUR,,primary
nrg_pc_205:MWH500-1999:X_TAX:EUR,EU,cost,industrial,,,2015-01-01,2015-06-30,0.0842,EUR/kWh,EUR,,primary
nrg_pc_205:MWH500-1999:X_TAX:EUR,EU,cost,industrial,,,2015-07-01,2015-12-31,0.0823,EUR/kWh,EUR,,primary
nrg_pc_205:MWH500-1999:X_TAX:EUR,EU,cost,industrial,,,2016-01-01,2016-06-30,0.0793,EUR/kWh,EUR,,primary
nrg_pc_205:MWH500-1999:X_TAX:EUR,EU,cost,industrial,,,2016-07-01,2016-12-31,0.0783,EUR/kWh,EUR,,primary
nrg_pc_205:MWH500-1999:X_TAX:EUR,EU,cost,industrial,,,2017-01-01,2017-06-30,0.0769,EUR/kWh,EUR,,primary
nrg_pc_205:MWH500-1999:X_TAX:EUR,EU,cost,industrial,,,2017-07-01,2017-12-31,0.0757,EUR/kWh,EUR,,primary
nrg_pc_205:MWH500-1999:X_TAX:EUR,EU,cost,industrial,,,2018-01-01,2018-06-30,0.0782,EUR/kWh,EUR,,primary
nrg_pc_205:MWH500-1999:X_TAX:EUR,EU,cost,industrial,,,2018-07-01,2018-12-31,0.0784,EUR/kWh,EUR,,primary
nrg_pc_205:MWH500-1999:X_TAX:EUR,EU,cost,industrial,,,2019-01-01,2019-06-30,0.0845,EUR/kWh,EUR,,primary
nrg_pc_205:MWH500-1999:X_TAX:EUR,EU,cost,industrial,,,2019-07-01,2019-12-31,0.0782,EUR/kWh,EUR,,primary
nrg_pc_205:MWH500-1999:X_TAX:EUR,EU,cost,industrial,,,2020-01-01,2020-06-30,0.0818,EUR/kWh,EUR,,primary
nrg_pc_205:MWH500-1999:X_TAX:EUR,EU,cost,industrial,,,2020-07-01,2020-12-31,0.0826,EUR/kWh,EUR,,primary
nrg_pc_205:MWH500-1999:X_TAX:EUR,EU,cost,industrial,,,2021-01-01,2021-06-30,0.0863,EUR/kWh,EUR,,primary
nrg_pc_205:MWH500-1999:X_TAX:EUR,EU,cost,industrial,,,2021-07-01,2021-12-31,0.1036,EUR/kWh,EUR,,primary
nrg_pc_205:MWH500-1999:X_TAX:EUR,EU,cost,industrial,,,2022-01-01,2022-06-30,0.1593,EUR/kWh,EUR,,primary
nrg_pc_205:MWH500-1999:X_TAX:EUR,EU,cost,industrial,,,2022-07-01,2022-12-31,0.1987,EUR/kWh,EUR,,primary
nrg_pc_205:MWH500-1999:X_TAX:EUR,EU,cost,industrial,,,2023-01-01,2023-06-30,0.1938,EUR/kWh,EUR,,primary
nrg_pc_205:MWH500-1999:X_TAX:EUR,EU,cost,industrial,,,2023-07-01,2023-12-31,0.1767,EUR/kWh,EUR,,primary
nrg_pc_205:MWH500-1999:X_TAX:EUR,EU,cost,industrial,,,2024-01-01,2024-06-30,0.1575,EUR/kWh,EUR,,primary
nrg_pc_205:MWH500-1999:X_TAX:EUR,EU,cost,industrial,,,2024-07-01,2024-12-31,0.1629,EUR/kWh,EUR,,primary
nrg_pc_205:MWH500-1999:X_TAX:EUR,EU,cost,industrial,,,2025-01-01,2025-06-30,0.157,EUR/kWh,EUR,,primary
nrg_pc_205:MWH500-1999:X_TAX:EUR,EU,cost,industrial,,,2025-07-01,2025-12-31,0.1511,EUR/kWh,EUR,,primary
nrg_pc_205:MWH500-1999:X_TAX:EUR,FI,cost,industrial,,,2015-01-01,2015-06-30,0.0637,EUR/kWh,EUR,,primary
nrg_pc_205:MWH500-1999:X_TAX:EUR,FI,cost,industrial,,,2015-07-01,2015-12-31,0.0635,EUR/kWh,EUR,,primary
nrg_pc_205:MWH500-1999:X_TAX:EUR,FI,cost,industrial,,,2016-01-01,2016-06-30,0.0614,EUR/kWh,EUR,,primary
nrg_pc_205:MWH500-1999:X_TAX:EUR,FI,cost,industrial,,,2016-07-01,2016-12-31,0.0624,EUR/kWh,EUR,,primary
nrg_pc_205:MWH500-1999:X_TAX:EUR,FI,cost,industrial,,,2017-01-01,2017-06-30,0.0596,EUR/kWh,EUR,,primary
nrg_pc_205:MWH500-1999:X_TAX:EUR,FI,cost,industrial,,,2017-07-01,2017-12-31,0.0605,EUR/kWh,EUR,,primary
nrg_pc_205:MWH500-1999:X_TAX:EUR,FI,cost,industrial,,,2018-01-01,2018-06-30,0.0611,EUR/kWh,EUR,,primary
nrg_pc_205:MWH500-1999:X_TAX:EUR,FI,cost,industrial,,,2018-07-01,2018-12-31,0.0636,EUR/kWh,EUR,,primary
nrg_pc_205:MWH500-1999:X_TAX:EUR,FI,cost,industrial,,,2019-01-01,2019-06-30,0.0639,EUR/kWh,EUR,,primary
nrg_pc_205:MWH500-1999:X_TAX:EUR,FI,cost,industrial,,,2019-07-01,2019-12-31,0.0651,EUR/kWh,EUR,,primary
nrg_pc_205:MWH500-1999:X_TAX:EUR,FI,cost,industrial,,,2020-01-01,2020-06-30,0.0625,EUR/kWh,EUR,,primary
nrg_pc_205:MWH500-1999:X_TAX:EUR,FI,cost,industrial,,,2020-07-01,2020-12-31,0.0689,EUR/kWh,EUR,,primary
nrg_pc_205:MWH500-1999:X_TAX:EUR,FI,cost,industrial,,,2021-01-01,2021-06-30,0.0669,EUR/kWh,EUR,,primary
nrg_pc_205:MWH500-1999:X_TAX:EUR,FI,cost,industrial,,,2021-07-01,2021-12-31,0.0793,EUR/kWh,EUR,,primary
nrg_pc_205:MWH500-1999:X_TAX:EUR,FI,cost,industrial,,,2022-01-01,2022-06-30,0.0802,EUR/kWh,EUR,,primary
nrg_pc_205:MWH500-1999:X_TAX:EUR,FI,cost,industrial,,,2022-07-01,2022-12-31,0.1144,EUR/kWh,EUR,,primary
nrg_pc_205:MWH500-1999:X_TAX:EUR,FI,cost,industrial,,,2023-01-01,2023-06-30,0.0951,EUR/kWh,EUR,,primary
nrg_pc_205:MWH500-1999:X_TAX:EUR,FI,cost,industrial,,,2023-07-01,2023-12-31,0.0879,EUR/kWh,EUR,,primary
nrg_pc_205:MWH500-1999:X_TAX:EUR,FI,cost,industrial,,,2024-01-01,2024-06-30,0.0863,EUR/kWh,EUR,d,primary
nrg_pc_205:MWH500-1999:X_TAX:EUR,FI,cost,industrial,,,2024-07-01,2024-12-31,0.078,EUR/kWh,EUR,d,primary
nrg_pc_205:MWH500-1999:X_TAX:EUR,FI,cost,industrial,,,2025-01-01,2025-06-30,0.0776,EUR/kWh,EUR,,primary
nrg_pc_205:MWH500-1999:X_TAX:EUR,FI,cost,industrial,,,2025-07-01,2025-12-31,0.0742,EUR/kWh,EUR,,primary
nrg_pc_205:MWH500-1999:X_TAX:EUR,FI,cost,industrial,,,2026-01-01,2026-06-30,0.0918,EUR/kWh,EUR,,primary
nrg_pc_205:MWH500-1999:X_TAX:EUR,FR,cost,industrial,,,2015-01-01,2015-06-30,0.0776,EUR/kWh,EUR,,primary
nrg_pc_205:MWH500-1999:X_TAX:EUR,FR,cost,industrial,,,2015-07-01,2015-12-31,0.0702,EUR/kWh,EUR,,primary
nrg_pc_205:MWH500-1999:X_TAX:EUR,FR,cost,industrial,,,2016-01-01,2016-06-30,0.0714,EUR/kWh,EUR,,primary
nrg_pc_205:MWH500-1999:X_TAX:EUR,FR,cost,industrial,,,2016-07-01,2016-12-31,0.0655,EUR/kWh,EUR,,primary
nrg_pc_205:MWH500-1999:X_TAX:EUR,FR,cost,industrial,,,2017-01-01,2017-06-30,0.0733,EUR/kWh,EUR,,primary
nrg_pc_205:MWH500-1999:X_TAX:EUR,FR,cost,industrial,,,2017-07-01,2017-12-31,0.0666,EUR/kWh,EUR,,primary
nrg_pc_205:MWH500-1999:X_TAX:EUR,FR,cost,industrial,,,2018-01-01,2018-06-30,0.0736,EUR/kWh,EUR,,primary
nrg_pc_205:MWH500-1999:X_TAX:EUR,FR,cost,industrial,,,2018-07-01,2018-12-31,0.0669,EUR/kWh,EUR,,primary
nrg_pc_205:MWH500-1999:X_TAX:EUR,FR,cost,industrial,,,2019-01-01,2019-06-30,0.0812,EUR/kWh,EUR,,primary
nrg_pc_205:MWH500-1999:X_TAX:EUR,FR,cost,industrial,,,2019-07-01,2019-12-31,0.0737,EUR/kWh,EUR,,primary
nrg_pc_205:MWH500-1999:X_TAX:EUR,FR,cost,industrial,,,2020-01-01,2020-06-30,0.0847,EUR/kWh,EUR,,primary
nrg_pc_205:MWH500-1999:X_TAX:EUR,FR,cost,industrial,,,2020-07-01,2020-12-31,0.0754,EUR/kWh,EUR,,primary
nrg_pc_205:MWH500-1999:X_TAX:EUR,FR,cost,industrial,,,2021-01-01,2021-06-30,0.085,EUR/kWh,EUR,,primary
nrg_pc_205:MWH500-1999:X_TAX:EUR,FR,cost,industrial,,,2021-07-01,2021-12-31,0.081,EUR/kWh,EUR,,primary
nrg_pc_205:MWH500-1999:X_TAX:EUR,FR,cost,industrial,,,2022-01-01,2022-06-30,0.1203,EUR/kWh,EUR,,primary
nrg_pc_205:MWH500-1999:X_TAX:EUR,FR,cost,industrial,,,2022-07-01,2022-12-31,0.1237,EUR/kWh,EUR,,primary
nrg_pc_205:MWH500-1999:X_TAX:EUR,FR,cost,industrial,,,2023-01-01,2023-06-30,0.2506,EUR/kWh,EUR,,primary
nrg_pc_205:MWH500-1999:X_TAX:EUR,FR,cost,industrial,,,2023-07-01,2023-12-31,0.2107,EUR/kWh,EUR,,primary
nrg_pc_205:MWH500-1999:X_TAX:EUR,FR,cost,industrial,,,2024-01-01,2024-06-30,0.1639,EUR/kWh,EUR,,primary
nrg_pc_205:MWH500-1999:X_TAX:EUR,FR,cost,industrial,,,2024-07-01,2024-12-31,0.1591,EUR/kWh,EUR,,primary
nrg_pc_205:MWH500-1999:X_TAX:EUR,FR,cost,industrial,,,2025-01-01,2025-06-30,0.1449,EUR/kWh,EUR,,primary
nrg_pc_205:MWH500-1999:X_TAX:EUR,FR,cost,industrial,,,2025-07-01,2025-12-31,0.1297,EUR/kWh,EUR,,primary
nrg_pc_205:MWH500-1999:X_TAX:EUR,FR,cost,industrial,,,2026-01-01,2026-06-30,0.1299,EUR/kWh,EUR,,primary
nrg_pc_205:MWH500-1999:X_TAX:EUR,HR,cost,industrial,,,2015-01-01,2015-06-30,0.0869,EUR/kWh,EUR,,primary
nrg_pc_205:MWH500-1999:X_TAX:EUR,HR,cost,industrial,,,2015-07-01,2015-12-31,0.0875,EUR/kWh,EUR,,primary
nrg_pc_205:MWH500-1999:X_TAX:EUR,HR,cost,industrial,,,2016-01-01,2016-06-30,0.0851,EUR/kWh,EUR,,primary
nrg_pc_205:MWH500-1999:X_TAX:EUR,HR,cost,industrial,,,2016-07-01,2016-12-31,0.0825,EUR/kWh,EUR,,primary
nrg_pc_205:MWH500-1999:X_TAX:EUR,HR,cost,industrial,,,2017-01-01,2017-06-30,0.0821,EUR/kWh,EUR,,primary
nrg_pc_205:MWH500-1999:X_TAX:EUR,HR,cost,industrial,,,2017-07-01,2017-12-31,0.0812,EUR/kWh,EUR,,primary
nrg_pc_205:MWH500-1999:X_TAX:EUR,HR,cost,industrial,,,2018-01-01,2018-06-30,0.0848,EUR/kWh,EUR,,primary
nrg_pc_205:MWH500-1999:X_TAX:EUR,HR,cost,industrial,,,2018-07-01,2018-12-31,0.0867,EUR/kWh,EUR,,primary
nrg_pc_205:MWH500-1999:X_TAX:EUR,HR,cost,industrial,,,2019-01-01,2019-06-30,0.0887,EUR/kWh,EUR,,primary
nrg_pc_205:MWH500-1999:X_TAX:EUR,HR,cost,industrial,,,2019-07-01,2019-12-31,0.0907,EUR/kWh,EUR,,primary
nrg_pc_205:MWH500-1999:X_TAX:EUR,HR,cost,industrial,,,2020-01-01,2020-06-30,0.0898,EUR/kWh,EUR,,primary
nrg_pc_205:MWH500-1999:X_TAX:EUR,HR,cost,industrial,,,2020-07-01,2020-12-31,0.0878,EUR/kWh,EUR,,primary
nrg_pc_205:MWH500-1999:X_TAX:EUR,HR,cost,industrial,,,2021-01-01,2021-06-30,0.0881,EUR/kWh,EUR,,primary
nrg_pc_205:MWH500-1999:X_TAX:EUR,HR,cost,industrial,,,2021-07-01,2021-12-31,0.0998,EUR/kWh,EUR,,primary
nrg_pc_205:MWH500-1999:X_TAX:EUR,HR,cost,industrial,,,2022-01-01,2022-06-30,0.141,EUR/kWh,EUR,,primary
nrg_pc_205:MWH500-1999:X_TAX:EUR,HR,cost,industrial,,,2022-07-01,2022-12-31,0.2246,EUR/kWh,EUR,,primary
nrg_pc_205:MWH500-1999:X_TAX:EUR,HR,cost,industrial,,,2023-01-01,2023-06-30,0.278,EUR/kWh,EUR,,primary
nrg_pc_205:MWH500-1999:X_TAX:EUR,HR,cost,industrial,,,2023-07-01,2023-12-31,0.2187,EUR/kWh,EUR,,primary
nrg_pc_205:MWH500-1999:X_TAX:EUR,HR,cost,industrial,,,2024-01-01,2024-06-30,0.1911,EUR/kWh,EUR,,primary
nrg_pc_205:MWH500-1999:X_TAX:EUR,HR,cost,industrial,,,2024-07-01,2024-12-31,0.1626,EUR/kWh,EUR,,primary
nrg_pc_205:MWH500-1999:X_TAX:EUR,HR,cost,industrial,,,2025-01-01,2025-06-30,0.16,EUR/kWh,EUR,,primary
nrg_pc_205:MWH500-1999:X_TAX:EUR,HR,cost,industrial,,,2025-07-01,2025-12-31,0.141,EUR/kWh,EUR,,primary
nrg_pc_205:MWH500-1999:X_TAX:EUR,HR,cost,industrial,,,2026-01-01,2026-06-30,0.1473,EUR/kWh,EUR,,primary
nrg_pc_205:MWH500-1999:X_TAX:EUR,HU,cost,industrial,,,2015-01-01,2015-06-30,0.0778,EUR/kWh,EUR,,primary
nrg_pc_205:MWH500-1999:X_TAX:EUR,HU,cost,industrial,,,2015-07-01,2015-12-31,0.0783,EUR/kWh,EUR,,primary
nrg_pc_205:MWH500-1999:X_TAX:EUR,HU,cost,industrial,,,2016-01-01,2016-06-30,0.0729,EUR/kWh,EUR,,primary
nrg_pc_205:MWH500-1999:X_TAX:EUR,HU,cost,industrial,,,2016-07-01,2016-12-31,0.0719,EUR/kWh,EUR,,primary
nrg_pc_205:MWH500-1999:X_TAX:EUR,HU,cost,industrial,,,2017-01-01,2017-06-30,0.0638,EUR/kWh,EUR,e,primary
nrg_pc_205:MWH500-1999:X_TAX:EUR,HU,cost,industrial,,,2017-07-01,2017-12-31,0.0649,EUR/kWh,EUR,,primary
nrg_pc_205:MWH500-1999:X_TAX:EUR,HU,cost,industrial,,,2018-01-01,2018-06-30,0.0738,EUR/kWh,EUR,,primary
nrg_pc_205:MWH500-1999:X_TAX:EUR,HU,cost,industrial,,,2018-07-01,2018-12-31,0.0737,EUR/kWh,EUR,,primary
nrg_pc_205:MWH500-1999:X_TAX:EUR,HU,cost,industrial,,,2019-01-01,2019-06-30,0.0861,EUR/kWh,EUR,,primary
nrg_pc_205:MWH500-1999:X_TAX:EUR,HU,cost,industrial,,,2019-07-01,2019-12-31,0.0856,EUR/kWh,EUR,,primary
nrg_pc_205:MWH500-1999:X_TAX:EUR,HU,cost,industrial,,,2020-01-01,2020-06-30,0.0849,EUR/kWh,EUR,,primary
nrg_pc_205:MWH500-1999:X_TAX:EUR,HU,cost,industrial,,,2020-07-01,2020-12-31,0.0833,EUR/kWh,EUR,,primary
nrg_pc_205:MWH500-1999:X_TAX:EUR,HU,cost,industrial,,,2021-01-01,2021-06-30,0.0819,EUR/kWh,EUR,,primary
nrg_pc_205:MWH500-1999:X_TAX:EUR,HU,cost,industrial,,,2021-07-01,2021-12-31,0.0998,EUR/kWh,EUR,,primary
nrg_pc_205:MWH500-1999:X_TAX:EUR,HU,cost,industrial,,,2022-01-01,2022-06-30,0.1739,EUR/kWh,EUR,,primary
nrg_pc_205:MWH500-1999:X_TAX:EUR,HU,cost,industrial,,,2022-07-01,2022-12-31,0.2204,EUR/kWh,EUR,,primary
nrg_pc_205:MWH500-1999:X_TAX:EUR,HU,cost,industrial,,,2023-01-01,2023-06-30,0.2996,EUR/kWh,EUR,,primary
nrg_pc_205:MWH500-1999:X_TAX:EUR,HU,cost,industrial,,,2023-07-01,2023-12-31,0.2608,EUR/kWh,EUR,,primary
nrg_pc_205:MWH500-1999:X_TAX:EUR,HU,cost,industrial,,,2024-01-01,2024-06-30,0.2055,EUR/kWh,EUR,,primary
nrg_pc_205:MWH500-1999:X_TAX:EUR,HU,cost,industrial,,,2024-07-01,2024-12-31,0.2138,EUR/kWh,EUR,,primary
nrg_pc_205:MWH500-1999:X_TAX:EUR,HU,cost,industrial,,,2025-01-01,2025-06-30,0.1947,EUR/kWh,EUR,,primary
nrg_pc_205:MWH500-1999:X_TAX:EUR,HU,cost,industrial,,,2025-07-01,2025-12-31,0.1963,EUR/kWh,EUR,,primary
nrg_pc_205:MWH500-1999:X_TAX:EUR,HU,cost,industrial,,,2026-01-01,2026-06-30,0.1952,EUR/kWh,EUR,,primary
nrg_pc_205:MWH500-1999:X_TAX:EUR,IE,cost,industrial,,,2015-01-01,2015-06-30,0.1294,EUR/kWh,EUR,,primary
nrg_pc_205:MWH500-1999:X_TAX:EUR,IE,cost,industrial,,,2015-07-01,2015-12-31,0.1231,EUR/kWh,EUR,,primary
nrg_pc_205:MWH500-1999:X_TAX:EUR,IE,cost,industrial,,,2016-01-01,2016-06-30,0.1198,EUR/kWh,EUR,,primary
nrg_pc_205:MWH500-1999:X_TAX:EUR,IE,cost,industrial,,,2016-07-01,2016-12-31,0.1115,EUR/kWh,EUR,,primary
nrg_pc_205:MWH500-1999:X_TAX:EUR,IE,cost,industrial,,,2017-01-01,2017-06-30,0.1095,EUR/kWh,EUR,,primary
nrg_pc_205:MWH500-1999:X_TAX:EUR,IE,cost,industrial,,,2017-07-01,2017-12-31,0.1093,EUR/kWh,EUR,,primary
nrg_pc_205:MWH500-1999:X_TAX:EUR,IE,cost,industrial,,,2018-01-01,2018-06-30,0.1171,EUR/kWh,EUR,,primary
nrg_pc_205:MWH500-1999:X_TAX:EUR,IE,cost,industrial,,,2018-07-01,2018-12-31,0.124,EUR/kWh,EUR,,primary
nrg_pc_205:MWH500-1999:X_TAX:EUR,IE,cost,industrial,,,2019-01-01,2019-06-30,0.1294,EUR/kWh,EUR,,primary
nrg_pc_205:MWH500-1999:X_TAX:EUR,IE,cost,industrial,,,2019-07-01,2019-12-31,0.1273,EUR/kWh,EUR,,primary
nrg_pc_205:MWH500-1999:X_TAX:EUR,IE,cost,industrial,,,2020-01-01,2020-06-30,0.1261,EUR/kWh,EUR,,primary
nrg_pc_205:MWH500-1999:X_TAX:EUR,IE,cost,industrial,,,2020-07-01,2020-12-31,0.1252,EUR/kWh,EUR,,primary
nrg_pc_205:MWH500-1999:X_TAX:EUR,IE,cost,industrial,,,2021-01-01,2021-06-30,0.1378,EUR/kWh,EUR,,primary
nrg_pc_205:MWH500-1999:X_TAX:EUR,IE,cost,industrial,,,2021-07-01,2021-12-31,0.1778,EUR/kWh,EUR,,primary
nrg_pc_205:MWH500-1999:X_TAX:EUR,IE,cost,industrial,,,2022-01-01,2022-06-30,0.2104,EUR/kWh,EUR,,primary
nrg_pc_205:MWH500-1999:X_TAX:EUR,IE,cost,industrial,,,2022-07-01,2022-12-31,0.2834,EUR/kWh,EUR,,primary
nrg_pc_205:MWH500-1999:X_TAX:EUR,IE,cost,industrial,,,2023-01-01,2023-06-30,0.294,EUR/kWh,EUR,,primary
nrg_pc_205:MWH500-1999:X_TAX:EUR,IE,cost,industrial,,,2023-07-01,2023-12-31,0.2691,EUR/kWh,EUR,,primary
nrg_pc_205:MWH500-1999:X_TAX:EUR,IE,cost,industrial,,,2024-01-01,2024-06-30,0.2543,EUR/kWh,EUR,,primary
nrg_pc_205:MWH500-1999:X_TAX:EUR,IE,cost,industrial,,,2024-07-01,2024-12-31,0.2505,EUR/kWh,EUR,,primary
nrg_pc_205:MWH500-1999:X_TAX:EUR,IE,cost,industrial,,,2025-01-01,2025-06-30,0.2652,EUR/kWh,EUR,,primary
nrg_pc_205:MWH500-1999:X_TAX:EUR,IE,cost,industrial,,,2025-07-01,2025-12-31,0.2478,EUR/kWh,EUR,,primary
nrg_pc_205:MWH500-1999:X_TAX:EUR,IE,cost,industrial,,,2026-01-01,2026-06-30,0.2636,EUR/kWh,EUR,,primary
nrg_pc_205:MWH500-1999:X_TAX:EUR,IT,cost,industrial,,,2015-01-01,2015-06-30,0.0943,EUR/kWh,EUR,,primary
nrg_pc_205:MWH500-1999:X_TAX:EUR,IT,cost,industrial,,,2015-07-01,2015-12-31,0.0919,EUR/kWh,EUR,,primary
nrg_pc_205:MWH500-1999:X_TAX:EUR,IT,cost,industrial,,,2016-01-01,2016-06-30,0.0841,EUR/kWh,EUR,,primary
nrg_pc_205:MWH500-1999:X_TAX:EUR,IT,cost,industrial,,,2016-07-01,2016-12-31,0.0879,EUR/kWh,EUR,,primary
nrg_pc_205:MWH500-1999:X_TAX:EUR,IT,cost,industrial,,,2017-01-01,2017-06-30,0.0829,EUR/kWh,EUR,,primary
nrg_pc_205:MWH500-1999:X_TAX:EUR,IT,cost,industrial,,,2017-07-01,2017-12-31,0.0813,EUR/kWh,EUR,,primary
nrg_pc_205:MWH500-1999:X_TAX:EUR,IT,cost,industrial,,,2018-01-01,2018-06-30,0.0892,EUR/kWh,EUR,,primary
nrg_pc_205:MWH500-1999:X_TAX:EUR,IT,cost,industrial,,,2018-07-01,2018-12-31,0.0885,EUR/kWh,EUR,,primary
nrg_pc_205:MWH500-1999:X_TAX:EUR,IT,cost,industrial,,,2019-01-01,2019-06-30,0.0952,EUR/kWh,EUR,,primary
nrg_pc_205:MWH500-1999:X_TAX:EUR,IT,cost,industrial,,,2019-07-01,2019-12-31,0.093,EUR/kWh,EUR,,primary
nrg_pc_205:MWH500-1999:X_TAX:EUR,IT,cost,industrial,,,2020-01-01,2020-06-30,0.0856,EUR/kWh,EUR,,primary
nrg_pc_205:MWH500-1999:X_TAX:EUR,IT,cost,industrial,,,2020-07-01,2020-12-31,0.0878,EUR/kWh,EUR,,primary
nrg_pc_205:MWH500-1999:X_TAX:EUR,IT,cost,industrial,,,2021-01-01,2021-06-30,0.0939,EUR/kWh,EUR,,primary
nrg_pc_205:MWH500-1999:X_TAX:EUR,IT,cost,industrial,,,2021-07-01,2021-12-31,0.1403,EUR/kWh,EUR,,primary
nrg_pc_205:MWH500-1999:X_TAX:EUR,IT,cost,industrial,,,2022-01-01,2022-06-30,0.2354,EUR/kWh,EUR,,primary
nrg_pc_205:MWH500-1999:X_TAX:EUR,IT,cost,industrial,,,2022-07-01,2022-12-31,0.3257,EUR/kWh,EUR,,primary
nrg_pc_205:MWH500-1999:X_TAX:EUR,IT,cost,industrial,,,2023-01-01,2023-06-30,0.2031,EUR/kWh,EUR,,primary
nrg_pc_205:MWH500-1999:X_TAX:EUR,IT,cost,industrial,,,2023-07-01,2023-12-31,0.1771,EUR/kWh,EUR,,primary
nrg_pc_205:MWH500-1999:X_TAX:EUR,IT,cost,industrial,,,2024-01-01,2024-06-30,0.1515,EUR/kWh,EUR,,primary
nrg_pc_205:MWH500-1999:X_TAX:EUR,IT,cost,industrial,,,2024-07-01,2024-12-31,0.166,EUR/kWh,EUR,,primary
nrg_pc_205:MWH500-1999:X_TAX:EUR,IT,cost,industrial,,,2025-01-01,2025-06-30,0.1774,EUR/kWh,EUR,,primary
nrg_pc_205:MWH500-1999:X_TAX:EUR,IT,cost,industrial,,,2025-07-01,2025-12-31,0.168,EUR/kWh,EUR,,primary
nrg_pc_205:MWH500-1999:X_TAX:EUR,IT,cost,industrial,,,2026-01-01,2026-06-30,0.1744,EUR/kWh,EUR,,primary
nrg_pc_205:MWH500-1999:X_TAX:EUR,LT,cost,industrial,,,2015-01-01,2015-06-30,0.0818,EUR/kWh,EUR,,primary
nrg_pc_205:MWH500-1999:X_TAX:EUR,LT,cost,industrial,,,2015-07-01,2015-12-31,0.0828,EUR/kWh,EUR,,primary
nrg_pc_205:MWH500-1999:X_TAX:EUR,LT,cost,industrial,,,2016-01-01,2016-06-30,0.0777,EUR/kWh,EUR,,primary
nrg_pc_205:MWH500-1999:X_TAX:EUR,LT,cost,industrial,,,2016-07-01,2016-12-31,0.073,EUR/kWh,EUR,,primary
nrg_pc_205:MWH500-1999:X_TAX:EUR,LT,cost,industrial,,,2017-01-01,2017-06-30,0.0696,EUR/kWh,EUR,,primary
nrg_pc_205:MWH500-1999:X_TAX:EUR,LT,cost,industrial,,,2017-07-01,2017-12-31,0.0686,EUR/kWh,EUR,,primary
nrg_pc_205:MWH500-1999:X_TAX:EUR,LT,cost,industrial,,,2018-01-01,2018-06-30,0.0701,EUR/kWh,EUR,,primary
nrg_pc_205:MWH500-1999:X_TAX:EUR,LT,cost,industrial,,,2018-07-01,2018-12-31,0.0762,EUR/kWh,EUR,,primary
nrg_pc_205:MWH500-1999:X_TAX:EUR,LT,cost,industrial,,,2019-01-01,2019-06-30,0.0833,EUR/kWh,EUR,,primary
nrg_pc_205:MWH500-1999:X_TAX:EUR,LT,cost,industrial,,,2019-07-01,2019-12-31,0.0853,EUR/kWh,EUR,,primary
nrg_pc_205:MWH500-1999:X_TAX:EUR,LT,cost,industrial,,,2020-01-01,2020-06-30,0.0871,EUR/kWh,EUR,,primary
nrg_pc_205:MWH500-1999:X_TAX:EUR,LT,cost,industrial,,,2020-07-01,2020-12-31,0.0901,EUR/kWh,EUR,,primary
nrg_pc_205:MWH500-1999:X_TAX:EUR,LT,cost,industrial,,,2021-01-01,2021-06-30,0.0932,EUR/kWh,EUR,,primary
nrg_pc_205:MWH500-1999:X_TAX:EUR,LT,cost,industrial,,,2021-07-01,2021-12-31,0.1294,EUR/kWh,EUR,,primary
nrg_pc_205:MWH500-1999:X_TAX:EUR,LT,cost,industrial,,,2022-01-01,2022-06-30,0.1758,EUR/kWh,EUR,,primary
nrg_pc_205:MWH500-1999:X_TAX:EUR,LT,cost,industrial,,,2022-07-01,2022-12-31,0.3294,EUR/kWh,EUR,,primary
nrg_pc_205:MWH500-1999:X_TAX:EUR,LT,cost,industrial,,,2023-01-01,2023-06-30,0.1741,EUR/kWh,EUR,,primary
nrg_pc_205:MWH500-1999:X_TAX:EUR,LT,cost,industrial,,,2023-07-01,2023-12-31,0.1688,EUR/kWh,EUR,,primary
nrg_pc_205:MWH500-1999:X_TAX:EUR,LT,cost,industrial,,,2024-01-01,2024-06-30,0.1684,EUR/kWh,EUR,,primary
nrg_pc_205:MWH500-1999:X_TAX:EUR,LT,cost,industrial,,,2024-07-01,2024-12-31,0.1636,EUR/kWh,EUR,,primary
nrg_pc_205:MWH500-1999:X_TAX:EUR,LT,cost,industrial,,,2025-01-01,2025-06-30,0.1598,EUR/kWh,EUR,,primary
nrg_pc_205:MWH500-1999:X_TAX:EUR,LT,cost,industrial,,,2025-07-01,2025-12-31,0.1588,EUR/kWh,EUR,,primary
nrg_pc_205:MWH500-1999:X_TAX:EUR,LT,cost,industrial,,,2026-01-01,2026-06-30,0.1763,EUR/kWh,EUR,,primary
nrg_pc_205:MWH500-1999:X_TAX:EUR,LU,cost,industrial,,,2015-01-01,2015-06-30,0.0842,EUR/kWh,EUR,,primary
nrg_pc_205:MWH500-1999:X_TAX:EUR,LU,cost,industrial,,,2015-07-01,2015-12-31,0.0804,EUR/kWh,EUR,,primary
nrg_pc_205:MWH500-1999:X_TAX:EUR,LU,cost,industrial,,,2016-01-01,2016-06-30,0.0784,EUR/kWh,EUR,,primary
nrg_pc_205:MWH500-1999:X_TAX:EUR,LU,cost,industrial,,,2016-07-01,2016-12-31,0.0767,EUR/kWh,EUR,,primary
nrg_pc_205:MWH500-1999:X_TAX:EUR,LU,cost,industrial,,,2017-01-01,2017-06-30,0.0696,EUR/kWh,EUR,,primary
nrg_pc_205:MWH500-1999:X_TAX:EUR,LU,cost,industrial,,,2017-07-01,2017-12-31,0.0719,EUR/kWh,EUR,,primary
nrg_pc_205:MWH500-1999:X_TAX:EUR,LU,cost,industrial,,,2018-01-01,2018-06-30,0.0746,EUR/kWh,EUR,,primary
nrg_pc_205:MWH500-1999:X_TAX:EUR,LU,cost,industrial,,,2018-07-01,2018-12-31,0.0754,EUR/kWh,EUR,,primary
nrg_pc_205:MWH500-1999:X_TAX:EUR,LU,cost,industrial,,,2019-01-01,2019-06-30,0.0816,EUR/kWh,EUR,,primary
nrg_pc_205:MWH500-1999:X_TAX:EUR,LU,cost,industrial,,,2019-07-01,2019-12-31,0.0822,EUR/kWh,EUR,,primary
nrg_pc_205:MWH500-1999:X_TAX:EUR,LU,cost,industrial,,,2020-01-01,2020-06-30,0.0824,EUR/kWh,EUR,,primary
nrg_pc_205:MWH500-1999:X_TAX:EUR,LU,cost,industrial,,,2020-07-01,2020-12-31,0.0832,EUR/kWh,EUR,,primary
nrg_pc_205:MWH500-1999:X_TAX:EUR,LU,cost,industrial,,,2021-01-01,2021-06-30,0.0836,EUR/kWh,EUR,,primary
nrg_pc_205:MWH500-1999:X_TAX:EUR,LU,cost,industrial,,,2021-07-01,2021-12-31,0.0855,EUR/kWh,EUR,,primary
nrg_pc_205:MWH500-1999:X_TAX:EUR,LU,cost,industrial,,,2022-01-01,2022-06-30,0.123,EUR/kWh,EUR,,primary
nrg_pc_205:MWH500-1999:X_TAX:EUR,LU,cost,industrial,,,2022-07-01,2022-12-31,0.1441,EUR/kWh,EUR,,primary
nrg_pc_205:MWH500-1999:X_TAX:EUR,LU,cost,industrial,,,2023-01-01,2023-06-30,0.2477,EUR/kWh,EUR,,primary
nrg_pc_205:MWH500-1999:X_TAX:EUR,LU,cost,industrial,,,2023-07-01,2023-12-31,0.2332,EUR/kWh,EUR,,primary
nrg_pc_205:MWH500-1999:X_TAX:EUR,LU,cost,industrial,,,2024-01-01,2024-06-30,0.2041,EUR/kWh,EUR,,primary
nrg_pc_205:MWH500-1999:X_TAX:EUR,LU,cost,industrial,,,2024-07-01,2024-12-31,0.2018,EUR/kWh,EUR,,primary
nrg_pc_205:MWH500-1999:X_TAX:EUR,LU,cost,industrial,,,2025-01-01,2025-06-30,0.1763,EUR/kWh,EUR,,primary
nrg_pc_205:MWH500-1999:X_TAX:EUR,LU,cost,industrial,,,2025-07-01,2025-12-31,0.1709,EUR/kWh,EUR,,primary
nrg_pc_205:MWH500-1999:X_TAX:EUR,LU,cost,industrial,,,2026-01-01,2026-06-30,0.1333,EUR/kWh,EUR,,primary
nrg_pc_205:MWH500-1999:X_TAX:EUR,LV,cost,industrial,,,2015-01-01,2015-06-30,0.091,EUR/kWh,EUR,,primary
nrg_pc_205:MWH500-1999:X_TAX:EUR,LV,cost,industrial,,,2015-07-01,2015-12-31,0.0915,EUR/kWh,EUR,,primary
nrg_pc_205:MWH500-1999:X_TAX:EUR,LV,cost,industrial,,,2016-01-01,2016-06-30,0.0897,EUR/kWh,EUR,,primary
nrg_pc_205:MWH500-1999:X_TAX:EUR,LV,cost,industrial,,,2016-07-01,2016-12-31,0.0933,EUR/kWh,EUR,,primary
nrg_pc_205:MWH500-1999:X_TAX:EUR,LV,cost,industrial,,,2017-01-01,2017-06-30,0.0911,EUR/kWh,EUR,,primary
nrg_pc_205:MWH500-1999:X_TAX:EUR,LV,cost,industrial,,,2017-07-01,2017-12-31,0.0891,EUR/kWh,EUR,,primary
nrg_pc_205:MWH500-1999:X_TAX:EUR,LV,cost,industrial,,,2018-01-01,2018-06-30,0.0811,EUR/kWh,EUR,,primary
nrg_pc_205:MWH500-1999:X_TAX:EUR,LV,cost,industrial,,,2018-07-01,2018-12-31,0.0833,EUR/kWh,EUR,,primary
nrg_pc_205:MWH500-1999:X_TAX:EUR,LV,cost,industrial,,,2019-01-01,2019-06-30,0.0837,EUR/kWh,EUR,,primary
nrg_pc_205:MWH500-1999:X_TAX:EUR,LV,cost,industrial,,,2019-07-01,2019-12-31,0.0854,EUR/kWh,EUR,,primary
nrg_pc_205:MWH500-1999:X_TAX:EUR,LV,cost,industrial,,,2020-01-01,2020-06-30,0.0813,EUR/kWh,EUR,,primary
nrg_pc_205:MWH500-1999:X_TAX:EUR,LV,cost,industrial,,,2020-07-01,2020-12-31,0.0839,EUR/kWh,EUR,,primary
nrg_pc_205:MWH500-1999:X_TAX:EUR,LV,cost,industrial,,,2021-01-01,2021-06-30,0.0849,EUR/kWh,EUR,,primary
nrg_pc_205:MWH500-1999:X_TAX:EUR,LV,cost,industrial,,,2021-07-01,2021-12-31,0.1191,EUR/kWh,EUR,,primary
nrg_pc_205:MWH500-1999:X_TAX:EUR,LV,cost,industrial,,,2022-01-01,2022-06-30,0.1467,EUR/kWh,EUR,,primary
nrg_pc_205:MWH500-1999:X_TAX:EUR,LV,cost,industrial,,,2022-07-01,2022-12-31,0.2292,EUR/kWh,EUR,,primary
nrg_pc_205:MWH500-1999:X_TAX:EUR,LV,cost,industrial,,,2023-01-01,2023-06-30,0.1685,EUR/kWh,EUR,,primary
nrg_pc_205:MWH500-1999:X_TAX:EUR,LV,cost,industrial,,,2023-07-01,2023-12-31,0.1495,EUR/kWh,EUR,,primary
nrg_pc_205:MWH500-1999:X_TAX:EUR,LV,cost,industrial,,,2024-01-01,2024-06-30,0.1451,EUR/kWh,EUR,,primary
nrg_pc_205:MWH500-1999:X_TAX:EUR,LV,cost,industrial,,,2024-07-01,2024-12-31,0.1446,EUR/kWh,EUR,,primary
nrg_pc_205:MWH500-1999:X_TAX:EUR,LV,cost,industrial,,,2025-01-01,2025-06-30,0.1354,EUR/kWh,EUR,,primary
nrg_pc_205:MWH500-1999:X_TAX:EUR,LV,cost,industrial,,,2025-07-01,2025-12-31,0.1335,EUR/kWh,EUR,,primary
nrg_pc_205:MWH500-1999:X_TAX:EUR,LV,cost,industrial,,,2026-01-01,2026-06-30,0.1354,EUR/kWh,EUR,,primary
nrg_pc_205:MWH500-1999:X_TAX:EUR,MT,cost,industrial,,,2015-01-01,2015-06-30,0.1599,EUR/kWh,EUR,,primary
nrg_pc_205:MWH500-1999:X_TAX:EUR,MT,cost,industrial,,,2015-07-01,2015-12-31,0.1405,EUR/kWh,EUR,,primary
nrg_pc_205:MWH500-1999:X_TAX:EUR,MT,cost,industrial,,,2016-01-01,2016-06-30,0.1422,EUR/kWh,EUR,,primary
nrg_pc_205:MWH500-1999:X_TAX:EUR,MT,cost,industrial,,,2016-07-01,2016-12-31,0.1399,EUR/kWh,EUR,,primary
nrg_pc_205:MWH500-1999:X_TAX:EUR,MT,cost,industrial,,,2017-01-01,2017-06-30,0.1336,EUR/kWh,EUR,,primary
nrg_pc_205:MWH500-1999:X_TAX:EUR,MT,cost,industrial,,,2017-07-01,2017-12-31,0.1349,EUR/kWh,EUR,,primary
nrg_pc_205:MWH500-1999:X_TAX:EUR,MT,cost,industrial,,,2018-01-01,2018-06-30,0.1331,EUR/kWh,EUR,,primary
nrg_pc_205:MWH500-1999:X_TAX:EUR,MT,cost,industrial,,,2018-07-01,2018-12-31,0.1337,EUR/kWh,EUR,,primary
nrg_pc_205:MWH500-1999:X_TAX:EUR,MT,cost,industrial,,,2019-01-01,2019-06-30,0.133,EUR/kWh,EUR,,primary
nrg_pc_205:MWH500-1999:X_TAX:EUR,MT,cost,industrial,,,2019-07-01,2019-12-31,0.134,EUR/kWh,EUR,,primary
nrg_pc_205:MWH500-1999:X_TAX:EUR,MT,cost,industrial,,,2020-01-01,2020-06-30,0.1328,EUR/kWh,EUR,,primary
nrg_pc_205:MWH500-1999:X_TAX:EUR,MT,cost,industrial,,,2020-07-01,2020-12-31,0.1327,EUR/kWh,EUR,,primary
nrg_pc_205:MWH500-1999:X_TAX:EUR,MT,cost,industrial,,,2021-01-01,2021-06-30,0.133,EUR/kWh,EUR,,primary
nrg_pc_205:MWH500-1999:X_TAX:EUR,MT,cost,industrial,,,2021-07-01,2021-12-31,0.1386,EUR/kWh,EUR,,primary
nrg_pc_205:MWH500-1999:X_TAX:EUR,MT,cost,industrial,,,2022-01-01,2022-06-30,0.1332,EUR/kWh,EUR,,primary
nrg_pc_205:MWH500-1999:X_TAX:EUR,MT,cost,industrial,,,2022-07-01,2022-12-31,0.1333,EUR/kWh,EUR,,primary
nrg_pc_205:MWH500-1999:X_TAX:EUR,MT,cost,industrial,,,2023-01-01,2023-06-30,0.1396,EUR/kWh,EUR,,primary
nrg_pc_205:MWH500-1999:X_TAX:EUR,MT,cost,industrial,,,2023-07-01,2023-12-31,0.1396,EUR/kWh,EUR,,primary
nrg_pc_205:MWH500-1999:X_TAX:EUR,MT,cost,industrial,,,2024-01-01,2024-06-30,0.1394,EUR/kWh,EUR,,primary
nrg_pc_205:MWH500-1999:X_TAX:EUR,MT,cost,industrial,,,2024-07-01,2024-12-31,0.1331,EUR/kWh,EUR,,primary
nrg_pc_205:MWH500-1999:X_TAX:EUR,MT,cost,industrial,,,2025-01-01,2025-06-30,0.1336,EUR/kWh,EUR,,primary
nrg_pc_205:MWH500-1999:X_TAX:EUR,MT,cost,industrial,,,2025-07-01,2025-12-31,0.1344,EUR/kWh,EUR,,primary
nrg_pc_205:MWH500-1999:X_TAX:EUR,MT,cost,industrial,,,2026-01-01,2026-06-30,0.1343,EUR/kWh,EUR,p,primary
nrg_pc_205:MWH500-1999:X_TAX:EUR,NL,cost,industrial,,,2015-01-01,2015-06-30,0.0722,EUR/kWh,EUR,,primary
nrg_pc_205:MWH500-1999:X_TAX:EUR,NL,cost,industrial,,,2015-07-01,2015-12-31,0.0712,EUR/kWh,EUR,,primary
nrg_pc_205:MWH500-1999:X_TAX:EUR,NL,cost,industrial,,,2016-01-01,2016-06-30,0.0652,EUR/kWh,EUR,,primary
nrg_pc_205:MWH500-1999:X_TAX:EUR,NL,cost,industrial,,,2016-07-01,2016-12-31,0.0657,EUR/kWh,EUR,,primary
nrg_pc_205:MWH500-1999:X_TAX:EUR,NL,cost,industrial,,,2017-01-01,2017-06-30,0.063,EUR/kWh,EUR,,primary
nrg_pc_205:MWH500-1999:X_TAX:EUR,NL,cost,industrial,,,2017-07-01,2017-12-31,0.063,EUR/kWh,EUR,,primary
nrg_pc_205:MWH500-1999:X_TAX:EUR,NL,cost,industrial,,,2018-01-01,2018-06-30,0.065,EUR/kWh,EUR,,primary
nrg_pc_205:MWH500-1999:X_TAX:EUR,NL,cost,industrial,,,2018-07-01,2018-12-31,0.066,EUR/kWh,EUR,,primary
nrg_pc_205:MWH500-1999:X_TAX:EUR,NL,cost,industrial,,,2019-01-01,2019-06-30,0.073,EUR/kWh,EUR,,primary
nrg_pc_205:MWH500-1999:X_TAX:EUR,NL,cost,industrial,,,2019-07-01,2019-12-31,0.074,EUR/kWh,EUR,,primary
nrg_pc_205:MWH500-1999:X_TAX:EUR,NL,cost,industrial,,,2020-01-01,2020-06-30,0.0739,EUR/kWh,EUR,,primary
nrg_pc_205:MWH500-1999:X_TAX:EUR,NL,cost,industrial,,,2020-07-01,2020-12-31,0.0749,EUR/kWh,EUR,,primary
nrg_pc_205:MWH500-1999:X_TAX:EUR,NL,cost,industrial,,,2021-01-01,2021-06-30,0.0775,EUR/kWh,EUR,,primary
nrg_pc_205:MWH500-1999:X_TAX:EUR,NL,cost,industrial,,,2021-07-01,2021-12-31,0.0935,EUR/kWh,EUR,,primary
nrg_pc_205:MWH500-1999:X_TAX:EUR,NL,cost,industrial,,,2022-01-01,2022-06-30,0.1384,EUR/kWh,EUR,,primary
nrg_pc_205:MWH500-1999:X_TAX:EUR,NL,cost,industrial,,,2022-07-01,2022-12-31,0.151,EUR/kWh,EUR,,primary
nrg_pc_205:MWH500-1999:X_TAX:EUR,NL,cost,industrial,,,2023-01-01,2023-06-30,0.2002,EUR/kWh,EUR,,primary
nrg_pc_205:MWH500-1999:X_TAX:EUR,NL,cost,industrial,,,2023-07-01,2023-12-31,0.1786,EUR/kWh,EUR,,primary
nrg_pc_205:MWH500-1999:X_TAX:EUR,NL,cost,industrial,,,2024-01-01,2024-06-30,0.1663,EUR/kWh,EUR,,primary
nrg_pc_205:MWH500-1999:X_TAX:EUR,NL,cost,industrial,,,2024-07-01,2024-12-31,0.1716,EUR/kWh,EUR,,primary
nrg_pc_205:MWH500-1999:X_TAX:EUR,NL,cost,industrial,,,2025-01-01,2025-06-30,0.1685,EUR/kWh,EUR,,primary
nrg_pc_205:MWH500-1999:X_TAX:EUR,NL,cost,industrial,,,2025-07-01,2025-12-31,0.1628,EUR/kWh,EUR,,primary
nrg_pc_205:MWH500-1999:X_TAX:EUR,NL,cost,industrial,,,2026-01-01,2026-06-30,0.163,EUR/kWh,EUR,,primary
nrg_pc_205:MWH500-1999:X_TAX:EUR,PL,cost,industrial,,,2015-01-01,2015-06-30,0.0833,EUR/kWh,EUR,,primary
nrg_pc_205:MWH500-1999:X_TAX:EUR,PL,cost,industrial,,,2015-07-01,2015-12-31,0.0813,EUR/kWh,EUR,,primary
nrg_pc_205:MWH500-1999:X_TAX:EUR,PL,cost,industrial,,,2016-01-01,2016-06-30,0.0762,EUR/kWh,EUR,,primary
nrg_pc_205:MWH500-1999:X_TAX:EUR,PL,cost,industrial,,,2016-07-01,2016-12-31,0.0769,EUR/kWh,EUR,,primary
nrg_pc_205:MWH500-1999:X_TAX:EUR,PL,cost,industrial,,,2017-01-01,2017-06-30,0.0673,EUR/kWh,EUR,,primary
nrg_pc_205:MWH500-1999:X_TAX:EUR,PL,cost,industrial,,,2017-07-01,2017-12-31,0.0651,EUR/kWh,EUR,,primary
nrg_pc_205:MWH500-1999:X_TAX:EUR,PL,cost,industrial,,,2018-01-01,2018-06-30,0.0648,EUR/kWh,EUR,,primary
nrg_pc_205:MWH500-1999:X_TAX:EUR,PL,cost,industrial,,,2018-07-01,2018-12-31,0.0649,EUR/kWh,EUR,,primary
nrg_pc_205:MWH500-1999:X_TAX:EUR,PL,cost,industrial,,,2019-01-01,2019-06-30,0.0795,EUR/kWh,EUR,,primary
nrg_pc_205:MWH500-1999:X_TAX:EUR,PL,cost,industrial,,,2019-07-01,2019-12-31,0.063,EUR/kWh,EUR,,primary
nrg_pc_205:MWH500-1999:X_TAX:EUR,PL,cost,industrial,,,2020-01-01,2020-06-30,0.08,EUR/kWh,EUR,,primary
nrg_pc_205:MWH500-1999:X_TAX:EUR,PL,cost,industrial,,,2020-07-01,2020-12-31,0.0784,EUR/kWh,EUR,,primary
nrg_pc_205:MWH500-1999:X_TAX:EUR,PL,cost,industrial,,,2021-01-01,2021-06-30,0.0731,EUR/kWh,EUR,,primary
nrg_pc_205:MWH500-1999:X_TAX:EUR,PL,cost,industrial,,,2021-07-01,2021-12-31,0.0685,EUR/kWh,EUR,,primary
nrg_pc_205:MWH500-1999:X_TAX:EUR,PL,cost,industrial,,,2022-01-01,2022-06-30,0.0988,EUR/kWh,EUR,,primary
nrg_pc_205:MWH500-1999:X_TAX:EUR,PL,cost,industrial,,,2022-07-01,2022-12-31,0.1115,EUR/kWh,EUR,,primary
nrg_pc_205:MWH500-1999:X_TAX:EUR,PL,cost,industrial,,,2023-01-01,2023-06-30,0.1404,EUR/kWh,EUR,,primary
nrg_pc_205:MWH500-1999:X_TAX:EUR,PL,cost,industrial,,,2023-07-01,2023-12-31,0.138,EUR/kWh,EUR,,primary
nrg_pc_205:MWH500-1999:X_TAX:EUR,PL,cost,industrial,,,2024-01-01,2024-06-30,0.1271,EUR/kWh,EUR,,primary
nrg_pc_205:MWH500-1999:X_TAX:EUR,PL,cost,industrial,,,2024-07-01,2024-12-31,0.1325,EUR/kWh,EUR,,primary
nrg_pc_205:MWH500-1999:X_TAX:EUR,PL,cost,industrial,,,2025-01-01,2025-06-30,0.1295,EUR/kWh,EUR,,primary
nrg_pc_205:MWH500-1999:X_TAX:EUR,PL,cost,industrial,,,2025-07-01,2025-12-31,0.1243,EUR/kWh,EUR,,primary
nrg_pc_205:MWH500-1999:X_TAX:EUR,PL,cost,industrial,,,2026-01-01,2026-06-30,0.1263,EUR/kWh,EUR,,primary
nrg_pc_205:MWH500-1999:X_TAX:EUR,PT,cost,industrial,,,2015-01-01,2015-06-30,0.0989,EUR/kWh,EUR,,primary
nrg_pc_205:MWH500-1999:X_TAX:EUR,PT,cost,industrial,,,2015-07-01,2015-12-31,0.1001,EUR/kWh,EUR,,primary
nrg_pc_205:MWH500-1999:X_TAX:EUR,PT,cost,industrial,,,2016-01-01,2016-06-30,0.0943,EUR/kWh,EUR,,primary
nrg_pc_205:MWH500-1999:X_TAX:EUR,PT,cost,industrial,,,2016-07-01,2016-12-31,0.0948,EUR/kWh,EUR,,primary
nrg_pc_205:MWH500-1999:X_TAX:EUR,PT,cost,industrial,,,2017-01-01,2017-06-30,0.0835,EUR/kWh,EUR,,primary
nrg_pc_205:MWH500-1999:X_TAX:EUR,PT,cost,industrial,,,2017-07-01,2017-12-31,0.0837,EUR/kWh,EUR,,primary
nrg_pc_205:MWH500-1999:X_TAX:EUR,PT,cost,industrial,,,2018-01-01,2018-06-30,0.0781,EUR/kWh,EUR,,primary
nrg_pc_205:MWH500-1999:X_TAX:EUR,PT,cost,industrial,,,2018-07-01,2018-12-31,0.0814,EUR/kWh,EUR,,primary
nrg_pc_205:MWH500-1999:X_TAX:EUR,PT,cost,industrial,,,2019-01-01,2019-06-30,0.0869,EUR/kWh,EUR,,primary
nrg_pc_205:MWH500-1999:X_TAX:EUR,PT,cost,industrial,,,2019-07-01,2019-12-31,0.086,EUR/kWh,EUR,,primary
nrg_pc_205:MWH500-1999:X_TAX:EUR,PT,cost,industrial,,,2020-01-01,2020-06-30,0.0794,EUR/kWh,EUR,,primary
nrg_pc_205:MWH500-1999:X_TAX:EUR,PT,cost,industrial,,,2020-07-01,2020-12-31,0.0781,EUR/kWh,EUR,,primary
nrg_pc_205:MWH500-1999:X_TAX:EUR,PT,cost,industrial,,,2021-01-01,2021-06-30,0.0755,EUR/kWh,EUR,,primary
nrg_pc_205:MWH500-1999:X_TAX:EUR,PT,cost,industrial,,,2021-07-01,2021-12-31,0.0892,EUR/kWh,EUR,,primary
nrg_pc_205:MWH500-1999:X_TAX:EUR,PT,cost,industrial,,,2022-01-01,2022-06-30,0.1351,EUR/kWh,EUR,,primary
nrg_pc_205:MWH500-1999:X_TAX:EUR,PT,cost,industrial,,,2022-07-01,2022-12-31,0.1721,EUR/kWh,EUR,,primary
nrg_pc_205:MWH500-1999:X_TAX:EUR,PT,cost,industrial,,,2023-01-01,2023-06-30,0.1505,EUR/kWh,EUR,,primary
nrg_pc_205:MWH500-1999:X_TAX:EUR,PT,cost,industrial,,,2023-07-01,2023-12-31,0.1381,EUR/kWh,EUR,,primary
nrg_pc_205:MWH500-1999:X_TAX:EUR,PT,cost,industrial,,,2024-01-01,2024-06-30,0.1068,EUR/kWh,EUR,,primary
nrg_pc_205:MWH500-1999:X_TAX:EUR,PT,cost,industrial,,,2024-07-01,2024-12-31,0.1118,EUR/kWh,EUR,,primary
nrg_pc_205:MWH500-1999:X_TAX:EUR,PT,cost,industrial,,,2025-01-01,2025-06-30,0.1136,EUR/kWh,EUR,,primary
nrg_pc_205:MWH500-1999:X_TAX:EUR,PT,cost,industrial,,,2025-07-01,2025-12-31,0.1133,EUR/kWh,EUR,,primary
nrg_pc_205:MWH500-1999:X_TAX:EUR,PT,cost,industrial,,,2026-01-01,2026-06-30,0.1086,EUR/kWh,EUR,,primary
nrg_pc_205:MWH500-1999:X_TAX:EUR,RO,cost,industrial,,,2015-01-01,2015-06-30,0.0707,EUR/kWh,EUR,,primary
nrg_pc_205:MWH500-1999:X_TAX:EUR,RO,cost,industrial,,,2015-07-01,2015-12-31,0.0681,EUR/kWh,EUR,,primary
nrg_pc_205:MWH500-1999:X_TAX:EUR,RO,cost,industrial,,,2016-01-01,2016-06-30,0.0635,EUR/kWh,EUR,,primary
nrg_pc_205:MWH500-1999:X_TAX:EUR,RO,cost,industrial,,,2016-07-01,2016-12-31,0.0643,EUR/kWh,EUR,,primary
nrg_pc_205:MWH500-1999:X_TAX:EUR,RO,cost,industrial,,,2017-01-01,2017-06-30,0.0642,EUR/kWh,EUR,,primary
nrg_pc_205:MWH500-1999:X_TAX:EUR,RO,cost,industrial,,,2017-07-01,2017-12-31,0.0658,EUR/kWh,EUR,,primary
nrg_pc_205:MWH500-1999:X_TAX:EUR,RO,cost,industrial,,,2018-01-01,2018-06-30,0.071,EUR/kWh,EUR,,primary
nrg_pc_205:MWH500-1999:X_TAX:EUR,RO,cost,industrial,,,2018-07-01,2018-12-31,0.0734,EUR/kWh,EUR,,primary
nrg_pc_205:MWH500-1999:X_TAX:EUR,RO,cost,industrial,,,2019-01-01,2019-06-30,0.0821,EUR/kWh,EUR,,primary
nrg_pc_205:MWH500-1999:X_TAX:EUR,RO,cost,industrial,,,2019-07-01,2019-12-31,0.0853,EUR/kWh,EUR,,primary
nrg_pc_205:MWH500-1999:X_TAX:EUR,RO,cost,industrial,,,2020-01-01,2020-06-30,0.089,EUR/kWh,EUR,,primary
nrg_pc_205:MWH500-1999:X_TAX:EUR,RO,cost,industrial,,,2020-07-01,2020-12-31,0.0848,EUR/kWh,EUR,,primary
nrg_pc_205:MWH500-1999:X_TAX:EUR,RO,cost,industrial,,,2021-01-01,2021-06-30,0.0824,EUR/kWh,EUR,,primary
nrg_pc_205:MWH500-1999:X_TAX:EUR,RO,cost,industrial,,,2021-07-01,2021-12-31,0.113,EUR/kWh,EUR,,primary
nrg_pc_205:MWH500-1999:X_TAX:EUR,RO,cost,industrial,,,2022-01-01,2022-06-30,0.2149,EUR/kWh,EUR,d,primary
nrg_pc_205:MWH500-1999:X_TAX:EUR,RO,cost,industrial,,,2022-07-01,2022-12-31,0.3395,EUR/kWh,EUR,d,primary
nrg_pc_205:MWH500-1999:X_TAX:EUR,RO,cost,industrial,,,2023-01-01,2023-06-30,0.1632,EUR/kWh,EUR,,primary
nrg_pc_205:MWH500-1999:X_TAX:EUR,RO,cost,industrial,,,2023-07-01,2023-12-31,0.156,EUR/kWh,EUR,,primary
nrg_pc_205:MWH500-1999:X_TAX:EUR,RO,cost,industrial,,,2024-01-01,2024-06-30,0.1415,EUR/kWh,EUR,,primary
nrg_pc_205:MWH500-1999:X_TAX:EUR,RO,cost,industrial,,,2024-07-01,2024-12-31,0.1501,EUR/kWh,EUR,,primary
nrg_pc_205:MWH500-1999:X_TAX:EUR,RO,cost,industrial,,,2025-01-01,2025-06-30,0.156,EUR/kWh,EUR,,primary
nrg_pc_205:MWH500-1999:X_TAX:EUR,RO,cost,industrial,,,2025-07-01,2025-12-31,0.1718,EUR/kWh,EUR,,primary
nrg_pc_205:MWH500-1999:X_TAX:EUR,RO,cost,industrial,,,2026-01-01,2026-06-30,0.1689,EUR/kWh,EUR,,primary
nrg_pc_205:MWH500-1999:X_TAX:EUR,SE,cost,industrial,,,2015-01-01,2015-06-30,0.0617,EUR/kWh,EUR,,primary
nrg_pc_205:MWH500-1999:X_TAX:EUR,SE,cost,industrial,,,2015-07-01,2015-12-31,0.0585,EUR/kWh,EUR,,primary
nrg_pc_205:MWH500-1999:X_TAX:EUR,SE,cost,industrial,,,2016-01-01,2016-06-30,0.0611,EUR/kWh,EUR,,primary
nrg_pc_205:MWH500-1999:X_TAX:EUR,SE,cost,industrial,,,2016-07-01,2016-12-31,0.0651,EUR/kWh,EUR,,primary
nrg_pc_205:MWH500-1999:X_TAX:EUR,SE,cost,industrial,,,2017-01-01,2017-06-30,0.0643,EUR/kWh,EUR,,primary
nrg_pc_205:MWH500-1999:X_TAX:EUR,SE,cost,industrial,,,2017-07-01,2017-12-31,0.0642,EUR/kWh,EUR,,primary
nrg_pc_205:MWH500-1999:X_TAX:EUR,SE,cost,industrial,,,2018-01-01,2018-06-30,0.0643,EUR/kWh,EUR,,primary
nrg_pc_205:MWH500-1999:X_TAX:EUR,SE,cost,industrial,,,2018-07-01,2018-12-31,0.0688,EUR/kWh,EUR,,primary
nrg_pc_205:MWH500-1999:X_TAX:EUR,SE,cost,industrial,,,2019-01-01,2019-06-30,0.0733,EUR/kWh,EUR,,primary
nrg_pc_205:MWH500-1999:X_TAX:EUR,SE,cost,industrial,,,2019-07-01,2019-12-31,0.0655,EUR/kWh,EUR,,primary
nrg_pc_205:MWH500-1999:X_TAX:EUR,SE,cost,industrial,,,2020-01-01,2020-06-30,0.0586,EUR/kWh,EUR,,primary
nrg_pc_205:MWH500-1999:X_TAX:EUR,SE,cost,industrial,,,2020-07-01,2020-12-31,0.0668,EUR/kWh,EUR,,primary
nrg_pc_205:MWH500-1999:X_TAX:EUR,SE,cost,industrial,,,2021-01-01,2021-06-30,0.0705,EUR/kWh,EUR,,primary
nrg_pc_205:MWH500-1999:X_TAX:EUR,SE,cost,industrial,,,2021-07-01,2021-12-31,0.0976,EUR/kWh,EUR,,primary
nrg_pc_205:MWH500-1999:X_TAX:EUR,SE,cost,industrial,,,2022-01-01,2022-06-30,0.1115,EUR/kWh,EUR,,primary
nrg_pc_205:MWH500-1999:X_TAX:EUR,SE,cost,industrial,,,2022-07-01,2022-12-31,0.152,EUR/kWh,EUR,,primary
nrg_pc_205:MWH500-1999:X_TAX:EUR,SE,cost,industrial,,,2023-01-01,2023-06-30,0.1064,EUR/kWh,EUR,,primary
nrg_pc_205:MWH500-1999:X_TAX:EUR,SE,cost,industrial,,,2023-07-01,2023-12-31,0.0896,EUR/kWh,EUR,,primary
nrg_pc_205:MWH500-1999:X_TAX:EUR,SE,cost,industrial,,,2024-01-01,2024-06-30,0.0937,EUR/kWh,EUR,,primary
nrg_pc_205:MWH500-1999:X_TAX:EUR,SE,cost,industrial,,,2024-07-01,2024-12-31,0.0848,EUR/kWh,EUR,,primary
nrg_pc_205:MWH500-1999:X_TAX:EUR,SE,cost,industrial,,,2025-01-01,2025-06-30,0.0958,EUR/kWh,EUR,,primary
nrg_pc_205:MWH500-1999:X_TAX:EUR,SE,cost,industrial,,,2025-07-01,2025-12-31,0.0965,EUR/kWh,EUR,,primary
nrg_pc_205:MWH500-1999:X_TAX:EUR,SE,cost,industrial,,,2026-01-01,2026-06-30,0.1172,EUR/kWh,EUR,,primary
nrg_pc_205:MWH500-1999:X_TAX:EUR,SI,cost,industrial,,,2015-01-01,2015-06-30,0.0714,EUR/kWh,EUR,,primary
nrg_pc_205:MWH500-1999:X_TAX:EUR,SI,cost,industrial,,,2015-07-01,2015-12-31,0.0711,EUR/kWh,EUR,,primary
nrg_pc_205:MWH500-1999:X_TAX:EUR,SI,cost,industrial,,,2016-01-01,2016-06-30,0.0678,EUR/kWh,EUR,,primary
nrg_pc_205:MWH500-1999:X_TAX:EUR,SI,cost,industrial,,,2016-07-01,2016-12-31,0.0666,EUR/kWh,EUR,,primary
nrg_pc_205:MWH500-1999:X_TAX:EUR,SI,cost,industrial,,,2017-01-01,2017-06-30,0.0619,EUR/kWh,EUR,,primary
nrg_pc_205:MWH500-1999:X_TAX:EUR,SI,cost,industrial,,,2017-07-01,2017-12-31,0.0619,EUR/kWh,EUR,,primary
nrg_pc_205:MWH500-1999:X_TAX:EUR,SI,cost,industrial,,,2018-01-01,2018-06-30,0.0689,EUR/kWh,EUR,,primary
nrg_pc_205:MWH500-1999:X_TAX:EUR,SI,cost,industrial,,,2018-07-01,2018-12-31,0.0698,EUR/kWh,EUR,,primary
nrg_pc_205:MWH500-1999:X_TAX:EUR,SI,cost,industrial,,,2019-01-01,2019-06-30,0.0791,EUR/kWh,EUR,,primary
nrg_pc_205:MWH500-1999:X_TAX:EUR,SI,cost,industrial,,,2019-07-01,2019-12-31,0.0786,EUR/kWh,EUR,,primary
nrg_pc_205:MWH500-1999:X_TAX:EUR,SI,cost,industrial,,,2020-01-01,2020-06-30,0.0811,EUR/kWh,EUR,,primary
nrg_pc_205:MWH500-1999:X_TAX:EUR,SI,cost,industrial,,,2020-07-01,2020-12-31,0.0809,EUR/kWh,EUR,,primary
nrg_pc_205:MWH500-1999:X_TAX:EUR,SI,cost,industrial,,,2021-01-01,2021-06-30,0.0757,EUR/kWh,EUR,,primary
nrg_pc_205:MWH500-1999:X_TAX:EUR,SI,cost,industrial,,,2021-07-01,2021-12-31,0.0812,EUR/kWh,EUR,,primary
nrg_pc_205:MWH500-1999:X_TAX:EUR,SI,cost,industrial,,,2022-01-01,2022-06-30,0.1435,EUR/kWh,EUR,,primary
nrg_pc_205:MWH500-1999:X_TAX:EUR,SI,cost,industrial,,,2022-07-01,2022-12-31,0.1817,EUR/kWh,EUR,,primary
nrg_pc_205:MWH500-1999:X_TAX:EUR,SI,cost,industrial,,,2023-01-01,2023-06-30,0.2057,EUR/kWh,EUR,,primary
nrg_pc_205:MWH500-1999:X_TAX:EUR,SI,cost,industrial,,,2023-07-01,2023-12-31,0.1893,EUR/kWh,EUR,,primary
nrg_pc_205:MWH500-1999:X_TAX:EUR,SI,cost,industrial,,,2024-01-01,2024-06-30,0.1574,EUR/kWh,EUR,,primary
nrg_pc_205:MWH500-1999:X_TAX:EUR,SI,cost,industrial,,,2024-07-01,2024-12-31,0.1661,EUR/kWh,EUR,,primary
nrg_pc_205:MWH500-1999:X_TAX:EUR,SI,cost,industrial,,,2025-01-01,2025-06-30,0.141,EUR/kWh,EUR,,primary
nrg_pc_205:MWH500-1999:X_TAX:EUR,SI,cost,industrial,,,2025-07-01,2025-12-31,0.137,EUR/kWh,EUR,,primary
nrg_pc_205:MWH500-1999:X_TAX:EUR,SI,cost,industrial,,,2026-01-01,2026-06-30,0.1333,EUR/kWh,EUR,,primary
nrg_pc_205:MWH500-1999:X_TAX:EUR,SK,cost,industrial,,,2015-01-01,2015-06-30,0.1081,EUR/kWh,EUR,,primary
nrg_pc_205:MWH500-1999:X_TAX:EUR,SK,cost,industrial,,,2015-07-01,2015-12-31,0.1077,EUR/kWh,EUR,,primary
nrg_pc_205:MWH500-1999:X_TAX:EUR,SK,cost,industrial,,,2016-01-01,2016-06-30,0.1047,EUR/kWh,EUR,,primary
nrg_pc_205:MWH500-1999:X_TAX:EUR,SK,cost,industrial,,,2016-07-01,2016-12-31,0.1067,EUR/kWh,EUR,,primary
nrg_pc_205:MWH500-1999:X_TAX:EUR,SK,cost,industrial,,,2017-01-01,2017-06-30,0.0741,EUR/kWh,EUR,,primary
nrg_pc_205:MWH500-1999:X_TAX:EUR,SK,cost,industrial,,,2017-07-01,2017-12-31,0.0736,EUR/kWh,EUR,,primary
nrg_pc_205:MWH500-1999:X_TAX:EUR,SK,cost,industrial,,,2018-01-01,2018-06-30,0.079,EUR/kWh,EUR,,primary
nrg_pc_205:MWH500-1999:X_TAX:EUR,SK,cost,industrial,,,2018-07-01,2018-12-31,0.0819,EUR/kWh,EUR,,primary
nrg_pc_205:MWH500-1999:X_TAX:EUR,SK,cost,industrial,,,2019-01-01,2019-06-30,0.0921,EUR/kWh,EUR,,primary
nrg_pc_205:MWH500-1999:X_TAX:EUR,SK,cost,industrial,,,2019-07-01,2019-12-31,0.0952,EUR/kWh,EUR,,primary
nrg_pc_205:MWH500-1999:X_TAX:EUR,SK,cost,industrial,,,2020-01-01,2020-06-30,0.0977,EUR/kWh,EUR,,primary
nrg_pc_205:MWH500-1999:X_TAX:EUR,SK,cost,industrial,,,2020-07-01,2020-12-31,0.0972,EUR/kWh,EUR,,primary
nrg_pc_205:MWH500-1999:X_TAX:EUR,SK,cost,industrial,,,2021-01-01,2021-06-30,0.0929,EUR/kWh,EUR,,primary
nrg_pc_205:MWH500-1999:X_TAX:EUR,SK,cost,industrial,,,2021-07-01,2021-12-31,0.0999,EUR/kWh,EUR,,primary
nrg_pc_205:MWH500-1999:X_TAX:EUR,SK,cost,industrial,,,2022-01-01,2022-06-30,0.1892,EUR/kWh,EUR,,primary
nrg_pc_205:MWH500-1999:X_TAX:EUR,SK,cost,industrial,,,2022-07-01,2022-12-31,0.2161,EUR/kWh,EUR,,primary
nrg_pc_205:MWH500-1999:X_TAX:EUR,SK,cost,industrial,,,2023-01-01,2023-06-30,0.2285,EUR/kWh,EUR,,primary
nrg_pc_205:MWH500-1999:X_TAX:EUR,SK,cost,industrial,,,2023-07-01,2023-12-31,0.1928,EUR/kWh,EUR,,primary
nrg_pc_205:MWH500-1999:X_TAX:EUR,SK,cost,industrial,,,2024-01-01,2024-06-30,0.1615,EUR/kWh,EUR,,primary
nrg_pc_205:MWH500-1999:X_TAX:EUR,SK,cost,industrial,,,2024-07-01,2024-12-31,0.1793,EUR/kWh,EUR,,primary
nrg_pc_205:MWH500-1999:X_TAX:EUR,SK,cost,industrial,,,2025-01-01,2025-06-30,0.1638,EUR/kWh,EUR,,primary
nrg_pc_205:MWH500-1999:X_TAX:EUR,SK,cost,industrial,,,2025-07-01,2025-12-31,0.1761,EUR/kWh,EUR,,primary
nrg_pc_205:MWH500-1999:X_TAX:EUR,SK,cost,industrial,,,2026-01-01,2026-06-30,0.1641,EUR/kWh,EUR,,primary
nrg_pc_205:MWH500-1999:X_VAT:EUR,AT,cost,industrial,,,2015-01-01,2015-06-30,0.1039,EUR/kWh,EUR,,primary
nrg_pc_205:MWH500-1999:X_VAT:EUR,AT,cost,industrial,,,2015-07-01,2015-12-31,0.1047,EUR/kWh,EUR,,primary
nrg_pc_205:MWH500-1999:X_VAT:EUR,AT,cost,industrial,,,2016-01-01,2016-06-30,0.1026,EUR/kWh,EUR,,primary
nrg_pc_205:MWH500-1999:X_VAT:EUR,AT,cost,industrial,,,2016-07-01,2016-12-31,0.1004,EUR/kWh,EUR,,primary
nrg_pc_205:MWH500-1999:X_VAT:EUR,AT,cost,industrial,,,2017-01-01,2017-06-30,0.093,EUR/kWh,EUR,,primary
nrg_pc_205:MWH500-1999:X_VAT:EUR,AT,cost,industrial,,,2017-07-01,2017-12-31,0.0997,EUR/kWh,EUR,,primary
nrg_pc_205:MWH500-1999:X_VAT:EUR,AT,cost,industrial,,,2018-01-01,2018-06-30,0.0997,EUR/kWh,EUR,,primary
nrg_pc_205:MWH500-1999:X_VAT:EUR,AT,cost,industrial,,,2018-07-01,2018-12-31,0.1012,EUR/kWh,EUR,,primary
nrg_pc_205:MWH500-1999:X_VAT:EUR,AT,cost,industrial,,,2019-01-01,2019-06-30,0.1076,EUR/kWh,EUR,,primary
nrg_pc_205:MWH500-1999:X_VAT:EUR,AT,cost,industrial,,,2019-07-01,2019-12-31,0.1088,EUR/kWh,EUR,,primary
nrg_pc_205:MWH500-1999:X_VAT:EUR,AT,cost,industrial,,,2020-01-01,2020-06-30,0.1191,EUR/kWh,EUR,,primary
nrg_pc_205:MWH500-1999:X_VAT:EUR,AT,cost,industrial,,,2020-07-01,2020-12-31,0.1184,EUR/kWh,EUR,,primary
nrg_pc_205:MWH500-1999:X_VAT:EUR,AT,cost,industrial,,,2021-01-01,2021-06-30,0.1228,EUR/kWh,EUR,,primary
nrg_pc_205:MWH500-1999:X_VAT:EUR,AT,cost,industrial,,,2021-07-01,2021-12-31,0.1278,EUR/kWh,EUR,,primary
nrg_pc_205:MWH500-1999:X_VAT:EUR,AT,cost,industrial,,,2022-01-01,2022-06-30,0.1617,EUR/kWh,EUR,,primary
nrg_pc_205:MWH500-1999:X_VAT:EUR,AT,cost,industrial,,,2022-07-01,2022-12-31,0.1786,EUR/kWh,EUR,e,primary
nrg_pc_205:MWH500-1999:X_VAT:EUR,AT,cost,industrial,,,2023-01-01,2023-06-30,0.2597,EUR/kWh,EUR,e,primary
nrg_pc_205:MWH500-1999:X_VAT:EUR,AT,cost,industrial,,,2023-07-01,2023-12-31,0.2471,EUR/kWh,EUR,e,primary
nrg_pc_205:MWH500-1999:X_VAT:EUR,AT,cost,industrial,,,2024-01-01,2024-06-30,0.1987,EUR/kWh,EUR,e,primary
nrg_pc_205:MWH500-1999:X_VAT:EUR,AT,cost,industrial,,,2024-07-01,2024-12-31,0.2006,EUR/kWh,EUR,e,primary
nrg_pc_205:MWH500-1999:X_VAT:EUR,AT,cost,industrial,,,2025-01-01,2025-06-30,0.2029,EUR/kWh,EUR,e,primary
nrg_pc_205:MWH500-1999:X_VAT:EUR,AT,cost,industrial,,,2025-07-01,2025-12-31,0.1986,EUR/kWh,EUR,e,primary
nrg_pc_205:MWH500-1999:X_VAT:EUR,AT,cost,industrial,,,2026-01-01,2026-06-30,0.1918,EUR/kWh,EUR,,primary
nrg_pc_205:MWH500-1999:X_VAT:EUR,BE,cost,industrial,,,2015-01-01,2015-06-30,0.11,EUR/kWh,EUR,,primary
nrg_pc_205:MWH500-1999:X_VAT:EUR,BE,cost,industrial,,,2015-07-01,2015-12-31,0.1081,EUR/kWh,EUR,,primary
nrg_pc_205:MWH500-1999:X_VAT:EUR,BE,cost,industrial,,,2016-01-01,2016-06-30,0.1115,EUR/kWh,EUR,,primary
nrg_pc_205:MWH500-1999:X_VAT:EUR,BE,cost,industrial,,,2016-07-01,2016-12-31,0.1158,EUR/kWh,EUR,,primary
nrg_pc_205:MWH500-1999:X_VAT:EUR,BE,cost,industrial,,,2017-01-01,2017-06-30,0.1104,EUR/kWh,EUR,,primary
nrg_pc_205:MWH500-1999:X_VAT:EUR,BE,cost,industrial,,,2017-07-01,2017-12-31,0.1087,EUR/kWh,EUR,,primary
nrg_pc_205:MWH500-1999:X_VAT:EUR,BE,cost,industrial,,,2018-01-01,2018-06-30,0.1095,EUR/kWh,EUR,,primary
nrg_pc_205:MWH500-1999:X_VAT:EUR,BE,cost,industrial,,,2018-07-01,2018-12-31,0.1142,EUR/kWh,EUR,,primary
nrg_pc_205:MWH500-1999:X_VAT:EUR,BE,cost,industrial,,,2019-01-01,2019-06-30,0.115,EUR/kWh,EUR,,primary
nrg_pc_205:MWH500-1999:X_VAT:EUR,BE,cost,industrial,,,2019-07-01,2019-12-31,0.1152,EUR/kWh,EUR,,primary
nrg_pc_205:MWH500-1999:X_VAT:EUR,BE,cost,industrial,,,2020-01-01,2020-06-30,0.1171,EUR/kWh,EUR,,primary
nrg_pc_205:MWH500-1999:X_VAT:EUR,BE,cost,industrial,,,2020-07-01,2020-12-31,0.1185,EUR/kWh,EUR,,primary
nrg_pc_205:MWH500-1999:X_VAT:EUR,BE,cost,industrial,,,2021-01-01,2021-06-30,0.1218,EUR/kWh,EUR,,primary
nrg_pc_205:MWH500-1999:X_VAT:EUR,BE,cost,industrial,,,2021-07-01,2021-12-31,0.1439,EUR/kWh,EUR,,primary
nrg_pc_205:MWH500-1999:X_VAT:EUR,BE,cost,industrial,,,2022-01-01,2022-06-30,0.1943,EUR/kWh,EUR,,primary
nrg_pc_205:MWH500-1999:X_VAT:EUR,BE,cost,industrial,,,2022-07-01,2022-12-31,0.2367,EUR/kWh,EUR,,primary
nrg_pc_205:MWH500-1999:X_VAT:EUR,BE,cost,industrial,,,2023-01-01,2023-06-30,0.2269,EUR/kWh,EUR,,primary
nrg_pc_205:MWH500-1999:X_VAT:EUR,BE,cost,industrial,,,2023-07-01,2023-12-31,0.2164,EUR/kWh,EUR,,primary
nrg_pc_205:MWH500-1999:X_VAT:EUR,BE,cost,industrial,,,2024-01-01,2024-06-30,0.178,EUR/kWh,EUR,,primary
nrg_pc_205:MWH500-1999:X_VAT:EUR,BE,cost,industrial,,,2024-07-01,2024-12-31,0.1815,EUR/kWh,EUR,,primary
nrg_pc_205:MWH500-1999:X_VAT:EUR,BE,cost,industrial,,,2025-01-01,2025-06-30,0.194,EUR/kWh,EUR,,primary
nrg_pc_205:MWH500-1999:X_VAT:EUR,BE,cost,industrial,,,2025-07-01,2025-12-31,0.1866,EUR/kWh,EUR,,primary
nrg_pc_205:MWH500-1999:X_VAT:EUR,BE,cost,industrial,,,2026-01-01,2026-06-30,0.1902,EUR/kWh,EUR,,primary
nrg_pc_205:MWH500-1999:X_VAT:EUR,BG,cost,industrial,,,2015-01-01,2015-06-30,0.0692,EUR/kWh,EUR,,primary
nrg_pc_205:MWH500-1999:X_VAT:EUR,BG,cost,industrial,,,2015-07-01,2015-12-31,0.0782,EUR/kWh,EUR,,primary
nrg_pc_205:MWH500-1999:X_VAT:EUR,BG,cost,industrial,,,2016-01-01,2016-06-30,0.1002,EUR/kWh,EUR,,primary
nrg_pc_205:MWH500-1999:X_VAT:EUR,BG,cost,industrial,,,2016-07-01,2016-12-31,0.0788,EUR/kWh,EUR,,primary
nrg_pc_205:MWH500-1999:X_VAT:EUR,BG,cost,industrial,,,2017-01-01,2017-06-30,0.0763,EUR/kWh,EUR,,primary
nrg_pc_205:MWH500-1999:X_VAT:EUR,BG,cost,industrial,,,2017-07-01,2017-12-31,0.079,EUR/kWh,EUR,,primary
nrg_pc_205:MWH500-1999:X_VAT:EUR,BG,cost,industrial,,,2018-01-01,2018-06-30,0.081,EUR/kWh,EUR,,primary
nrg_pc_205:MWH500-1999:X_VAT:EUR,BG,cost,industrial,,,2018-07-01,2018-12-31,0.0846,EUR/kWh,EUR,,primary
nrg_pc_205:MWH500-1999:X_VAT:EUR,BG,cost,industrial,,,2019-01-01,2019-06-30,0.0887,EUR/kWh,EUR,,primary
nrg_pc_205:MWH500-1999:X_VAT:EUR,BG,cost,industrial,,,2019-07-01,2019-12-31,0.0868,EUR/kWh,EUR,,primary
nrg_pc_205:MWH500-1999:X_VAT:EUR,BG,cost,industrial,,,2020-01-01,2020-06-30,0.0816,EUR/kWh,EUR,,primary
nrg_pc_205:MWH500-1999:X_VAT:EUR,BG,cost,industrial,,,2020-07-01,2020-12-31,0.0843,EUR/kWh,EUR,,primary
nrg_pc_205:MWH500-1999:X_VAT:EUR,BG,cost,industrial,,,2021-01-01,2021-06-30,0.0962,EUR/kWh,EUR,,primary
nrg_pc_205:MWH500-1999:X_VAT:EUR,BG,cost,industrial,,,2021-07-01,2021-12-31,0.1564,EUR/kWh,EUR,,primary
nrg_pc_205:MWH500-1999:X_VAT:EUR,BG,cost,industrial,,,2022-01-01,2022-06-30,0.1736,EUR/kWh,EUR,,primary
nrg_pc_205:MWH500-1999:X_VAT:EUR,BG,cost,industrial,,,2022-07-01,2022-12-31,0.1794,EUR/kWh,EUR,,primary
nrg_pc_205:MWH500-1999:X_VAT:EUR,BG,cost,industrial,,,2023-01-01,2023-06-30,0.1492,EUR/kWh,EUR,,primary
nrg_pc_205:MWH500-1999:X_VAT:EUR,BG,cost,industrial,,,2023-07-01,2023-12-31,0.1362,EUR/kWh,EUR,,primary
nrg_pc_205:MWH500-1999:X_VAT:EUR,BG,cost,industrial,,,2024-01-01,2024-06-30,0.1136,EUR/kWh,EUR,,primary
nrg_pc_205:MWH500-1999:X_VAT:EUR,BG,cost,industrial,,,2024-07-01,2024-12-31,0.1322,EUR/kWh,EUR,,primary
nrg_pc_205:MWH500-1999:X_VAT:EUR,BG,cost,industrial,,,2025-01-01,2025-06-30,0.1271,EUR/kWh,EUR,,primary
nrg_pc_205:MWH500-1999:X_VAT:EUR,BG,cost,industrial,,,2025-07-01,2025-12-31,0.1413,EUR/kWh,EUR,,primary
nrg_pc_205:MWH500-1999:X_VAT:EUR,BG,cost,industrial,,,2026-01-01,2026-06-30,0.1452,EUR/kWh,EUR,,primary
nrg_pc_205:MWH500-1999:X_VAT:EUR,CY,cost,industrial,,,2015-01-01,2015-06-30,0.1393,EUR/kWh,EUR,,primary
nrg_pc_205:MWH500-1999:X_VAT:EUR,CY,cost,industrial,,,2015-07-01,2015-12-31,0.1412,EUR/kWh,EUR,,primary
nrg_pc_205:MWH500-1999:X_VAT:EUR,CY,cost,industrial,,,2016-01-01,2016-06-30,0.1048,EUR/kWh,EUR,,primary
nrg_pc_205:MWH500-1999:X_VAT:EUR,CY,cost,industrial,,,2016-07-01,2016-12-31,0.1295,EUR/kWh,EUR,,primary
nrg_pc_205:MWH500-1999:X_VAT:EUR,CY,cost,industrial,,,2017-01-01,2017-06-30,0.1414,EUR/kWh,EUR,,primary
nrg_pc_205:MWH500-1999:X_VAT:EUR,CY,cost,industrial,,,2017-07-01,2017-12-31,0.1392,EUR/kWh,EUR,,primary
nrg_pc_205:MWH500-1999:X_VAT:EUR,CY,cost,industrial,,,2018-01-01,2018-06-30,0.1405,EUR/kWh,EUR,,primary
nrg_pc_205:MWH500-1999:X_VAT:EUR,CY,cost,industrial,,,2018-07-01,2018-12-31,0.1811,EUR/kWh,EUR,,primary
nrg_pc_205:MWH500-1999:X_VAT:EUR,CY,cost,industrial,,,2019-01-01,2019-06-30,0.1619,EUR/kWh,EUR,,primary
nrg_pc_205:MWH500-1999:X_VAT:EUR,CY,cost,industrial,,,2019-07-01,2019-12-31,0.18,EUR/kWh,EUR,,primary
nrg_pc_205:MWH500-1999:X_VAT:EUR,CY,cost,industrial,,,2020-01-01,2020-06-30,0.1448,EUR/kWh,EUR,,primary
nrg_pc_205:MWH500-1999:X_VAT:EUR,CY,cost,industrial,,,2020-07-01,2020-12-31,0.1364,EUR/kWh,EUR,,primary
nrg_pc_205:MWH500-1999:X_VAT:EUR,CY,cost,industrial,,,2021-01-01,2021-06-30,0.1515,EUR/kWh,EUR,,primary
nrg_pc_205:MWH500-1999:X_VAT:EUR,CY,cost,industrial,,,2021-07-01,2021-12-31,0.1946,EUR/kWh,EUR,,primary
nrg_pc_205:MWH500-1999:X_VAT:EUR,CY,cost,industrial,,,2022-01-01,2022-06-30,0.2471,EUR/kWh,EUR,,primary
nrg_pc_205:MWH500-1999:X_VAT:EUR,CY,cost,industrial,,,2022-07-01,2022-12-31,0.3162,EUR/kWh,EUR,,primary
nrg_pc_205:MWH500-1999:X_VAT:EUR,CY,cost,industrial,,,2023-01-01,2023-06-30,0.2762,EUR/kWh,EUR,,primary
nrg_pc_205:MWH500-1999:X_VAT:EUR,CY,cost,industrial,,,2023-07-01,2023-12-31,0.2759,EUR/kWh,EUR,,primary
nrg_pc_205:MWH500-1999:X_VAT:EUR,CY,cost,industrial,,,2024-01-01,2024-06-30,0.2453,EUR/kWh,EUR,,primary
nrg_pc_205:MWH500-1999:X_VAT:EUR,CY,cost,industrial,,,2024-07-01,2024-12-31,0.2578,EUR/kWh,EUR,,primary
nrg_pc_205:MWH500-1999:X_VAT:EUR,CY,cost,industrial,,,2025-01-01,2025-06-30,0.2321,EUR/kWh,EUR,,primary
nrg_pc_205:MWH500-1999:X_VAT:EUR,CY,cost,industrial,,,2025-07-01,2025-12-31,0.2429,EUR/kWh,EUR,,primary
nrg_pc_205:MWH500-1999:X_VAT:EUR,CY,cost,industrial,,,2026-01-01,2026-06-30,0.2306,EUR/kWh,EUR,,primary
nrg_pc_205:MWH500-1999:X_VAT:EUR,CZ,cost,industrial,,,2015-01-01,2015-06-30,0.0772,EUR/kWh,EUR,,primary
nrg_pc_205:MWH500-1999:X_VAT:EUR,CZ,cost,industrial,,,2015-07-01,2015-12-31,0.0783,EUR/kWh,EUR,,primary
nrg_pc_205:MWH500-1999:X_VAT:EUR,CZ,cost,industrial,,,2016-01-01,2016-06-30,0.073,EUR/kWh,EUR,,primary
nrg_pc_205:MWH500-1999:X_VAT:EUR,CZ,cost,industrial,,,2016-07-01,2016-12-31,0.0732,EUR/kWh,EUR,,primary
nrg_pc_205:MWH500-1999:X_VAT:EUR,CZ,cost,industrial,,,2017-01-01,2017-06-30,0.0688,EUR/kWh,EUR,,primary
nrg_pc_205:MWH500-1999:X_VAT:EUR,CZ,cost,industrial,,,2017-07-01,2017-12-31,0.071,EUR/kWh,EUR,,primary
nrg_pc_205:MWH500-1999:X_VAT:EUR,CZ,cost,industrial,,,2018-01-01,2018-06-30,0.0733,EUR/kWh,EUR,,primary
nrg_pc_205:MWH500-1999:X_VAT:EUR,CZ,cost,industrial,,,2018-07-01,2018-12-31,0.0721,EUR/kWh,EUR,,primary
nrg_pc_205:MWH500-1999:X_VAT:EUR,CZ,cost,industrial,,,2019-01-01,2019-06-30,0.0768,EUR/kWh,EUR,,primary
nrg_pc_205:MWH500-1999:X_VAT:EUR,CZ,cost,industrial,,,2019-07-01,2019-12-31,0.0784,EUR/kWh,EUR,,primary
nrg_pc_205:MWH500-1999:X_VAT:EUR,CZ,cost,industrial,,,2020-01-01,2020-06-30,0.0846,EUR/kWh,EUR,,primary
nrg_pc_205:MWH500-1999:X_VAT:EUR,CZ,cost,industrial,,,2020-07-01,2020-12-31,0.0842,EUR/kWh,EUR,,primary
nrg_pc_205:MWH500-1999:X_VAT:EUR,CZ,cost,industrial,,,2021-01-01,2021-06-30,0.0883,EUR/kWh,EUR,,primary
nrg_pc_205:MWH500-1999:X_VAT:EUR,CZ,cost,industrial,,,2021-07-01,2021-12-31,0.0905,EUR/kWh,EUR,,primary
nrg_pc_205:MWH500-1999:X_VAT:EUR,CZ,cost,industrial,,,2022-01-01,2022-06-30,0.1573,EUR/kWh,EUR,,primary
nrg_pc_205:MWH500-1999:X_VAT:EUR,CZ,cost,industrial,,,2022-07-01,2022-12-31,0.184,EUR/kWh,EUR,,primary
nrg_pc_205:MWH500-1999:X_VAT:EUR,CZ,cost,industrial,,,2023-01-01,2023-06-30,0.1974,EUR/kWh,EUR,,primary
nrg_pc_205:MWH500-1999:X_VAT:EUR,CZ,cost,industrial,,,2023-07-01,2023-12-31,0.1798,EUR/kWh,EUR,,primary
nrg_pc_205:MWH500-1999:X_VAT:EUR,CZ,cost,industrial,,,2024-01-01,2024-06-30,0.185,EUR/kWh,EUR,,primary
nrg_pc_205:MWH500-1999:X_VAT:EUR,CZ,cost,industrial,,,2024-07-01,2024-12-31,0.1939,EUR/kWh,EUR,,primary
nrg_pc_205:MWH500-1999:X_VAT:EUR,CZ,cost,industrial,,,2025-01-01,2025-06-30,0.1844,EUR/kWh,EUR,,primary
nrg_pc_205:MWH500-1999:X_VAT:EUR,CZ,cost,industrial,,,2025-07-01,2025-12-31,0.1825,EUR/kWh,EUR,,primary
nrg_pc_205:MWH500-1999:X_VAT:EUR,CZ,cost,industrial,,,2026-01-01,2026-06-30,0.1671,EUR/kWh,EUR,,primary
nrg_pc_205:MWH500-1999:X_VAT:EUR,DE,cost,industrial,,,2015-01-01,2015-06-30,0.1509,EUR/kWh,EUR,,primary
nrg_pc_205:MWH500-1999:X_VAT:EUR,DE,cost,industrial,,,2015-07-01,2015-12-31,0.1493,EUR/kWh,EUR,,primary
nrg_pc_205:MWH500-1999:X_VAT:EUR,DE,cost,industrial,,,2016-01-01,2016-06-30,0.1505,EUR/kWh,EUR,,primary
nrg_pc_205:MWH500-1999:X_VAT:EUR,DE,cost,industrial,,,2016-07-01,2016-12-31,0.1492,EUR/kWh,EUR,,primary
nrg_pc_205:MWH500-1999:X_VAT:EUR,DE,cost,industrial,,,2017-01-01,2017-06-30,0.1519,EUR/kWh,EUR,,primary
nrg_pc_205:MWH500-1999:X_VAT:EUR,DE,cost,industrial,,,2017-07-01,2017-12-31,0.1514,EUR/kWh,EUR,,primary
nrg_pc_205:MWH500-1999:X_VAT:EUR,DE,cost,industrial,,,2018-01-01,2018-06-30,0.1499,EUR/kWh,EUR,,primary
nrg_pc_205:MWH500-1999:X_VAT:EUR,DE,cost,industrial,,,2018-07-01,2018-12-31,0.1516,EUR/kWh,EUR,,primary
nrg_pc_205:MWH500-1999:X_VAT:EUR,DE,cost,industrial,,,2019-01-01,2019-06-30,0.1557,EUR/kWh,EUR,,primary
nrg_pc_205:MWH500-1999:X_VAT:EUR,DE,cost,industrial,,,2019-07-01,2019-12-31,0.1608,EUR/kWh,EUR,,primary
nrg_pc_205:MWH500-1999:X_VAT:EUR,DE,cost,industrial,,,2020-01-01,2020-06-30,0.1781,EUR/kWh,EUR,,primary
nrg_pc_205:MWH500-1999:X_VAT:EUR,DE,cost,industrial,,,2020-07-01,2020-12-31,0.1818,EUR/kWh,EUR,,primary
nrg_pc_205:MWH500-1999:X_VAT:EUR,DE,cost,industrial,,,2021-01-01,2021-06-30,0.1813,EUR/kWh,EUR,,primary
nrg_pc_205:MWH500-1999:X_VAT:EUR,DE,cost,industrial,,,2021-07-01,2021-12-31,0.186,EUR/kWh,EUR,,primary
nrg_pc_205:MWH500-1999:X_VAT:EUR,DE,cost,industrial,,,2022-01-01,2022-06-30,0.2132,EUR/kWh,EUR,,primary
nrg_pc_205:MWH500-1999:X_VAT:EUR,DE,cost,industrial,,,2022-07-01,2022-12-31,0.2056,EUR/kWh,EUR,,primary
nrg_pc_205:MWH500-1999:X_VAT:EUR,DE,cost,industrial,,,2023-01-01,2023-06-30,0.2192,EUR/kWh,EUR,,primary
nrg_pc_205:MWH500-1999:X_VAT:EUR,DE,cost,industrial,,,2023-07-01,2023-12-31,0.2175,EUR/kWh,EUR,,primary
nrg_pc_205:MWH500-1999:X_VAT:EUR,DE,cost,industrial,,,2024-01-01,2024-06-30,0.2328,EUR/kWh,EUR,,primary
nrg_pc_205:MWH500-1999:X_VAT:EUR,DE,cost,industrial,,,2024-07-01,2024-12-31,0.2359,EUR/kWh,EUR,,primary
nrg_pc_205:MWH500-1999:X_VAT:EUR,DE,cost,industrial,,,2025-01-01,2025-06-30,0.2281,EUR/kWh,EUR,,primary
nrg_pc_205:MWH500-1999:X_VAT:EUR,DE,cost,industrial,,,2025-07-01,2025-12-31,0.2264,EUR/kWh,EUR,,primary
nrg_pc_205:MWH500-1999:X_VAT:EUR,DE,cost,industrial,,,2026-01-01,2026-06-30,0.2058,EUR/kWh,EUR,p,primary
nrg_pc_205:MWH500-1999:X_VAT:EUR,DK,cost,industrial,,,2015-01-01,2015-06-30,0.0899,EUR/kWh,EUR,,primary
nrg_pc_205:MWH500-1999:X_VAT:EUR,DK,cost,industrial,,,2015-07-01,2015-12-31,0.0899,EUR/kWh,EUR,,primary
nrg_pc_205:MWH500-1999:X_VAT:EUR,DK,cost,industrial,,,2016-01-01,2016-06-30,0.0948,EUR/kWh,EUR,,primary
nrg_pc_205:MWH500-1999:X_VAT:EUR,DK,cost,industrial,,,2016-07-01,2016-12-31,0.0936,EUR/kWh,EUR,,primary
nrg_pc_205:MWH500-1999:X_VAT:EUR,DK,cost,industrial,,,2017-01-01,2017-06-30,0.0845,EUR/kWh,EUR,,primary
nrg_pc_205:MWH500-1999:X_VAT:EUR,DK,cost,industrial,,,2017-07-01,2017-12-31,0.0846,EUR/kWh,EUR,,primary
nrg_pc_205:MWH500-1999:X_VAT:EUR,DK,cost,industrial,,,2018-01-01,2018-06-30,0.0807,EUR/kWh,EUR,,primary
nrg_pc_205:MWH500-1999:X_VAT:EUR,DK,cost,industrial,,,2018-07-01,2018-12-31,0.0788,EUR/kWh,EUR,,primary
nrg_pc_205:MWH500-1999:X_VAT:EUR,DK,cost,industrial,,,2019-01-01,2019-06-30,0.0707,EUR/kWh,EUR,,primary
nrg_pc_205:MWH500-1999:X_VAT:EUR,DK,cost,industrial,,,2019-07-01,2019-12-31,0.0681,EUR/kWh,EUR,,primary
nrg_pc_205:MWH500-1999:X_VAT:EUR,DK,cost,industrial,,,2020-01-01,2020-06-30,0.0612,EUR/kWh,EUR,,primary
nrg_pc_205:MWH500-1999:X_VAT:EUR,DK,cost,industrial,,,2020-07-01,2020-12-31,0.0686,EUR/kWh,EUR,,primary
nrg_pc_205:MWH500-1999:X_VAT:EUR,DK,cost,industrial,,,2021-01-01,2021-06-30,0.0797,EUR/kWh,EUR,,primary
nrg_pc_205:MWH500-1999:X_VAT:EUR,DK,cost,industrial,,,2021-07-01,2021-12-31,0.1164,EUR/kWh,EUR,,primary
nrg_pc_205:MWH500-1999:X_VAT:EUR,DK,cost,industrial,,,2022-01-01,2022-06-30,0.1609,EUR/kWh,EUR,,primary
nrg_pc_205:MWH500-1999:X_VAT:EUR,DK,cost,industrial,,,2022-07-01,2022-12-31,0.2278,EUR/kWh,EUR,,primary
nrg_pc_205:MWH500-1999:X_VAT:EUR,DK,cost,industrial,,,2023-01-01,2023-06-30,0.1339,EUR/kWh,EUR,,primary
nrg_pc_205:MWH500-1999:X_VAT:EUR,DK,cost,industrial,,,2023-07-01,2023-12-31,0.117,EUR/kWh,EUR,,primary
nrg_pc_205:MWH500-1999:X_VAT:EUR,DK,cost,industrial,,,2024-01-01,2024-06-30,0.1055,EUR/kWh,EUR,,primary
nrg_pc_205:MWH500-1999:X_VAT:EUR,DK,cost,industrial,,,2024-07-01,2024-12-31,0.1284,EUR/kWh,EUR,,primary
nrg_pc_205:MWH500-1999:X_VAT:EUR,DK,cost,industrial,,,2025-01-01,2025-06-30,0.1236,EUR/kWh,EUR,,primary
nrg_pc_205:MWH500-1999:X_VAT:EUR,DK,cost,industrial,,,2025-07-01,2025-12-31,0.1216,EUR/kWh,EUR,,primary
nrg_pc_205:MWH500-1999:X_VAT:EUR,DK,cost,industrial,,,2026-01-01,2026-06-30,0.1303,EUR/kWh,EUR,,primary
nrg_pc_205:MWH500-1999:X_VAT:EUR,EE,cost,industrial,,,2015-01-01,2015-06-30,0.0889,EUR/kWh,EUR,,primary
nrg_pc_205:MWH500-1999:X_VAT:EUR,EE,cost,industrial,,,2015-07-01,2015-12-31,0.0958,EUR/kWh,EUR,,primary
nrg_pc_205:MWH500-1999:X_VAT:EUR,EE,cost,industrial,,,2016-01-01,2016-06-30,0.0878,EUR/kWh,EUR,,primary
nrg_pc_205:MWH500-1999:X_VAT:EUR,EE,cost,industrial,,,2016-07-01,2016-12-31,0.0896,EUR/kWh,EUR,,primary
nrg_pc_205:MWH500-1999:X_VAT:EUR,EE,cost,industrial,,,2017-01-01,2017-06-30,0.087,EUR/kWh,EUR,,primary
nrg_pc_205:MWH500-1999:X_VAT:EUR,EE,cost,industrial,,,2017-07-01,2017-12-31,0.0846,EUR/kWh,EUR,,primary
nrg_pc_205:MWH500-1999:X_VAT:EUR,EE,cost,industrial,,,2018-01-01,2018-06-30,0.0865,EUR/kWh,EUR,,primary
nrg_pc_205:MWH500-1999:X_VAT:EUR,EE,cost,industrial,,,2018-07-01,2018-12-31,0.0924,EUR/kWh,EUR,,primary
nrg_pc_205:MWH500-1999:X_VAT:EUR,EE,cost,industrial,,,2019-01-01,2019-06-30,0.0917,EUR/kWh,EUR,,primary
nrg_pc_205:MWH500-1999:X_VAT:EUR,EE,cost,industrial,,,2019-07-01,2019-12-31,0.0915,EUR/kWh,EUR,,primary
nrg_pc_205:MWH500-1999:X_VAT:EUR,EE,cost,industrial,,,2020-01-01,2020-06-30,0.0823,EUR/kWh,EUR,,primary
nrg_pc_205:MWH500-1999:X_VAT:EUR,EE,cost,industrial,,,2020-07-01,2020-12-31,0.0873,EUR/kWh,EUR,,primary
nrg_pc_205:MWH500-1999:X_VAT:EUR,EE,cost,industrial,,,2021-01-01,2021-06-30,0.0957,EUR/kWh,EUR,,primary
nrg_pc_205:MWH500-1999:X_VAT:EUR,EE,cost,industrial,,,2021-07-01,2021-12-31,0.1526,EUR/kWh,EUR,,primary
nrg_pc_205:MWH500-1999:X_VAT:EUR,EE,cost,industrial,,,2022-01-01,2022-06-30,0.1625,EUR/kWh,EUR,,primary
nrg_pc_205:MWH500-1999:X_VAT:EUR,EE,cost,industrial,,,2022-07-01,2022-12-31,0.2586,EUR/kWh,EUR,,primary
nrg_pc_205:MWH500-1999:X_VAT:EUR,EE,cost,industrial,,,2023-01-01,2023-06-30,0.1567,EUR/kWh,EUR,,primary
nrg_pc_205:MWH500-1999:X_VAT:EUR,EE,cost,industrial,,,2023-07-01,2023-12-31,0.157,EUR/kWh,EUR,,primary
nrg_pc_205:MWH500-1999:X_VAT:EUR,EE,cost,industrial,,,2024-01-01,2024-06-30,0.1429,EUR/kWh,EUR,,primary
nrg_pc_205:MWH500-1999:X_VAT:EUR,EE,cost,industrial,,,2024-07-01,2024-12-31,0.1484,EUR/kWh,EUR,,primary
nrg_pc_205:MWH500-1999:X_VAT:EUR,EE,cost,industrial,,,2025-01-01,2025-06-30,0.1435,EUR/kWh,EUR,,primary
nrg_pc_205:MWH500-1999:X_VAT:EUR,EE,cost,industrial,,,2025-07-01,2025-12-31,0.141,EUR/kWh,EUR,,primary
nrg_pc_205:MWH500-1999:X_VAT:EUR,EE,cost,industrial,,,2026-01-01,2026-06-30,0.1399,EUR/kWh,EUR,,primary
nrg_pc_205:MWH500-1999:X_VAT:EUR,EL,cost,industrial,,,2015-01-01,2015-06-30,0.1292,EUR/kWh,EUR,,primary
nrg_pc_205:MWH500-1999:X_VAT:EUR,EL,cost,industrial,,,2015-07-01,2015-12-31,0.115,EUR/kWh,EUR,,primary
nrg_pc_205:MWH500-1999:X_VAT:EUR,EL,cost,industrial,,,2016-01-01,2016-06-30,0.1173,EUR/kWh,EUR,,primary
nrg_pc_205:MWH500-1999:X_VAT:EUR,EL,cost,industrial,,,2016-07-01,2016-12-31,0.1115,EUR/kWh,EUR,,primary
nrg_pc_205:MWH500-1999:X_VAT:EUR,EL,cost,industrial,,,2017-01-01,2017-06-30,0.1073,EUR/kWh,EUR,,primary
nrg_pc_205:MWH500-1999:X_VAT:EUR,EL,cost,industrial,,,2017-07-01,2017-12-31,0.119,EUR/kWh,EUR,,primary
nrg_pc_205:MWH500-1999:X_VAT:EUR,EL,cost,industrial,,,2018-01-01,2018-06-30,0.1038,EUR/kWh,EUR,,primary
nrg_pc_205:MWH500-1999:X_VAT:EUR,EL,cost,industrial,,,2018-07-01,2018-12-31,0.105,EUR/kWh,EUR,,primary
nrg_pc_205:MWH500-1999:X_VAT:EUR,EL,cost,industrial,,,2019-01-01,2019-06-30,0.1074,EUR/kWh,EUR,,primary
nrg_pc_205:MWH500-1999:X_VAT:EUR,EL,cost,industrial,,,2019-07-01,2019-12-31,0.1084,EUR/kWh,EUR,,primary
nrg_pc_205:MWH500-1999:X_VAT:EUR,EL,cost,industrial,,,2020-01-01,2020-06-30,0.1076,EUR/kWh,EUR,,primary
nrg_pc_205:MWH500-1999:X_VAT:EUR,EL,cost,industrial,,,2020-07-01,2020-12-31,0.1059,EUR/kWh,EUR,,primary
nrg_pc_205:MWH500-1999:X_VAT:EUR,EL,cost,industrial,,,2021-01-01,2021-06-30,0.1174,EUR/kWh,EUR,,primary
nrg_pc_205:MWH500-1999:X_VAT:EUR,EL,cost,industrial,,,2021-07-01,2021-12-31,0.2238,EUR/kWh,EUR,,primary
nrg_pc_205:MWH500-1999:X_VAT:EUR,EL,cost,industrial,,,2022-01-01,2022-06-30,0.231,EUR/kWh,EUR,,primary
nrg_pc_205:MWH500-1999:X_VAT:EUR,EL,cost,industrial,,,2022-07-01,2022-12-31,0.2457,EUR/kWh,EUR,,primary
nrg_pc_205:MWH500-1999:X_VAT:EUR,EL,cost,industrial,,,2023-01-01,2023-06-30,0.1902,EUR/kWh,EUR,,primary
nrg_pc_205:MWH500-1999:X_VAT:EUR,EL,cost,industrial,,,2023-07-01,2023-12-31,0.1832,EUR/kWh,EUR,,primary
nrg_pc_205:MWH500-1999:X_VAT:EUR,EL,cost,industrial,,,2024-01-01,2024-06-30,0.155,EUR/kWh,EUR,,primary
nrg_pc_205:MWH500-1999:X_VAT:EUR,EL,cost,industrial,,,2024-07-01,2024-12-31,0.2005,EUR/kWh,EUR,,primary
nrg_pc_205:MWH500-1999:X_VAT:EUR,EL,cost,industrial,,,2025-01-01,2025-06-30,0.193,EUR/kWh,EUR,,primary
nrg_pc_205:MWH500-1999:X_VAT:EUR,EL,cost,industrial,,,2025-07-01,2025-12-31,0.1738,EUR/kWh,EUR,,primary
nrg_pc_205:MWH500-1999:X_VAT:EUR,EL,cost,industrial,,,2026-01-01,2026-06-30,0.1702,EUR/kWh,EUR,,primary
nrg_pc_205:MWH500-1999:X_VAT:EUR,ES,cost,industrial,,,2015-01-01,2015-06-30,0.1173,EUR/kWh,EUR,,primary
nrg_pc_205:MWH500-1999:X_VAT:EUR,ES,cost,industrial,,,2015-07-01,2015-12-31,0.1133,EUR/kWh,EUR,,primary
nrg_pc_205:MWH500-1999:X_VAT:EUR,ES,cost,industrial,,,2016-01-01,2016-06-30,0.1105,EUR/kWh,EUR,,primary
nrg_pc_205:MWH500-1999:X_VAT:EUR,ES,cost,industrial,,,2016-07-01,2016-12-31,0.1029,EUR/kWh,EUR,,primary
nrg_pc_205:MWH500-1999:X_VAT:EUR,ES,cost,industrial,,,2017-01-01,2017-06-30,0.1061,EUR/kWh,EUR,,primary
nrg_pc_205:MWH500-1999:X_VAT:EUR,ES,cost,industrial,,,2017-07-01,2017-12-31,0.1032,EUR/kWh,EUR,,primary
nrg_pc_205:MWH500-1999:X_VAT:EUR,ES,cost,industrial,,,2018-01-01,2018-06-30,0.1059,EUR/kWh,EUR,,primary
nrg_pc_205:MWH500-1999:X_VAT:EUR,ES,cost,industrial,,,2018-07-01,2018-12-31,0.1098,EUR/kWh,EUR,,primary
nrg_pc_205:MWH500-1999:X_VAT:EUR,ES,cost,industrial,,,2019-01-01,2019-06-30,0.1148,EUR/kWh,EUR,,primary
nrg_pc_205:MWH500-1999:X_VAT:EUR,ES,cost,industrial,,,2019-07-01,2019-12-31,0.1104,EUR/kWh,EUR,,primary
nrg_pc_205:MWH500-1999:X_VAT:EUR,ES,cost,industrial,,,2020-01-01,2020-06-30,0.1076,EUR/kWh,EUR,,primary
nrg_pc_205:MWH500-1999:X_VAT:EUR,ES,cost,industrial,,,2020-07-01,2020-12-31,0.1175,EUR/kWh,EUR,,primary
nrg_pc_205:MWH500-1999:X_VAT:EUR,ES,cost,industrial,,,2021-01-01,2021-06-30,0.1074,EUR/kWh,EUR,,primary
nrg_pc_205:MWH500-1999:X_VAT:EUR,ES,cost,industrial,,,2021-07-01,2021-12-31,0.1459,EUR/kWh,EUR,,primary
nrg_pc_205:MWH500-1999:X_VAT:EUR,ES,cost,industrial,,,2022-01-01,2022-06-30,0.1879,EUR/kWh,EUR,,primary
nrg_pc_205:MWH500-1999:X_VAT:EUR,ES,cost,industrial,,,2022-07-01,2022-12-31,0.2202,EUR/kWh,EUR,,primary
nrg_pc_205:MWH500-1999:X_VAT:EUR,ES,cost,industrial,,,2023-01-01,2023-06-30,0.1597,EUR/kWh,EUR,,primary
nrg_pc_205:MWH500-1999:X_VAT:EUR,ES,cost,industrial,,,2023-07-01,2023-12-31,0.1536,EUR/kWh,EUR,,primary
nrg_pc_205:MWH500-1999:X_VAT:EUR,ES,cost,industrial,,,2024-01-01,2024-06-30,0.1371,EUR/kWh,EUR,,primary
nrg_pc_205:MWH500-1999:X_VAT:EUR,ES,cost,industrial,,,2024-07-01,2024-12-31,0.1426,EUR/kWh,EUR,,primary
nrg_pc_205:MWH500-1999:X_VAT:EUR,ES,cost,industrial,,,2025-01-01,2025-06-30,0.1411,EUR/kWh,EUR,,primary
nrg_pc_205:MWH500-1999:X_VAT:EUR,ES,cost,industrial,,,2025-07-01,2025-12-31,0.1324,EUR/kWh,EUR,,primary
nrg_pc_205:MWH500-1999:X_VAT:EUR,ES,cost,industrial,,,2026-01-01,2026-06-30,0.1336,EUR/kWh,EUR,,primary
nrg_pc_205:MWH500-1999:X_VAT:EUR,EU,cost,industrial,,,2015-01-01,2015-06-30,0.1172,EUR/kWh,EUR,,primary
nrg_pc_205:MWH500-1999:X_VAT:EUR,EU,cost,industrial,,,2015-07-01,2015-12-31,0.1144,EUR/kWh,EUR,,primary
nrg_pc_205:MWH500-1999:X_VAT:EUR,EU,cost,industrial,,,2016-01-01,2016-06-30,0.1131,EUR/kWh,EUR,,primary
nrg_pc_205:MWH500-1999:X_VAT:EUR,EU,cost,industrial,,,2016-07-01,2016-12-31,0.1113,EUR/kWh,EUR,,primary
nrg_pc_205:MWH500-1999:X_VAT:EUR,EU,cost,industrial,,,2017-01-01,2017-06-30,0.1135,EUR/kWh,EUR,,primary
nrg_pc_205:MWH500-1999:X_VAT:EUR,EU,cost,industrial,,,2017-07-01,2017-12-31,0.112,EUR/kWh,EUR,,primary
nrg_pc_205:MWH500-1999:X_VAT:EUR,EU,cost,industrial,,,2018-01-01,2018-06-30,0.1131,EUR/kWh,EUR,,primary
nrg_pc_205:MWH500-1999:X_VAT:EUR,EU,cost,industrial,,,2018-07-01,2018-12-31,0.1131,EUR/kWh,EUR,,primary
nrg_pc_205:MWH500-1999:X_VAT:EUR,EU,cost,industrial,,,2019-01-01,2019-06-30,0.1218,EUR/kWh,EUR,,primary
nrg_pc_205:MWH500-1999:X_VAT:EUR,EU,cost,industrial,,,2019-07-01,2019-12-31,0.1192,EUR/kWh,EUR,,primary
nrg_pc_205:MWH500-1999:X_VAT:EUR,EU,cost,industrial,,,2020-01-01,2020-06-30,0.1255,EUR/kWh,EUR,,primary
nrg_pc_205:MWH500-1999:X_VAT:EUR,EU,cost,industrial,,,2020-07-01,2020-12-31,0.1259,EUR/kWh,EUR,,primary
nrg_pc_205:MWH500-1999:X_VAT:EUR,EU,cost,industrial,,,2021-01-01,2021-06-30,0.129,EUR/kWh,EUR,,primary
nrg_pc_205:MWH500-1999:X_VAT:EUR,EU,cost,industrial,,,2021-07-01,2021-12-31,0.1447,EUR/kWh,EUR,,primary
nrg_pc_205:MWH500-1999:X_VAT:EUR,EU,cost,industrial,,,2022-01-01,2022-06-30,0.1837,EUR/kWh,EUR,,primary
nrg_pc_205:MWH500-1999:X_VAT:EUR,EU,cost,industrial,,,2022-07-01,2022-12-31,0.2107,EUR/kWh,EUR,,primary
nrg_pc_205:MWH500-1999:X_VAT:EUR,EU,cost,industrial,,,2023-01-01,2023-06-30,0.2151,EUR/kWh,EUR,,primary
nrg_pc_205:MWH500-1999:X_VAT:EUR,EU,cost,industrial,,,2023-07-01,2023-12-31,0.2003,EUR/kWh,EUR,,primary
nrg_pc_205:MWH500-1999:X_VAT:EUR,EU,cost,industrial,,,2024-01-01,2024-06-30,0.1885,EUR/kWh,EUR,,primary
nrg_pc_205:MWH500-1999:X_VAT:EUR,EU,cost,industrial,,,2024-07-01,2024-12-31,0.1941,EUR/kWh,EUR,,primary
nrg_pc_205:MWH500-1999:X_VAT:EUR,EU,cost,industrial,,,2025-01-01,2025-06-30,0.1903,EUR/kWh,EUR,,primary
nrg_pc_205:MWH500-1999:X_VAT:EUR,EU,cost,industrial,,,2025-07-01,2025-12-31,0.1837,EUR/kWh,EUR,,primary
nrg_pc_205:MWH500-1999:X_VAT:EUR,FI,cost,industrial,,,2015-01-01,2015-06-30,0.0707,EUR/kWh,EUR,,primary
nrg_pc_205:MWH500-1999:X_VAT:EUR,FI,cost,industrial,,,2015-07-01,2015-12-31,0.0706,EUR/kWh,EUR,,primary
nrg_pc_205:MWH500-1999:X_VAT:EUR,FI,cost,industrial,,,2016-01-01,2016-06-30,0.0685,EUR/kWh,EUR,,primary
nrg_pc_205:MWH500-1999:X_VAT:EUR,FI,cost,industrial,,,2016-07-01,2016-12-31,0.0694,EUR/kWh,EUR,,primary
nrg_pc_205:MWH500-1999:X_VAT:EUR,FI,cost,industrial,,,2017-01-01,2017-06-30,0.0667,EUR/kWh,EUR,,primary
nrg_pc_205:MWH500-1999:X_VAT:EUR,FI,cost,industrial,,,2017-07-01,2017-12-31,0.0676,EUR/kWh,EUR,,primary
nrg_pc_205:MWH500-1999:X_VAT:EUR,FI,cost,industrial,,,2018-01-01,2018-06-30,0.0681,EUR/kWh,EUR,,primary
nrg_pc_205:MWH500-1999:X_VAT:EUR,FI,cost,industrial,,,2018-07-01,2018-12-31,0.0707,EUR/kWh,EUR,,primary
nrg_pc_205:MWH500-1999:X_VAT:EUR,FI,cost,industrial,,,2019-01-01,2019-06-30,0.0709,EUR/kWh,EUR,,primary
nrg_pc_205:MWH500-1999:X_VAT:EUR,FI,cost,industrial,,,2019-07-01,2019-12-31,0.0721,EUR/kWh,EUR,,primary
nrg_pc_205:MWH500-1999:X_VAT:EUR,FI,cost,industrial,,,2020-01-01,2020-06-30,0.0695,EUR/kWh,EUR,,primary
nrg_pc_205:MWH500-1999:X_VAT:EUR,FI,cost,industrial,,,2020-07-01,2020-12-31,0.0759,EUR/kWh,EUR,,primary
nrg_pc_205:MWH500-1999:X_VAT:EUR,FI,cost,industrial,,,2021-01-01,2021-06-30,0.0676,EUR/kWh,EUR,,primary
nrg_pc_205:MWH500-1999:X_VAT:EUR,FI,cost,industrial,,,2021-07-01,2021-12-31,0.08,EUR/kWh,EUR,,primary
nrg_pc_205:MWH500-1999:X_VAT:EUR,FI,cost,industrial,,,2022-01-01,2022-06-30,0.0808,EUR/kWh,EUR,,primary
nrg_pc_205:MWH500-1999:X_VAT:EUR,FI,cost,industrial,,,2022-07-01,2022-12-31,0.115,EUR/kWh,EUR,,primary
nrg_pc_205:MWH500-1999:X_VAT:EUR,FI,cost,industrial,,,2023-01-01,2023-06-30,0.0957,EUR/kWh,EUR,,primary
nrg_pc_205:MWH500-1999:X_VAT:EUR,FI,cost,industrial,,,2023-07-01,2023-12-31,0.0885,EUR/kWh,EUR,,primary
nrg_pc_205:MWH500-1999:X_VAT:EUR,FI,cost,industrial,,,2024-01-01,2024-06-30,0.087,EUR/kWh,EUR,,primary
nrg_pc_205:MWH500-1999:X_VAT:EUR,FI,cost,industrial,,,2024-07-01,2024-12-31,0.0786,EUR/kWh,EUR,,primary
nrg_pc_205:MWH500-1999:X_VAT:EUR,FI,cost,industrial,,,2025-01-01,2025-06-30,0.0782,EUR/kWh,EUR,,primary
nrg_pc_205:MWH500-1999:X_VAT:EUR,FI,cost,industrial,,,2025-07-01,2025-12-31,0.0748,EUR/kWh,EUR,,primary
nrg_pc_205:MWH500-1999:X_VAT:EUR,FI,cost,industrial,,,2026-01-01,2026-06-30,0.0928,EUR/kWh,EUR,,primary
nrg_pc_205:MWH500-1999:X_VAT:EUR,FR,cost,industrial,,,2015-01-01,2015-06-30,0.1027,EUR/kWh,EUR,,primary
nrg_pc_205:MWH500-1999:X_VAT:EUR,FR,cost,industrial,,,2015-07-01,2015-12-31,0.0951,EUR/kWh,EUR,,primary
nrg_pc_205:MWH500-1999:X_VAT:EUR,FR,cost,industrial,,,2016-01-01,2016-06-30,0.0962,EUR/kWh,EUR,,primary
nrg_pc_205:MWH500-1999:X_VAT:EUR,FR,cost,industrial,,,2016-07-01,2016-12-31,0.0903,EUR/kWh,EUR,,primary
nrg_pc_205:MWH500-1999:X_VAT:EUR,FR,cost,industrial,,,2017-01-01,2017-06-30,0.0978,EUR/kWh,EUR,,primary
nrg_pc_205:MWH500-1999:X_VAT:EUR,FR,cost,industrial,,,2017-07-01,2017-12-31,0.092,EUR/kWh,EUR,,primary
nrg_pc_205:MWH500-1999:X_VAT:EUR,FR,cost,industrial,,,2018-01-01,2018-06-30,0.0982,EUR/kWh,EUR,,primary
nrg_pc_205:MWH500-1999:X_VAT:EUR,FR,cost,industrial,,,2018-07-01,2018-12-31,0.0889,EUR/kWh,EUR,,primary
nrg_pc_205:MWH500-1999:X_VAT:EUR,FR,cost,industrial,,,2019-01-01,2019-06-30,0.1024,EUR/kWh,EUR,,primary
nrg_pc_205:MWH500-1999:X_VAT:EUR,FR,cost,industrial,,,2019-07-01,2019-12-31,0.095,EUR/kWh,EUR,,primary
nrg_pc_205:MWH500-1999:X_VAT:EUR,FR,cost,industrial,,,2020-01-01,2020-06-30,0.1057,EUR/kWh,EUR,,primary
nrg_pc_205:MWH500-1999:X_VAT:EUR,FR,cost,industrial,,,2020-07-01,2020-12-31,0.0954,EUR/kWh,EUR,,primary
nrg_pc_205:MWH500-1999:X_VAT:EUR,FR,cost,industrial,,,2021-01-01,2021-06-30,0.1057,EUR/kWh,EUR,,primary
nrg_pc_205:MWH500-1999:X_VAT:EUR,FR,cost,industrial,,,2021-07-01,2021-12-31,0.1018,EUR/kWh,EUR,,primary
nrg_pc_205:MWH500-1999:X_VAT:EUR,FR,cost,industrial,,,2022-01-01,2022-06-30,0.1273,EUR/kWh,EUR,,primary
nrg_pc_205:MWH500-1999:X_VAT:EUR,FR,cost,industrial,,,2022-07-01,2022-12-31,0.1267,EUR/kWh,EUR,,primary
nrg_pc_205:MWH500-1999:X_VAT:EUR,FR,cost,industrial,,,2023-01-01,2023-06-30,0.2529,EUR/kWh,EUR,,primary
nrg_pc_205:MWH500-1999:X_VAT:EUR,FR,cost,industrial,,,2023-07-01,2023-12-31,0.2133,EUR/kWh,EUR,,primary
nrg_pc_205:MWH500-1999:X_VAT:EUR,FR,cost,industrial,,,2024-01-01,2024-06-30,0.1802,EUR/kWh,EUR,,primary
nrg_pc_205:MWH500-1999:X_VAT:EUR,FR,cost,industrial,,,2024-07-01,2024-12-31,0.1785,EUR/kWh,EUR,,primary
nrg_pc_205:MWH500-1999:X_VAT:EUR,FR,cost,industrial,,,2025-01-01,2025-06-30,0.1661,EUR/kWh,EUR,,primary
nrg_pc_205:MWH500-1999:X_VAT:EUR,FR,cost,industrial,,,2025-07-01,2025-12-31,0.1534,EUR/kWh,EUR,,primary
nrg_pc_205:MWH500-1999:X_VAT:EUR,FR,cost,industrial,,,2026-01-01,2026-06-30,0.1567,EUR/kWh,EUR,,primary
nrg_pc_205:MWH500-1999:X_VAT:EUR,HR,cost,industrial,,,2015-01-01,2015-06-30,0.092,EUR/kWh,EUR,,primary
nrg_pc_205:MWH500-1999:X_VAT:EUR,HR,cost,industrial,,,2015-07-01,2015-12-31,0.0928,EUR/kWh,EUR,,primary
nrg_pc_205:MWH500-1999:X_VAT:EUR,HR,cost,industrial,,,2016-01-01,2016-06-30,0.0903,EUR/kWh,EUR,,primary
nrg_pc_205:MWH500-1999:X_VAT:EUR,HR,cost,industrial,,,2016-07-01,2016-12-31,0.0877,EUR/kWh,EUR,,primary
nrg_pc_205:MWH500-1999:X_VAT:EUR,HR,cost,industrial,,,2017-01-01,2017-06-30,0.0874,EUR/kWh,EUR,,primary
nrg_pc_205:MWH500-1999:X_VAT:EUR,HR,cost,industrial,,,2017-07-01,2017-12-31,0.092,EUR/kWh,EUR,,primary
nrg_pc_205:MWH500-1999:X_VAT:EUR,HR,cost,industrial,,,2018-01-01,2018-06-30,0.0994,EUR/kWh,EUR,,primary
nrg_pc_205:MWH500-1999:X_VAT:EUR,HR,cost,industrial,,,2018-07-01,2018-12-31,0.1013,EUR/kWh,EUR,,primary
nrg_pc_205:MWH500-1999:X_VAT:EUR,HR,cost,industrial,,,2019-01-01,2019-06-30,0.1034,EUR/kWh,EUR,,primary
nrg_pc_205:MWH500-1999:X_VAT:EUR,HR,cost,industrial,,,2019-07-01,2019-12-31,0.1055,EUR/kWh,EUR,,primary
nrg_pc_205:MWH500-1999:X_VAT:EUR,HR,cost,industrial,,,2020-01-01,2020-06-30,0.1043,EUR/kWh,EUR,,primary
nrg_pc_205:MWH500-1999:X_VAT:EUR,HR,cost,industrial,,,2020-07-01,2020-12-31,0.1023,EUR/kWh,EUR,,primary
nrg_pc_205:MWH500-1999:X_VAT:EUR,HR,cost,industrial,,,2021-01-01,2021-06-30,0.1025,EUR/kWh,EUR,,primary
nrg_pc_205:MWH500-1999:X_VAT:EUR,HR,cost,industrial,,,2021-07-01,2021-12-31,0.1142,EUR/kWh,EUR,,primary
nrg_pc_205:MWH500-1999:X_VAT:EUR,HR,cost,industrial,,,2022-01-01,2022-06-30,0.1554,EUR/kWh,EUR,,primary
nrg_pc_205:MWH500-1999:X_VAT:EUR,HR,cost,industrial,,,2022-07-01,2022-12-31,0.2391,EUR/kWh,EUR,,primary
nrg_pc_205:MWH500-1999:X_VAT:EUR,HR,cost,industrial,,,2023-01-01,2023-06-30,0.2925,EUR/kWh,EUR,,primary
nrg_pc_205:MWH500-1999:X_VAT:EUR,HR,cost,industrial,,,2023-07-01,2023-12-31,0.2332,EUR/kWh,EUR,,primary
nrg_pc_205:MWH500-1999:X_VAT:EUR,HR,cost,industrial,,,2024-01-01,2024-06-30,0.2051,EUR/kWh,EUR,,primary
nrg_pc_205:MWH500-1999:X_VAT:EUR,HR,cost,industrial,,,2024-07-01,2024-12-31,0.1764,EUR/kWh,EUR,,primary
nrg_pc_205:MWH500-1999:X_VAT:EUR,HR,cost,industrial,,,2025-01-01,2025-06-30,0.1738,EUR/kWh,EUR,,primary
nrg_pc_205:MWH500-1999:X_VAT:EUR,HR,cost,industrial,,,2025-07-01,2025-12-31,0.1548,EUR/kWh,EUR,,primary
nrg_pc_205:MWH500-1999:X_VAT:EUR,HR,cost,industrial,,,2026-01-01,2026-06-30,0.161,EUR/kWh,EUR,,primary
nrg_pc_205:MWH500-1999:X_VAT:EUR,HU,cost,industrial,,,2015-01-01,2015-06-30,0.0867,EUR/kWh,EUR,,primary
nrg_pc_205:MWH500-1999:X_VAT:EUR,HU,cost,industrial,,,2015-07-01,2015-12-31,0.087,EUR/kWh,EUR,,primary
nrg_pc_205:MWH500-1999:X_VAT:EUR,HU,cost,industrial,,,2016-01-01,2016-06-30,0.0805,EUR/kWh,EUR,,primary
nrg_pc_205:MWH500-1999:X_VAT:EUR,HU,cost,industrial,,,2016-07-01,2016-12-31,0.0796,EUR/kWh,EUR,,primary
nrg_pc_205:MWH500-1999:X_VAT:EUR,HU,cost,industrial,,,2017-01-01,2017-06-30,0.0772,EUR/kWh,EUR,e,primary
nrg_pc_205:MWH500-1999:X_VAT:EUR,HU,cost,industrial,,,2017-07-01,2017-12-31,0.0779,EUR/kWh,EUR,,primary
nrg_pc_205:MWH500-1999:X_VAT:EUR,HU,cost,industrial,,,2018-01-01,2018-06-30,0.084,EUR/kWh,EUR,,primary
nrg_pc_205:MWH500-1999:X_VAT:EUR,HU,cost,industrial,,,2018-07-01,2018-12-31,0.0822,EUR/kWh,EUR,,primary
nrg_pc_205:MWH500-1999:X_VAT:EUR,HU,cost,industrial,,,2019-01-01,2019-06-30,0.097,EUR/kWh,EUR,,primary
nrg_pc_205:MWH500-1999:X_VAT:EUR,HU,cost,industrial,,,2019-07-01,2019-12-31,0.0954,EUR/kWh,EUR,,primary
nrg_pc_205:MWH500-1999:X_VAT:EUR,HU,cost,industrial,,,2020-01-01,2020-06-30,0.0995,EUR/kWh,EUR,,primary
nrg_pc_205:MWH500-1999:X_VAT:EUR,HU,cost,industrial,,,2020-07-01,2020-12-31,0.094,EUR/kWh,EUR,,primary
nrg_pc_205:MWH500-1999:X_VAT:EUR,HU,cost,industrial,,,2021-01-01,2021-06-30,0.0921,EUR/kWh,EUR,,primary
nrg_pc_205:MWH500-1999:X_VAT:EUR,HU,cost,industrial,,,2021-07-01,2021-12-31,0.1032,EUR/kWh,EUR,,primary
nrg_pc_205:MWH500-1999:X_VAT:EUR,HU,cost,industrial,,,2022-01-01,2022-06-30,0.1652,EUR/kWh,EUR,,primary
nrg_pc_205:MWH500-1999:X_VAT:EUR,HU,cost,industrial,,,2022-07-01,2022-12-31,0.2249,EUR/kWh,EUR,,primary
nrg_pc_205:MWH500-1999:X_VAT:EUR,HU,cost,industrial,,,2023-01-01,2023-06-30,0.3075,EUR/kWh,EUR,,primary
nrg_pc_205:MWH500-1999:X_VAT:EUR,HU,cost,industrial,,,2023-07-01,2023-12-31,0.2695,EUR/kWh,EUR,,primary
nrg_pc_205:MWH500-1999:X_VAT:EUR,HU,cost,industrial,,,2024-01-01,2024-06-30,0.2281,EUR/kWh,EUR,,primary
nrg_pc_205:MWH500-1999:X_VAT:EUR,HU,cost,industrial,,,2024-07-01,2024-12-31,0.2281,EUR/kWh,EUR,,primary
nrg_pc_205:MWH500-1999:X_VAT:EUR,HU,cost,industrial,,,2025-01-01,2025-06-30,0.2139,EUR/kWh,EUR,,primary
nrg_pc_205:MWH500-1999:X_VAT:EUR,HU,cost,industrial,,,2025-07-01,2025-12-31,0.2132,EUR/kWh,EUR,,primary
nrg_pc_205:MWH500-1999:X_VAT:EUR,HU,cost,industrial,,,2026-01-01,2026-06-30,0.2183,EUR/kWh,EUR,,primary
nrg_pc_205:MWH500-1999:X_VAT:EUR,IE,cost,industrial,,,2015-01-01,2015-06-30,0.1417,EUR/kWh,EUR,,primary
nrg_pc_205:MWH500-1999:X_VAT:EUR,IE,cost,industrial,,,2015-07-01,2015-12-31,0.1357,EUR/kWh,EUR,,primary
nrg_pc_205:MWH500-1999:X_VAT:EUR,IE,cost,industrial,,,2016-01-01,2016-06-30,0.1327,EUR/kWh,EUR,,primary
nrg_pc_205:MWH500-1999:X_VAT:EUR,IE,cost,industrial,,,2016-07-01,2016-12-31,0.1245,EUR/kWh,EUR,,primary
nrg_pc_205:MWH500-1999:X_VAT:EUR,IE,cost,industrial,,,2017-01-01,2017-06-30,0.1237,EUR/kWh,EUR,,primary
nrg_pc_205:MWH500-1999:X_VAT:EUR,IE,cost,industrial,,,2017-07-01,2017-12-31,0.1241,EUR/kWh,EUR,,primary
nrg_pc_205:MWH500-1999:X_VAT:EUR,IE,cost,industrial,,,2018-01-01,2018-06-30,0.1321,EUR/kWh,EUR,,primary
nrg_pc_205:MWH500-1999:X_VAT:EUR,IE,cost,industrial,,,2018-07-01,2018-12-31,0.1349,EUR/kWh,EUR,,primary
nrg_pc_205:MWH500-1999:X_VAT:EUR,IE,cost,industrial,,,2019-01-01,2019-06-30,0.1351,EUR/kWh,EUR,,primary
nrg_pc_205:MWH500-1999:X_VAT:EUR,IE,cost,industrial,,,2019-07-01,2019-12-31,0.1328,EUR/kWh,EUR,,primary
nrg_pc_205:MWH500-1999:X_VAT:EUR,IE,cost,industrial,,,2020-01-01,2020-06-30,0.1323,EUR/kWh,EUR,,primary
nrg_pc_205:MWH500-1999:X_VAT:EUR,IE,cost,industrial,,,2020-07-01,2020-12-31,0.1339,EUR/kWh,EUR,,primary
nrg_pc_205:MWH500-1999:X_VAT:EUR,IE,cost,industrial,,,2021-01-01,2021-06-30,0.1512,EUR/kWh,EUR,,primary
nrg_pc_205:MWH500-1999:X_VAT:EUR,IE,cost,industrial,,,2021-07-01,2021-12-31,0.188,EUR/kWh,EUR,,primary
nrg_pc_205:MWH500-1999:X_VAT:EUR,IE,cost,industrial,,,2022-01-01,2022-06-30,0.2176,EUR/kWh,EUR,,primary
nrg_pc_205:MWH500-1999:X_VAT:EUR,IE,cost,industrial,,,2022-07-01,2022-12-31,0.2876,EUR/kWh,EUR,,primary
nrg_pc_205:MWH500-1999:X_VAT:EUR,IE,cost,industrial,,,2023-01-01,2023-06-30,0.2829,EUR/kWh,EUR,,primary
nrg_pc_205:MWH500-1999:X_VAT:EUR,IE,cost,industrial,,,2023-07-01,2023-12-31,0.2579,EUR/kWh,EUR,,primary
nrg_pc_205:MWH500-1999:X_VAT:EUR,IE,cost,industrial,,,2024-01-01,2024-06-30,0.256,EUR/kWh,EUR,,primary
nrg_pc_205:MWH500-1999:X_VAT:EUR,IE,cost,industrial,,,2024-07-01,2024-12-31,0.2552,EUR/kWh,EUR,,primary
nrg_pc_205:MWH500-1999:X_VAT:EUR,IE,cost,industrial,,,2025-01-01,2025-06-30,0.2744,EUR/kWh,EUR,,primary
nrg_pc_205:MWH500-1999:X_VAT:EUR,IE,cost,industrial,,,2025-07-01,2025-12-31,0.2552,EUR/kWh,EUR,,primary
nrg_pc_205:MWH500-1999:X_VAT:EUR,IE,cost,industrial,,,2026-01-01,2026-06-30,0.2666,EUR/kWh,EUR,,primary
nrg_pc_205:MWH500-1999:X_VAT:EUR,IT,cost,industrial,,,2015-01-01,2015-06-30,0.1608,EUR/kWh,EUR,,primary
nrg_pc_205:MWH500-1999:X_VAT:EUR,IT,cost,industrial,,,2015-07-01,2015-12-31,0.1597,EUR/kWh,EUR,,primary
nrg_pc_205:MWH500-1999:X_VAT:EUR,IT,cost,industrial,,,2016-01-01,2016-06-30,0.1526,EUR/kWh,EUR,,primary
nrg_pc_205:MWH500-1999:X_VAT:EUR,IT,cost,industrial,,,2016-07-01,2016-12-31,0.1556,EUR/kWh,EUR,,primary
nrg_pc_205:MWH500-1999:X_VAT:EUR,IT,cost,industrial,,,2017-01-01,2017-06-30,0.1477,EUR/kWh,EUR,,primary
nrg_pc_205:MWH500-1999:X_VAT:EUR,IT,cost,industrial,,,2017-07-01,2017-12-31,0.1449,EUR/kWh,EUR,,primary
nrg_pc_205:MWH500-1999:X_VAT:EUR,IT,cost,industrial,,,2018-01-01,2018-06-30,0.1423,EUR/kWh,EUR,,primary
nrg_pc_205:MWH500-1999:X_VAT:EUR,IT,cost,industrial,,,2018-07-01,2018-12-31,0.1434,EUR/kWh,EUR,,primary
nrg_pc_205:MWH500-1999:X_VAT:EUR,IT,cost,industrial,,,2019-01-01,2019-06-30,0.1647,EUR/kWh,EUR,,primary
nrg_pc_205:MWH500-1999:X_VAT:EUR,IT,cost,industrial,,,2019-07-01,2019-12-31,0.1616,EUR/kWh,EUR,,primary
nrg_pc_205:MWH500-1999:X_VAT:EUR,IT,cost,industrial,,,2020-01-01,2020-06-30,0.1503,EUR/kWh,EUR,,primary
nrg_pc_205:MWH500-1999:X_VAT:EUR,IT,cost,industrial,,,2020-07-01,2020-12-31,0.1514,EUR/kWh,EUR,,primary
nrg_pc_205:MWH500-1999:X_VAT:EUR,IT,cost,industrial,,,2021-01-01,2021-06-30,0.1584,EUR/kWh,EUR,,primary
nrg_pc_205:MWH500-1999:X_VAT:EUR,IT,cost,industrial,,,2021-07-01,2021-12-31,0.1853,EUR/kWh,EUR,,primary
nrg_pc_205:MWH500-1999:X_VAT:EUR,IT,cost,industrial,,,2022-01-01,2022-06-30,0.2525,EUR/kWh,EUR,,primary
nrg_pc_205:MWH500-1999:X_VAT:EUR,IT,cost,industrial,,,2022-07-01,2022-12-31,0.3372,EUR/kWh,EUR,,primary
nrg_pc_205:MWH500-1999:X_VAT:EUR,IT,cost,industrial,,,2023-01-01,2023-06-30,0.2443,EUR/kWh,EUR,,primary
nrg_pc_205:MWH500-1999:X_VAT:EUR,IT,cost,industrial,,,2023-07-01,2023-12-31,0.2284,EUR/kWh,EUR,,primary
nrg_pc_205:MWH500-1999:X_VAT:EUR,IT,cost,industrial,,,2024-01-01,2024-06-30,0.209,EUR/kWh,EUR,,primary
nrg_pc_205:MWH500-1999:X_VAT:EUR,IT,cost,industrial,,,2024-07-01,2024-12-31,0.2274,EUR/kWh,EUR,,primary
nrg_pc_205:MWH500-1999:X_VAT:EUR,IT,cost,industrial,,,2025-01-01,2025-06-30,0.2336,EUR/kWh,EUR,,primary
nrg_pc_205:MWH500-1999:X_VAT:EUR,IT,cost,industrial,,,2025-07-01,2025-12-31,0.2203,EUR/kWh,EUR,,primary
nrg_pc_205:MWH500-1999:X_VAT:EUR,IT,cost,industrial,,,2026-01-01,2026-06-30,0.2253,EUR/kWh,EUR,,primary
nrg_pc_205:MWH500-1999:X_VAT:EUR,LT,cost,industrial,,,2015-01-01,2015-06-30,0.0989,EUR/kWh,EUR,,primary
nrg_pc_205:MWH500-1999:X_VAT:EUR,LT,cost,industrial,,,2015-07-01,2015-12-31,0.0997,EUR/kWh,EUR,,primary
nrg_pc_205:MWH500-1999:X_VAT:EUR,LT,cost,industrial,,,2016-01-01,2016-06-30,0.094,EUR/kWh,EUR,,primary
nrg_pc_205:MWH500-1999:X_VAT:EUR,LT,cost,industrial,,,2016-07-01,2016-12-31,0.0882,EUR/kWh,EUR,,primary
nrg_pc_205:MWH500-1999:X_VAT:EUR,LT,cost,industrial,,,2017-01-01,2017-06-30,0.0837,EUR/kWh,EUR,,primary
nrg_pc_205:MWH500-1999:X_VAT:EUR,LT,cost,industrial,,,2017-07-01,2017-12-31,0.0825,EUR/kWh,EUR,,primary
nrg_pc_205:MWH500-1999:X_VAT:EUR,LT,cost,industrial,,,2018-01-01,2018-06-30,0.0838,EUR/kWh,EUR,,primary
nrg_pc_205:MWH500-1999:X_VAT:EUR,LT,cost,industrial,,,2018-07-01,2018-12-31,0.0899,EUR/kWh,EUR,,primary
nrg_pc_205:MWH500-1999:X_VAT:EUR,LT,cost,industrial,,,2019-01-01,2019-06-30,0.0926,EUR/kWh,EUR,,primary
nrg_pc_205:MWH500-1999:X_VAT:EUR,LT,cost,industrial,,,2019-07-01,2019-12-31,0.0945,EUR/kWh,EUR,,primary
nrg_pc_205:MWH500-1999:X_VAT:EUR,LT,cost,industrial,,,2020-01-01,2020-06-30,0.0943,EUR/kWh,EUR,,primary
nrg_pc_205:MWH500-1999:X_VAT:EUR,LT,cost,industrial,,,2020-07-01,2020-12-31,0.1026,EUR/kWh,EUR,,primary
nrg_pc_205:MWH500-1999:X_VAT:EUR,LT,cost,industrial,,,2021-01-01,2021-06-30,0.1046,EUR/kWh,EUR,,primary
nrg_pc_205:MWH500-1999:X_VAT:EUR,LT,cost,industrial,,,2021-07-01,2021-12-31,0.1396,EUR/kWh,EUR,,primary
nrg_pc_205:MWH500-1999:X_VAT:EUR,LT,cost,industrial,,,2022-01-01,2022-06-30,0.1803,EUR/kWh,EUR,,primary
nrg_pc_205:MWH500-1999:X_VAT:EUR,LT,cost,industrial,,,2022-07-01,2022-12-31,0.3297,EUR/kWh,EUR,,primary
nrg_pc_205:MWH500-1999:X_VAT:EUR,LT,cost,industrial,,,2023-01-01,2023-06-30,0.1668,EUR/kWh,EUR,,primary
nrg_pc_205:MWH500-1999:X_VAT:EUR,LT,cost,industrial,,,2023-07-01,2023-12-31,0.1619,EUR/kWh,EUR,,primary
nrg_pc_205:MWH500-1999:X_VAT:EUR,LT,cost,industrial,,,2024-01-01,2024-06-30,0.1688,EUR/kWh,EUR,,primary
nrg_pc_205:MWH500-1999:X_VAT:EUR,LT,cost,industrial,,,2024-07-01,2024-12-31,0.164,EUR/kWh,EUR,,primary
nrg_pc_205:MWH500-1999:X_VAT:EUR,LT,cost,industrial,,,2025-01-01,2025-06-30,0.16,EUR/kWh,EUR,,primary
nrg_pc_205:MWH500-1999:X_VAT:EUR,LT,cost,industrial,,,2025-07-01,2025-12-31,0.1591,EUR/kWh,EUR,,primary
nrg_pc_205:MWH500-1999:X_VAT:EUR,LT,cost,industrial,,,2026-01-01,2026-06-30,0.176,EUR/kWh,EUR,,primary
nrg_pc_205:MWH500-1999:X_VAT:EUR,LU,cost,industrial,,,2015-01-01,2015-06-30,0.0928,EUR/kWh,EUR,,primary
nrg_pc_205:MWH500-1999:X_VAT:EUR,LU,cost,industrial,,,2015-07-01,2015-12-31,0.0893,EUR/kWh,EUR,,primary
nrg_pc_205:MWH500-1999:X_VAT:EUR,LU,cost,industrial,,,2016-01-01,2016-06-30,0.0873,EUR/kWh,EUR,,primary
nrg_pc_205:MWH500-1999:X_VAT:EUR,LU,cost,industrial,,,2016-07-01,2016-12-31,0.0858,EUR/kWh,EUR,,primary
nrg_pc_205:MWH500-1999:X_VAT:EUR,LU,cost,industrial,,,2017-01-01,2017-06-30,0.078,EUR/kWh,EUR,,primary
nrg_pc_205:MWH500-1999:X_VAT:EUR,LU,cost,industrial,,,2017-07-01,2017-12-31,0.0803,EUR/kWh,EUR,,primary
nrg_pc_205:MWH500-1999:X_VAT:EUR,LU,cost,industrial,,,2018-01-01,2018-06-30,0.0833,EUR/kWh,EUR,,primary
nrg_pc_205:MWH500-1999:X_VAT:EUR,LU,cost,industrial,,,2018-07-01,2018-12-31,0.0846,EUR/kWh,EUR,,primary
nrg_pc_205:MWH500-1999:X_VAT:EUR,LU,cost,industrial,,,2019-01-01,2019-06-30,0.0897,EUR/kWh,EUR,,primary
nrg_pc_205:MWH500-1999:X_VAT:EUR,LU,cost,industrial,,,2019-07-01,2019-12-31,0.0904,EUR/kWh,EUR,,primary
nrg_pc_205:MWH500-1999:X_VAT:EUR,LU,cost,industrial,,,2020-01-01,2020-06-30,0.0928,EUR/kWh,EUR,,primary
nrg_pc_205:MWH500-1999:X_VAT:EUR,LU,cost,industrial,,,2020-07-01,2020-12-31,0.0938,EUR/kWh,EUR,,primary
nrg_pc_205:MWH500-1999:X_VAT:EUR,LU,cost,industrial,,,2021-01-01,2021-06-30,0.0954,EUR/kWh,EUR,,primary
nrg_pc_205:MWH500-1999:X_VAT:EUR,LU,cost,industrial,,,2021-07-01,2021-12-31,0.0974,EUR/kWh,EUR,,primary
nrg_pc_205:MWH500-1999:X_VAT:EUR,LU,cost,industrial,,,2022-01-01,2022-06-30,0.1294,EUR/kWh,EUR,,primary
nrg_pc_205:MWH500-1999:X_VAT:EUR,LU,cost,industrial,,,2022-07-01,2022-12-31,0.1512,EUR/kWh,EUR,,primary
nrg_pc_205:MWH500-1999:X_VAT:EUR,LU,cost,industrial,,,2023-01-01,2023-06-30,0.2485,EUR/kWh,EUR,,primary
nrg_pc_205:MWH500-1999:X_VAT:EUR,LU,cost,industrial,,,2023-07-01,2023-12-31,0.2342,EUR/kWh,EUR,,primary
nrg_pc_205:MWH500-1999:X_VAT:EUR,LU,cost,industrial,,,2024-01-01,2024-06-30,0.2048,EUR/kWh,EUR,,primary
nrg_pc_205:MWH500-1999:X_VAT:EUR,LU,cost,industrial,,,2024-07-01,2024-12-31,0.204,EUR/kWh,EUR,,primary
nrg_pc_205:MWH500-1999:X_VAT:EUR,LU,cost,industrial,,,2025-01-01,2025-06-30,0.1775,EUR/kWh,EUR,,primary
nrg_pc_205:MWH500-1999:X_VAT:EUR,LU,cost,industrial,,,2025-07-01,2025-12-31,0.1717,EUR/kWh,EUR,,primary
nrg_pc_205:MWH500-1999:X_VAT:EUR,LU,cost,industrial,,,2026-01-01,2026-06-30,0.1353,EUR/kWh,EUR,,primary
nrg_pc_205:MWH500-1999:X_VAT:EUR,LV,cost,industrial,,,2015-01-01,2015-06-30,0.1178,EUR/kWh,EUR,,primary
nrg_pc_205:MWH500-1999:X_VAT:EUR,LV,cost,industrial,,,2015-07-01,2015-12-31,0.1183,EUR/kWh,EUR,,primary
nrg_pc_205:MWH500-1999:X_VAT:EUR,LV,cost,industrial,,,2016-01-01,2016-06-30,0.1165,EUR/kWh,EUR,,primary
nrg_pc_205:MWH500-1999:X_VAT:EUR,LV,cost,industrial,,,2016-07-01,2016-12-31,0.1201,EUR/kWh,EUR,,primary
nrg_pc_205:MWH500-1999:X_VAT:EUR,LV,cost,industrial,,,2017-01-01,2017-06-30,0.1179,EUR/kWh,EUR,,primary
nrg_pc_205:MWH500-1999:X_VAT:EUR,LV,cost,industrial,,,2017-07-01,2017-12-31,0.1159,EUR/kWh,EUR,,primary
nrg_pc_205:MWH500-1999:X_VAT:EUR,LV,cost,industrial,,,2018-01-01,2018-06-30,0.1039,EUR/kWh,EUR,,primary
nrg_pc_205:MWH500-1999:X_VAT:EUR,LV,cost,industrial,,,2018-07-01,2018-12-31,0.1047,EUR/kWh,EUR,,primary
nrg_pc_205:MWH500-1999:X_VAT:EUR,LV,cost,industrial,,,2019-01-01,2019-06-30,0.1052,EUR/kWh,EUR,,primary
nrg_pc_205:MWH500-1999:X_VAT:EUR,LV,cost,industrial,,,2019-07-01,2019-12-31,0.107,EUR/kWh,EUR,,primary
nrg_pc_205:MWH500-1999:X_VAT:EUR,LV,cost,industrial,,,2020-01-01,2020-06-30,0.103,EUR/kWh,EUR,,primary
nrg_pc_205:MWH500-1999:X_VAT:EUR,LV,cost,industrial,,,2020-07-01,2020-12-31,0.1055,EUR/kWh,EUR,,primary
nrg_pc_205:MWH500-1999:X_VAT:EUR,LV,cost,industrial,,,2021-01-01,2021-06-30,0.1012,EUR/kWh,EUR,,primary
nrg_pc_205:MWH500-1999:X_VAT:EUR,LV,cost,industrial,,,2021-07-01,2021-12-31,0.1351,EUR/kWh,EUR,,primary
nrg_pc_205:MWH500-1999:X_VAT:EUR,LV,cost,industrial,,,2022-01-01,2022-06-30,0.125,EUR/kWh,EUR,,primary
nrg_pc_205:MWH500-1999:X_VAT:EUR,LV,cost,industrial,,,2022-07-01,2022-12-31,0.2157,EUR/kWh,EUR,,primary
nrg_pc_205:MWH500-1999:X_VAT:EUR,LV,cost,industrial,,,2023-01-01,2023-06-30,0.1465,EUR/kWh,EUR,,primary
nrg_pc_205:MWH500-1999:X_VAT:EUR,LV,cost,industrial,,,2023-07-01,2023-12-31,0.1508,EUR/kWh,EUR,,primary
nrg_pc_205:MWH500-1999:X_VAT:EUR,LV,cost,industrial,,,2024-01-01,2024-06-30,0.1469,EUR/kWh,EUR,,primary
nrg_pc_205:MWH500-1999:X_VAT:EUR,LV,cost,industrial,,,2024-07-01,2024-12-31,0.146,EUR/kWh,EUR,,primary
nrg_pc_205:MWH500-1999:X_VAT:EUR,LV,cost,industrial,,,2025-01-01,2025-06-30,0.1375,EUR/kWh,EUR,,primary
nrg_pc_205:MWH500-1999:X_VAT:EUR,LV,cost,industrial,,,2025-07-01,2025-12-31,0.1361,EUR/kWh,EUR,,primary
nrg_pc_205:MWH500-1999:X_VAT:EUR,LV,cost,industrial,,,2026-01-01,2026-06-30,0.1367,EUR/kWh,EUR,,primary
nrg_pc_205:MWH500-1999:X_VAT:EUR,MT,cost,industrial,,,2015-01-01,2015-06-30,0.1599,EUR/kWh,EUR,,primary
nrg_pc_205:MWH500-1999:X_VAT:EUR,MT,cost,industrial,,,2015-07-01,2015-12-31,0.1405,EUR/kWh,EUR,,primary
nrg_pc_205:MWH500-1999:X_VAT:EUR,MT,cost,industrial,,,2016-01-01,2016-06-30,0.1422,EUR/kWh,EUR,,primary
nrg_pc_205:MWH500-1999:X_VAT:EUR,MT,cost,industrial,,,2016-07-01,2016-12-31,0.1399,EUR/kWh,EUR,,primary
nrg_pc_205:MWH500-1999:X_VAT:EUR,MT,cost,industrial,,,2017-01-01,2017-06-30,0.1351,EUR/kWh,EUR,,primary
nrg_pc_205:MWH500-1999:X_VAT:EUR,MT,cost,industrial,,,2017-07-01,2017-12-31,0.1364,EUR/kWh,EUR,,primary
nrg_pc_205:MWH500-1999:X_VAT:EUR,MT,cost,industrial,,,2018-01-01,2018-06-30,0.1346,EUR/kWh,EUR,,primary
nrg_pc_205:MWH500-1999:X_VAT:EUR,MT,cost,industrial,,,2018-07-01,2018-12-31,0.1352,EUR/kWh,EUR,,primary
nrg_pc_205:MWH500-1999:X_VAT:EUR,MT,cost,industrial,,,2019-01-01,2019-06-30,0.1345,EUR/kWh,EUR,,primary
nrg_pc_205:MWH500-1999:X_VAT:EUR,MT,cost,industrial,,,2019-07-01,2019-12-31,0.1355,EUR/kWh,EUR,,primary
nrg_pc_205:MWH500-1999:X_VAT:EUR,MT,cost,industrial,,,2020-01-01,2020-06-30,0.1343,EUR/kWh,EUR,,primary
nrg_pc_205:MWH500-1999:X_VAT:EUR,MT,cost,industrial,,,2020-07-01,2020-12-31,0.1342,EUR/kWh,EUR,,primary
nrg_pc_205:MWH500-1999:X_VAT:EUR,MT,cost,industrial,,,2021-01-01,2021-06-30,0.1345,EUR/kWh,EUR,,primary
nrg_pc_205:MWH500-1999:X_VAT:EUR,MT,cost,industrial,,,2021-07-01,2021-12-31,0.1401,EUR/kWh,EUR,,primary
nrg_pc_205:MWH500-1999:X_VAT:EUR,MT,cost,industrial,,,2022-01-01,2022-06-30,0.1347,EUR/kWh,EUR,,primary
nrg_pc_205:MWH500-1999:X_VAT:EUR,MT,cost,industrial,,,2022-07-01,2022-12-31,0.1348,EUR/kWh,EUR,,primary
nrg_pc_205:MWH500-1999:X_VAT:EUR,MT,cost,industrial,,,2023-01-01,2023-06-30,0.1411,EUR/kWh,EUR,,primary
nrg_pc_205:MWH500-1999:X_VAT:EUR,MT,cost,industrial,,,2023-07-01,2023-12-31,0.1411,EUR/kWh,EUR,,primary
nrg_pc_205:MWH500-1999:X_VAT:EUR,MT,cost,industrial,,,2024-01-01,2024-06-30,0.1409,EUR/kWh,EUR,,primary
nrg_pc_205:MWH500-1999:X_VAT:EUR,MT,cost,industrial,,,2024-07-01,2024-12-31,0.1346,EUR/kWh,EUR,,primary
nrg_pc_205:MWH500-1999:X_VAT:EUR,MT,cost,industrial,,,2025-01-01,2025-06-30,0.1351,EUR/kWh,EUR,,primary
nrg_pc_205:MWH500-1999:X_VAT:EUR,MT,cost,industrial,,,2025-07-01,2025-12-31,0.1359,EUR/kWh,EUR,,primary
nrg_pc_205:MWH500-1999:X_VAT:EUR,MT,cost,industrial,,,2026-01-01,2026-06-30,0.1358,EUR/kWh,EUR,p,primary
nrg_pc_205:MWH500-1999:X_VAT:EUR,NL,cost,industrial,,,2015-01-01,2015-06-30,0.0902,EUR/kWh,EUR,,primary
nrg_pc_205:MWH500-1999:X_VAT:EUR,NL,cost,industrial,,,2015-07-01,2015-12-31,0.0846,EUR/kWh,EUR,,primary
nrg_pc_205:MWH500-1999:X_VAT:EUR,NL,cost,industrial,,,2016-01-01,2016-06-30,0.0857,EUR/kWh,EUR,,primary
nrg_pc_205:MWH500-1999:X_VAT:EUR,NL,cost,industrial,,,2016-07-01,2016-12-31,0.0805,EUR/kWh,EUR,,primary
nrg_pc_205:MWH500-1999:X_VAT:EUR,NL,cost,industrial,,,2017-01-01,2017-06-30,0.085,EUR/kWh,EUR,,primary
nrg_pc_205:MWH500-1999:X_VAT:EUR,NL,cost,industrial,,,2017-07-01,2017-12-31,0.079,EUR/kWh,EUR,,primary
nrg_pc_205:MWH500-1999:X_VAT:EUR,NL,cost,industrial,,,2018-01-01,2018-06-30,0.09,EUR/kWh,EUR,,primary
nrg_pc_205:MWH500-1999:X_VAT:EUR,NL,cost,industrial,,,2018-07-01,2018-12-31,0.085,EUR/kWh,EUR,,primary
nrg_pc_205:MWH500-1999:X_VAT:EUR,NL,cost,industrial,,,2019-01-01,2019-06-30,0.099,EUR/kWh,EUR,,primary
nrg_pc_205:MWH500-1999:X_VAT:EUR,NL,cost,industrial,,,2019-07-01,2019-12-31,0.095,EUR/kWh,EUR,,primary
nrg_pc_205:MWH500-1999:X_VAT:EUR,NL,cost,industrial,,,2020-01-01,2020-06-30,0.1124,EUR/kWh,EUR,,primary
nrg_pc_205:MWH500-1999:X_VAT:EUR,NL,cost,industrial,,,2020-07-01,2020-12-31,0.1087,EUR/kWh,EUR,,primary
nrg_pc_205:MWH500-1999:X_VAT:EUR,NL,cost,industrial,,,2021-01-01,2021-06-30,0.1182,EUR/kWh,EUR,,primary
nrg_pc_205:MWH500-1999:X_VAT:EUR,NL,cost,industrial,,,2021-07-01,2021-12-31,0.1294,EUR/kWh,EUR,,primary
nrg_pc_205:MWH500-1999:X_VAT:EUR,NL,cost,industrial,,,2022-01-01,2022-06-30,0.1766,EUR/kWh,EUR,,primary
nrg_pc_205:MWH500-1999:X_VAT:EUR,NL,cost,industrial,,,2022-07-01,2022-12-31,0.1854,EUR/kWh,EUR,,primary
nrg_pc_205:MWH500-1999:X_VAT:EUR,NL,cost,industrial,,,2023-01-01,2023-06-30,0.2447,EUR/kWh,EUR,,primary
nrg_pc_205:MWH500-1999:X_VAT:EUR,NL,cost,industrial,,,2023-07-01,2023-12-31,0.2176,EUR/kWh,EUR,,primary
nrg_pc_205:MWH500-1999:X_VAT:EUR,NL,cost,industrial,,,2024-01-01,2024-06-30,0.2098,EUR/kWh,EUR,,primary
nrg_pc_205:MWH500-1999:X_VAT:EUR,NL,cost,industrial,,,2024-07-01,2024-12-31,0.211,EUR/kWh,EUR,,primary
nrg_pc_205:MWH500-1999:X_VAT:EUR,NL,cost,industrial,,,2025-01-01,2025-06-30,0.2099,EUR/kWh,EUR,,primary
nrg_pc_205:MWH500-1999:X_VAT:EUR,NL,cost,industrial,,,2025-07-01,2025-12-31,0.2011,EUR/kWh,EUR,,primary
nrg_pc_205:MWH500-1999:X_VAT:EUR,NL,cost,industrial,,,2026-01-01,2026-06-30,0.2027,EUR/kWh,EUR,,primary
nrg_pc_205:MWH500-1999:X_VAT:EUR,PL,cost,industrial,,,2015-01-01,2015-06-30,0.0882,EUR/kWh,EUR,,primary
nrg_pc_205:MWH500-1999:X_VAT:EUR,PL,cost,industrial,,,2015-07-01,2015-12-31,0.0861,EUR/kWh,EUR,,primary
nrg_pc_205:MWH500-1999:X_VAT:EUR,PL,cost,industrial,,,2016-01-01,2016-06-30,0.0808,EUR/kWh,EUR,,primary
nrg_pc_205:MWH500-1999:X_VAT:EUR,PL,cost,industrial,,,2016-07-01,2016-12-31,0.0815,EUR/kWh,EUR,,primary
nrg_pc_205:MWH500-1999:X_VAT:EUR,PL,cost,industrial,,,2017-01-01,2017-06-30,0.0866,EUR/kWh,EUR,,primary
nrg_pc_205:MWH500-1999:X_VAT:EUR,PL,cost,industrial,,,2017-07-01,2017-12-31,0.0862,EUR/kWh,EUR,,primary
nrg_pc_205:MWH500-1999:X_VAT:EUR,PL,cost,industrial,,,2018-01-01,2018-06-30,0.0876,EUR/kWh,EUR,,primary
nrg_pc_205:MWH500-1999:X_VAT:EUR,PL,cost,industrial,,,2018-07-01,2018-12-31,0.0884,EUR/kWh,EUR,,primary
nrg_pc_205:MWH500-1999:X_VAT:EUR,PL,cost,industrial,,,2019-01-01,2019-06-30,0.1003,EUR/kWh,EUR,,primary
nrg_pc_205:MWH500-1999:X_VAT:EUR,PL,cost,industrial,,,2019-07-01,2019-12-31,0.0828,EUR/kWh,EUR,,primary
nrg_pc_205:MWH500-1999:X_VAT:EUR,PL,cost,industrial,,,2020-01-01,2020-06-30,0.1086,EUR/kWh,EUR,,primary
nrg_pc_205:MWH500-1999:X_VAT:EUR,PL,cost,industrial,,,2020-07-01,2020-12-31,0.1077,EUR/kWh,EUR,,primary
nrg_pc_205:MWH500-1999:X_VAT:EUR,PL,cost,industrial,,,2021-01-01,2021-06-30,0.1092,EUR/kWh,EUR,,primary
nrg_pc_205:MWH500-1999:X_VAT:EUR,PL,cost,industrial,,,2021-07-01,2021-12-31,0.1104,EUR/kWh,EUR,,primary
nrg_pc_205:MWH500-1999:X_VAT:EUR,PL,cost,industrial,,,2022-01-01,2022-06-30,0.1555,EUR/kWh,EUR,,primary
nrg_pc_205:MWH500-1999:X_VAT:EUR,PL,cost,industrial,,,2022-07-01,2022-12-31,0.1702,EUR/kWh,EUR,,primary
nrg_pc_205:MWH500-1999:X_VAT:EUR,PL,cost,industrial,,,2023-01-01,2023-06-30,0.2133,EUR/kWh,EUR,,primary
nrg_pc_205:MWH500-1999:X_VAT:EUR,PL,cost,industrial,,,2023-07-01,2023-12-31,0.2119,EUR/kWh,EUR,,primary
nrg_pc_205:MWH500-1999:X_VAT:EUR,PL,cost,industrial,,,2024-01-01,2024-06-30,0.2083,EUR/kWh,EUR,,primary
nrg_pc_205:MWH500-1999:X_VAT:EUR,PL,cost,industrial,,,2024-07-01,2024-12-31,0.21,EUR/kWh,EUR,,primary
nrg_pc_205:MWH500-1999:X_VAT:EUR,PL,cost,industrial,,,2025-01-01,2025-06-30,0.1995,EUR/kWh,EUR,,primary
nrg_pc_205:MWH500-1999:X_VAT:EUR,PL,cost,industrial,,,2025-07-01,2025-12-31,0.1935,EUR/kWh,EUR,,primary
nrg_pc_205:MWH500-1999:X_VAT:EUR,PL,cost,industrial,,,2026-01-01,2026-06-30,0.207,EUR/kWh,EUR,,primary
nrg_pc_205:MWH500-1999:X_VAT:EUR,PT,cost,industrial,,,2015-01-01,2015-06-30,0.114,EUR/kWh,EUR,,primary
nrg_pc_205:MWH500-1999:X_VAT:EUR,PT,cost,industrial,,,2015-07-01,2015-12-31,0.1154,EUR/kWh,EUR,,primary
nrg_pc_205:MWH500-1999:X_VAT:EUR,PT,cost,industrial,,,2016-01-01,2016-06-30,0.1125,EUR/kWh,EUR,,primary
nrg_pc_205:MWH500-1999:X_VAT:EUR,PT,cost,industrial,,,2016-07-01,2016-12-31,0.1132,EUR/kWh,EUR,,primary
nrg_pc_205:MWH500-1999:X_VAT:EUR,PT,cost,industrial,,,2017-01-01,2017-06-30,0.1145,EUR/kWh,EUR,,primary
nrg_pc_205:MWH500-1999:X_VAT:EUR,PT,cost,industrial,,,2017-07-01,2017-12-31,0.1147,EUR/kWh,EUR,,primary
nrg_pc_205:MWH500-1999:X_VAT:EUR,PT,cost,industrial,,,2018-01-01,2018-06-30,0.1123,EUR/kWh,EUR,,primary
nrg_pc_205:MWH500-1999:X_VAT:EUR,PT,cost,industrial,,,2018-07-01,2018-12-31,0.117,EUR/kWh,EUR,,primary
nrg_pc_205:MWH500-1999:X_VAT:EUR,PT,cost,industrial,,,2019-01-01,2019-06-30,0.1162,EUR/kWh,EUR,,primary
nrg_pc_205:MWH500-1999:X_VAT:EUR,PT,cost,industrial,,,2019-07-01,2019-12-31,0.1159,EUR/kWh,EUR,,primary
nrg_pc_205:MWH500-1999:X_VAT:EUR,PT,cost,industrial,,,2020-01-01,2020-06-30,0.1125,EUR/kWh,EUR,,primary
nrg_pc_205:MWH500-1999:X_VAT:EUR,PT,cost,industrial,,,2020-07-01,2020-12-31,0.1114,EUR/kWh,EUR,,primary
nrg_pc_205:MWH500-1999:X_VAT:EUR,PT,cost,industrial,,,2021-01-01,2021-06-30,0.1066,EUR/kWh,EUR,,primary
nrg_pc_205:MWH500-1999:X_VAT:EUR,PT,cost,industrial,,,2021-07-01,2021-12-31,0.1186,EUR/kWh,EUR,,primary
nrg_pc_205:MWH500-1999:X_VAT:EUR,PT,cost,industrial,,,2022-01-01,2022-06-30,0.1202,EUR/kWh,EUR,,primary
nrg_pc_205:MWH500-1999:X_VAT:EUR,PT,cost,industrial,,,2022-07-01,2022-12-31,0.1359,EUR/kWh,EUR,,primary
nrg_pc_205:MWH500-1999:X_VAT:EUR,PT,cost,industrial,,,2023-01-01,2023-06-30,0.0954,EUR/kWh,EUR,,primary
nrg_pc_205:MWH500-1999:X_VAT:EUR,PT,cost,industrial,,,2023-07-01,2023-12-31,0.1161,EUR/kWh,EUR,,primary
nrg_pc_205:MWH500-1999:X_VAT:EUR,PT,cost,industrial,,,2024-01-01,2024-06-30,0.1149,EUR/kWh,EUR,,primary
nrg_pc_205:MWH500-1999:X_VAT:EUR,PT,cost,industrial,,,2024-07-01,2024-12-31,0.1332,EUR/kWh,EUR,,primary
nrg_pc_205:MWH500-1999:X_VAT:EUR,PT,cost,industrial,,,2025-01-01,2025-06-30,0.1322,EUR/kWh,EUR,,primary
nrg_pc_205:MWH500-1999:X_VAT:EUR,PT,cost,industrial,,,2025-07-01,2025-12-31,0.1329,EUR/kWh,EUR,,primary
nrg_pc_205:MWH500-1999:X_VAT:EUR,PT,cost,industrial,,,2026-01-01,2026-06-30,0.1273,EUR/kWh,EUR,,primary
nrg_pc_205:MWH500-1999:X_VAT:EUR,RO,cost,industrial,,,2015-01-01,2015-06-30,0.083,EUR/kWh,EUR,,primary
nrg_pc_205:MWH500-1999:X_VAT:EUR,RO,cost,industrial,,,2015-07-01,2015-12-31,0.0802,EUR/kWh,EUR,,primary
nrg_pc_205:MWH500-1999:X_VAT:EUR,RO,cost,industrial,,,2016-01-01,2016-06-30,0.076,EUR/kWh,EUR,,primary
nrg_pc_205:MWH500-1999:X_VAT:EUR,RO,cost,industrial,,,2016-07-01,2016-12-31,0.0771,EUR/kWh,EUR,,primary
nrg_pc_205:MWH500-1999:X_VAT:EUR,RO,cost,industrial,,,2017-01-01,2017-06-30,0.0769,EUR/kWh,EUR,,primary
nrg_pc_205:MWH500-1999:X_VAT:EUR,RO,cost,industrial,,,2017-07-01,2017-12-31,0.0786,EUR/kWh,EUR,,primary
nrg_pc_205:MWH500-1999:X_VAT:EUR,RO,cost,industrial,,,2018-01-01,2018-06-30,0.0831,EUR/kWh,EUR,,primary
nrg_pc_205:MWH500-1999:X_VAT:EUR,RO,cost,industrial,,,2018-07-01,2018-12-31,0.0866,EUR/kWh,EUR,,primary
nrg_pc_205:MWH500-1999:X_VAT:EUR,RO,cost,industrial,,,2019-01-01,2019-06-30,0.0972,EUR/kWh,EUR,,primary
nrg_pc_205:MWH500-1999:X_VAT:EUR,RO,cost,industrial,,,2019-07-01,2019-12-31,0.1014,EUR/kWh,EUR,,primary
nrg_pc_205:MWH500-1999:X_VAT:EUR,RO,cost,industrial,,,2020-01-01,2020-06-30,0.1063,EUR/kWh,EUR,,primary
nrg_pc_205:MWH500-1999:X_VAT:EUR,RO,cost,industrial,,,2020-07-01,2020-12-31,0.1019,EUR/kWh,EUR,,primary
nrg_pc_205:MWH500-1999:X_VAT:EUR,RO,cost,industrial,,,2021-01-01,2021-06-30,0.0992,EUR/kWh,EUR,,primary
nrg_pc_205:MWH500-1999:X_VAT:EUR,RO,cost,industrial,,,2021-07-01,2021-12-31,0.1293,EUR/kWh,EUR,,primary
nrg_pc_205:MWH500-1999:X_VAT:EUR,RO,cost,industrial,,,2022-01-01,2022-06-30,0.2347,EUR/kWh,EUR,d,primary
nrg_pc_205:MWH500-1999:X_VAT:EUR,RO,cost,industrial,,,2022-07-01,2022-12-31,0.3573,EUR/kWh,EUR,d,primary
nrg_pc_205:MWH500-1999:X_VAT:EUR,RO,cost,industrial,,,2023-01-01,2023-06-30,0.1781,EUR/kWh,EUR,,primary
nrg_pc_205:MWH500-1999:X_VAT:EUR,RO,cost,industrial,,,2023-07-01,2023-12-31,0.1718,EUR/kWh,EUR,,primary
nrg_pc_205:MWH500-1999:X_VAT:EUR,RO,cost,industrial,,,2024-01-01,2024-06-30,0.1599,EUR/kWh,EUR,,primary
nrg_pc_205:MWH500-1999:X_VAT:EUR,RO,cost,industrial,,,2024-07-01,2024-12-31,0.1669,EUR/kWh,EUR,,primary
nrg_pc_205:MWH500-1999:X_VAT:EUR,RO,cost,industrial,,,2025-01-01,2025-06-30,0.1719,EUR/kWh,EUR,,primary
nrg_pc_205:MWH500-1999:X_VAT:EUR,RO,cost,industrial,,,2025-07-01,2025-12-31,0.1887,EUR/kWh,EUR,,primary
nrg_pc_205:MWH500-1999:X_VAT:EUR,RO,cost,industrial,,,2026-01-01,2026-06-30,0.1854,EUR/kWh,EUR,,primary
nrg_pc_205:MWH500-1999:X_VAT:EUR,SE,cost,industrial,,,2015-01-01,2015-06-30,0.0622,EUR/kWh,EUR,,primary
nrg_pc_205:MWH500-1999:X_VAT:EUR,SE,cost,industrial,,,2015-07-01,2015-12-31,0.059,EUR/kWh,EUR,,primary
nrg_pc_205:MWH500-1999:X_VAT:EUR,SE,cost,industrial,,,2016-01-01,2016-06-30,0.0616,EUR/kWh,EUR,,primary
nrg_pc_205:MWH500-1999:X_VAT:EUR,SE,cost,industrial,,,2016-07-01,2016-12-31,0.0656,EUR/kWh,EUR,,primary
nrg_pc_205:MWH500-1999:X_VAT:EUR,SE,cost,industrial,,,2017-01-01,2017-06-30,0.0648,EUR/kWh,EUR,,primary
nrg_pc_205:MWH500-1999:X_VAT:EUR,SE,cost,industrial,,,2017-07-01,2017-12-31,0.0647,EUR/kWh,EUR,,primary
nrg_pc_205:MWH500-1999:X_VAT:EUR,SE,cost,industrial,,,2018-01-01,2018-06-30,0.0684,EUR/kWh,EUR,,primary
nrg_pc_205:MWH500-1999:X_VAT:EUR,SE,cost,industrial,,,2018-07-01,2018-12-31,0.0727,EUR/kWh,EUR,,primary
nrg_pc_205:MWH500-1999:X_VAT:EUR,SE,cost,industrial,,,2019-01-01,2019-06-30,0.0772,EUR/kWh,EUR,,primary
nrg_pc_205:MWH500-1999:X_VAT:EUR,SE,cost,industrial,,,2019-07-01,2019-12-31,0.0694,EUR/kWh,EUR,,primary
nrg_pc_205:MWH500-1999:X_VAT:EUR,SE,cost,industrial,,,2020-01-01,2020-06-30,0.0591,EUR/kWh,EUR,,primary
nrg_pc_205:MWH500-1999:X_VAT:EUR,SE,cost,industrial,,,2020-07-01,2020-12-31,0.0672,EUR/kWh,EUR,,primary
nrg_pc_205:MWH500-1999:X_VAT:EUR,SE,cost,industrial,,,2021-01-01,2021-06-30,0.0711,EUR/kWh,EUR,,primary
nrg_pc_205:MWH500-1999:X_VAT:EUR,SE,cost,industrial,,,2021-07-01,2021-12-31,0.0982,EUR/kWh,EUR,,primary
nrg_pc_205:MWH500-1999:X_VAT:EUR,SE,cost,industrial,,,2022-01-01,2022-06-30,0.1121,EUR/kWh,EUR,,primary
nrg_pc_205:MWH500-1999:X_VAT:EUR,SE,cost,industrial,,,2022-07-01,2022-12-31,0.1525,EUR/kWh,EUR,,primary
nrg_pc_205:MWH500-1999:X_VAT:EUR,SE,cost,industrial,,,2023-01-01,2023-06-30,0.1069,EUR/kWh,EUR,,primary
nrg_pc_205:MWH500-1999:X_VAT:EUR,SE,cost,industrial,,,2023-07-01,2023-12-31,0.0901,EUR/kWh,EUR,,primary
nrg_pc_205:MWH500-1999:X_VAT:EUR,SE,cost,industrial,,,2024-01-01,2024-06-30,0.0942,EUR/kWh,EUR,,primary
nrg_pc_205:MWH500-1999:X_VAT:EUR,SE,cost,industrial,,,2024-07-01,2024-12-31,0.0853,EUR/kWh,EUR,,primary
nrg_pc_205:MWH500-1999:X_VAT:EUR,SE,cost,industrial,,,2025-01-01,2025-06-30,0.0964,EUR/kWh,EUR,,primary
nrg_pc_205:MWH500-1999:X_VAT:EUR,SE,cost,industrial,,,2025-07-01,2025-12-31,0.097,EUR/kWh,EUR,,primary
nrg_pc_205:MWH500-1999:X_VAT:EUR,SE,cost,industrial,,,2026-01-01,2026-06-30,0.1177,EUR/kWh,EUR,,primary
nrg_pc_205:MWH500-1999:X_VAT:EUR,SI,cost,industrial,,,2015-01-01,2015-06-30,0.0827,EUR/kWh,EUR,,primary
nrg_pc_205:MWH500-1999:X_VAT:EUR,SI,cost,industrial,,,2015-07-01,2015-12-31,0.087,EUR/kWh,EUR,,primary
nrg_pc_205:MWH500-1999:X_VAT:EUR,SI,cost,industrial,,,2016-01-01,2016-06-30,0.0847,EUR/kWh,EUR,,primary
nrg_pc_205:MWH500-1999:X_VAT:EUR,SI,cost,industrial,,,2016-07-01,2016-12-31,0.0832,EUR/kWh,EUR,,primary
nrg_pc_205:MWH500-1999:X_VAT:EUR,SI,cost,industrial,,,2017-01-01,2017-06-30,0.0784,EUR/kWh,EUR,,primary
nrg_pc_205:MWH500-1999:X_VAT:EUR,SI,cost,industrial,,,2017-07-01,2017-12-31,0.0784,EUR/kWh,EUR,,primary
nrg_pc_205:MWH500-1999:X_VAT:EUR,SI,cost,industrial,,,2018-01-01,2018-06-30,0.086,EUR/kWh,EUR,,primary
nrg_pc_205:MWH500-1999:X_VAT:EUR,SI,cost,industrial,,,2018-07-01,2018-12-31,0.0866,EUR/kWh,EUR,,primary
nrg_pc_205:MWH500-1999:X_VAT:EUR,SI,cost,industrial,,,2019-01-01,2019-06-30,0.0959,EUR/kWh,EUR,,primary
nrg_pc_205:MWH500-1999:X_VAT:EUR,SI,cost,industrial,,,2019-07-01,2019-12-31,0.0953,EUR/kWh,EUR,,primary
nrg_pc_205:MWH500-1999:X_VAT:EUR,SI,cost,industrial,,,2020-01-01,2020-06-30,0.0984,EUR/kWh,EUR,,primary
nrg_pc_205:MWH500-1999:X_VAT:EUR,SI,cost,industrial,,,2020-07-01,2020-12-31,0.0976,EUR/kWh,EUR,,primary
nrg_pc_205:MWH500-1999:X_VAT:EUR,SI,cost,industrial,,,2021-01-01,2021-06-30,0.092,EUR/kWh,EUR,,primary
nrg_pc_205:MWH500-1999:X_VAT:EUR,SI,cost,industrial,,,2021-07-01,2021-12-31,0.0999,EUR/kWh,EUR,,primary
nrg_pc_205:MWH500-1999:X_VAT:EUR,SI,cost,industrial,,,2022-01-01,2022-06-30,0.1585,EUR/kWh,EUR,,primary
nrg_pc_205:MWH500-1999:X_VAT:EUR,SI,cost,industrial,,,2022-07-01,2022-12-31,0.1968,EUR/kWh,EUR,,primary
nrg_pc_205:MWH500-1999:X_VAT:EUR,SI,cost,industrial,,,2023-01-01,2023-06-30,0.2213,EUR/kWh,EUR,,primary
nrg_pc_205:MWH500-1999:X_VAT:EUR,SI,cost,industrial,,,2023-07-01,2023-12-31,0.2047,EUR/kWh,EUR,,primary
nrg_pc_205:MWH500-1999:X_VAT:EUR,SI,cost,industrial,,,2024-01-01,2024-06-30,0.1725,EUR/kWh,EUR,,primary
nrg_pc_205:MWH500-1999:X_VAT:EUR,SI,cost,industrial,,,2024-07-01,2024-12-31,0.1802,EUR/kWh,EUR,,primary
nrg_pc_205:MWH500-1999:X_VAT:EUR,SI,cost,industrial,,,2025-01-01,2025-06-30,0.1555,EUR/kWh,EUR,,primary
nrg_pc_205:MWH500-1999:X_VAT:EUR,SI,cost,industrial,,,2025-07-01,2025-12-31,0.1503,EUR/kWh,EUR,,primary
nrg_pc_205:MWH500-1999:X_VAT:EUR,SI,cost,industrial,,,2026-01-01,2026-06-30,0.1463,EUR/kWh,EUR,,primary
nrg_pc_205:MWH500-1999:X_VAT:EUR,SK,cost,industrial,,,2015-01-01,2015-06-30,0.1126,EUR/kWh,EUR,,primary
nrg_pc_205:MWH500-1999:X_VAT:EUR,SK,cost,industrial,,,2015-07-01,2015-12-31,0.1122,EUR/kWh,EUR,,primary
nrg_pc_205:MWH500-1999:X_VAT:EUR,SK,cost,industrial,,,2016-01-01,2016-06-30,0.1092,EUR/kWh,EUR,,primary
nrg_pc_205:MWH500-1999:X_VAT:EUR,SK,cost,industrial,,,2016-07-01,2016-12-31,0.1112,EUR/kWh,EUR,,primary
nrg_pc_205:MWH500-1999:X_VAT:EUR,SK,cost,industrial,,,2017-01-01,2017-06-30,0.1118,EUR/kWh,EUR,,primary
nrg_pc_205:MWH500-1999:X_VAT:EUR,SK,cost,industrial,,,2017-07-01,2017-12-31,0.1113,EUR/kWh,EUR,,primary
nrg_pc_205:MWH500-1999:X_VAT:EUR,SK,cost,industrial,,,2018-01-01,2018-06-30,0.1166,EUR/kWh,EUR,,primary
nrg_pc_205:MWH500-1999:X_VAT:EUR,SK,cost,industrial,,,2018-07-01,2018-12-31,0.1201,EUR/kWh,EUR,,primary
nrg_pc_205:MWH500-1999:X_VAT:EUR,SK,cost,industrial,,,2019-01-01,2019-06-30,0.1286,EUR/kWh,EUR,,primary
nrg_pc_205:MWH500-1999:X_VAT:EUR,SK,cost,industrial,,,2019-07-01,2019-12-31,0.1317,EUR/kWh,EUR,,primary
nrg_pc_205:MWH500-1999:X_VAT:EUR,SK,cost,industrial,,,2020-01-01,2020-06-30,0.1321,EUR/kWh,EUR,,primary
nrg_pc_205:MWH500-1999:X_VAT:EUR,SK,cost,industrial,,,2020-07-01,2020-12-31,0.1316,EUR/kWh,EUR,,primary
nrg_pc_205:MWH500-1999:X_VAT:EUR,SK,cost,industrial,,,2021-01-01,2021-06-30,0.1275,EUR/kWh,EUR,,primary
nrg_pc_205:MWH500-1999:X_VAT:EUR,SK,cost,industrial,,,2021-07-01,2021-12-31,0.1345,EUR/kWh,EUR,,primary
nrg_pc_205:MWH500-1999:X_VAT:EUR,SK,cost,industrial,,,2022-01-01,2022-06-30,0.216,EUR/kWh,EUR,,primary
nrg_pc_205:MWH500-1999:X_VAT:EUR,SK,cost,industrial,,,2022-07-01,2022-12-31,0.2429,EUR/kWh,EUR,,primary
nrg_pc_205:MWH500-1999:X_VAT:EUR,SK,cost,industrial,,,2023-01-01,2023-06-30,0.2687,EUR/kWh,EUR,,primary
nrg_pc_205:MWH500-1999:X_VAT:EUR,SK,cost,industrial,,,2023-07-01,2023-12-31,0.233,EUR/kWh,EUR,,primary
nrg_pc_205:MWH500-1999:X_VAT:EUR,SK,cost,industrial,,,2024-01-01,2024-06-30,0.1883,EUR/kWh,EUR,,primary
nrg_pc_205:MWH500-1999:X_VAT:EUR,SK,cost,industrial,,,2024-07-01,2024-12-31,0.2061,EUR/kWh,EUR,,primary
nrg_pc_205:MWH500-1999:X_VAT:EUR,SK,cost,industrial,,,2025-01-01,2025-06-30,0.1967,EUR/kWh,EUR,,primary
nrg_pc_205:MWH500-1999:X_VAT:EUR,SK,cost,industrial,,,2025-07-01,2025-12-31,0.209,EUR/kWh,EUR,,primary
nrg_pc_205:MWH500-1999:X_VAT:EUR,SK,cost,industrial,,,2026-01-01,2026-06-30,0.1937,EUR/kWh,EUR,,primary
